{"bestEpoch": 26, "lastEpoch": 36, "mae": [0.9406067520390251, 0.7383332002870905, 0.6662623944599277, 0.6208500928007938, 0.5691129677163912, 0.5344639651111586, 0.5155148558955482, 0.4861678333164612, 0.47141014764368677, 0.46595589753650857, 0.45400279254959164, 0.45194317940130213, 0.4449896400751545, 0.42783527565788165, 0.4254079158879865, 0.42230017497045985, 0.42817156559570607, 0.41574935687189857, 0.40643535534458963, 0.4100947351419676, 0.4134623869317445, 0.41074246481199095, 0.4191821328643422, 0.38227665935886956, 0.38902491685086166, 0.38640425224055386, 0.385745969376857, 0.38657415261024713, 0.3837843648437123, 0.387594433367723, 0.37769735682022926, 0.37767157340188884, 0.37633298616248884, 0.3790140131515938, 0.38317309349130774, 0.37597172783282956], "medianabsoluteerror": [0.6130466461181641, 0.477658748626709, 0.4847545623779297, 0.46284008026123047, 0.43946242332458496, 0.4280529022216797, 0.42420053482055664, 0.39085865020751953, 0.3784346580505371, 0.37412261962890625, 0.36798763275146484, 0.364621639251709, 0.34806060791015625, 0.33368635177612305, 0.33868980407714844, 0.3419075012207031, 0.33957815170288086, 0.334686279296875, 0.3260631561279297, 0.32878923416137695, 0.3334770202636719, 0.3308277130126953, 0.3385283946990967, 0.2988438606262207, 0.3077268600463867, 0.303739070892334, 0.2946052551269531, 0.2989654541015625, 0.2984733581542969, 0.3037424087524414, 0.29650211334228516, 0.29789018630981445, 0.2947826385498047, 0.2974386215209961, 0.2949550151824951, 0.2904353141784668], "mape": [0.1962316178273773, 0.15764075869048802, 0.1385324076130182, 0.13018909213875646, 0.11626887373257615, 0.11019343611712566, 0.10599747907911464, 0.09750565339867175, 0.09648396166475111, 0.09595355997581481, 0.09168569111471082, 0.09397058978093766, 0.09274711635987776, 0.08577212028894132, 0.0878884265333909, 0.08661102294299156, 0.08567401335597133, 0.08544728213226875, 0.08329358477369829, 0.0846142369783846, 0.08619366948657682, 0.08471953245347234, 0.08301444813359449, 0.07826277451775178, 0.07907208517212508, 0.07987152574387543, 0.07877645638439441, 0.07993184104211619, 0.0773985902801918, 0.0782775039050981, 0.07680149986709572, 0.07719654888138781, 0.07717842990875699, 0.0771175475063388, 0.07807446764055934, 0.07655513191828388], "mse": [17.554477226122362, 9.522034390688283, 4.521614350454292, 2.0316808249859246, 0.97237211416234, 0.5700415895373282, 0.4502582978272577, 0.3990800596933859, 0.37023720855781295, 0.36378135103605574, 0.34419292286918707, 0.34351735278841355, 0.33861773007670437, 0.3136540901118702, 0.30874327995878204, 0.30614426731730165, 0.31978741034740144, 0.2958458262788268, 0.2836819794508231, 0.29215514102976503, 0.29174692922269796, 0.2900347541485652, 0.3061386902248326, 0.2561692072525333, 0.26597081799104494, 0.2661970415925317, 0.26766935757418614, 0.2618989270922552, 0.26388887163187374, 0.26865005723916385, 0.25898981112552866, 0.25352907770077177, 0.2521527273570411, 0.2582402397543789, 0.26318026902783676, 0.2514030841538846], "recauc": [0.8185181717622501, 0.8546606462911996, 0.8616774482116938, 0.8646968198364635, 0.8718523414305042, 0.8770660794194765, 0.8803010407460244, 0.8869257505908503, 0.8903590839688157, 0.8916268729516275, 0.8944068282557746, 0.8948860728846658, 0.8965032273910537, 0.9004929844168763, 0.9010582657991169, 0.9017804801420755, 0.9004163203824674, 0.9033047657666557, 0.9054694518542141, 0.9046199333287259, 0.9038355431835666, 0.9044688368596558, 0.9025054754016426, 0.9110898903141259, 0.909520217383908, 0.9101296844411528, 0.910282394528502, 0.9100909232701506, 0.9107383275231059, 0.9098525197524904, 0.912153230427746, 0.9121600625562043, 0.9124729671731334, 0.9118491835451997, 0.9108816305592111, 0.9125555706961016], "f1": [], "aucrecauc": 0.9827870270448473, "aucloss": 1.0078524891784317, "convergence_rate": 0.8637319050417258}