{"bestEpoch": 69, "lastEpoch": 79, "mae": [0.668048103394125, 0.5624724306137542, 0.5839714428746382, 0.525833669685319, 0.4926981849200723, 0.48715114317890174, 0.4934061238288157, 0.4734729199959364, 0.48988195103165105, 0.5150038349805575, 0.49838318498666323, 0.48490157148411583, 0.4650134232834769, 0.4610212445344754, 0.4582318811362414, 0.4526819484616246, 0.44615124849774834, 0.44770186388868943, 0.44091787316221576, 0.43624933661303633, 0.4324736046450264, 0.43114418953384803, 0.43381895028756995, 0.4339751499109332, 0.4318894551303943, 0.4313016595313201, 0.42818413640817427, 0.41967895411772377, 0.4212235401013435, 0.42206364537903635, 0.42937375059694655, 0.4231107395297897, 0.42150988516110155, 0.41664457192721466, 0.41857618516256684, 0.4116649211265379, 0.4107787815520761, 0.4134822197831603, 0.4124575884910965, 0.4114312625628874, 0.41166737622646804, 0.4072087768561395, 0.4220026853791503, 0.4154099151601029, 0.411181839880367, 0.4134879902653609, 0.40221348891567066, 0.40397358303420344, 0.4010636479956978, 0.40820613065020744, 0.40106255026961796, 0.4015404981607395, 0.40110479659048737, 0.3990197596893925, 0.40255237000724986, 0.40209737357814157, 0.4000419586577263, 0.3993459263934816, 0.3988997103698532, 0.39918674280111194, 0.39915307338669387, 0.39935260224537755, 0.40184957436858815, 0.397483419072858, 0.3969430188653267, 0.39714325548529694, 0.39692153619344533, 0.3965626401533421, 0.3971654377750445, 0.39747988641828597, 0.39684086524757417, 0.39740713036321285, 0.39695150050085254, 0.3969953053480455, 0.3975356059975511, 0.39709354486952253, 0.3972349599283224, 0.396797812781684, 0.3970523905965661], "medianabsoluteerror": [0.535524537563324, 0.447189998626709, 0.5050413608551025, 0.41940460920333855, 0.3927892923355102, 0.3982141447067261, 0.40344931840896603, 0.3725570082664489, 0.3945101261138915, 0.42219093084335335, 0.4011825799942017, 0.38229310989379883, 0.3684259843826294, 0.36530972123146055, 0.36687843322753905, 0.3583152866363526, 0.3520516836643219, 0.3555035161972046, 0.34637946605682374, 0.3438503086566925, 0.341741132736206, 0.3383490490913391, 0.3427319276332854, 0.3390568244457245, 0.34098002433776853, 0.3405124545097351, 0.3320409786701203, 0.3271199631690979, 0.3280498027801513, 0.33290986537933354, 0.33469504594802857, 0.33403299093246464, 0.3317448425292969, 0.3242671120166779, 0.328949766755104, 0.3227658176422119, 0.32127985000610354, 0.3240179586410522, 0.3240338754653931, 0.3250906348228454, 0.3230593919754027, 0.3208087605237961, 0.3331925463676452, 0.32669605255126954, 0.3228951859474183, 0.3237385272979736, 0.31322400569915776, 0.31345914959907534, 0.31176535844802866, 0.3179155266284943, 0.31314529329538365, 0.31435790538787844, 0.3118765330314636, 0.30994604825973504, 0.3135561871528625, 0.314087164402008, 0.31198771476745607, 0.31190289378166197, 0.31215830802917477, 0.31233280003070835, 0.313016499876976, 0.31283893346786495, 0.31381011128425595, 0.30947468280792234, 0.3097867465019226, 0.30958775997161875, 0.3101108646392823, 0.3095408916473388, 0.30914869308471693, 0.30969861507415775, 0.30989189147949214, 0.3100199556350708, 0.31075549125671387, 0.3093948507308959, 0.31044728755950923, 0.3094196021556855, 0.3099570918083191, 0.30930764079093936, 0.31084354758262633], "mape": [0.8489220843549953, 0.6858768207869989, 0.9541014790670271, 0.5908197995476612, 0.5914671685731687, 0.681834099977157, 0.7175308159029087, 0.5946825070392234, 0.6461040291140894, 0.7500323265012084, 0.6914979772076325, 0.6359094722321926, 0.6082466518930583, 0.6385929221020638, 0.6237490181891587, 0.6367410014700771, 0.5872664992009303, 0.6281510008214468, 0.5896236368879205, 0.5936991765307622, 0.5973502899227272, 0.5625069941741745, 0.6153855270616924, 0.5607578428278306, 0.6120628578994057, 0.5454581985094813, 0.5688324609638018, 0.5640528637831241, 0.5630887406809271, 0.60782236155632, 0.5416611440175951, 0.6047176426817857, 0.5530120976392974, 0.5430596360817169, 0.5307061746726175, 0.5484310428392427, 0.5522778868917352, 0.5369827257526151, 0.5603961784198953, 0.5896501820043931, 0.5803525333628738, 0.5696349423067052, 0.5474098930511851, 0.571062352209083, 0.5610082077981617, 0.595929111799317, 0.5510634103622909, 0.5482226465821057, 0.5529529216955236, 0.5118210778650698, 0.5376465902795091, 0.5409410390198423, 0.554040076232742, 0.5366489575161743, 0.5341831398937538, 0.5363962990754693, 0.5436254795014821, 0.5431119628258153, 0.5423064504567139, 0.54427681075054, 0.5562823496412291, 0.544893142482867, 0.506842946049164, 0.5375955528506396, 0.5391500823328345, 0.5380248635763258, 0.5311344748961669, 0.5364433529767225, 0.5385202463753926, 0.5423766596900121, 0.5380533131138482, 0.5347825210983216, 0.539951556814171, 0.5403259854110741, 0.5416476890386321, 0.5415269913813093, 0.5445177341211096, 0.5412698957303195, 0.5407824981967224], "mse": [0.7693159186909609, 0.5446703899075928, 0.5259837492205013, 0.4699703061405048, 0.4140977500153008, 0.39208505259677195, 0.40640153597157475, 0.38822404421913304, 0.40372260154217127, 0.4377924379786403, 0.4166970998239881, 0.4026260644326577, 0.37000947249989274, 0.36002598055533014, 0.35412296218137806, 0.3485527679360885, 0.341540735801334, 0.34156828391494626, 0.33393802018935076, 0.3278471486065325, 0.3202836244620942, 0.3211564464069348, 0.32017405679978567, 0.32715538268707967, 0.3168699995747199, 0.31778936152482173, 0.31910568724712435, 0.3067045877969365, 0.3064149384907302, 0.3037392527248286, 0.3212640574376376, 0.3042112268561005, 0.30531918250380746, 0.29848650730404774, 0.2995273390348808, 0.2924952190429089, 0.2916745090059975, 0.29471915723477526, 0.29220691164140394, 0.29073792667533055, 0.2903423784907285, 0.2858396283695744, 0.3074369941560781, 0.2985499090252022, 0.29223975913150435, 0.2918979895063863, 0.2797208374125808, 0.28166504306475876, 0.27846656724639185, 0.290614642900152, 0.27783092343870613, 0.27796430310247283, 0.277366813464441, 0.2760610404291263, 0.27968684613938216, 0.2811239190884417, 0.27748709430701224, 0.27414279686926635, 0.2744986220707027, 0.2741247930030909, 0.2740202574691864, 0.27425424324021025, 0.2808834229470496, 0.2727784042330993, 0.2721924808991561, 0.2726964856282259, 0.27247378045355813, 0.2715147095192227, 0.2722923267095758, 0.27228025052743715, 0.2717241308591022, 0.27258875379175007, 0.2722589855755481, 0.2719122463191471, 0.2723937602969354, 0.271992925908845, 0.2723323156999003, 0.2719641888087851, 0.27168336116147],