{"bestEpoch": 70, "lastEpoch": 80, "mae": [], "medianabsoluteerror": [], "mape": [], "mse": [], "recauc": [], "f1": [0.023651260395310375, 0.026247897722303376, 0.024617470325916106, 0.02297839446129967, 0.023467753974654885, 0.021314336847696236, 0.022010325324715408, 0.023447666354868876, 0.022774534857966006, 0.025445372912022566, 0.026158732327247216, 0.02381640726062169, 0.02463567969375544, 0.0253831549596546, 0.024082750924427205, 0.024918238080707544, 0.024353056979319956, 0.024195316157624918, 0.026795034967271737, 0.027907326062252314, 0.025412143918412726, 0.02827439856942259, 0.02697859690151512, 0.027112309133082706, 0.028303817170027796, 0.027475303883434485, 0.028540033012126154, 0.025989726800926625, 0.027571343288256774, 0.027660236443863673, 0.026326515129703236, 0.0245842606771121, 0.024348450283372472, 0.02560473257664121, 0.025860048620897646, 0.025132175735435525, 0.02290730055629854, 0.024079748057919338, 0.02429763069361428, 0.021778442105202307, 0.02304170563470129, 0.02200237899547995, 0.0218249902316465, 0.023052421324039393, 0.019774303862580337, 0.021646452656936266, 0.020472436706239373, 0.02039092876480909, 0.019917410872886825, 0.015979149050483213, 0.01757627760950376, 0.022423401843792327, 0.019351000527682034, 0.020187195168038026, 0.019661671733078177, 0.019697865782014677, 0.02006451605915714, 0.018419049112452554, 0.021092055760081725, 0.020259848334400036, 0.020167352164118555, 0.022129956326974027, 0.02197575905955856, 0.02116851828368198, 0.02146435931883591, 0.021181737651797695, 0.021609777406626073, 0.021304780857044032, 0.02142447951238702, 0.0214913433274898, 0.02130026536731488, 0.021201735158706478, 0.021244481340100554, 0.021366560531603955, 0.021285391632417324, 0.02128291665305207, 0.021283565109001926, 0.021208482443652314, 0.021207005723957176, 0.021243370980990738], "f1auc": 0.8060485417745243, "convergence_rate": 0.5593159655476141}