{"bestEpoch": 16, "lastEpoch": 26, "mae": [1.3043005454746641, 1.1222925617093455, 1.0753634865024269, 1.0512933634712072, 1.0373848597348394, 1.0373862057388095, 1.0313068287511358, 1.0290952325517515, 1.0272240680843265, 1.0331530891821088, 1.0372493799339497, 1.0384695695203698, 1.039924980146895, 1.039327568297126, 1.04418546247895, 1.044755832324163, 1.0502558515113465, 1.0548541886612381, 1.053562313089912, 1.05945001627889, 1.059081568647863, 1.0600094378809735, 1.061677943762067, 1.0622529023472462, 1.0624945788229065, 1.0626542508022687], "medianabsoluteerror": [1.0436729276180268, 0.8824863529205322, 0.8421865344047545, 0.8207171201705933, 0.8096489131450653, 0.8081851506233215, 0.8029153227806091, 0.7980093681812286, 0.7971676087379456, 0.8018338680267334, 0.8023333382606506, 0.8048436284065246, 0.8051502513885498, 0.8029540491104126, 0.8054773330688477, 0.8075994843244553, 0.8114588189125062, 0.8150656449794769, 0.8155581808090211, 0.8204946970939637, 0.8197925758361816, 0.8209663105010987, 0.821863887310028, 0.822537237405777, 0.8227105283737182, 0.8228624939918517], "mape": [1.6169736045966598, 1.3437375234217956, 1.3291313853227213, 1.3071041530574763, 1.3133334101283167, 1.313013070776937, 1.3288370066191617, 1.3076454433103404, 1.3169357459631876, 1.3464406084023635, 1.3363205908442397, 1.3480039061518554, 1.352215597996597, 1.3324125144630725, 1.3453702524976963, 1.342205666098684, 1.348348686173798, 1.3671197457634836, 1.368663105159463, 1.3908228537719374, 1.380539701902983, 1.3811935255464052, 1.3833082123442748, 1.3810620010491519, 1.3823764832016736, 1.3826690662443906], "mse": [2.8543289350861145, 2.1451826496102413, 1.9772920164467698, 1.8949263102309368, 1.846449523524467, 1.8503744752742552, 1.8259591938658273, 1.8227716667638312, 1.81600157736396, 1.8352378932098024, 1.8551370765752293, 1.8552124102067893, 1.861929368421118, 1.8609153099710047, 1.8804787022899803, 1.8804836323225511, 1.8996883727675682, 1.918488490828792, 1.9110156329979686, 1.9304396850758028, 1.9302108769593804, 1.933064926281862, 1.9396442248428412, 1.9418652260126388, 1.9426085603342973, 1.943127886960408], "recauc": [0.7000206390724223, 0.7402091080633912, 0.750802459337066, 0.7562463170715918, 0.7594065590580868, 0.7594191257276465, 0.7607987424535484, 0.7612977011654625, 0.7617213141339202, 0.7604042975072642, 0.7594877996579522, 0.759194692161837, 0.7588813188555944, 0.7589925192950858, 0.7579216625938175, 0.7577712670288905, 0.7565223961311796, 0.7555273571624732, 0.7558072509019795, 0.7544867003336205, 0.7545642713070294, 0.7543501261991614, 0.753978704371025, 0.7538460224506293, 0.7537918467592628, 0.7537555730557874], "f1": [], "aucrecauc": 0.9915604206118812, "aucloss": 1.9181642485280468, "convergence_rate": 0.8967899415794897}