{"bestEpoch": 98, "lastEpoch": 108, "mae": [], "medianabsoluteerror": [], "mape": [], "mse": [], "recauc": [], "f1": [0.06421742652612082, 0.12290112515819722, 0.1541522067684534, 0.16400880615959182, 0.17528090915320613, 0.192608098678906, 0.20355555116292928, 0.2101177273258434, 0.2183847935120382, 0.23997614867949052, 0.22186160575576166, 0.2495694403888595, 0.24942229339657773, 0.24423300665732853, 0.28267316965968614, 0.286037006875725, 0.26880886236213647, 0.29056885838118146, 0.28766273785369706, 0.24467017944950234, 0.296168618847066, 0.3111917059604176, 0.31332750051677793, 0.32832080053317975, 0.3238881766803631, 0.32134753200439053, 0.3343897865696986, 0.33449902794192615, 0.34951863463992955, 0.33396558589004266, 0.3305627357686858, 0.32860318899225466, 0.3564232128133789, 0.3621802075867966, 0.36306534655020917, 0.36597006098080337, 0.3831844404332325, 0.34957644455352604, 0.3648363446738088, 0.3881311598484786, 0.36445138869788607, 0.3882084149435621, 0.372482973063401, 0.39108144780824083, 0.3611036373479487, 0.39922272763284966, 0.4019855114257686, 0.4099858280098897, 0.39144736537717245, 0.40680303135525286, 0.4116764544090057, 0.40734424908119377, 0.4190462543060687, 0.3792563010496152, 0.42174315393131606, 0.4175797027817921, 0.40126161743214545, 0.4111599995257237, 0.42728733743213365, 0.40593405153355727, 0.4252644854655602, 0.40897466306530367, 0.43539229603425617, 0.4152128851558184, 0.4198153723277108, 0.43744615560107203, 0.44274595558569346, 0.4178074221992929, 0.4192056164264277, 0.43748056755244163, 0.44248357273237054, 0.43362235680917266, 0.44581749514629415, 0.4152654541046887, 0.45506191127772794, 0.4616876225008524, 0.45845821926302627, 0.4411024625110414, 0.4480744167219329, 0.44184266035397346, 0.47944680478667473, 0.4733373339503847, 0.47837131567481594, 0.47830639285282484, 0.47605527898100397, 0.47842684141956193, 0.48017851804745826, 0.4784356420878342, 0.4806410448965985, 0.4796878284831531, 0.48201344215546726, 0.4798851004737348, 0.4809944858891697, 0.48068234069336924, 0.480021615649968, 0.4802965203422257, 0.48092204091812785, 0.48033553111361366, 0.48106732319301054, 0.4805659261167056, 0.4808612740714451, 0.4810740798177785, 0.48094527180673274, 0.48050313694675156, 0.48065901491233803, 0.4812759185501368, 0.4803281939719745, 0.48157124381835303], "f1auc": 0.7962254897919208, "convergence_rate": 0.764904284831477}