{"bestEpoch": 43, "lastEpoch": 53, "mae": [0.639860212103763, 0.49304344092348634, 0.4653069513379014, 0.4395038474817238, 0.45607586681531814, 0.43264963850839344, 0.4102251418654721, 0.41631803144947205, 0.5042656425826926, 0.4081656373316294, 0.4057765950430604, 0.43955917442872816, 0.40727078346820417, 0.40641961163837304, 0.4244473647498582, 0.4289026609620607, 0.40980865781512177, 0.39082536384088484, 0.3862936613735382, 0.3848129329722045, 0.3888015205879967, 0.3862538944975434, 0.3837105259953082, 0.3864917018165649, 0.38209723389285993, 0.38009781564032974, 0.38045895093324733, 0.3804409269715885, 0.37967205613375027, 0.38014977870284167, 0.37947754754909213, 0.379859629905022, 0.3796331072886936, 0.37918535504679884, 0.37923214874123123, 0.3792270867376234, 0.37932166613409424, 0.3793761707482911, 0.37914386350338647, 0.37917374447486807, 0.379199557908528, 0.3792585814118033, 0.37927742753387383, 0.37923224899721814, 0.3791048109847306, 0.37901342483418227, 0.37909411089593753, 0.3790412070692702, 0.3791430308523149, 0.3791099942243714, 0.3790783890559156, 0.3791233526486992, 0.3791099777607746], "medianabsoluteerror": [0.49121232032775874, 0.3736290669441223, 0.3674943709373474, 0.3389481544494629, 0.33631039142608643, 0.33517949581146245, 0.30334138631820673, 0.3050172281265259, 0.40744857311248783, 0.30939509153366085, 0.3029475355148315, 0.33924537897109985, 0.30987807989120486, 0.30695692181587214, 0.3168965053558349, 0.3368354082107543, 0.3037626218795776, 0.286607382297516, 0.2835532104969025, 0.28303290843963624, 0.2884701824188233, 0.2860744619369507, 0.2788144230842591, 0.28438652038574214, 0.2815548449754715, 0.27930170536041266, 0.2798059439659119, 0.27899555683135985, 0.2777789497375488, 0.27930645465850834, 0.27789183020591746, 0.27804331421852113, 0.27848559617996216, 0.2772201299667358, 0.27769297122955316, 0.27770237445831303, 0.27766666412353525, 0.2777526962757111, 0.27763497114181523, 0.2773250585794449, 0.2774295091629029, 0.27772199153900146, 0.27788305282592773, 0.2780505120754242, 0.2773321127891541, 0.2773628306388855, 0.27728351056575773, 0.2772563099861145, 0.2776522397994995, 0.2776088190078735, 0.2775680041313172, 0.2774379897117615, 0.27767802238464356], "mape": [0.7913689736733621, 0.5783866958139742, 0.6478005516361377, 0.5962026698121445, 0.5192592220048583, 0.597993630676584, 0.5496114206056161, 0.49347770697833154, 0.7130284413069798, 0.49217277965934675, 0.5357992824181602, 0.4614023926825828, 0.5281106093539475, 0.4880163004279972, 0.47306196398833167, 0.6487193268492398, 0.4534209023144512, 0.5156224039560532, 0.49253015947280465, 0.5065461689995285, 0.4717499908304037, 0.49947504522252417, 0.47145556522129606, 0.47350023628588805, 0.5025333707999692, 0.48967371196231646, 0.491401371378878, 0.492812821876266, 0.48314951030284053, 0.4910955494635086, 0.48164647394652604, 0.4914466240415176, 0.49650853027694947, 0.4754187011161076, 0.48391734494981103, 0.4861205841068238, 0.48537028128800513, 0.48822239504423887, 0.4857085826152, 0.4834888834625397, 0.48473156696451264, 0.48723167297185704, 0.4876458971828745, 0.48678352638529876, 0.4835856764635726, 0.48340417499762744, 0.48376524022815637, 0.4824975853200059, 0.4848292470521072, 0.48512780467669403, 0.4852805382529452, 0.4845009735996088, 0.48517021349737904], "mse": [0.7382115296671302, 0.4358493413643192, 0.3748504752309391, 0.34303932833123196, 0.3885130667069413, 0.3302843394032902, 0.30997840077714045, 0.32585214430923115, 0.42010807844603576, 0.3025127918960775, 0.29993538932087205, 0.3439388318433965, 0.2979979285429318, 0.3006154698824483, 0.33039874732380653, 0.3165556030926219, 0.3110254042087214, 0.2831892244813623, 0.27824799071980233, 0.2741504687329984, 0.27961510556856073, 0.2760133552927888, 0.27748636684048605, 0.27885554445879696, 0.2701064085198387, 0.26961423854175515, 0.26932817420859406, 0.26961911850923637, 0.26926459122301966, 0.2689845968725251, 0.26922866394340517, 0.26943419963140164, 0.2688385660310197, 0.26922269341577365, 0.2687823054575877, 0.2684832672612202, 0.26857207993898313, 0.2683922297873364, 0.26845930701314374, 0.26854199787464356, 0.2684601086558432, 0.2683700457422213, 0.26832886224539365, 0.2683540992554936, 0.2684690436473206, 0.2684651754120188, 0.26845034106671095, 0.2685397987001948, 0.2684041513040166, 0.26837197044433625, 0.26837840879738484, 0.26841158472129173, 0.2683482176268894], "recauc": [0.851186668871686, 0.8853272183910856, 0.8917807790624914, 0.8977805004021909, 0.8939252736794101, 0.8993774763493173, 0.9045892482210116, 0.9031721763651045, 0.8827178545642607, 0.9050683452695276, 0.9056239051993011, 0.897766724846092, 0.9052763978089176, 0.9054743295579541, 0.9012813082117069, 0.9002488897087866, 0.9046865286970597, 0.9091014159366914, 0.9101557194211274, 0.9104997174222869, 0.9095723279639996, 0.9101685406611287, 0.9107572512836414, 0.9101096925683679, 0.9111321314576899, 0.9115974002915003, 0.9115133513403025, 0.9115178935489456, 0.9116964688987602, 0.9115850122735324, 0.911741016141592, 0.9116528352666, 0.9117055643000502, 0.9118089974335384, 0.9117982757535635, 0.911799630662742, 0.9117778261229015, 0.9117650743405715, 0.9118191027170631, 0.9118121808562959, 0.9118061215628883, 0.9117925950852293, 0.9117879992488027, 0.91179869896077, 0.9118282724219084, 0.9118494767182455, 0.9118307670830138, 0.9118431408863885, 0.9118193637486834, 0.9118268903757792, 0.9118344783840729, 0.9118239763841747, 0.9118271436539853], "f1": [], "aucrecauc": 0.9946929559172396, "aucloss": 0.29631094805083696, "convergence_rate": 0.9202347211330961}