{"bestEpoch": 26, "lastEpoch": 36, "mae": [0.4562707358690174, 0.4261843884712726, 0.4254953644562032, 0.4276870931790216, 0.41333365333668515, 0.4120684522417772, 0.40149985575673397, 0.3904861197197139, 0.38942396013460606, 0.386804065534499, 0.381455549454423, 0.38783864352613195, 0.3844554336423835, 0.38193350288279093, 0.3795297157407528, 0.3919376225373195, 0.3729939190897124, 0.38445470986280766, 0.3667513888159988, 0.363900450034947, 0.37024256492233937, 0.3679258715114199, 0.3722050028850241, 0.37601775925558023, 0.3655145312404475, 0.3594284080389642, 0.363376328224632, 0.36049652143759237, 0.3634124677525894, 0.36466226339554, 0.3624264693403297, 0.3631492761961152, 0.3631848244717543, 0.36331431854841456, 0.3641246165872932, 0.3640879844407552], "medianabsoluteerror": [0.3568375563621522, 0.3511898159980774, 0.3285493016242982, 0.3537821531295776, 0.32272295951843255, 0.34068733215332014, 0.31972407102584843, 0.30641551017761226, 0.3116042041778564, 0.29788653850555424, 0.300416202545166, 0.2894719266891479, 0.30609098434448234, 0.30982950925827035, 0.30435041904449456, 0.31754336118698134, 0.29641574859619146, 0.31378400325775146, 0.2792350959777832, 0.2839425921440124, 0.2980859637260438, 0.28381874561309806, 0.2796127557754517, 0.29755828380584703, 0.29377418756484985, 0.27869981765747065, 0.28166487216949454, 0.27608627319335943, 0.2838548803329468, 0.285191810131073, 0.2808846831321716, 0.28388074398040775, 0.28426278591156007, 0.28289276361465465, 0.28416594505310044, 0.28518190383911146], "mape": [0.23913025023999657, 0.23069700255592343, 0.20856476656590994, 0.2406096906253357, 0.21152167177822528, 0.2254162183401833, 0.21924881454432013, 0.20703601832133486, 0.20237283722223282, 0.20073644332283205, 0.20294520281480757, 0.19428476384639737, 0.20746429650768716, 0.20061262850965378, 0.19555761478120975, 0.20412009559881011, 0.19368880700540614, 0.2023578324869403, 0.1895210148477168, 0.1875691237252801, 0.19836809069624936, 0.18519360383120886, 0.1817887296808084, 0.1986368965760928, 0.19340560558026243, 0.18729200062384005, 0.18899920229300163, 0.18312790993539224, 0.18883535793289133, 0.19012503366183098, 0.18746657128330763, 0.1892958512730263, 0.1893686336515079, 0.18837976741576926, 0.1892491554046882, 0.18950724792327092], "mse": [0.37261310536900727, 0.3075181699023358, 0.3283123113428975, 0.3063195224747036, 0.30613875385861167, 0.2849486128800406, 0.2828014824512894, 0.27019320933470803, 0.2646814584155347, 0.27002669094989407, 0.258002932812639, 0.2806219450516016, 0.2573892433318124, 0.25114528124545316, 0.2516402427934524, 0.26221309259306785, 0.24447368546980083, 0.25097583392197537, 0.24797174601675237, 0.23612948021575866, 0.23715261560197315, 0.2448662931705883, 0.2561877203672556, 0.25144321083536614, 0.23335060252609174, 0.23311465569574236, 0.23930283257991572, 0.23849530014958595, 0.23700016553016817, 0.23883243483423544, 0.23728893699536416, 0.23685633038644988, 0.23687868026804298, 0.2376351725233651, 0.23745437375227485, 0.23737241784358498], "recauc": [0.8938826494662523, 0.9008790222415909, 0.9010406079605884, 0.9005289734602726, 0.9038680875208881, 0.9041609202037578, 0.9066199867411605, 0.909182013852269, 0.9094287221100559, 0.9100381452031856, 0.911281190536925, 0.9097976984337407, 0.9105836201440499, 0.9111700793240699, 0.9117307957110831, 0.9088439056698684, 0.9132491743091482, 0.9105831978009383, 0.9147014665435853, 0.9153646750584938, 0.9138896282277966, 0.9144289799884147, 0.9134345797557162, 0.9125465543459945, 0.9149897355892175, 0.9164058425044742, 0.9154874460147469, 0.9161577654734656, 0.9154780792182055, 0.9151883264075634, 0.9157084808985329, 0.915539705808146, 0.9155318190672019, 0.9155019476980549, 0.9153134459518606, 0.9153224836705196], "f1": [], "aucrecauc": 0.9943584789021727, "aucloss": 0.25892445091100125, "convergence_rate": 0.7704958127158499}