{"bestEpoch": 41, "lastEpoch": 51, "mae": [], "medianabsoluteerror": [], "mape": [], "mse": [], "recauc": [], "f1": [0.002644196074942636, 0.007869199013199341, 0.009411811586247194, 0.015729503215914008, 0.024457253917104987, 0.04003060694570212, 0.04850630566493245, 0.0491690359493167, 0.06055072814763129, 0.05641965178900701, 0.06827184223135395, 0.07167778602459149, 0.067463339202566, 0.08119908718883735, 0.08169663105155464, 0.0864194300338617, 0.08661278962631172, 0.09423952659108083, 0.10198141412979905, 0.0912956325097378, 0.09744277520416358, 0.10597764180635301, 0.10784588535948145, 0.10637374212261987, 0.10348001080180853, 0.10697302576752522, 0.10971647706493026, 0.1162370263241807, 0.11567976392549222, 0.12105950775162636, 0.11718273352803626, 0.1172644276528799, 0.1154480682111423, 0.11823643511173279, 0.1226111006594214, 0.1222566002158145, 0.12272823897794347, 0.1213401919189334, 0.12220503155742415, 0.123867810131396, 0.12334845509430555, 0.12360973111728166, 0.12198288110341284, 0.12331658835563576, 0.12249586352676683, 0.12298902781741398, 0.12329316778215016, 0.12282136248015645, 0.12261686855660474, 0.12303712548334847, 0.12279842605918172], "f1auc": 0.7635818290933236, "convergence_rate": 0.758424946051828}