{"bestEpoch": 17, "lastEpoch": 27, "mae": [], "medianabsoluteerror": [], "mape": [], "mse": [], "recauc": [], "f1": [0.24837643174224158, 0.2906563552429996, 0.30115161311581223, 0.30642617547454215, 0.31167915595992113, 0.309217496856053, 0.32550904627988086, 0.2968478756733895, 0.31935872062119247, 0.3115975855235752, 0.3231299849204873, 0.31601118856086546, 0.33050326405941244, 0.32037876215465444, 0.32853358694785845, 0.3390288486731599, 0.33941121567314103, 0.3351431932618901, 0.3356267141807287, 0.33691886761879636, 0.33435990185104275, 0.3410084383696555, 0.33887473947597435, 0.3384298600050467, 0.33972490718479426, 0.3399832433005705, 0.339662157951035], "f1auc": 0.9478143568268081, "convergence_rate": 0.8078877341458818}