{"bestEpoch": 96, "lastEpoch": 106, "mae": [0.7137329072519321, 0.6566037336566818, 0.6115511813098433, 0.5770001949511717, 0.5452692127861677, 0.5970878331039217, 0.5487067250388991, 0.5948487324829792, 0.517184193928009, 0.5113248313272692, 0.5338006122431953, 0.5175756348755817, 0.496155285612412, 0.4979117197953114, 0.49816340819409805, 0.5024264394049138, 0.49923182910457375, 0.5156099347114472, 0.48776319157749837, 0.514364645615782, 0.5381117951953104, 0.47478239818411555, 0.4889188715186338, 0.47267361935736646, 0.48031949785385847, 0.48905445258357527, 0.47725156806844593, 0.47320772952348894, 0.4717065774669134, 0.4769096844367542, 0.4700561797243422, 0.473415676092789, 0.4779070072049016, 0.46995875891194133, 0.4766856075353949, 0.477532666759274, 0.4697788631358681, 0.48030036534627923, 0.46856541665612067, 0.4691565024240927, 0.4712301876944148, 0.47530278003201826, 0.46966522107400993, 0.47248310516183395, 0.4688349761096466, 0.4696554011239423, 0.46903132434266753, 0.4708018259307743, 0.4678313625193752, 0.47330530494737577, 0.47348182086379903, 0.4675262561819519, 0.4687586009249824, 0.46993010830593157, 0.47096837802964064, 0.47017215235983467, 0.4667156315534623, 0.4677186572571646, 0.47297824701167257, 0.467776693865226, 0.4685151860366537, 0.47203308105663794, 0.4702266745205346, 0.4656180113938794, 0.47172943711620946, 0.46717171077054237, 0.46897667885587485, 0.46548048851837615, 0.47016391283049835, 0.4654409257934649, 0.47087264114833394, 0.46670755828999033, 0.4655295654412814, 0.46494909497211445, 0.46871840348263166, 0.4655466550684059, 0.46483423314379124, 0.4675762649687056, 0.4729132783948953, 0.466061946619919, 0.4642006883544696, 0.46842364069260056, 0.4706633611994497, 0.4656459514843589, 0.4705908472989635, 0.47538188952633736, 0.4710620445383182, 0.4739107720666365, 0.46705474969692434, 0.4661998408171923, 0.46584240046474423, 0.4660807007413316, 0.46661501000811356, 0.466371422515899, 0.4654981781336073, 0.4651204561437285, 0.46623139634669036, 0.466247110200407, 0.4666843658874911, 0.4660834431033709, 0.46584819625569296, 0.4660252066031625, 0.4658452269409349, 0.46602357512410447, 0.46587296529267375, 0.4659136206073714], "medianabsoluteerror": [0.6302655458450317, 0.5048595094680786, 0.5239451622962952, 0.4927569937705994, 0.44610758304595943, 0.5250893342494964, 0.4708918070793152, 0.5245422863960265, 0.4191974699497224, 0.427651252746582, 0.4589994382858277, 0.4409608972072601, 0.405044493675232, 0.4051232433319092, 0.39508209586143495, 0.42616286277771, 0.4229126119613648, 0.4037478864192964, 0.3883364379405975, 0.44361972570419317, 0.4703041791915894, 0.3894593298435211, 0.41301198005676276, 0.38706771612167357, 0.40108619213104246, 0.4141998291015625, 0.39699862003326414, 0.37650784254074104, 0.3878620672225952, 0.3968424677848815, 0.3845925223827361, 0.3914204108715057, 0.3986446738243103, 0.38489301443099966, 0.3968545532226563, 0.3982986354827881, 0.38489088535308835, 0.4022744894027711, 0.3817213189601898, 0.38391302108764636, 0.3881823492050171, 0.3952323508262634, 0.385589804649353, 0.3907971215248107, 0.38416802883148193, 0.38579519987106314, 0.38485051631927486, 0.3879782676696777, 0.38206264972686765, 0.3924749755859375, 0.39273782253265377, 0.38167602062225336, 0.38488518357276913, 0.38717731475830075, 0.3891679000854492, 0.3875578916072845, 0.37999215364456174, 0.38361905097961424, 0.3925404357910156, 0.38360884428024294, 0.3852007150650024, 0.391500687599182, 0.38830270648002624, 0.37830399990081787, 0.39103733062744134, 0.38329598903656004, 0.3867149710655213, 0.37906054258346555, 0.3888131999969482, 0.379318950176239, 0.3899190783500671, 0.3831355571746826, 0.38026598691940294, 0.3786519646644593, 0.38681274414062505, 0.380910918712616, 0.3792445743083954, 0.3850083649158478, 0.39381616592407226, 0.382625937461853, 0.37809579610824584, 0.38696172714233396, 0.39070687294006345, 0.382321310043335, 0.39090460538864136, 0.39740943193435674, 0.39157944917678833, 0.39556693315505975, 0.3850322544574737, 0.3836640179157257, 0.38313037633895874, 0.3834696292877197, 0.3843082547187806, 0.38406484842300426, 0.38253877282142634, 0.38177232742309564, 0.38387127161026, 0.38393632173538206, 0.38452493190765386, 0.38364064812660215, 0.3832048058509827, 0.38347666263580327, 0.38320808410644525, 0.3834532737731935, 0.3832079815864564, 0.38325417518615734], "mape": [1.1399611959847908, 0.7942334658948046, 0.9698088576674799, 0.9252128763794857, 0.767927250076176, 1.0218983845583474, 0.8999225723938713, 1.0263961997325752, 0.7151635056364737, 0.7750213258403933, 0.8875593158251424, 0.8387060863793578, 0.7117901342414764, 0.7092116557165655, 0.6411393330019696, 0.8138977219721627, 0.806051998272555, 0.5868761147505925, 0.6308111333698101, 0.8631049793616448, 0.9163788201089796, 0.7148089291019037, 0.7780234258613865, 0.7036987397680021, 0.7506196201283147, 0.7883730946305852, 0.7389354270254599, 0.6527334927578763, 0.711293905256694, 0.74009912970893, 0.6971411751952874, 0.7234986593631301, 0.7456276215577687, 0.6986624469457028, 0.7412984400809101, 0.7449954885003737, 0.6995283356083647, 0.7571014754593214, 0.6883917598463221, 0.6967419125495331, 0.7136229544613893, 0.7360770674626604, 0.7031257826432519, 0.7225001428230978, 0.696842768748746, 0.7046335925607468, 0.7010356947710656, 0.7148151933644399, 0.6901757623730351, 0.729490806063208, 0.7312305392284748, 0.6884890989195813, 0.7029478541885406, 0.7120271996590135, 0.7179097424548219, 0.7141436007142093, 0.6850882881348958, 0.697284595607873, 0.7299051694132078, 0.7002847472129162, 0.7065622498964066, 0.7264266868000254, 0.7162895119662195, 0.678567889657451, 0.7258480464369385, 0.6980024203083826, 0.713381196095735, 0.6832068639213122, 0.7195096096424037, 0.6843931657901209, 0.7251834458999642, 0.6976263705211802, 0.6874600307752667, 0.6830101350397855, 0.7142603144738334, 0.6914634618996128, 0.6847546546397835, 0.7081985910081524, 0.7363060957337492, 0.6974491807124471, 0.6819643373055471, 0.7155206455250229, 0.7274850372470539, 0.6986396669679978, 0.726959937899947, 0.7484565675233769, 0.7306384248108425, 0.7439247991286706, 0.7102527805150602, 0.7052974641711758, 0.7022009998932512, 0.70397428765003, 0.7076535099009955, 0.7061732389565513, 0.7006372665091345, 0.6975691831928604, 0.7055862035646217, 0.7057829261538794, 0.7086392437233565, 0.704733417115305, 0.7032458555092391, 0.7044923959583046, 0.7033225997455187, 0.7044082138238695, 0.7034453046171765, 0.7037184452137009],