{"bestEpoch": 4, "lastEpoch": 14, "mae": [], "medianabsoluteerror": [], "mape": [], "mse": [], "recauc": [], "f1": [0.3037949096109177, 0.3025321681314148, 0.33298622812797957, 0.3404611569446293, 0.3210087086273663, 0.3315512886701527, 0.33048309409951243, 0.3321126727189938, 0.3352601856497059, 0.3362903725837892, 0.3348782380582619, 0.33091379029931883, 0.33344357887684273, 0.3355780554246406], "f1auc": 0.9673774883025412, "convergence_rate": 0.7071712581199394}