{"bestEpoch": 68, "lastEpoch": 78, "mae": [], "medianabsoluteerror": [], "mape": [], "mse": [], "recauc": [], "f1": [0.1820980662330242, 0.1968135150905066, 0.20244931445087042, 0.19977163021723057, 0.19950744030995574, 0.2036745959044779, 0.2019617400913897, 0.19832480053413795, 0.19955011555828162, 0.19911471058749858, 0.20553464647995104, 0.21452258613017416, 0.20857824696534627, 0.20668696916940618, 0.21209781169138517, 0.21639894888840663, 0.21415080786360016, 0.21428146690244967, 0.2109804046467109, 0.21943217076805352, 0.21645333519956533, 0.22887714674604726, 0.22911252713037006, 0.2285698796059634, 0.22619217061182575, 0.22212205898674198, 0.22240759702379892, 0.2308921165685288, 0.22079935198595002, 0.22595110249834796, 0.2284685705349578, 0.22447475096814057, 0.22333716670036513, 0.22432786000839028, 0.23010179199673775, 0.21784669581160165, 0.22437574993406187, 0.22879433919513353, 0.226120733647954, 0.2346769793248316, 0.2204039576687362, 0.23711980539803923, 0.22895184623790382, 0.23502071649743478, 0.23957261107991804, 0.22797257700073398, 0.23420517054915527, 0.22681191103112028, 0.22349565881394298, 0.23055204674724433, 0.23661190189967943, 0.22710632602691194, 0.22965568818387314, 0.2301841749194745, 0.2427987098125722, 0.23050561495600203, 0.23062177595591676, 0.24012910697680995, 0.22778794620637371, 0.23892596160972743, 0.23817280111260763, 0.22368324109285273, 0.23953660680957514, 0.23658098917549109, 0.23177175062046662, 0.2314669304835244, 0.23969315478523323, 0.23479368789835628, 0.23263063323337438, 0.24533567308813373, 0.24047657533132671, 0.24124940591866914, 0.2402062179010543, 0.23819648727690268, 0.2391189201640568, 0.23838213907575018, 0.238370079640109, 0.2379756098419586], "f1auc": 0.9166274886351842, "convergence_rate": 0.6765492527318424}