{"bestEpoch": 42, "lastEpoch": 52, "mae": [1.7270596764547634, 1.18498448129417, 0.9540569424221715, 0.8283643816720856, 0.7518707342552035, 0.701783383069989, 0.6702493377961842, 0.64400533280482, 0.6281267650646604, 0.617884742903481, 0.6042514700599924, 0.595991692650062, 0.585879099233444, 0.5832660909889033, 0.5734835208803843, 0.5692020447355487, 0.563664878579579, 0.5571712516031984, 0.5546721979451186, 0.5485158469834914, 0.545930828115067, 0.5391838300412494, 0.536101779425791, 0.5325700554597202, 0.5334174254789817, 0.529293897433924, 0.5263173023281711, 0.5188271690498663, 0.5163949821521285, 0.5136291374963811, 0.5133704814343223, 0.5085229152626709, 0.507383988193466, 0.504980443462437, 0.5039396230002184, 0.5021291447152274, 0.5017311514073314, 0.5064193254107675, 0.4991983221613884, 0.49904921101137206, 0.4987034536734381, 0.4973248824461523, 0.4968481588603782, 0.49748945400963884, 0.49689519139632077, 0.4962688595310453, 0.4978910087752949, 0.4966772714170636, 0.49693228362542885, 0.4972896659595118, 0.49705939073570504, 0.4974287903732916], "medianabsoluteerror": [1.2735210776329042, 0.8789630484580994, 0.7085397705435752, 0.6173732876777649, 0.560466628074646, 0.5254871463775634, 0.5067143297195433, 0.48568431138992296, 0.477577588558197, 0.4759928321838378, 0.46414089918136603, 0.45904727458953865, 0.4486469900608063, 0.4520100831985474, 0.44321045875549314, 0.44192373275756835, 0.4366937947273255, 0.4303808069229127, 0.43132949352264405, 0.42583409070968625, 0.42508233070373524, 0.41804056763648995, 0.4146806669235229, 0.41185546278953555, 0.41617096662521363, 0.41332261562347417, 0.41088181495666504, 0.4002772998809814, 0.3988853299617767, 0.39874887466430664, 0.39940419435501096, 0.3939237928390503, 0.392917286157608, 0.3906102180480956, 0.39010540008544925, 0.38680480122566224, 0.3889558053016664, 0.392947051525116, 0.3845466256141663, 0.3844455528259278, 0.3843221497535706, 0.38340012192726136, 0.3812432050704957, 0.3839421987533569, 0.38037293314933773, 0.3810982990264893, 0.3827448308467865, 0.38114033222198485, 0.3803395450115204, 0.3815297865867613, 0.38087926864624033, 0.38136471748352047], "mape": [1.9029874431411615, 1.327533143434287, 1.083058927664097, 0.9589303980607025, 0.8888309955330582, 0.8623811359008879, 0.8558980103448353, 0.8102208419063992, 0.8120592290076993, 0.8252901661487321, 0.79854295779613, 0.7937136303432714, 0.75678438273078, 0.7872831009951474, 0.758828835971258, 0.7652102879257249, 0.7521867711187394, 0.7352703442305553, 0.7539769645800899, 0.7387411332826402, 0.7437507805238814, 0.7247692005838482, 0.7120609044839827, 0.7032061283892441, 0.7403488546099816, 0.7316176566866355, 0.733250996831453, 0.6716896221381409, 0.6713931368055, 0.6842617280931061, 0.6988407436372995, 0.6775280342700114, 0.6781918280944375, 0.6590775293393192, 0.6587356934968832, 0.6465174867403741, 0.6722471259352386, 0.7010306002847683, 0.6466357943451742, 0.6521169518805496, 0.6537045323763202, 0.6525671934092659, 0.6322885758104357, 0.6657085956957512, 0.6297115169848156, 0.6534539453081959, 0.6614685676305657, 0.6490397477813199, 0.643807177563467, 0.6541515739830699, 0.6493532428626712, 0.6520942946147411], "mse": [5.950090572024129, 2.7824561446542764, 1.789708692017273, 1.3369004713417285, 1.0883945316247192, 0.9359293139885799, 0.8417075152591207, 0.7747020830212901, 0.7294439271008222, 0.6958795618257102, 0.6653761919301091, 0.6443849390756039, 0.6257569161237444, 0.6115875257536508, 0.592254101283608, 0.5798275951259374, 0.5701073421035392, 0.5566568089486016, 0.5473746451816063, 0.5358451972428393, 0.5284694816515423, 0.5173261743572947, 0.5123223653725658, 0.5061961233386592, 0.5025178917388694, 0.49335583702377306, 0.4876247805340076, 0.4811885230942613, 0.47758706789799293, 0.4699489812473244, 0.4673045379606201, 0.4610950228036034, 0.4592794412386787, 0.4556180543122383, 0.4546031001705569, 0.45353340001271064, 0.4507217071099266, 0.458121804209773, 0.44939305020298287, 0.45003302824776753, 0.45018711901482733, 0.44629089190114435, 0.4485310390844616, 0.44726301343501673, 0.44899107101091135, 0.4472089166232537, 0.4508776245746221, 0.44951469607118194, 0.4510116583537751, 0.4513011646841174, 0.45123469373663744, 0.4519068476531756], "recauc": [0.6292492696222189, 0.7325382393523423, 0.7814837028131896, 0.8091249552384077, 0.8262087146396342, 0.837496467528215, 0.8446270030463309, 0.850582989959482, 0.8542084681508348, 0.8565369170488559, 0.8596595120083378, 0.8615577026155836, 0.8638724092325764, 0.8644815497791558, 0.8667242136072562, 0.8677110959839409, 0.8689993845946945, 0.870482559154834, 0.8710696900191486, 0.8724925006939984, 0.8730921016332507, 0.8746489597986197, 0.8753621085235939, 0.8761856503637778, 0.8759883253194235, 0.8769364083178697, 0.8776239752979212, 0.8793652703944433, 0.8799337281291862, 0.8805672224736719, 0.8806304589990223, 0.8817582277008471, 0.8820240024726053, 0.8825778249914198, 0.8828277010637504, 0.8832445827762133, 0.8833456617792335, 0.8822695750768467, 0.8839360859063435, 0.883982236167617, 0.8840677324228488, 0.8843799863298775, 0.8844955257739411, 0.8843545586840673, 0.8844837767665491, 0.8846389649107946, 0.8842725488808749, 0.884551730275427, 0.8844956049233804, 0.8844178617595586, 0.8844703698206964, 0.884386238166411], "f1": [], "aucrecauc": 0.978389708228421, "aucloss": 0.6781165583226765, "convergence_rate": 0.9310545744927602}