{"bestEpoch": 39, "lastEpoch": 49, "mae": [0.7558760161982893, 0.5065698264775126, 0.47070481178632784, 0.47614817565877976, 0.4659852950084898, 0.4612906473845657, 0.46540640635708375, 0.45091574351821295, 0.44750825545090883, 0.4389139892230655, 0.44513056241223264, 0.43094590641213254, 0.47978911721452255, 0.43995674389597594, 0.43160952259777746, 0.4274331587971868, 0.4204775142703751, 0.44408538532446384, 0.45385689239224136, 0.42075298573909703, 0.4257605175683799, 0.41027103373326734, 0.40655486779021893, 0.4080115131198062, 0.4120253416152261, 0.4081923300044741, 0.40732271738971304, 0.40833942568904363, 0.40831269911948, 0.40460336406574554, 0.4103069928152264, 0.4031211423151204, 0.4040300505278066, 0.4061142845716852, 0.40604534182157315, 0.40396962251018353, 0.4032518837278044, 0.40196840056704486, 0.4005348260265928, 0.40111197228771467, 0.40094454777279287, 0.4019497453050028, 0.4007519109071243, 0.40127353115017816, 0.4013252958735374, 0.40175028912959493, 0.40167326978376044, 0.40184261416751205, 0.40139791988897716], "medianabsoluteerror": [0.665360164642334, 0.4231468439102174, 0.3935197305679321, 0.40053234577178953, 0.39150569438934335, 0.38868914842605595, 0.39124296903610234, 0.3714291286468505, 0.3760276317596435, 0.36283396005630486, 0.36906443834304814, 0.35597018003463743, 0.40677322387695325, 0.3691485905647278, 0.35575845479965207, 0.3511734533309936, 0.3452740168571473, 0.36431999206542964, 0.3877773094177246, 0.34638180732727064, 0.3526819229125977, 0.33946288824081416, 0.3330955576896667, 0.334054732322693, 0.33316106319427485, 0.33603210926055915, 0.33359241962432873, 0.3364618206024168, 0.3352307558059693, 0.32984271049499503, 0.3385761737823486, 0.32817955255508424, 0.3321540117263795, 0.33083692073822024, 0.32966096878051765, 0.3311525583267212, 0.32785724401474003, 0.32841836214065545, 0.32667901515960707, 0.32772232294082637, 0.3270458698272706, 0.3298151016235351, 0.32610850334167485, 0.3280543684959413, 0.32829860210418704, 0.328883044719696, 0.3281502199172974, 0.3284969806671143, 0.3278504180908204], "mape": [0.3278884894314442, 0.25835459986653636, 0.26839783545289353, 0.27489023351709874, 0.24704941004991618, 0.2596805478663564, 0.2605226867950331, 0.2388392708823056, 0.2506785415364683, 0.24199116574508214, 0.2553114690425372, 0.2348952224859768, 0.27723990880785665, 0.2345837656431361, 0.2329570725433759, 0.2236865113637656, 0.23370051481166804, 0.2216000158485274, 0.2657478472601884, 0.22665759530622598, 0.2404040589476308, 0.2256784874786542, 0.22225804907050398, 0.21772763463852687, 0.21417437358948055, 0.22847766092641203, 0.21738317122972622, 0.2247754957828817, 0.22803719741832812, 0.22091239208643765, 0.22802277721807582, 0.21544017150619962, 0.2202874224369369, 0.2267145364978842, 0.21417840344769754, 0.2249545490363381, 0.21579360754205187, 0.21924352565290883, 0.21891327445978048, 0.2172216041756475, 0.21657287346834767, 0.22101581469845324, 0.2161395901747128, 0.21865586228853906, 0.21879258960379983, 0.21985132181135, 0.21917758400585075, 0.2195099149725246, 0.21878575660023175], "mse": [0.8777461098626603, 0.41818043124487747, 0.3566220373934145, 0.3626683862052163, 0.3522620170528953, 0.3406885311874987, 0.348948924593141, 0.3391136282922475, 0.3223856246170098, 0.3166854287820552, 0.3226605460734222, 0.3069835737087117, 0.3629527064583555, 0.31690948021795684, 0.30825161784165894, 0.30556763841509826, 0.29364376474647474, 0.32955839017992833, 0.3255379046816217, 0.2940704163052095, 0.29619709579041587, 0.27866067912579684, 0.27717345935947885, 0.2795255282342917, 0.2890412922347105, 0.2772464481925136, 0.2785079708652861, 0.2777175246136259, 0.27788093053896473, 0.2754366844628032, 0.27902276171630247, 0.2750273781271452, 0.272730805396518, 0.27708976409163194, 0.27862099450406796, 0.27301379035687967, 0.27448283763692133, 0.2712362003612918, 0.2706082527154881, 0.2708914823059915, 0.27120900628302835, 0.27059052659023963, 0.27147854205807825, 0.2706868260624518, 0.27065312683695936, 0.27094032084523834, 0.27111185483353045, 0.2712054531715889, 0.27107616263531886], "recauc": [0.8242091450889824, 0.8821844537681695, 0.8905246280000813, 0.8892578074517214, 0.8916223565682414, 0.8927131474751476, 0.8917560098810101, 0.8951262040493398, 0.8959187449413416, 0.8979174543074248, 0.8964712836634857, 0.8997714573712469, 0.8884117752413621, 0.8976766164599165, 0.8996182840699397, 0.9005903064767077, 0.9022062050001364, 0.8967174376290582, 0.894444825242136, 0.9021463848940954, 0.9009805356144955, 0.9045819523031529, 0.9054463164302103, 0.905107320638384, 0.9041735761893768, 0.9050658271498804, 0.9052680685600669, 0.9050317185717979, 0.9050374490842328, 0.9059000984028716, 0.9045739166557917, 0.906245569239218, 0.9060337411173189, 0.9055493310553555, 0.9055650981782507, 0.9060480414325185, 0.9062147254740736, 0.9065139616627934, 0.9068471633522557, 0.9067129483284474, 0.9067519098779446, 0.906518220068372, 0.9067966612904773, 0.906675556390364, 0.9066634509875472, 0.9065646004429191, 0.9065823950247173, 0.9065430264996742, 0.9066465869383769], "f1": [], "aucrecauc": 0.9931500903985638, "aucloss": 0.30450186919910466, "convergence_rate": 0.9248488831827384}