{"bestEpoch": 73, "lastEpoch": 83, "mae": [1.6309967466746977, 1.512981970006215, 1.4164876676209088, 1.336791491716909, 1.2775111431999238, 1.2281752454217922, 1.1863416987923752, 1.1559172438334813, 1.1272438615045914, 1.1025645499569106, 1.0825052375785313, 1.067342229777676, 1.0463662170797594, 1.0358746030358832, 1.0196716608654575, 1.014297658176866, 1.0038352613054435, 0.9953142459870558, 0.9862505278207517, 0.9805709898262503, 0.9705669714242195, 0.9703212652309965, 0.9586690109541905, 0.9575820392097051, 0.9555221959791658, 0.9469037138311318, 0.9458656770596553, 0.9480259362470905, 0.9420597662675251, 0.9340722983858363, 0.9391553633618694, 0.9286611794268178, 0.9318911974031034, 0.9332935633600201, 0.9288523105697044, 0.932631949504303, 0.9247007395092559, 0.9324359350772852, 0.92330932869244, 0.9255520942501099, 0.9229730204493645, 0.9317445630818656, 0.9245587025028259, 0.921725265951221, 0.9287854214552176, 0.9330511033431226, 0.9175283662001723, 0.9265814166197923, 0.9292234473674075, 0.918008029806237, 0.9228601426284596, 0.9225347828127319, 0.9207606382558868, 0.9205280091298353, 0.9295408001656458, 0.9277037251310283, 0.9202728547734069, 0.9149778020268716, 0.9182265373616715, 0.9211533860001359, 0.9223580925337176, 0.924027979175178, 0.9145040384544976, 0.9179550231929179, 0.9205200296909413, 0.9185360912320188, 0.9238358468567438, 0.9276996088841007, 0.9324460732648512, 0.9289521009312249, 0.9350406806602707, 0.9245607152325945, 0.924161512345561, 0.9259986065600004, 0.924447894348077, 0.9262271670753329, 0.9260142416457476, 0.9259607520250309, 0.9258998104924032, 0.9257551781621783, 0.9258340129154164, 0.9259034451772726, 0.9258572569196936], "medianabsoluteerror": [1.2696134734153748, 1.174902307987213, 1.0961360812187195, 1.0335360383987426, 0.989027573466301, 0.9497580349445343, 0.91852783203125, 0.8949705076217651, 0.8731198191642762, 0.8533635306358338, 0.8362538719177247, 0.8264728164672851, 0.8079038143157958, 0.8010743975639343, 0.7841024446487427, 0.7841005802154541, 0.7771385145187378, 0.7709971094131469, 0.7587735253572464, 0.7606438279151917, 0.7505361366271973, 0.7520784568786621, 0.7420635604858399, 0.7405825507640839, 0.7423084473609923, 0.7309258857369423, 0.7330379235744476, 0.7388883686065673, 0.7319337558746337, 0.7197761774063111, 0.733211088180542, 0.7161348676681519, 0.7206015324592591, 0.7252302956581116, 0.7205925333499908, 0.727308578491211, 0.7134545254707336, 0.7291340804100037, 0.7143133425712584, 0.7174509906768799, 0.7138455331325531, 0.7305065488815308, 0.7190886330604553, 0.715018548965454, 0.7233278346061707, 0.7291719555854796, 0.7088771831989289, 0.7243311071395875, 0.7275945186614989, 0.7101921939849855, 0.7183079385757447, 0.7136631679534913, 0.7153770065307616, 0.7142892503738403, 0.7305505752563477, 0.7248395490646362, 0.7124320769309997, 0.7044755691289901, 0.7093713569641114, 0.7146244049072266, 0.7152842235565186, 0.7200874757766723, 0.7015999913215638, 0.7102961921691895, 0.7142885208129883, 0.709692211151123, 0.7154396009445192, 0.7236861658096314, 0.7287053775787354, 0.7247937726974487, 0.7342177152633667, 0.7189790344238282, 0.7176749205589295, 0.7190566372871399, 0.7177377223968505, 0.7192091417312623, 0.7188102769851685, 0.7186951804161072, 0.7185553669929505, 0.7184635543823241, 0.7185575008392335, 0.7185314774513244, 0.7185638904571534], "mape": [1.9832092337429577, 1.889095868562431, 1.7548816175286608, 1.653811652982489, 1.5937212757589645, 1.5332984468601312, 1.4866366977869856, 1.470008653305035, 1.4482968496076183, 1.4139579999949525, 1.3955793769176748, 1.3953097280780373, 1.338538801111453, 1.3515718832050136, 1.2867902314091735, 1.3311277108451316, 1.3279446387251594, 1.3220730496034134, 1.2800355279447042, 1.310528681073606, 1.2822699146731185, 1.2956842012722163, 1.267263295906494, 1.267025649550793, 1.2865040543938417, 1.246092916936048, 1.2616980737314194, 1.2902191619444872, 1.2685023175625993, 1.226974572263547, 1.2824706904995127, 1.2198763196956155, 1.2401946385772906, 1.2621378643351644, 1.245437179660835, 1.276358807273891, 1.223256378645736, 1.2853275748260824, 1.2342644544016694, 1.244031849106095, 1.231858472215704, 1.2958888210116468, 1.2552721335937993, 1.2452997166651243, 1.2712831964984497, 1.2925775221197082, 1.2197947782445924, 1.2782184169372015, 1.2900029523197163, 1.2218904144001157, 1.2577191843814735, 1.237353204808594, 1.2482247099106398, 1.242990087521345, 1.3001304660917623, 1.280354970858156, 1.2360895341114664, 1.1970483383024833, 1.2221453017449748, 1.2448554782902872, 1.244780791337158, 1.2620192627826277, 1.1807854468820411, 1.22463520314794, 1.2392537466244045, 1.2213438482924943, 1.2429617606996797, 1.272116885983662, 1.2893696371433911, 1.2741545617442682, 1.3085606004070922, 1.2540566871696135, 1.2488953051462413, 1.2547127692513629, 1.2488546018454179, 1.255174686782663, 1.2522375994065325, 1.2525086812481807, 1.251103073479727, 1.2508456927738174, 1.2510680105548737, 1.2513918381417397, 1.2511443655310575], "mse": [4.825511030924707, 4.165312767151111, 3.6373515928854676, 3.232154716192736, 2.949897318397857, 2.725484995079535, 2.533073307250156, 2.4043269974436314, 2.2807414040908505, 2.1776148565085234, 2.0967947357549805, 2.032729472970694, 1.952814721208223, 1.9105932845907574, 1.8522118680928552, 1.8287321267485228, 1.7852835986575346, 1.7520242501264538, 1.7277972836428221, 1.6943102966027024, 1.66107333746684, 1.6595823405150782, 1.6167741766997563, 1.6145901824063644, 1.600948727733357, 1.577386747962805, 1.5692852797477086, 1.568963153912551, 1.5515252006282834, 1.5308449216228437, 1.5335249732656557, 1.5107395016571614, 1.5192490685807267, 1.5171998944274943, 1.5044213140445335, 1.509148682112641, 1.4952369247580475, 1.504802076086635, 1.4854418419633002, 1.4916315906930815, 1.4846174019405216, 1.4962643083943026, 1.4823964096410212, 1.475036163694133, 1.4948238359473942, 1.5048992453721295, 1.4662257970091008, 1.481784333881163, 1.4872843494795405, 1.4669034864262571, 1.474008663647211, 1.4815899134997108, 1.468870764861543, 1.4700241378645122, 1.4838654653634837, 1.4853329702233886, 1.4720141056088256, 1.462384024246879, 1.4670370304998173, 1.4720556641496885, 1.4765220898243159, 1.4761602507780993, 1.4639931572723548, 1.4645609111673397, 1.468644552263609, 1.467614164294975, 1.4826032223373928, 1.4862630175995106, 1.5007929034788514, 1.4906176504244855, 1.5006995327084216, 1.4791240403158867, 1.4795386560766843, 1.4853539181580089, 1.480984165741572, 1.4863460955662873, 1.4863497586895131, 1.4860149038157957, 1.4863395815931322, 1.4858321829156942, 1.4860728334592668, 1.4862502002478815, 1.486135873654643],