{"bestEpoch": 53, "lastEpoch": 63, "mae": [492.53663685614697, 272.2772478949942, 149.00574549019677, 90.54950467900925, 68.29798438478471, 59.31214561143172, 58.0296334595081, 56.59862325914237, 55.07175502240856, 58.114937730699076, 59.654182485305554, 57.40481924153009, 58.2947013846007, 56.948082587969914, 58.56779699721065, 59.379583490615744, 57.5340655157338, 54.69067997163774, 56.07856808225464, 56.98111351250695, 56.03397715340278, 57.12753945621181, 57.897660839593755, 54.837582332949076, 56.8834289247882, 54.266772709228015, 57.33528385003588, 58.880671236875, 54.98031969188542, 60.60160128490973, 53.45857840900116, 55.60264875626967, 58.07608423345486, 55.9005272289456, 56.73369793092592, 56.73145590618634, 55.94055641731365, 56.83363230217477, 56.893997174721065, 55.774446264504626, 56.67909848431134, 57.284847815194446, 56.270680894747684, 56.25500117111111, 55.802878122490746, 56.130846566008096, 56.35397303188889, 56.42205687158796, 56.60345214461226, 56.67002129970486, 56.609120095277774, 56.63486042007523, 56.506466304875, 56.37045596012963, 56.45432707217708, 56.46171024650579, 56.351183860881946, 56.39683908006597, 56.402322026391204, 56.433075046714116, 56.4486057541794, 56.454159067258104, 56.45509680249537], "medianabsoluteerror": [443.68035876953127, 249.8876954921875, 141.77770978125, 85.54040521093748, 63.58679175781231, 52.554321117187556, 50.91003389062507, 48.81347626562501, 46.81591762500011, 51.07470709375002, 53.26367175781252, 50.06762735937491, 51.30737310937502, 49.42993122656253, 51.806640859374966, 52.78857433593748, 50.24816858593749, 46.342773203125034, 48.22192342187509, 49.467895679687444, 48.159179507812496, 49.666869945312556, 50.906616039062556, 46.71276884374993, 49.451659921875034, 45.770873789062534, 50.083008046874966, 52.185424570312534, 46.940063710937466, 54.619140445312496, 44.77465855468745, 47.67199712499996, 51.13781726562502, 48.15100091406248, 49.18933110937519, 49.18530278906269, 48.21826177343746, 49.38281208593753, 49.50122028906253, 47.94836431249996, 49.12329060156253, 50.0195311328124, 48.58203153906243, 48.58825695312498, 48.01245122656246, 48.50903284374999, 48.67419462499993, 48.73266648437493, 49.02978544531243, 49.12268095312493, 49.03405790624993, 49.06799345312493, 48.90624958593753, 48.68151884374993, 48.80139189062493, 48.82348673437491, 48.66735798437503, 48.72314458593746, 48.72070341406243, 48.76477079687493, 48.78674345312493, 48.797118968750056, 48.799438304687556], "mape": [0.29396670409838455, 0.1619406277277226, 0.0895582238552115, 0.05641497165630849, 0.04412837562801835, 0.03930533244016653, 0.03862841075491805, 0.03787430005695562, 0.037075074689222644, 0.03866322273932339, 0.03947502604158286, 0.038272338383773696, 0.038738951922578424, 0.03801729892828728, 0.03886494940795257, 0.03928768688348638, 0.03830486596492805, 0.0368125079242369, 0.037531161169630935, 0.037992685550090055, 0.037494466167884884, 0.03806387060396266, 0.03847310281738178, 0.036860704539151204, 0.03793297573417863, 0.036555495499650745, 0.03816323463747185, 0.03897679501877491, 0.036926991044051005, 0.03988954162005459, 0.03613640390307065, 0.03724634136992789, 0.038550671961290445, 0.03739799922677591, 0.037836192852721114, 0.03783540642762637, 0.03741878220648954, 0.03788850407089123, 0.03792069725380709, 0.03732964995416635, 0.037804475064068144, 0.038125481622824066, 0.03758867701508745, 0.03758094957367487, 0.037342666578141566, 0.0375153921316429, 0.03763268672814569, 0.03766859510279554, 0.03776417630275445, 0.03779934846896087, 0.037766937886970706, 0.03778062404598853, 0.03771264502881718, 0.03764118072617984, 0.03768527824826034, 0.03768907237200744, 0.03763082825671371, 0.037654854412255634, 0.037657781377165266, 0.03767399344714516, 0.03768216330186143, 0.03768508565689187, 0.03768557834539149], "mse": [277785.61039694515, 87009.70446763941, 27573.622244261325, 10888.587381933896, 6744.36458624528, 5556.0365568024245, 5411.769887517294, 5264.81780442612, 5120.507662123726, 5412.333285338731, 5574.627739160554, 5334.9915195802305, 5422.077666335057, 5278.9525092866525, 5447.173835665939, 5533.954930405721, 5333.098198060101, 5057.127963622912, 5182.924851465209, 5272.184264947893, 5178.5234683274475, 5284.856879580977, 5360.022453584269, 5059.7030256287435, 5252.147023133413, 5010.478615833817, 5300.1433712062435, 5461.896640987268, 5071.272520837152, 5660.86729841806, 4936.499352808614, 5124.565643209364, 5373.362872826808, 5153.895981210503, 5234.602075429168, 5233.798768950573, 5156.889321576785, 5244.20317456279, 5249.528068309194, 5140.617450959154, 5228.5427883037, 5289.885867906108, 5188.04909584735, 5185.145171298912, 5142.166244095002, 5173.1501520126685, 5194.758571692498, 5201.410229428263, 5219.228580243534, 5225.806549532653, 5219.981321154531, 5222.469307978378, 5209.927207243224, 5196.5264817353045, 5204.64672236484, 5205.518243722472, 5194.654585123122, 5199.092764267067, 5199.595188510079, 5202.591573376806, 5204.100788715627, 5204.644464852811, 5204.732751591026], "recauc": [0.7486804532305084, 0.8610677215869735, 0.9239695080619172, 0.9537973501053809, 0.9651501594603905, 0.9697351512929071, 0.9703894982090802, 0.97111940823712, 0.971899160286399, 0.9703469458056916, 0.9695621858482145, 0.9707087301322725, 0.9702552625632934, 0.970942531290166, 0.9701154559900435, 0.9697010441784919, 0.9706436273256955, 0.9720931945046356, 0.9713855089212625, 0.9709255518144407, 0.9714084445481586, 0.970849692376645, 0.9704571790512384, 0.9720188166964845, 0.9709747715512291, 0.9723096013305034, 0.9707439632852174, 0.9699565067617871, 0.9719461575787208, 0.9690773077307729, 0.9727225018798176, 0.9716270441859001, 0.9703664144192197, 0.97147656987921, 0.9710521126186693, 0.9710518755579262, 0.9714561530227097, 0.9710007297025999, 0.970969230256359, 0.9715413763598583, 0.9710796116648702, 0.9707699807017739, 0.9712869805499069, 0.9712949813499868, 0.9715262044722991, 0.9713600841565638, 0.9712446355746686, 0.9712107062558107, 0.9711166524059813, 0.9710846195730684, 0.9711144003289218, 0.9711018064769441, 0.9711670574464855, 0.9712367533049601, 0.9711943194319431, 0.9711899041756027, 0.9712464431628348, 0.9712225000277805, 0.9712198330944205, 0.9712051945935334, 0.9711972234260463, 0.9711944379623147, 0.9711939638408286], "f1": [], "aucrecauc": 0.9934374558021921, "aucloss": 9240.545077997936, "convergence_rate": 0.9715076887483688}