{"bestEpoch": 8, "lastEpoch": 18, "mae": [], "medianabsoluteerror": [], "mape": [], "mse": [], "recauc": [], "f1": [0.014769349642567858, 0.02291256834557242, 0.022339581294757903, 0.024838268877940335, 0.023619188119687606, 0.022490791934477998, 0.02549402303522654, 0.023882111182558223, 0.024043081222838485, 0.02632963510475982, 0.025243408583921014, 0.024769364166750334, 0.025868065917383314, 0.02566197171396656, 0.026444132442394654, 0.026154009790374865, 0.026985071216361282, 0.02708354118783342], "f1auc": 0.9078700677963313, "convergence_rate": 0.7973716094720246}