{"bestEpoch": 28, "lastEpoch": 38, "mae": [0.8013245645647273, 0.6329568542522022, 0.575782484789348, 0.5452980836284033, 0.5289793899354962, 0.505404480331905, 0.49301969998624723, 0.4866891485941835, 0.4728863203045466, 0.46765526753332465, 0.46490570888474814, 0.4583114760967482, 0.4536586539630055, 0.4462860096183203, 0.4480856044895069, 0.44529376361878514, 0.43642340622934783, 0.43952091806421284, 0.43727697418122724, 0.43439897144648915, 0.4465978918215814, 0.4323407019862831, 0.42783018736712497, 0.4148020899153165, 0.4186111309271104, 0.42608353455429604, 0.4198980823007979, 0.4109300085751476, 0.42688763337792407, 0.41461966787167964, 0.4159688298649261, 0.4150299156250217, 0.4137418945721911, 0.41740354596908397, 0.4193645208791911, 0.4187698960957767, 0.41938847953625663, 0.4193093803186295], "medianabsoluteerror": [0.6249085283279419, 0.4896345543861389, 0.4409482359886169, 0.41854881882667533, 0.412837016582489, 0.3892478609085083, 0.3808172917366027, 0.3768375182151794, 0.360809953212738, 0.3567083358764648, 0.3572330415248871, 0.3515459740161896, 0.3474031209945678, 0.3422837293148041, 0.34155836105346693, 0.34089837312698357, 0.33384461283683775, 0.33640392303466804, 0.33494933784008024, 0.33169231414794925, 0.34334404945373537, 0.33609132051467894, 0.3307998120784759, 0.3211534380912781, 0.324951753616333, 0.32699477672576904, 0.3229110121726989, 0.31583445072174077, 0.32830401659011843, 0.31740851402282716, 0.317450819015503, 0.31759422779083246, 0.3164273738861084, 0.319503095149994, 0.32110632240772247, 0.3198716354370117, 0.3204508304595948, 0.3203650712966919], "mape": [1.0654043213483795, 0.8439511811722452, 0.7641523794017439, 0.716835985079025, 0.7604637060329209, 0.7025196329035374, 0.6894161908428129, 0.6911661887140925, 0.6088827361220426, 0.6066766696855277, 0.6355246392649158, 0.6353389934933111, 0.6256607654681765, 0.6017889151391078, 0.5760209224357233, 0.5876895154049375, 0.5675744243531652, 0.5984168842535401, 0.6184785075864013, 0.5841120511449162, 0.5717823331380212, 0.6255216888581984, 0.5593857924312079, 0.5569543890695355, 0.5936749300764699, 0.5661331462410739, 0.5300840045001858, 0.5448718741482232, 0.5762608112988612, 0.5458946463269336, 0.5466046818248765, 0.5462842859741261, 0.536718963818169, 0.5482277540099499, 0.5516163426235591, 0.5421177327131737, 0.5472403468912616, 0.542878040169123], "mse": [1.1567473250319726, 0.728769598519079, 0.6050539951084725, 0.5397510391586283, 0.503230238245372, 0.465212938888316, 0.43797859334993866, 0.4284945955105236, 0.4104433570746475, 0.4041321237238551, 0.39221923877761117, 0.37951867533795564, 0.3738818809839412, 0.36032364800766137, 0.36809707091702254, 0.3606849689214841, 0.3469730782158719, 0.3539317648472698, 0.34653108625196527, 0.3439922133480808, 0.3558255183133597, 0.32910901669418763, 0.324979100601959, 0.30490252758974407, 0.31025082499911283, 0.32423624151713776, 0.3161873062552443, 0.30265758521431746, 0.32469083392726833, 0.30849458351924136, 0.3125201908178531, 0.31008203049231475, 0.3075773889518554, 0.3134018352297964, 0.31622258133760334, 0.3160599304984125, 0.31665383460775964, 0.3165224461214169], "recauc": [0.8141908889375882, 0.8530400528197742, 0.8662427737353349, 0.8732845110128317, 0.8770891282918428, 0.8825637053775539, 0.8854025063069924, 0.8868902114456532, 0.8900960893835949, 0.8913220350500156, 0.891928584340868, 0.8934518540686393, 0.8945416313626245, 0.8962387733482172, 0.8958436790534713, 0.8964768645536139, 0.8985319215962789, 0.8978317695323084, 0.8983626632661844, 0.8990412385468645, 0.8961429285460816, 0.8994531235067611, 0.900505882123364, 0.9035332280013887, 0.9026439016700245, 0.90090993516547, 0.9023490767926042, 0.9044284856948217, 0.9007262280244537, 0.9035745230099095, 0.9032576115621976, 0.9034855926381858, 0.9037816377092078, 0.9029311408005634, 0.902477145431391, 0.902615371366191, 0.9024723402527737, 0.9024901504919269], "f1": [], "aucrecauc": 0.9879856843160529, "aucloss": 0.38593800868463674, "convergence_rate": 0.8797468912869321}