{"bestEpoch": 43, "lastEpoch": 53, "mae": [0.5321696005303631, 0.5482421377408692, 0.4843255901079284, 0.4708296709623737, 0.42896611766691545, 0.46611183161430897, 0.4034254857275627, 0.38800429616888155, 0.38899367958564884, 0.38203219980532477, 0.3744215110251058, 0.3775801509215736, 0.35392527302224697, 0.3723695604588969, 0.35336989412514996, 0.3557344708752614, 0.34567333083461416, 0.36015699128780193, 0.3553207497331121, 0.34658270257777724, 0.34328748213805543, 0.33841709858281194, 0.33486857090483974, 0.3418894128930681, 0.34995993547777227, 0.3435751079262596, 0.36411376504850596, 0.32403904078940343, 0.3221633371362282, 0.32176096498739987, 0.32130867330337815, 0.3236329835798923, 0.326045153947775, 0.32060506213400125, 0.3247372902893037, 0.3201920160244623, 0.3224056555861352, 0.32127491917144096, 0.3214647177277551, 0.3284059794836512, 0.3188714507185998, 0.3202498155478019, 0.31818936634432704, 0.31883730363415513, 0.3184799934420381, 0.3190398948690288, 0.3183563701417609, 0.31844283704991194, 0.3188230518060196, 0.31863680140119544, 0.3186387032200838, 0.31859952902201305, 0.31828377926610574], "medianabsoluteerror": [0.4496091175079344, 0.4715977907180786, 0.40898240804672237, 0.3887621271610261, 0.3512489891052246, 0.36829035758972173, 0.32015429973602294, 0.30225980281829834, 0.30863394737243643, 0.3059261775016784, 0.29438290596008293, 0.29821421027183526, 0.27451095581054685, 0.28873467445373535, 0.27377133369445805, 0.2783285593986511, 0.268613018989563, 0.28412970781326297, 0.28336527109146126, 0.26791130900383, 0.2689396262168884, 0.26234372258186334, 0.25974489927291866, 0.2663050377368927, 0.2753753376007081, 0.26788958907127386, 0.2801153469085693, 0.250120813846588, 0.2479887223243714, 0.2461248135566712, 0.24710309863090515, 0.24978494644165045, 0.24916713237762456, 0.24586694240570073, 0.2503088641166687, 0.24552847146987916, 0.24712856769561764, 0.24726130247116096, 0.24604234337806707, 0.25338068366050714, 0.24351944088935845, 0.24521825551986687, 0.24309656620025638, 0.2433042740821839, 0.24310701370239252, 0.2436664438247681, 0.242808780670166, 0.2419209718704225, 0.24308066368103032, 0.24289018392562867, 0.2433736944198608, 0.243402943611145, 0.24296861290931704], "mape": [0.7649626185604155, 0.8300116270072343, 0.7683198581499222, 0.7304054600560024, 0.6227715571353287, 0.6564263312387997, 0.6142896675335681, 0.5213356435768739, 0.566455011975185, 0.5276501301776555, 0.5112927516792992, 0.5539560185082596, 0.4848088583025415, 0.5253734389278896, 0.468901054123558, 0.5055704033834924, 0.4786229194482713, 0.5089427839803644, 0.47355869433947034, 0.4710179339450091, 0.4785313806742051, 0.487298917609512, 0.4651570359044958, 0.47613845631630913, 0.5229283355881195, 0.4496408661865681, 0.46989656931263896, 0.4406031585941441, 0.4508037040086054, 0.4441078786997626, 0.43654429846009324, 0.458607471342714, 0.4350061452076407, 0.43771538131627913, 0.4524595995915694, 0.43942818775774456, 0.42924049581583473, 0.44220556088629226, 0.4310610082207951, 0.4195098174770375, 0.4381168760679183, 0.4378602338917769, 0.43163980594776546, 0.42731163601430094, 0.4302167958606801, 0.43686963813285556, 0.42870426217406427, 0.4307958574364587, 0.4349944799657313, 0.43052966062676334, 0.43307559854716193, 0.43161632582626314, 0.4309131192705025], "mse": [0.4535006719357535, 0.4764959896882825, 0.37481617859340155, 0.35691662361640897, 0.3018841208977692, 0.3623737486626679, 0.2733505302966987, 0.25925894713542086, 0.25632658324971663, 0.24546373816433747, 0.24043693474500372, 0.24047657055167246, 0.2170379642393476, 0.23765010898675656, 0.21814263434445283, 0.21906377343386288, 0.20806610550607477, 0.2242291727413836, 0.21356329909134752, 0.20994427528603854, 0.20310149462815918, 0.19940448238392536, 0.19633139242358102, 0.20123982631823084, 0.20993061680759398, 0.20537189844582093, 0.23447490174857152, 0.18404200348930222, 0.18260306759507886, 0.18243568631000032, 0.1815592040906636, 0.18287972317789628, 0.18849835689976605, 0.18147259695507764, 0.184463332316912, 0.18033468778886566, 0.18387647035203755, 0.1818329671639908, 0.181967854491646, 0.18900204004904514, 0.17981871662763083, 0.18077420168102687, 0.17913027517696686, 0.1799822948904213, 0.18016356410062198, 0.18010398520959398, 0.17944072718994633, 0.17957058034810633, 0.1798147077401588, 0.1796583316637084, 0.17950138090515255, 0.17959889230294995, 0.17937440065705382], "recauc": [0.8762272593855848, 0.8724890462247935, 0.8873549255872701, 0.8904937739648916, 0.9002305486838011, 0.8915910597946723, 0.9061706449739982, 0.9097574197356163, 0.9095274528163475, 0.9111463832026607, 0.9129165252007737, 0.9121817567256707, 0.9176835563726414, 0.9133938189343077, 0.917812734072756, 0.9172627146037384, 0.9196029354463362, 0.9162342526036099, 0.9173589945662611, 0.9193914003316137, 0.9201576754525298, 0.9212903304207646, 0.9221157976922084, 0.9204827444614399, 0.9186057558891185, 0.920090763485662, 0.9153137840369129, 0.9246345505947233, 0.925070753169925, 0.925164332359741, 0.9252695617009146, 0.924728925801758, 0.9241679753105748, 0.9254331490544426, 0.9244721068698294, 0.9255292707180865, 0.9250144433512258, 0.9252774533846082, 0.9252333500247548, 0.9236190174132217, 0.9258364015565047, 0.9255159270917853, 0.9259948716564833, 0.9258444050185903, 0.9259273542771692, 0.9257972765348583, 0.925956211839705, 0.9259360632999716, 0.9258477861534167, 0.9258910379299142, 0.9258905430036241, 0.9258995718547731, 0.925973152404202], "f1": [], "aucrecauc": 0.9909447914982001, "aucloss": 0.22008298263075954, "convergence_rate": 0.8432836520689375}