{"bestEpoch": 16, "lastEpoch": 26, "mae": [], "medianabsoluteerror": [], "mape": [], "mse": [], "recauc": [], "f1": [0.002548052898998022, 0.004350116982879472, 0.002823393598200658, 0.002823564557546598, 0.002823393598200658, 0.004246549355020413, 0.00779880505289444, 0.007439621241973355, 0.007987337742960699, 0.008608497183907788, 0.00821420896279986, 0.008642352232076772, 0.007921746154326044, 0.010823255971303269, 0.008131964140917143, 0.008308942767271663, 0.008215572427170737, 0.00812289586491943, 0.010066830346519853, 0.008115236110501444, 0.00810454272407916, 0.008170108780790056, 0.00812289586491943, 0.008189421792495266, 0.008152517088154617, 0.008199124842187143], "f1auc": 0.6710637164781275, "convergence_rate": 0.5697795493718745}