{"bestEpoch": 64, "lastEpoch": 74, "mae": [5.035895679271698, 2.98421201715201, 2.191113083833623, 1.7678179753848837, 1.5236135906318176, 1.3515044854089597, 1.2304700718898465, 1.135672118279173, 1.0594882016638352, 0.9951820964014834, 0.9433943127192851, 0.8954345367168587, 0.8534773292813123, 0.8110658758764187, 0.7767196289464235, 0.7483081659954264, 0.7210795667261832, 0.6901128727933403, 0.6676062369690754, 0.6469247328455764, 0.6287058763043942, 0.6097566600165086, 0.5989450904241517, 0.5812934148161646, 0.5692204745508359, 0.5565457103630534, 0.5460954472061058, 0.5357989807867013, 0.5268035042645403, 0.5167992971329941, 0.5088276479952264, 0.5043271287432802, 0.49718949382257827, 0.48581222433027704, 0.48718050296026405, 0.47577795713910176, 0.47275438763427824, 0.4677834945819365, 0.4553579830088811, 0.45087887176054525, 0.45040764373557135, 0.44412518973962345, 0.43944962589054015, 0.43724806451595494, 0.428322453499593, 0.4317563192345061, 0.42567660846991906, 0.42090340536846177, 0.4193273942302606, 0.4214094303889516, 0.41415301813753197, 0.4137173359965918, 0.4079517281790816, 0.40640771787003027, 0.41042165859272306, 0.4067582325763475, 0.4050167467672176, 0.41461285093596195, 0.4024470770198407, 0.3992472294108064, 0.39802856054440433, 0.39623978876118704, 0.3961499723818192, 0.3914303278563945, 0.3912657639888387, 0.3924850209940746, 0.39109634587150577, 0.3939890838794747, 0.3978825736999657, 0.39466016931671805, 0.3959380722314003, 0.3926502812274629, 0.3941786367359083, 0.39424038575721326], "medianabsoluteerror": [3.724089329242706, 2.024241027235985, 1.4778710126876833, 1.206592016220093, 1.050467096567154, 0.943108103275299, 0.865328974723816, 0.8053100061416625, 0.7545039796829223, 0.718948769569397, 0.6848618030548096, 0.6538745307922362, 0.626117765903473, 0.5977781534194946, 0.5763652086257935, 0.5604953646659852, 0.5436533784866333, 0.5202638983726501, 0.50384042263031, 0.48901971578598014, 0.4808261322975158, 0.46651680469512935, 0.4619786763191223, 0.4485876679420471, 0.44056270122528085, 0.4328255581855774, 0.42526746988296504, 0.42067229747772217, 0.41414475440979004, 0.40664138793945315, 0.40079300403594975, 0.39910027027130135, 0.3941683411598206, 0.3830730676651002, 0.388741135597229, 0.37801860570907597, 0.3780034971237183, 0.3707620620727541, 0.3584961414337159, 0.3561707258224487, 0.3596190571784973, 0.3497832226753235, 0.34941625595092773, 0.349441123008728, 0.3414080381393432, 0.3385580492019654, 0.34191374301910404, 0.3332327365875243, 0.3340574812889099, 0.33936451196670536, 0.32847084999084486, 0.33338960647583016, 0.3197135925292969, 0.3200439453124999, 0.33315539360046387, 0.32680654525756836, 0.32328222990036004, 0.3356594944000244, 0.31821188926696775, 0.31757972240447985, 0.3177912735939026, 0.31222143173217787, 0.32025721073150637, 0.31185622215271, 0.3127643585205079, 0.3140571117401123, 0.30690007209777814, 0.3111178040504454, 0.32123658657073983, 0.3159942722320557, 0.317198920249939, 0.3115669250488281, 0.314284496307373, 0.3144911646842957], "mape": [2.585249718956747, 1.5199402096217447, 1.1305479826329834, 0.9129393457436846, 0.7858628679444012, 0.6963045565625376, 0.632976723298983, 0.5840962730032643, 0.5428986662100506, 0.51455416230313, 0.4900518198346494, 0.46502615798047425, 0.4446468190365228, 0.41904274393236096, 0.40099673376310346, 0.3924481589736802, 0.37986058905812736, 0.36075902660326575, 0.34778478296558574, 0.3326724788646659, 0.3323942642006048, 0.3203933498525287, 0.32101556661327574, 0.30751079897270966, 0.30317100581896234, 0.29413014984978725, 0.28883551846895555, 0.28834302814721297, 0.28396358942467986, 0.2776149220365272, 0.274302848510244, 0.27419795920729395, 0.2712233883001123, 0.25926795034005123, 0.27001724838097163, 0.25964265973976236, 0.2604325510400641, 0.25662931909078324, 0.2406643846820877, 0.2423657906916618, 0.24750966292899196, 0.23634980408430867, 0.23581393289906752, 0.23675989129950145, 0.2302455134866201, 0.22203117527730873, 0.23301277038719814, 0.2230466871853746, 0.22725033882668366, 0.2307661332697385, 0.22312160090847485, 0.22471545289554834, 0.21258241511616027, 0.21493653896333453, 0.22682085375484773, 0.22018649055352785, 0.21771051428580096, 0.2266947042281862, 0.21172679174265524, 0.21280672574397275, 0.21488210884714293, 0.21011782514177268, 0.21629163543042335, 0.20860113650174344, 0.2098519529758761, 0.21030600798234422, 0.20416766253245316, 0.20661850648716726, 0.2160576042098405, 0.21143870162371473, 0.21209611982597903, 0.20827758200368165, 0.21026717025616204, 0.21026626610492363], "mse": [52.156437337649784, 20.3862582520366, 11.563759061984788, 7.733650336394294, 5.880653731646659, 4.6348457429249, 3.8811038061875207, 3.313081207409453, 2.9197800012408024, 2.5703759202948704, 2.3314629759238, 2.103621258712536, 1.9003158108939961, 1.7309414675158876, 1.5878261503043976, 1.4672883657760267, 1.3608599473417715, 1.248552467831387, 1.1781061779293458, 1.0982244997288182, 1.0343731826593048, 0.9577191654162738, 0.9183974600874655, 0.8629455177200954, 0.8148595008807491, 0.7749877765689197, 0.741931559889934, 0.6930942043825092, 0.6763398316032403, 0.6312536196288706, 0.6077832194212377, 0.5901842662184421, 0.5693304768343277, 0.5353148853606368, 0.5244420734661746, 0.4997654799003877, 0.484271573321566, 0.48678110770281396, 0.44218363411439593, 0.4360095680126753, 0.42807754884052096, 0.42792959883391696, 0.38911969437352817, 0.36475836031345726, 0.35281081064698006, 0.3615602359592577, 0.3370063914098732, 0.3493342966942342, 0.33138229327842794, 0.33605062606399483, 0.3294889653482763, 0.3139007173208673, 0.31532183071269543, 0.3134399982541188, 0.3008474415047239, 0.30563195976793817, 0.30793165293651736, 0.31927125384003613, 0.3023154688041106, 0.28361262689175853, 0.2841307660296301, 0.29742894357500727, 0.26842670832218374, 0.26705960022480035, 0.2669897252921697, 0.2674015440645955, 0.27051689061945955, 0.27405938164459304, 0.27191147159434936, 0.27073235597488376, 0.27200846423154446, 0.27095400894589794, 0.27156094148426974, 0.27145711443767984], "recauc": [0.3021533767127719, 0.4745767479761838, 0.5731538214649746, 0.637129611502967, 0.6788240908148294, 0.7096485442279127, 0.7326423848777146, 0.7509678487877612, 0.7663204575512446, 0.7792204954885721, 0.7900473719111133, 0.8000253895509513, 0.8087460191485639, 0.8178386493009013, 0.8251772000140967, 0.8312543528101275, 0.8371552496905408, 0.8438941516126094, 0.8488966928993353, 0.8533462588130714, 0.8573474399493698, 0.8614247392905116, 0.8637994421289444, 0.8676582703202711, 0.8702622392288825, 0.8730177021347592, 0.8753268087819337, 0.8774517552853162, 0.8795216906710382, 0.8816112197036329, 0.8833787425836815, 0.8843466136279179, 0.8859185444846888, 0.888381247836114, 0.8880059490837389, 0.8905693354295796, 0.8911732410365364, 0.892439113565038, 0.8950065140251467, 0.8960734889138949, 0.8961617437866036, 0.8976550647731469, 0.8984782305749545, 0.8987854329920296, 0.9008211119530841, 0.8999755269918921, 0.9013441783328857, 0.9025556777626811, 0.9028166004892634, 0.9023855736427783, 0.9040411623503074, 0.9040661648505575, 0.9054007727931456, 0.9057793755722484, 0.9047484254381101, 0.9056918880180164, 0.9061384276276807, 0.9039526070151842, 0.906668630387264, 0.9072203011068771, 0.9076030117953934, 0.9081325913736725, 0.9078869206915604, 0.9089815301737033, 0.909028890892989, 0.9087362458004098, 0.9090532797504242, 0.9083919651555677, 0.9074857477269916, 0.9082379858519106, 0.9079414702523196, 0.9087088825240457, 0.9083538641897762, 0.9083383991190438], "f1": [], "aucrecauc": 0.9407657906795183, "aucloss": 1.7631451381521945, "convergence_rate": 0.9405449633689971}