{"bestEpoch": 35, "lastEpoch": 45, "mae": [], "medianabsoluteerror": [], "mape": [], "mse": [], "recauc": [], "f1": [0.20937571937721128, 0.2286148621755968, 0.22142126200767567, 0.237876213433658, 0.2280101933358229, 0.251405527380458, 0.26046267560424813, 0.23015811946476375, 0.24979714024921604, 0.2492606568685801, 0.2425022955458183, 0.23337553008646145, 0.2423657483482191, 0.250000363643629, 0.2395403440777085, 0.24900904580318503, 0.2534726719670735, 0.26189670645453067, 0.26784790537477704, 0.2529356293049149, 0.2668623009282977, 0.25950913389478125, 0.25376595842054944, 0.2567859899788018, 0.26174697480574705, 0.2573331008287838, 0.26313657896885395, 0.25828279733309917, 0.25239947874266605, 0.2658782531752807, 0.26332097736446597, 0.2592452679561013, 0.267448153286414, 0.2643491644076865, 0.26358204994198137, 0.2651872031415144, 0.2653372343878022, 0.26299380656575894, 0.2699370179421897, 0.2569322787278087, 0.2672935444678128, 0.2536222277677888, 0.2642889768512058, 0.2662010992788597, 0.2603669605336321], "f1auc": 0.9404772778446495, "convergence_rate": 0.7346921796735005}