{"bestEpoch": 40, "lastEpoch": 50, "mae": [728.9989140013311, 660.2785068832754, 591.781432737125, 529.0047062652071, 468.8017909358322, 414.5957811161991, 365.55176693710877, 321.87762331060185, 281.2511271268507, 246.69249252401852, 213.68647955785994, 189.08855209505558, 164.22240803348612, 144.8635485857338, 130.22083629336228, 116.39464620612269, 105.26379207573149, 98.84852666924537, 91.7546441832824, 87.21595451262039, 81.84903417593867, 78.6959936306794, 76.609434130853, 74.70860435964352, 73.52756451930671, 72.34079900271182, 71.84528757303588, 70.45242505122339, 68.76151364651389, 69.51050228980093, 69.00130795381482, 67.87648131224076, 66.68531934684722, 65.75514933462848, 63.476779344481486, 63.32620971875231, 63.47358171644445, 61.19716544796759, 60.84489872065625, 59.222565585625006, 59.12763038318867, 57.543027156906255, 57.03608618575811, 56.89313844967014, 56.61707569667477, 56.651736214561346, 56.63285915288079, 56.66083701751273, 56.643441744798615, 56.62119550640973], "medianabsoluteerror": [642.2434083828125, 584.6298826953125, 527.4372554453125, 474.0223997304688, 422.02069121484374, 375.3159183749999, 331.99377446874996, 294.0625002890624, 258.34326189062494, 227.025634765625, 197.92077653906244, 177.03601045312507, 155.20739740625004, 137.697265625, 124.05358881250004, 109.93444789062505, 99.24829113281248, 93.43298334375004, 86.478637875, 82.2558595546875, 76.65881376562493, 73.88220220312496, 71.95422357031248, 70.20544399218761, 68.87304704687494, 67.58569341406269, 67.12475580468754, 65.60913049999999, 63.56604015624998, 64.34216314062496, 64.24426234375005, 63.09436000000005, 61.68249523437498, 60.88488728906259, 57.717773609374944, 57.51769984375005, 57.770385921875004, 55.396606617187444, 54.71948253906248, 52.48217785156248, 52.34094267187493, 50.300170718749996, 49.5787353515625, 49.45709216796865, 48.9735721289062, 49.07128859375007, 49.040405445312444, 49.12170363281257, 49.09570265625007, 49.07031220312501], "mape": [0.4381324931785246, 0.39632571677003803, 0.3545551889858182, 0.3165647137634272, 0.2799716164545251, 0.24718709380913986, 0.2177652602970617, 0.19168192287153182, 0.16740171486446045, 0.14690641407902966, 0.12728372003502725, 0.11289764597006569, 0.09830246883667049, 0.08710368446719997, 0.07881886057586605, 0.07089619450189273, 0.06457216507433569, 0.06104118566626962, 0.05702463913239849, 0.05449031119761797, 0.051438286220173386, 0.04971993437644936, 0.048576336193047305, 0.04751570831973883, 0.04691631828849738, 0.04621165658980528, 0.04596102082431273, 0.045171012851058574, 0.04418693822314403, 0.04468950359871586, 0.044351386839421796, 0.04375445713118609, 0.04309708207316889, 0.042532606203056766, 0.04141209682396929, 0.0412932042782064, 0.04139115139055492, 0.040031027632540135, 0.03999735459632718, 0.03899803082133657, 0.03904744220418479, 0.03819669152098994, 0.03794484999840616, 0.03785462055104067, 0.03771597485739759, 0.03773773861787756, 0.03772873567251113, 0.03774004179523569, 0.037729918745158575, 0.037717729848778817], "mse": [598880.5366222733, 492554.6596144688, 397231.1559099436, 318379.5628829914, 251297.80418513724, 197523.1693336383, 154197.9803918602, 120107.18849771419, 92351.96677506418, 71548.59238200224, 54332.022634028384, 42995.35669693639, 32988.6089015775, 26032.752649122187, 21273.43489174563, 17260.586079070657, 14292.46669712517, 12688.366107744512, 11102.391592296583, 10115.172616980095, 9053.354175327511, 8445.606426850181, 8080.85992692193, 7743.3570989688715, 7555.608932258733, 7354.468432501234, 7260.2081356929475, 7040.131224622324, 6795.726952821654, 6907.639966777157, 6774.4699013352, 6628.658168597011, 6446.270137075706, 6260.635565999395, 6059.456746885542, 6001.143696356637, 6025.227526968689, 5667.261147761766, 5714.595753713859, 5443.254183605505, 5474.930750369302, 5302.27405585232, 5254.937225639911, 5229.002786248753, 5213.019017957666, 5214.143732974066, 5214.77525882258, 5213.104639934057, 5211.36315036873, 5209.576652985895], "recauc": [0.6280241209306116, 0.6630890792782983, 0.6980402484692914, 0.7300727257910976, 0.7607911457812448, 0.7884502079837614, 0.8134758512888326, 0.8357610724035367, 0.8564894859856356, 0.8741241087071671, 0.8909642519807537, 0.9035153441270053, 0.9162041389324118, 0.9260829934845337, 0.9335533997844229, 0.9406090683142388, 0.9462879769458428, 0.9495620821341394, 0.9531820293140425, 0.9554977571831257, 0.9582364903156981, 0.9598447992947443, 0.9609104762328085, 0.961879758346205, 0.9624822482248224, 0.9630878791582861, 0.9633398747282136, 0.964051205120512, 0.9649140765928443, 0.9645321717356921, 0.9647913680256914, 0.9653663884907009, 0.965974064073074, 0.9664472076837314, 0.9676098128331351, 0.9676871835331681, 0.9676123316035307, 0.9687743441010768, 0.9689528804732325, 0.9697804298948413, 0.9698302719160805, 0.9706388268456475, 0.9708971934230459, 0.970969200623766, 0.9711110814785182, 0.971093005596856, 0.9711031992088097, 0.9710879976886577, 0.9710969467317102, 0.9711084145451582], "f1": [], "aucrecauc": 0.9492476765309967, "aucloss": 57651.09755502624, "convergence_rate": 0.8563457656476903}