{"bestEpoch": 95, "lastEpoch": 105, "mae": [1200.6023246594257, 1100.0276853952719, 1007.2045060976903, 927.3683828538234, 861.4646691052869, 805.5541401686135, 765.0765977337655, 731.2763104253756, 703.6270377378866, 682.3271446925278, 661.4021818376342, 644.9608979458403, 631.9229308603703, 621.8590723711101, 611.3853705844572, 602.7245837653368, 594.8087603433809, 588.3893027864352, 583.8389714799074, 578.4191321241192, 574.3344231041169, 571.6943021915197, 569.16026387, 566.3234724394549, 565.0665901865325, 563.3900570208334, 563.0674240994375, 562.0856369895995, 561.5969229960822, 561.4550802222234, 561.1327853720567, 560.9696476213842, 560.9993548161725, 560.4856855097257, 561.0193877117223, 560.9571026469455, 561.1668588481991, 561.470764538242, 561.7922542666402, 561.9597314981041, 562.294518228441, 562.5441299551239, 562.8564714268484, 563.1519662907835, 563.4710952681771, 563.7173344718055, 563.9138403134433, 564.362680645132, 564.4957560215672, 564.7432378467604, 564.9430217552176, 565.1036830686713, 565.3636900492847, 565.3799148760208, 565.560128706831, 565.7806863426956, 565.9657153318519, 566.0513024626134, 566.1635078481747, 566.3932058915717, 566.2750070162558, 566.5418009257095, 566.5494755488206, 566.7248208359977, 566.5900417917778, 566.6843651789236, 566.6647575036851, 566.9047963672882, 567.0194720763761, 567.0465501832546, 566.981507196147, 567.2634670303217, 567.3109942293264, 567.1114201736516, 567.2758060245498, 567.4558298959432, 567.4605046825462, 567.3509535211377, 567.4519742281944, 567.5176377480208, 567.4529986425347, 567.6987821529525, 567.4065672190208, 567.608327002559, 567.4789776100637, 567.4928682713669, 567.7037532903878, 567.6279887871817, 567.9378248318969, 567.6281330644803, 567.6158791763148, 567.7606403711748, 567.522271916927, 567.5671980239061, 567.7343734442998, 567.8685488274501, 567.8552817918924, 567.7818306742383, 568.1100990661979, 567.9602244823819, 567.976192563015, 568.004617584684, 567.933741879662, 567.9434469756308, 567.96110378625], "medianabsoluteerror": [1053.3472750146484, 964.8416443417968, 882.1218257656251, 809.2264098574219, 746.3420414843749, 684.0971066992188, 637.692382515625, 592.37255865625, 566.0108641953125, 543.7427974375, 521.4420163046875, 504.8223263085938, 498.3812259921874, 490.0079342734375, 477.27697771875, 470.2650761523437, 457.3312989453125, 455.7343141992187, 449.1434326796875, 438.5323482265626, 432.79931634375, 433.4486082812499, 433.95562784765616, 434.74810791015625, 435.77612263281253, 441.90539509375003, 446.32525641015627, 448.379760859375, 451.42504924218747, 453.92810105468743, 457.4440305898438, 462.92553734374997, 463.0413209726562, 464.79772914062505, 464.65795933593745, 467.19201665624996, 467.5070804843749, 467.64562971093756, 466.6982420078125, 474.13464396874997, 473.42309546875003, 473.16918992187493, 473.51708989843746, 474.96673539843744, 473.95623746875003, 475.68414274218753, 475.759033203125, 475.6412349921875, 475.094604609375, 478.2049563515625, 477.7825930703125, 477.64233421874997, 478.056152640625, 478.2761839921875, 478.508911015625, 477.7761228671875, 477.33551013671877, 476.38201892578127, 476.30773902343753, 477.2944334765625, 477.08532691406253, 477.26574753906243, 477.29199195312503, 477.74951171875, 477.792236328125, 477.31396507812497, 478.8577880859375, 479.08960007812493, 479.37243699218743, 479.41522202343754, 479.640137015625, 479.43823218750003, 479.15765366406254, 479.50707984375003, 478.90826401562504, 481.13610816406253, 481.0283205468752, 480.94836449218747, 480.6539309531249, 481.440551875, 481.0373533359375, 480.88037085937503, 478.93505906249993, 479.92016578125003, 481.283569453125, 480.771362421875, 480.07324183593744, 480.105712890625, 481.45471203125, 481.1130372265625, 481.3664551953125, 480.41882341406244, 480.2832033593752, 481.13867164062503, 481.067138671875, 480.35791032812494, 479.942138671875, 480.18652360937494, 480.12475550781244, 481.17748988281244, 480.16271937499994, 481.04321283593754, 480.91833490625004, 480.753662109375, 480.59423828125], "mape": [0.702989835009875, 0.6357007643198811, 0.5742342208343216, 0.5223992811824039, 0.4807189122361343, 0.44649233604249405, 0.42262714451076816, 0.40342607005349246, 0.3883301274510637, 0.377417179004388, 0.36711815368821016, 0.35955773755130116, 0.3540044835528713, 0.35014814790210547, 0.3462912634266362, 0.34337152994874587, 0.3409924846480376, 0.3393350043263811, 0.3386937630159478, 0.33758545880047386, 0.33724065784884066, 0.3374667533900484, 0.337808428628192, 0.33794839066596843, 0.3387695109653699, 0.33938997430015594, 0.34043305219668635, 0.3412596170323958, 0.3422037885914123, 0.3433090663013644, 0.3443471647039439, 0.34525180624411544, 0.34620187766247257, 0.3470136974227057, 0.3478988590841253, 0.34877062223000327, 0.34954438765835827, 0.3503637054661277, 0.35117267686377635, 0.3521286715835025, 0.35289614658285645, 0.3533023836184415, 0.3539271198291592, 0.3545345647846111, 0.3553725590084607, 0.3558145027668959, 0.35628493233169456, 0.35696313134486585, 0.3571466888449919, 0.3577729022583983, 0.3578750605287402, 0.35838435111841155, 0.358718012703282, 0.35897777198956854, 0.3591650527341604, 0.3595225672645754, 0.3597525651673428, 0.3599903914160202, 0.36013320081806616, 0.3605287231652483, 0.36028284811712014, 0.3607225636017586, 0.36079457542973753, 0.3610342174338625, 0.3609572943617164, 0.3609433973064138, 0.3611495413144601, 0.36136302904147655, 0.3614084056936634, 0.3615422642476422, 0.36157099617166366, 0.3618450959039419, 0.36179523733890284, 0.3618067390116366, 0.3616998706688865, 0.36233973165583, 0.36231362475466167, 0.3620742929574763, 0.36213605436118856, 0.3623603209626968, 0.36223961164514057, 0.3625614391902389, 0.36170009705445066, 0.3626043844199543, 0.36235246073512206, 0.36249782582332607, 0.3627496069562461, 0.36291273896996323, 0.3625994931655138, 0.36255136796929166, 0.3624300214880684, 0.36288321361619746, 0.3619870216828272, 0.36250015174580724, 0.3630048466955955, 0.3630448549634807, 0.3628905000428364, 0.362948697977686, 0.36310922398394124, 0.3630967329894819, 0.3630083292600127, 0.36315180969610716, 0.3630879053528739, 0.3630612388742217, 0.36304670399255645],