{"bestEpoch": 43, "lastEpoch": 53, "mae": [], "medianabsoluteerror": [], "mape": [], "mse": [], "recauc": [], "f1": [0.16561045049293738, 0.1907112830259304, 0.22695164159173453, 0.272963632582009, 0.32431953752891485, 0.36218501249532137, 0.35354208676316373, 0.3996150671836511, 0.4112689505934857, 0.4443304832618701, 0.4561699105113535, 0.46830201817106704, 0.46671223077504015, 0.4595271590536535, 0.46382486559709973, 0.4518703952346368, 0.48957582715132736, 0.49552190247342287, 0.49679285979150006, 0.493909462666395, 0.49595120803388065, 0.49642007135421035, 0.498757926516924, 0.488305864875674, 0.4986213733514736, 0.49723727693382086, 0.498808924806373, 0.4977991089289464, 0.4993467516800311, 0.49964828560009367, 0.4982038739600462, 0.49720097532812363, 0.5034412632160401, 0.5010386150745039, 0.5012429580453512, 0.49544566856671834, 0.4955636377138975, 0.502566751554588, 0.5031231604080946, 0.5067531391674474, 0.5070050497378129, 0.5080684329341216, 0.508250429810559, 0.5091537619234926, 0.5114811393100848, 0.5116255448273196, 0.5094534077640487, 0.5108819319806448, 0.5097368931856278, 0.5105469768843234, 0.5103260105135784, 0.5093640854481727, 0.5105098636140216], "f1auc": 0.9080230509019641, "convergence_rate": 0.8640008558460124}