{"bestEpoch": 2, "lastEpoch": 12, "mae": [], "medianabsoluteerror": [], "mape": [], "mse": [], "recauc": [], "f1": [0.3122098270072301, 0.3127538160459681, 0.300137494438156, 0.26604979714685806, 0.2813524401112984, 0.22675942921467687, 0.2923259721678887, 0.24946020058923776, 0.3228930042681111, 0.3023885933192531, 0.3245811450680525, 0.3301354486097561], "f1auc": 0.8811464681743336, "convergence_rate": 0.6204364969968265}