{"bestEpoch": 56, "lastEpoch": 66, "mae": [], "medianabsoluteerror": [], "mape": [], "mse": [], "recauc": [], "f1": [0.42573064249096454, 0.4363451667721384, 0.4734594059643171, 0.47832169875885105, 0.4043852400168832, 0.416400625132741, 0.49536440256493564, 0.48231014537489275, 0.46820173360607675, 0.5226929107423265, 0.5135606334513835, 0.5216035213622009, 0.518701518938511, 0.5273736380486322, 0.5299331391295453, 0.5017636453331982, 0.519643984207625, 0.5051581174323454, 0.5075303111084205, 0.5246043081176589, 0.4902215898793321, 0.5446832499269102, 0.5557601577226934, 0.5504885861950813, 0.5315424730487025, 0.5261108824228607, 0.5500430857520177, 0.5302235795446079, 0.5771664516158606, 0.570300521550621, 0.5684212690232611, 0.5620354110335922, 0.5798716914888474, 0.5764622034858158, 0.5779497528883741, 0.5796602251616896, 0.5829166698944009, 0.5831640575518758, 0.5826526812279034, 0.5742011523433547, 0.5736308055982104, 0.5832397244171966, 0.5872436616055337, 0.584743217549094, 0.5847790990993912, 0.589159270827558, 0.5822530287653421, 0.586179925186194, 0.5876936976293672, 0.5867739705304047, 0.5875250706486971, 0.5850078585721061, 0.5858398619525568, 0.5834049693094234, 0.5858124210696506, 0.5853209559010206, 0.5854967635535375, 0.5851404985942633, 0.5860140314092736, 0.5867591798804849, 0.5861971799409221, 0.5846226619035038, 0.5842983822943116, 0.5850787296283634, 0.5856616616484662, 0.5859477230141552], "f1auc": 0.9315737608473166, "convergence_rate": 0.781820242878319}