{"bestEpoch": 45, "lastEpoch": 55, "mae": [1.0075811031877155, 1.5996076919105182, 0.7870418520428821, 0.8384412645352406, 0.764420135300306, 0.6514147482825193, 0.628009274289897, 0.6103749264567487, 0.5892244540986187, 0.6103633773560136, 0.5524653470929529, 0.5671132322934089, 0.5325073861110018, 0.5194575311881424, 0.5122338592740133, 0.5249198020793628, 0.500339915897279, 0.49631257520440597, 0.49539611333839845, 0.5017159981413309, 0.5088889764994639, 0.5275494065679228, 0.49135381803862876, 0.4814897186560521, 0.47518052945953854, 0.46355169596149876, 0.4580753442965297, 0.45711569052727985, 0.4553364074561672, 0.45305633102951287, 0.4517114161626604, 0.45038504425373593, 0.44810399123577166, 0.4446110457765086, 0.44426771393765135, 0.4477328824456762, 0.44903684775525665, 0.4425400662905074, 0.4419406901672866, 0.44408825824566, 0.4409168932063859, 0.43886632433143874, 0.44134276419867774, 0.4428868459091946, 0.44150325214989683, 0.4434667531461025, 0.4464862182956359, 0.4415743742208484, 0.44448106730062037, 0.44318455435179616, 0.44304359544399796, 0.4372784336776288, 0.4424705073222073, 0.44094674201753187, 0.44194720260392256], "medianabsoluteerror": [0.7883453369140625, 1.3925013542175293, 0.6434860229492188, 0.6901445388793945, 0.6004533767700195, 0.5479717254638672, 0.5152020454406738, 0.5038752555847168, 0.4810466766357422, 0.5011792182922363, 0.45250606536865234, 0.45877861976623535, 0.43941545486450195, 0.42133665084838867, 0.4016847610473633, 0.42948246002197266, 0.4016532897949219, 0.40088605880737305, 0.397688627243042, 0.39464902877807617, 0.4183049201965332, 0.4025993347167969, 0.38272523880004883, 0.38178396224975586, 0.3831005096435547, 0.37044191360473633, 0.3650088310241699, 0.36701059341430664, 0.36827802658081055, 0.3633861541748047, 0.3622732162475586, 0.35335779190063477, 0.354705810546875, 0.35413169860839844, 0.35895776748657227, 0.3526468276977539, 0.35866212844848633, 0.35268211364746094, 0.35750532150268555, 0.35576677322387695, 0.3490443229675293, 0.3458232879638672, 0.36008119583129883, 0.3475682735443115, 0.351776123046875, 0.3566908836364746, 0.3546333312988281, 0.35258054733276367, 0.35512256622314453, 0.3524971008300781, 0.3490781784057617, 0.3481760025024414, 0.35088491439819336, 0.3499875068664551, 0.358278751373291], "mape": [0.21360753111274203, 0.2857309291579274, 0.16063676927836937, 0.17985062711699693, 0.16419358431990808, 0.13093077318149013, 0.12981998971360545, 0.12086433561549632, 0.12278173042522035, 0.11788168211846513, 0.11417666580871995, 0.11136101557590049, 0.10838597428388573, 0.10489587305075189, 0.10688618600418857, 0.1046069748001579, 0.10332336400392572, 0.10326741818436645, 0.10075881406087567, 0.10033654084900906, 0.10720375788962455, 0.10840137285083985, 0.10026758691120301, 0.0991030871449751, 0.09571236025957895, 0.0958013849134319, 0.09480418347920515, 0.09391600533610396, 0.09443633356008775, 0.09344184319674505, 0.09210850496782917, 0.09248101238478634, 0.09208712001939094, 0.09046318869138807, 0.09106904808433164, 0.09065331398999434, 0.0924759355650987, 0.09086911696411085, 0.09019478077143445, 0.09135333071115967, 0.0905777023426403, 0.08960181470579902, 0.09077028756795794, 0.09057440448980447, 0.09050143094603373, 0.09040466719902474, 0.09134949739252936, 0.09016387278174415, 0.09079992891019799, 0.09071193156842994, 0.09076824864472281, 0.08944898206663418, 0.09054618093488825, 0.09013262000299056, 0.09034283405203156], "mse": [9.68044954511981, 9.609473585330543, 2.438106735702225, 1.5525392196321965, 1.0920843920579753, 0.6872029145996627, 0.6371214817159194, 0.5969001123641776, 0.5706074598375478, 0.6049558191367205, 0.5017668186118852, 0.5397602706906434, 0.4675498808532054, 0.4524325389180245, 0.4392461329962046, 0.4573705330235161, 0.42177961657354807, 0.41668345287165454, 0.413253059351434, 0.43673766105522616, 0.46450630804705956, 0.9235657077116867, 0.5369174673370424, 0.4255806725911828, 0.3862959202355772, 0.36432305473751153, 0.3588758066739747, 0.3555415843464176, 0.3514962072963833, 0.3476364388843027, 0.34665288452628046, 0.3491678938819436, 0.3462140626430367, 0.33969912640936206, 0.33637202609697425, 0.34421518566438314, 0.34437183401835325, 0.3364642417209876, 0.3371417627566724, 0.337447436081899, 0.3326109488928126, 0.33229447057968436, 0.3334878542711864, 0.3373397698042469, 0.33627446357451674, 0.3353988530818497, 0.3417403461561248, 0.33556060305199775, 0.33770502869583596, 0.33640768220873984, 0.3389863863121289, 0.33102078307491123, 0.3363117905648774, 0.3328485616377004, 0.3337928698602551], "recauc": [0.7915254621926319, 0.6496735495726024, 0.8265135816705598, 0.8097909516320668, 0.8241454080183165, 0.8485984884104615, 0.8539368011638101, 0.858037966515498, 0.8629581633068903, 0.8580405757705878, 0.8715075249371831, 0.8681001811132023, 0.8761492180800641, 0.8791837130846625, 0.8808638330362388, 0.8779140014928374, 0.8836301927480767, 0.8845667093314207, 0.8847802562611222, 0.8833443934850059, 0.8822274949774415, 0.8816993783140757, 0.8874038107552602, 0.8885026848033241, 0.8895080719881121, 0.8921869358236888, 0.8934612136119208, 0.893683000294537, 0.8940969448815805, 0.8946275506369724, 0.8949408672415474, 0.8952495833174118, 0.8957792621006008, 0.8965918733994924, 0.8966714213474214, 0.89586674081071, 0.8955624192697335, 0.8970727316466628, 0.897212773113906, 0.8967128604381207, 0.8974514856223007, 0.8979276060115452, 0.8973526429196302, 0.8969921193973157, 0.897314602727008, 0.8968581547478469, 0.8961561964641367, 0.8972977112335333, 0.89662239481758, 0.8969234204573907, 0.8969564824659604, 0.898297330591281, 0.8970901381246947, 0.8974443101708043, 0.8972106788433736], "f1": [], "aucrecauc": 0.9781023988984547, "aucloss": 0.7402438158588885, "convergence_rate": 0.923245557949153}