{"bestEpoch": 1, "lastEpoch": 11, "mae": [0.4577598820411234, 0.5398329491349545, 0.4585837919810335, 0.4815586156969493, 0.6657431817845568, 0.49807903381409413, 0.48999959714425595, 0.49885367776626116, 0.49258068238471936, 0.48818807232277994, 0.4861497559766825], "medianabsoluteerror": [0.3682960391044616, 0.4884747147560119, 0.36368987560272226, 0.3800892353057862, 0.5606893181800843, 0.3937917232513427, 0.38982282638549803, 0.4011998462677, 0.3965303087234495, 0.39519541263580316, 0.3913088560104371], "mape": [0.2527661871194108, 0.3172512573809402, 0.2544420279123119, 0.25815442537800587, 0.29612531687874827, 0.273677717079966, 0.27037372911016055, 0.2932087821072673, 0.2794540553328779, 0.2762201884233125, 0.2738765875967255], "mse": [0.3610640623719937, 0.4329839827426029, 0.36594190373905733, 0.40690140347787257, 0.7216625407294691, 0.42993181079923254, 0.4150481513177279, 0.4190390493101335, 0.41139047982046906, 0.4034157796486441, 0.40151303951225886], "recauc": [0.893536340302675, 0.8744471014648412, 0.8933448662572163, 0.888002296372234, 0.845174044130707, 0.8841599644683218, 0.886038680698217, 0.8839785567086231, 0.8854389487102667, 0.8864588336668434, 0.886932086345848], "f1": [], "aucrecauc": 0.986784432607943, "aucloss": 0.43876036525273354, "convergence_rate": 0.7558575129572122}