{"bestEpoch": 9, "lastEpoch": 19, "mae": [], "medianabsoluteerror": [], "mape": [], "mse": [], "recauc": [], "f1": [0.3001896050551991, 0.2801807425110643, 0.2852624180338967, 0.2225620427184963, 0.27313829214497354, 0.2661863082791725, 0.28420662199816604, 0.25561877762882335, 0.2965990484630437, 0.28495092142232653, 0.2376960240159858, 0.320473412513498, 0.29006253333735516, 0.2980162246719831, 0.2911638261905424, 0.2977074070695001, 0.22508260971219665, 0.2629946839676564, 0.26416093028282633], "f1auc": 0.8588123016530242, "convergence_rate": 0.5378789655489885}