{"bestEpoch": 14, "lastEpoch": 24, "mae": [1315.2352327314381, 865.5590428352431, 499.9469270398854, 286.48847075013657, 155.96188483085533, 101.78365830554282, 78.98176842218287, 73.0859403320625, 72.54060922332985, 71.24517092667939, 74.08201296065972, 74.00558978390046, 73.38135537269444, 73.06059768647106, 77.28538675014468, 80.13675232899537, 82.94204191615857, 83.80021592530439, 85.34346865548842, 85.89778741268054, 85.8557418759653, 86.84840302710762, 86.8032593277442, 86.85063946373957], "medianabsoluteerror": [1156.3352054296874, 764.6165771484375, 450.62536644531247, 262.0158693203125, 147.59362804687498, 95.5505372890625, 74.02026356250008, 67.99621547656261, 67.21691899999996, 65.69909709374997, 68.75585907812501, 68.43054205468752, 67.57727062499998, 67.16882359374995, 71.480346859375, 74.16528314062498, 76.72399925781247, 77.29602015625005, 78.65087920312499, 79.1263427734375, 79.01355010156249, 79.74487346093747, 79.68420451562497, 79.70214885156247], "mape": [0.7991832999300263, 0.5234560505834652, 0.29856615058327546, 0.17036410160002832, 0.09348741563730063, 0.06269906328005108, 0.04994823941523578, 0.04667101855510262, 0.046317023688380365, 0.04556783219167996, 0.047086122199606506, 0.046991667066085624, 0.046602820617047756, 0.046394865016932754, 0.04869661539112115, 0.05023270156361279, 0.0517616742421427, 0.052168216131734765, 0.05302001265907042, 0.053317268604993584, 0.05328137805477968, 0.05382487488053005, 0.05379724988114675, 0.053820765340773034], "mse": [1911039.78581135, 834311.2994084167, 285808.9335240043, 96099.54557093557, 30124.715303790905, 13512.840152857356, 8590.088489844778, 7552.920481973921, 7464.241511005702, 7250.221900058091, 7707.829879783489, 7702.251089504214, 7604.783069366625, 7548.663968502365, 8274.01402904638, 8804.199864140423, 9345.5084732981, 9541.930967310711, 9856.388943057944, 9976.253477908609, 9968.465643915168, 10175.500004533898, 10166.512659314363, 10177.377270791367], "recauc": [0.33905229041422663, 0.5583438788323277, 0.7449006382119694, 0.8538173965544702, 0.9204198197597537, 0.9480648361132409, 0.9596990958355095, 0.9627074855633712, 0.9629862393646772, 0.9636476388379579, 0.96220014594052, 0.9622389053720187, 0.9625560333811158, 0.9627199312523845, 0.9605641304871227, 0.9591103554799923, 0.957677945572335, 0.9572396202583221, 0.9564532305082359, 0.9561702392461469, 0.9561917525085842, 0.9556859241479703, 0.9557079707970797, 0.9556845906812903], "f1": [], "aucrecauc": 0.9468764852986775, "aucloss": 102956.33434581046, "convergence_rate": 0.9190039632173556}