{"bestEpoch": 43, "lastEpoch": 53, "mae": [1.0703443871140275, 1.0658631699624603, 1.1751240430891494, 1.220917929336045, 1.1981544187704887, 1.2610207034516, 1.2724180260843891, 1.1925523624852314, 1.2396638365574322, 1.236024507983542, 1.2492086316071709, 1.2559119718736935, 1.2441927465711555, 1.2691870051644898, 1.2647891457122582, 1.230613290506501, 1.2639962728188041, 1.250668841622926, 1.254452562725016, 1.236031020010946, 1.2296851117546272, 1.2687321415562995, 1.2479584526450946, 1.2653640806163418, 1.2391123780670585, 1.2568348560634446, 1.2663496519501907, 1.2586041742528462, 1.2519429832482067, 1.2312641597227914, 1.2303427369824562, 1.2538982045801899, 1.2631362185951283, 1.2664786743782166, 1.2641589920667287, 1.2662417537520279, 1.2589670791684906, 1.2585889053148296, 1.2591885354892929, 1.259648994445146, 1.2597065467913044, 1.2629151544004547, 1.2615612203052597, 1.2637076701980419, 1.2596410513333427, 1.2624957940441777, 1.2630137032837219, 1.2602920233487183, 1.2655337629472108, 1.2647681794459575, 1.2611286551773118, 1.2643436451691596, 1.26406030158918], "medianabsoluteerror": [0.9324254989624023, 0.9836306571960449, 1.0542516708374023, 1.0573348999023438, 1.0519013404846191, 1.1119303703308105, 1.1193196773529053, 1.028470516204834, 1.0962696075439453, 1.0937261581420898, 1.0944952964782715, 1.0940933227539062, 1.0906238555908203, 1.1172595024108887, 1.0967731475830078, 1.073934555053711, 1.1056084632873535, 1.0973351001739502, 1.1010894775390625, 1.0765080451965332, 1.0726354122161865, 1.1132793426513672, 1.0851163864135742, 1.106457233428955, 1.0882458686828613, 1.104264736175537, 1.0957450866699219, 1.100301742553711, 1.087766170501709, 1.0746216773986816, 1.0741090774536133, 1.0874664783477783, 1.0998730659484863, 1.0822396278381348, 1.0947790145874023, 1.0954523086547852, 1.08986234664917, 1.1025233268737793, 1.109541893005371, 1.0769405364990234, 1.0879392623901367, 1.1049432754516602, 1.0853667259216309, 1.0934686660766602, 1.1046786308288574, 1.0893168449401855, 1.1058721542358398, 1.1018457412719727, 1.0892515182495117, 1.0942292213439941, 1.1029858589172363, 1.09395170211792, 1.0894603729248047], "mape": [0.20999585158538042, 0.22459447903836, 0.24132287960349874, 0.24755340130302547, 0.24111128626017436, 0.25652653998285563, 0.26571867216746303, 0.23333934185226843, 0.2525347156949274, 0.25293189506266683, 0.251530017232726, 0.2550611437862005, 0.2557494806397698, 0.26309648221088155, 0.2597232676958284, 0.248530029134984, 0.2574970049787078, 0.2532107283583523, 0.25354766086629676, 0.2489902527826479, 0.24937705425088447, 0.25878152980630764, 0.2546319166420002, 0.2572660227631678, 0.2531330724880711, 0.25310441724391874, 0.25708775919364674, 0.2566569862381939, 0.25485674013047893, 0.2476387732500589, 0.24719796077562115, 0.2545056382578069, 0.25632297754945377, 0.2573099516505851, 0.2568260961028603, 0.25808527319828756, 0.25476641494918517, 0.2550291299737668, 0.25543356802700273, 0.25544178081056096, 0.25599544107671196, 0.2562145299637676, 0.2558888405400981, 0.25656500656442527, 0.25538286033325774, 0.25636352882047275, 0.25611696644958115, 0.25575999216371614, 0.25666437243792245, 0.2565722849935934, 0.2558221350094097, 0.2565240804396151, 0.25660314052597005], "mse": [1.7296629375873533, 1.664449485303202, 2.118548680109713, 2.2921524201367993, 2.2268482057840777, 2.458126954978885, 2.4908069366884287, 2.173712555187974, 2.320499301053154, 2.3047004872274224, 2.371397305301471, 2.4087815075467054, 2.3483890814216726, 2.424371327311899, 2.945407133279019, 2.3612921540468217, 2.43010420915523, 2.369476341380702, 2.387735536951241, 2.3196751608217285, 2.2898018341062847, 2.4454090668934447, 2.3597108016346375, 2.4357316050844657, 2.3328499371892186, 2.3948685915460213, 2.440105787338457, 2.3984129523515443, 2.3763167059918, 2.311337212646636, 2.2988443619430705, 2.3896920228074605, 2.4144005715242547, 2.4340510601518406, 2.4285138646158626, 2.4287857280903813, 2.4060365010597247, 2.401893324235367, 2.406365129628282, 2.409841151012811, 2.4120949469525206, 2.4229905770163973, 2.417667057166864, 2.415762077882788, 2.4090970264719616, 2.4251135798828374, 2.424174435223258, 2.416885614749848, 2.423854001312214, 2.4281575821260746, 2.417021248941868, 2.4318894940912914, 2.4224065559672354], "recauc": [0.7510681380530776, 0.7526466858838304, 0.7274306730364075, 0.7166524410765827, 0.7224904433457421, 0.7079627976529201, 0.7055022872695783, 0.7226798889981686, 0.7116977059875572, 0.7125300926934437, 0.7094857271514999, 0.7079520173095236, 0.7108442220809791, 0.7048117444768852, 0.7113705706306985, 0.7149517217427201, 0.7060636204368806, 0.7091450133684841, 0.70827850035261, 0.7125398602338778, 0.7140311181821924, 0.7049575537711684, 0.7097710457623175, 0.7057729974851245, 0.711831292981684, 0.7077388652013159, 0.7055246375993589, 0.7073153590676612, 0.7088747151405838, 0.7136819929847431, 0.7138937031361907, 0.708443570069331, 0.7062757082436703, 0.7055133766037089, 0.7060544365456114, 0.7055492023627354, 0.7072793444809637, 0.7073384132096697, 0.7071947153520708, 0.7071023099563647, 0.7070653168990088, 0.7063409396209103, 0.7066404546393533, 0.7061563863217767, 0.7070887315302076, 0.7064400741481632, 0.7063274985239684, 0.7069564834959294, 0.7057178254729009, 0.705910618524949, 0.7067594847366646, 0.7060151260577483, 0.7060759800662524], "f1": [], "aucrecauc": 0.9439808586821932, "aucloss": 2.371926641964095, "convergence_rate": 0.12774954616184442}