{"bestEpoch": 147, "lastEpoch": 157, "mae": [1114.7439960054542, 1080.2410322377314, 1020.2589895040799, 980.4706067277489, 929.1048465461805, 878.7742476782697, 828.0780701337818, 780.1736088074653, 740.5289570695458, 696.5203677864149, 655.4944573860244, 614.3953197090578, 575.5166434033576, 543.1490689316539, 509.23799610534036, 476.05228842224767, 448.89794535903707, 420.5879869901643, 394.0492718920995, 370.12281417388425, 349.59039380033454, 327.67603672206025, 313.22551681114237, 292.7367915511956, 275.1272275319433, 264.04262636697104, 250.21629052025693, 239.23324742517707, 226.126632172787, 215.9046313593368, 207.91766627991203, 198.69520968302083, 191.1465041344421, 184.3814281245058, 179.0954823239699, 173.781358083375, 167.88745678925233, 163.88794085674652, 158.02925617765393, 155.1552440618785, 152.44226075325466, 149.18564307729744, 146.2524246344838, 145.56124438645023, 143.7717215461435, 140.99254194912152, 139.54601248996298, 137.83237237111112, 137.80269745844444, 136.6464420325162, 134.92731108323034, 134.20571116646065, 133.00325867441782, 132.39745803851042, 131.41789334972222, 131.26323670208103, 128.436020157375, 127.43098369974535, 126.48432706972571, 125.63694508879283, 124.8574129886875, 123.79030497015857, 122.95779120786112, 122.30253665005789, 121.63137736174998, 119.9256479957396, 119.1518119502558, 118.14862721759954, 117.07601476761111, 115.99066022127198, 116.0414354308021, 115.46105232958448, 111.77774775029978, 111.52435238713542, 111.86808913182871, 109.94102898288195, 108.56861616793402, 107.94751012093403, 107.45694604699075, 106.43758473740394, 105.49593720430441, 103.88936537350347, 104.84025726338079, 101.33031130044097, 99.13734267621528, 98.95839345819213, 98.00199353820601, 96.53818259334955, 95.8931374365683, 95.45269094828241, 93.86632262156135, 93.42095693542592, 92.99391731285765, 92.23585182886112, 92.74070293882755, 91.9108601115, 91.94435935188196, 91.9058539987014, 91.13612199267939, 91.12884439613079, 90.26845311959376, 90.05071507354862, 89.27523055345603, 88.49813300611807, 88.08052891140973, 87.93455777531018, 88.58784472083448, 87.06760877360648, 86.28726697725001, 85.93244984750926, 85.80245937821181, 85.64515299038541, 85.3842925486088, 85.13924542021758, 85.0661504593206, 84.6675415901632, 84.70922243555671, 84.75895845586112, 84.52888861383565, 84.48478225866783, 84.34901518680671, 84.9217090708727, 84.5081038554861, 83.90977663474305, 83.80859928000348, 84.23557879027547, 83.82379645492824, 83.40376719460187, 83.49218160095255, 83.15657144796761, 82.78869319300001, 82.95485906374537, 82.46216986369214, 82.99194283092591, 84.21671939656598, 81.92509598860535, 80.95515425623495, 77.1183272871956, 81.11285513838081, 79.31007039836574, 79.42570579656828, 76.99947093274537, 76.35740541176968, 75.9425420775625, 73.75054464353241, 72.79135548015509, 71.75612441487384, 76.83672397093288, 74.71788295073033, 74.52843621003008, 75.45856043202895, 75.8820507387257, 75.8158620632338, 75.54851494951852, 75.74374639483102, 75.78054999726157, 75.85313078068171], "medianabsoluteerror": [972.9514774023437, 944.2470395605469, 891.3751218359375, 858.9697262734376, 814.1243898828125, 770.3890383828125, 727.2503662109375, 685.5735474179687, 651.7003781835938, 613.96997053125, 578.7393796484375, 543.2103885976562, 510.1382450429687, 483.9263303320313, 454.8204953710938, 425.8554078867187, 404.1625367929687, 379.25451671875, 355.19506830468754, 335.4884032578125, 316.6190793007813, 297.44238275, 285.0512696484375, 266.37915033593754, 250.54443371093748, 242.58142118749993, 230.05444324218752, 221.24853521875002, 209.65100132812495, 200.03527796875005, 194.18835478124993, 186.13513171875002, 179.2689204921876, 173.9880372890625, 169.3981937656249, 165.22839367187498, 159.5683595546875, 155.81774919531244, 150.10412632812495, 147.933105765625, 145.16577131250006, 142.502441109375, 139.889038265625, 139.27258335937495, 137.61596638281253, 134.8371580234375, 133.71936028906248, 132.05468738281252, 132.16259736718757, 131.01477097656243, 129.45922880468743, 128.4490970859374, 127.45983898437498, 126.66491705468752, 125.565796078125, 125.3741455078125, 122.82043462499996, 122.05004895312504, 120.87133771875006, 120.20471156250005, 119.48864774999993, 118.24499494531256, 117.35876435156251, 116.6883543125, 116.04785149999998, 114.30676310937497, 113.61584514062497, 112.71289032812501, 111.52111863281243, 110.33117664062502, 110.60717767187498, 110.00366169531253, 106.198120296875, 106.25524867187505, 106.79125993749994, 104.32214325781251, 103.12304657812501, 102.40563958593748, 102.13073747656244, 101.12622064843731, 99.98535196874991, 98.61828660156243, 99.31835972656245, 96.17504906249997, 93.55859368749998, 93.9123533359375, 92.77783156250007, 91.36914085937497, 90.35766554687507, 90.04858403906246, 88.58190894531253, 88.37341332031247, 87.79870582031253, 87.0068359375, 87.3924560546875, 86.76831020312511, 86.92858910156247, 86.74621593749998, 85.84033191406252, 86.12548799218757, 85.13073725000004, 84.92248552343744, 84.31310988281257, 83.41455101562497, 83.14233428124999, 82.94213860937498, 83.64978050781247, 82.00268583593743, 81.35510242187502, 81.07788121093745, 80.88073771093741, 80.71716332031247, 80.52905267187498, 80.31762683593752, 80.2629392734375, 79.65283243749991, 79.6643064609375, 79.65844697656257, 79.55126958593746, 79.48498540624996, 79.42626912500009, 80.06689470312494, 79.55200189843754, 79.01037603125019, 78.94018514062509, 79.36169474999997, 79.04870634374993, 78.57836885156257, 78.79028332031248, 78.35705584375, 78.0340576171875, 78.22619622656248, 77.86389165624996, 78.40856915625, 79.66467278906248, 77.49414021875009, 76.4332275390625, 72.92248570312495, 76.35412574218753, 74.55444365624999, 74.84350609374997, 72.25366170312509, 71.51623540624996, 71.44763189843752, 69.05761713281254, 68.03137218749998, 66.95349127343752, 72.39538615624997, 70.01769989843751, 69.84753423437496, 70.85656697656259, 71.22827107812509, 71.14501953125, 70.96728562499993, 71.12634248437507, 71.15319807031256, 71.20507854687503],