{"bestEpoch": 17, "lastEpoch": 27, "mae": [1136.220168196933, 811.549877479702, 541.6209535706712, 349.8420044234421, 217.73158104826274, 136.187528206272, 91.64333996556482, 70.76562446872687, 61.74021073152083, 58.870922447681714, 57.413540395522, 56.7233635656331, 57.4979428660625, 56.81388396515625, 55.65358036259374, 56.403849495957175, 56.71208739643287, 58.42884958643981, 60.01980882192824, 57.40436862907755, 55.581158071331025, 55.551935849518514, 56.88987472361111, 56.20799068195138, 56.17742011628472, 56.262448219939806, 56.394039130008096], "medianabsoluteerror": [992.6627497753907, 713.340332203125, 481.8404536953126, 316.9279786953125, 201.4592288125, 128.90283209375002, 86.04370082812511, 66.11376999999993, 55.73266560937509, 51.99328653906241, 50.09118699218743, 49.20678722656248, 50.21203618750019, 49.25268525781257, 47.517822093750056, 48.64465302343751, 49.07666044531243, 51.53369134374998, 53.60986333593746, 50.14562994531252, 47.60620128124992, 47.47302199218757, 49.28918462499996, 48.3753662109375, 48.24389607812509, 48.40087878906252, 48.60498035156252], "mape": [0.6862671450964544, 0.4886241451705173, 0.32399071915400585, 0.2083885443847108, 0.1297533298486443, 0.08218834295059282, 0.05694159429652693, 0.045367576658520814, 0.04048734475411025, 0.03894843174329648, 0.03816918920648099, 0.03782456618122917, 0.03823448927233228, 0.037876277322054626, 0.0372318920692866, 0.037634426816810694, 0.037770164157313935, 0.038747257235571236, 0.03954003791864815, 0.03816171276791228, 0.03720678301331361, 0.0372022208613476, 0.03791312222628263, 0.0375422089915146, 0.03753325792895724, 0.037576710588981134, 0.0376449404824676], "mse": [1441876.866860026, 739487.813021011, 333838.384185873, 141374.9179318295, 56284.46877088756, 23177.158243972633, 11088.287282198791, 7111.889672282694, 5822.71422188562, 5478.79468461467, 5316.493614937179, 5254.566311442777, 5330.30959242846, 5254.183074633499, 5134.739921067928, 5208.560545740717, 5232.487468049835, 5426.888091255288, 5598.969895337158, 5311.471631964284, 5125.992173086721, 5129.879387551218, 5260.38596524947, 5192.393293962775, 5190.9242448144705, 5195.392111781323, 5210.8068357034435], "recauc": [0.42119446018675943, 0.5859024865449508, 0.7236351931489445, 0.8214911120741704, 0.8889010827008627, 0.9305103102902883, 0.9532388942597964, 0.9638909224255758, 0.9684972497249725, 0.9699610998136851, 0.9707054112818688, 0.9710572094246461, 0.9706606364340137, 0.9710097083782452, 0.9716021528078733, 0.9712192700751556, 0.9710618617417297, 0.9701861297240836, 0.9693745226374489, 0.9707097969056165, 0.971639578772692, 0.9716543950691365, 0.9709716601289758, 0.971320524645057, 0.9713352224111299, 0.9712918995603265, 0.9712247224722472], "f1": [], "aucrecauc": 0.9515110771696667, "aucloss": 81975.84239175859, "convergence_rate": 0.9145240080742792}