{"bestEpoch": 35, "lastEpoch": 45, "mae": [0.9780796590695803, 0.9206011252588492, 0.8867777855011936, 0.8917114488462213, 0.8838207674177614, 0.8829295697591315, 0.8950932881897331, 0.8947066000102141, 0.900632532314451, 0.9029872434509819, 0.8910848643006234, 0.9274806122086059, 0.9255180589147042, 0.9482870000409507, 0.958527739938689, 0.915505439409, 0.9674109412765609, 0.9239446723449446, 0.9507148207222934, 0.931207587101314, 0.9255601288691596, 0.9318450002684602, 0.9524931209645743, 0.9444329214256956, 0.9400582207620383, 0.9700296608274971, 0.9882687790670096, 0.9797325301592664, 0.9556706093250644, 0.9576058213483981, 0.975243648767191, 0.9664971155251598, 0.9795510614872873, 0.9866862889427773, 0.9673131178020595, 0.9607898937812112, 0.9648402195057566, 0.9770815403951613, 0.9601909138041335, 0.9693594696410898, 0.9725290270931666, 0.9715322784750295, 0.9696574893398633, 0.9717606956844778, 0.971704481586244], "medianabsoluteerror": [0.7403326797485352, 0.6968301630020142, 0.6836047410964965, 0.673825454711914, 0.6679331636428832, 0.6585550975799561, 0.6924280166625976, 0.6928056621551514, 0.6766221475601196, 0.6811528944969177, 0.6777716183662414, 0.7264531850814819, 0.7147294354438782, 0.742951111793518, 0.7548435091972351, 0.7034582614898682, 0.7595516633987427, 0.7009614086151124, 0.7373955488204955, 0.714445698261261, 0.7045119762420655, 0.7069249391555786, 0.7384291934967041, 0.7232861065864562, 0.7225553965568543, 0.7590636849403382, 0.7726410508155823, 0.7639888763427735, 0.7376664185523987, 0.7428838849067688, 0.7546776294708253, 0.7383288776874541, 0.7590926694869995, 0.7634914827346801, 0.7456364154815673, 0.7364209794998169, 0.7433645129203796, 0.7575906705856323, 0.7389233207702637, 0.7476303696632385, 0.7517092943191528, 0.7501465356349944, 0.7475533157587051, 0.7503401017189026, 0.7505439972877502], "mape": [1.2852478227458053, 1.2134578179881117, 1.2070275537469795, 1.1537092833781064, 1.113427043741341, 1.0676254807388852, 1.2333142625650866, 1.227118608256287, 1.1172782534685224, 1.1477973106863821, 1.155019649801239, 1.3228026776001072, 1.2633649369857598, 1.354155596516662, 1.3940040693046862, 1.219254168133976, 1.4026745275266534, 1.1589439682874376, 1.3212039777596083, 1.232996925506306, 1.1701569405880914, 1.1581236888105058, 1.307684020902382, 1.2465747530162192, 1.2523947816771919, 1.3751285134882, 1.40755736741692, 1.3747268090012708, 1.2670285563226213, 1.3060980235903892, 1.3339988733228123, 1.1735929549171726, 1.3282935564797167, 1.3565649195756315, 1.2851158395845752, 1.233080708434174, 1.262057306147077, 1.3148821794508403, 1.240430894330632, 1.2797446805133563, 1.297522234207456, 1.29052307054162, 1.2804668987594858, 1.2933095708614082, 1.2939671960279915], "mse": [1.7056241130942311, 1.5019506525152544, 1.3722799406594355, 1.4098659617127973, 1.3858683047952491, 1.3965560624963058, 1.3857750799883657, 1.386522127133002, 1.4392142805083754, 1.4415676788576162, 1.3953909955415003, 1.4684673423571601, 1.4828225648645832, 1.5373933221417526, 1.5648759087234765, 1.4551732961975337, 1.592728595980216, 1.4984037629640579, 1.5552025359046995, 1.5044249823255953, 1.4978250365901895, 1.5197017576534504, 1.559902509298655, 1.5537887705061344, 1.5316073913183592, 1.6008308438515717, 1.6650730624948922, 1.640709036386494, 1.5764904882196897, 1.5749886025891773, 1.633792197616662, 1.6263381369854955, 1.648281858762333, 1.6735185334411116, 1.617168824560198, 1.6030902887469234, 1.608938074958532, 1.6404904833044338, 1.5957204742974953, 1.621511660472496, 1.6309735892756154, 1.627986983652613, 1.6236906003796496, 1.6287500465210234, 1.6281267321926378], "recauc": [0.7736111920212217, 0.7864008294282324, 0.794071533379224, 0.7929116283897201, 0.7946725512549705, 0.794855244960104, 0.7920641339908286, 0.7921465531096932, 0.7907429114598821, 0.7902025892509528, 0.7929345742967822, 0.7845472984883283, 0.7850034825817935, 0.7797626282985438, 0.7774524968422055, 0.7872671500866315, 0.7753769488173348, 0.7853117253890701, 0.7791916345511516, 0.7836402045615904, 0.7849294969164586, 0.7834721441340314, 0.7787680958862493, 0.7806435412060323, 0.7816294104698933, 0.7747362563966913, 0.7705916147414361, 0.7725359178120595, 0.7780139790883976, 0.7775724557325165, 0.7735563895955189, 0.7754859556866494, 0.7725536866996688, 0.7709677512916875, 0.7753775849203801, 0.7768552648941325, 0.775929207730898, 0.7731233743197817, 0.7769881193280003, 0.7748998127365616, 0.7741883258267553, 0.7744124938381193, 0.7748414424479673, 0.7743641642212623, 0.774376102541191], "f1": [], "aucrecauc": 0.9824254870818984, "aucloss": 1.5441483652316728, "convergence_rate": 0.42530622809026375}