{"bestEpoch": 102, "lastEpoch": 112, "mae": [1385.8455533875433, 1296.030741877669, 1224.4083757978444, 1148.3309674816912, 1080.73074731658, 1014.0742978265625, 958.2060439836082, 902.7105937521268, 851.4720448697483, 802.4752394046152, 761.9897568109375, 716.1346915620949, 683.118844683478, 649.795888610706, 616.4050521309329, 583.6665664719341, 556.5344261907153, 529.2469700637268, 503.8984323570405, 479.74669458140863, 460.73269917472567, 440.84749952214, 421.03137647526506, 404.1080810109943, 387.4541583037604, 372.54898371605435, 358.17792642437155, 345.1370111509051, 332.5441417753901, 320.08708079424196, 309.6006339809213, 298.1473317347419, 289.07777091665275, 278.26997756811227, 269.52261057983566, 262.107605100272, 254.03639638721756, 247.53195461949767, 240.874989323272, 234.2364265881088, 228.34007692441088, 223.00183238599652, 217.17075413473611, 212.3246514326192, 207.27658435743055, 203.2386354096169, 198.61243315291784, 194.97338018362038, 191.81508039671877, 187.46182611037963, 184.6611830438669, 181.7862153788669, 178.55634529795483, 175.60129147866084, 173.1031647247801, 170.2262495593183, 168.30723189094215, 165.99838119670605, 164.32216944540394, 161.64145664515277, 160.54552330455326, 158.4152571727014, 156.1593680666389, 155.59543794528238, 154.18623530825346, 152.96813823080902, 152.4485333769595, 151.28873548919097, 149.01119649961691, 147.4541639650949, 146.8169037842257, 144.7373847953021, 142.6292904677303, 141.3532080198426, 140.90669924886458, 139.19374538288196, 138.581666444272, 138.77847360931483, 137.4815853715602, 136.60445718830556, 135.99276663199421, 135.47218633681828, 134.94631077612965, 132.5393999508854, 131.81360953204398, 130.5755143896493, 130.51828225676275, 130.11994080378705, 129.29704639905904, 130.57908462973728, 129.07336560851158, 127.85214101716782, 129.03670462030556, 127.88959137511343, 127.9590295983912, 127.42128214858216, 123.47377618036923, 118.25469628229513, 106.59134113791782, 104.06368300814701, 97.12634311274306, 94.72921067970718, 96.33314514137383, 97.15727035886923, 96.66412622520487, 98.9928197651493, 99.0535477020706, 99.22532976552547, 99.41588848569562, 99.24190678720025, 99.3172037707072, 99.3776267850301], "medianabsoluteerror": [1211.859725834961, 1135.0917660683594, 1070.8317565917969, 1008.3063968984375, 949.3195499746093, 893.4606932421875, 843.718750171875, 796.0501095664063, 751.2010496875, 708.6889033945313, 674.3031615664063, 635.8189700156249, 606.4561159023438, 579.664062203125, 550.5133056015625, 522.7455440195313, 499.51898211328125, 475.579345765625, 454.1437373242188, 432.9416505703125, 416.59320086328125, 399.4652100234375, 381.73889165624996, 367.42669695703125, 352.45587176171875, 339.75915480468757, 326.6058345546876, 314.8383790859375, 303.95459001562494, 292.6892088671875, 283.6722409140625, 273.1335445156251, 265.52673298437503, 256.0224610546875, 248.00964320312505, 241.61145002343756, 234.2810056718754, 228.68896496093748, 223.1439213046874, 217.13769525781254, 212.29504441406243, 207.96276826562507, 202.56555217187497, 198.9999998203125, 194.37438953125002, 190.75744617187502, 187.04760747656246, 184.05712873437506, 181.31030226562507, 177.44335984374993, 175.0462643515625, 172.65966755468753, 169.5687252890625, 166.9903560312498, 164.70922845312498, 162.24011218750002, 160.473633109375, 158.3356931796875, 156.96289050781252, 154.51440424218754, 153.67602510156257, 151.78503464843743, 149.58776890624995, 149.37988269531252, 147.97131335937502, 146.5939945468749, 146.1541745078125, 145.14587408593752, 142.93701171875, 141.66772489843743, 140.9207760703125, 138.9696041953125, 137.02490187500007, 135.7178952109375, 135.325195609375, 133.4526368984375, 132.74267583593746, 132.85534673437496, 131.63159144531255, 131.0008548984374, 130.10888707031245, 129.87084914062507, 129.18627946874994, 127.21484345312501, 126.44738763281248, 125.07568312500007, 124.96350080468756, 124.59167497656244, 123.92822282812494, 125.24096632812507, 123.6257328359377, 122.78515654687499, 123.93542515624995, 122.60168462499996, 122.73632835937497, 122.39514113281257, 118.26757765625007, 113.1185302734375, 101.41357415624998, 99.12500011718748, 91.98071277343752, 89.71325665625, 91.00512712499994, 91.903564453125, 91.37695347656245, 93.62084931250001, 93.73522902343757, 93.90173357031244, 94.10559128906243, 93.90722685156243, 93.97998064062494, 94.02294875000007], "mape": [0.8390456015252535, 0.7839159960826542, 0.7406081483631276, 0.6940802230564177, 0.6528144832931637, 0.6121869573619341, 0.5781445098865149, 0.5442276740576264, 0.5130553015421705, 0.48308793749877704, 0.45850457542101, 0.4302547395508045, 0.4102885957492688, 0.39006037277202604, 0.36962235939653626, 0.34961134144158496, 0.3331709757478229, 0.3165425266705241, 0.30105412764317097, 0.28640134068504436, 0.27491613178117164, 0.2629879724905889, 0.25093887055339814, 0.24076304431915785, 0.23074705608230867, 0.2218269704322037, 0.2132467295000053, 0.2054762515179289, 0.19794751418180992, 0.19047571902855487, 0.18425838834016714, 0.17743216414388338, 0.17209157792749671, 0.1655978455499451, 0.16039307510752845, 0.15600335627343, 0.1511866723664328, 0.1473433485747454, 0.14341091384393975, 0.139491890599746, 0.1360016844194872, 0.13285903771751906, 0.12938630001529797, 0.12654006352671326, 0.12355311973249836, 0.12120338112256003, 0.11848934208622029, 0.1163655163568476, 0.11453380067651091, 0.11194079193706977, 0.1103222604046204, 0.1086453709618476, 0.10673385289116413, 0.1050190156115573, 0.10356275645649725, 0.10190825038066989, 0.1007826620366018, 0.09943104210805803, 0.09848144334230821, 0.09688583627351599, 0.09628207200204583, 0.09503799408938585, 0.09371289877503423, 0.09341037190852364, 0.09259906097171251, 0.09187415777369476, 0.0916040168584528, 0.09093467228925227, 0.08959929212787088, 0.08869902646731814, 0.08834634053875784, 0.0871628741946634, 0.08592293650318347, 0.0852030891207707, 0.08493541192161394, 0.08397718638806825, 0.08359369513601315, 0.08371675973434473, 0.0829776285965202, 0.08248573066333308, 0.0821376253834702, 0.08183060449225828, 0.08152457927642077, 0.08014092354920843, 0.0797436363834308, 0.07905966222070822, 0.07899244272213726, 0.07878848579438383, 0.0783162363269653, 0.0790523519220199, 0.07818010864178297, 0.07749372583107293, 0.07817593357119818, 0.07752229411626653, 0.0775601641041888, 0.07725996307128304, 0.07496765589663286, 0.07209947897299036, 0.06546119068034478, 0.0640359999969415, 0.06010668095166505, 0.05877689405944363, 0.05962441490061269, 0.06011482949813384, 0.05980906377580705, 0.061138568818477144, 0.06118647034576981, 0.061269697738681114, 0.06137949070430492, 0.06127811689752976, 0.06132159644430949, 0.06135647252688629],