{"bestEpoch": 33, "lastEpoch": 43, "mae": [0.5194262208653776, 0.4591996408998612, 0.4474251716152985, 0.4317716065437348, 0.44241628014188544, 0.43398213013122316, 0.42018790940369233, 0.4154985708128767, 0.4140200506029852, 0.42028048163460174, 0.4213228044428503, 0.42718841250058276, 0.429972155474039, 0.4117917258523884, 0.40858151146365945, 0.41355727790626123, 0.43666989303760156, 0.40461396861840576, 0.4040388031584107, 0.42167862151705904, 0.40475521129537934, 0.40653959036174764, 0.41470238368130347, 0.4307985353739532, 0.40362884879467253, 0.41225688681640665, 0.412927191820277, 0.404385960849761, 0.4111226539123535, 0.4046670195871145, 0.4075789685946745, 0.40735950168658225, 0.4005133829441465, 0.40351574322484424, 0.40342089889939275, 0.40251916912977675, 0.4050003931076405, 0.406733763808048, 0.40499698337091566, 0.4044389947763762, 0.4042361263186532, 0.40438486519983863, 0.4043854162268536], "medianabsoluteerror": [0.412152373790741, 0.3635761737823485, 0.3640061855316161, 0.3419675469398499, 0.3648106098175048, 0.3235093355178833, 0.33255040645599354, 0.327028203010559, 0.31853737831115714, 0.30905054807662957, 0.3397683143615723, 0.34978311061859135, 0.35230951309204095, 0.3260044336318969, 0.3149702835083008, 0.3259114503860473, 0.36079615354537964, 0.30391694307327277, 0.31473320722579967, 0.34136962890625, 0.31127295494079577, 0.31961669445037844, 0.3295585513114928, 0.3508500647544861, 0.3121594953536987, 0.3036874532699585, 0.3253318548202514, 0.3027331233024597, 0.320266878604889, 0.31132540464401237, 0.3161083173751833, 0.31777940988540654, 0.30433588027954106, 0.3069699048995972, 0.30739407777786254, 0.30591924190521247, 0.31014763832092285, 0.31312160015106194, 0.31011043548583983, 0.3092449069023133, 0.3085647106170655, 0.3087064266204834, 0.3087997913360595], "mape": [0.2654849802314392, 0.23099054770861588, 0.2423762064911587, 0.22558763332849252, 0.24107653035846063, 0.2106509019818977, 0.22171292885047858, 0.21679606128449977, 0.20865775435111042, 0.20002110119744937, 0.2268144260318571, 0.23285405345089677, 0.23127664468087816, 0.21580975632634228, 0.20680429664342787, 0.2148315215418215, 0.2400690993252231, 0.20103424037042328, 0.2094010149519085, 0.23199454009812054, 0.20736886783245054, 0.21752949046189599, 0.2229538518614368, 0.2349507034524269, 0.20943634975143746, 0.19879296970061433, 0.21732412281303037, 0.1995308128354626, 0.2115895528293882, 0.20938573477704284, 0.2120617315882967, 0.2144517517742722, 0.20460219100146718, 0.20515686370140512, 0.20579590181216884, 0.20483333996034556, 0.2085538614099956, 0.2109105680370685, 0.20879201604466888, 0.20809983571025562, 0.20761771362659717, 0.2078089105184744, 0.20782548885586868], "mse": [0.4670449606496147, 0.36974067618036893, 0.34000810645862595, 0.32831995358798893, 0.3283696781777675, 0.3556830842689209, 0.3116890939458938, 0.3087027235170272, 0.31199673806710476, 0.33706296119646023, 0.305047771370468, 0.30831271235715985, 0.31097494769469597, 0.3009429810134152, 0.30402952039730363, 0.3019405647545907, 0.3161298679599523, 0.30592498764426973, 0.2956421175016315, 0.30295991945513345, 0.29781652368890543, 0.29190332513590506, 0.2996897418224684, 0.31310540445685564, 0.29423261721665933, 0.32385789051766417, 0.2997759606923061, 0.30635900504391844, 0.30198553024360875, 0.2957797375247871, 0.29819732260304394, 0.2958280069537745, 0.2953233445820298, 0.2990121857786757, 0.2983903195012838, 0.29805488052172535, 0.29836719085890084, 0.29897144397119163, 0.2982249790317888, 0.29802104229901205, 0.29819920534204497, 0.2982127494693853, 0.2982068229736031], "recauc": [0.8791963380984786, 0.8932018562163113, 0.8959392749499188, 0.8995803092241741, 0.8971040092860966, 0.8990669530265307, 0.9022738567358495, 0.9033649401564293, 0.903708659620148, 0.9022532684365042, 0.9020096204440503, 0.9006457478862211, 0.8999976467486943, 0.9042267882419627, 0.9049727632887913, 0.9038153168883927, 0.8984391301874454, 0.9058958087322445, 0.9060295372930959, 0.9019263075686569, 0.9058630254742654, 0.9054481006576347, 0.903550520475302, 0.8998073326895234, 0.9061270757655224, 0.9041215124649254, 0.9039658819427787, 0.9059531647285367, 0.9043865007076352, 0.9058878811877626, 0.9052107841024448, 0.9052619739952886, 0.9068544936813209, 0.9061562487052826, 0.9061782063077657, 0.9063881855524792, 0.9058108790829064, 0.9054079118225078, 0.9058118276326808, 0.905941520352705, 0.9059887316356577, 0.905954268013805, 0.9059541482527719], "f1": [], "aucrecauc": 0.9959360921628369, "aucloss": 0.3101288739194362, "convergence_rate": 0.8668444816130281}