{"bestEpoch": 62, "lastEpoch": 72, "mae": [], "medianabsoluteerror": [], "mape": [], "mse": [], "recauc": [], "f1": [0.011601408567023736, 0.01587776562479548, 0.020878130887558084, 0.02055699896316306, 0.02078621380446672, 0.02021865119031431, 0.025162182048048824, 0.02408245262255876, 0.02501161782447731, 0.02477468853283048, 0.02373489826207173, 0.021408537118651667, 0.024023209378227574, 0.02647024698656358, 0.025759373317056248, 0.026770994019925675, 0.028054812217708055, 0.030491361733354837, 0.029150060264491812, 0.02754096282080294, 0.029345381615377766, 0.030238320382100777, 0.028659150303109924, 0.028867023038653714, 0.029998097760741547, 0.027316951025831503, 0.031347028243691955, 0.02986126972578177, 0.03066942425907459, 0.03196365748107207, 0.031884332891478476, 0.030984705921252298, 0.031607415444001134, 0.030740465628673042, 0.03164471056292952, 0.03159425199452588, 0.03219010435701021, 0.03255457489733809, 0.03215186809038771, 0.0315497548356792, 0.032386900180162444, 0.031555903253222946, 0.03152983590315935, 0.031517708725986644, 0.03159418347596371, 0.031679598031565025, 0.0317946845839381, 0.03145327101487467, 0.03164700700283864, 0.03156989424433651, 0.03168074490101785, 0.0316061064082168, 0.031601445616407035, 0.03154209747107456, 0.0316147775724442, 0.031438916033782606, 0.03142320779978466, 0.03149286607220344, 0.031643513478413265, 0.0313825534901519, 0.03135338282600335, 0.03168032858814125, 0.03137731048804382, 0.03153034609901043, 0.03177114191743036, 0.031400009028180305, 0.031436387480396615, 0.03132256030630583, 0.031694137050602124, 0.031706464010254475, 0.0314224067891703, 0.031584283649374274], "f1auc": 0.898324307298338, "convergence_rate": 0.8420282213621254}