{"bestEpoch": 49, "lastEpoch": 59, "mae": [0.827606853201264, 0.7416459492216232, 1.2592934068027657, 0.6863853588490563, 0.650047187251894, 0.5915672890394363, 0.6175273794756286, 0.5303718779777031, 0.49330184807942734, 0.5801835442751574, 0.46023991322378255, 0.4403568991999261, 0.43136582020996284, 0.42570249485142897, 0.4256357093304242, 0.42124487655579407, 0.4050418210119633, 0.39848809139122066, 0.4002602602909244, 0.39289890839969255, 0.38019176696609724, 0.3881179599716129, 0.38095884792918483, 0.36529558923618516, 0.377577259098178, 0.3572576250606004, 0.3526472789169872, 0.35783256593947144, 0.3554497339698485, 0.3581283596672637, 0.3525300078321641, 0.35441646386044073, 0.354487665813484, 0.3521670590468465, 0.3506381475675814, 0.34706099320636596, 0.35041252600135897, 0.34841470746211567, 0.3620187953457241, 0.3531541044344576, 0.3490906229880189, 0.3502794153453802, 0.3437955422864679, 0.3477759679649607, 0.34428471173365993, 0.3433053346176226, 0.3459181742204901, 0.34931225879798833, 0.3476285151996606, 0.341937247069071, 0.3458266424387949, 0.3475680122087389, 0.3460605631486845, 0.346034287178676, 0.34327029166989337, 0.34547475961488094, 0.34418507633936024, 0.34826932270994226, 0.3454748367141949], "medianabsoluteerror": [0.48289012908935547, 0.46400976181030273, 1.0500612258911133, 0.47589683532714844, 0.4654059410095215, 0.43225860595703125, 0.47713804244995117, 0.41222333908081055, 0.39367246627807617, 0.49381160736083984, 0.3713397979736328, 0.3574349880218506, 0.3493638038635254, 0.3409419059753418, 0.3348097801208496, 0.34539318084716797, 0.3213973045349121, 0.3159294128417969, 0.31260251998901367, 0.31169843673706055, 0.2978086471557617, 0.30443906784057617, 0.3071260452270508, 0.2820744514465332, 0.29443883895874023, 0.2781095504760742, 0.27783823013305664, 0.28109264373779297, 0.27623748779296875, 0.2841310501098633, 0.28021812438964844, 0.27460813522338867, 0.27696657180786133, 0.2731308937072754, 0.2746706008911133, 0.27073097229003906, 0.2757377624511719, 0.2690315246582031, 0.28447675704956055, 0.2729673385620117, 0.26646947860717773, 0.2734658718109131, 0.26767444610595703, 0.2676239013671875, 0.2671995162963867, 0.2595357894897461, 0.26548194885253906, 0.27267932891845703, 0.2703709602355957, 0.2644362449645996, 0.27432727813720703, 0.2729306221008301, 0.2662529945373535, 0.27103519439697266, 0.2665266990661621, 0.268155574798584, 0.26866817474365234, 0.2716376781463623, 0.26902198791503906], "mape": [0.17086924132670997, 0.1520261680701731, 0.2690543655695737, 0.1418121133181996, 0.1370845156891528, 0.12053714794187793, 0.1302557315328599, 0.10749809913347538, 0.09836633700440703, 0.12205867799978172, 0.09269193349760046, 0.0885809894533198, 0.08684648745800788, 0.08486448000853403, 0.08374538276063356, 0.08720264544621097, 0.08197385915957621, 0.07995178456594397, 0.080295114115853, 0.07854795853863505, 0.07739140143672829, 0.07683644205787739, 0.07673800092677412, 0.07413837896119349, 0.0747273726918704, 0.07211692740604027, 0.07151960841654252, 0.07244579763867319, 0.07231631397845822, 0.07287361705894696, 0.07156291988310808, 0.07272747797782426, 0.07233173351578989, 0.07142503007884121, 0.07154480869784542, 0.07034277381812779, 0.07080446786854101, 0.0704760235537457, 0.07386720665433147, 0.0715786006596668, 0.07101740575087126, 0.07144041117934714, 0.07001443601829788, 0.07026517086888145, 0.06975310806880469, 0.06968624972138501, 0.07039323138978615, 0.07101557548033594, 0.070711410868843, 0.06924400006448386, 0.07010345287160613, 0.07063262205598506, 0.07006878526211745, 0.07021049354821655, 0.0696150104862971, 0.06999942150909394, 0.06986957562015916, 0.07068093553033404, 0.07013546925571937], "mse": [26.430987675544852, 17.75064018792198, 16.69115669558481, 6.750082463738118, 3.9753192851000203, 2.270057836763305, 1.3576440656295308, 0.8022603746847232, 0.5424156472068988, 0.6075475589775042, 0.36013054426633445, 0.3299713637857174, 0.31725429270082706, 0.31248653430502127, 0.3142834154455797, 0.29843242734847775, 0.28939241743203076, 0.28196586707616594, 0.2867662531623514, 0.2711543651293566, 0.25847523098685493, 0.27079091709692976, 0.25720788042247544, 0.2414760558283974, 0.2642417013247646, 0.22942200820234518, 0.22613971730158408, 0.22988853367038378, 0.228704951207698, 0.2316649154320519, 0.22396882871827237, 0.2259043509999752, 0.22602948142816573, 0.2239817751002492, 0.22260390452024395, 0.220841056795168, 0.2221010417002146, 0.2222150296671529, 0.24274635526682373, 0.24518098081335812, 0.23001585998796145, 0.22484624887672677, 0.21650050600864337, 0.2212036074534007, 0.21743778487623847, 0.2166070246579214, 0.21997994919328348, 0.22178242587752978, 0.2206217189602576, 0.21485960805341858, 0.21982655968640316, 0.21941088115455867, 0.22187439285183158, 0.2186628622147303, 0.21693362958365098, 0.21765555003937564, 0.2162524306432034, 0.21961118159927603, 0.21863006405413463], "recauc": [0.8550510560839814, 0.8657062753992529, 0.7419788322807563, 0.8619105988868713, 0.8640966911658553, 0.8726273073582675, 0.8623398213491106, 0.880153634999614, 0.886914781419783, 0.8663058204206963, 0.8929830161182957, 0.8975817423829578, 0.8996724080235007, 0.9009896698561034, 0.9010058403711982, 0.9020262994373589, 0.9057945787712998, 0.9073189673927914, 0.9069060871071659, 0.9086191660704005, 0.9115748341054498, 0.9097309490646971, 0.911395379153432, 0.9150394098798825, 0.9122492750476558, 0.9169087694900627, 0.9179813449934077, 0.9167750451667207, 0.917328790894881, 0.9167058999068463, 0.9180081585226838, 0.9175695290092004, 0.9175529465064597, 0.9180929936453995, 0.9184479896668005, 0.9192790374128386, 0.9185001404362888, 0.9189654118175292, 0.9158414296630488, 0.918000313591263, 0.9188071055646588, 0.9185323784695669, 0.9200402189206219, 0.9191140020284212, 0.9199257206874139, 0.9201535155231967, 0.9195467950502569, 0.9187553667828162, 0.9191485059937509, 0.9204720849702547, 0.9195677034232775, 0.9191625822383132, 0.9195122567526236, 0.9195184365673095, 0.9201624075898838, 0.9196493113094353, 0.9199491009863088, 0.9189991948044788, 0.919648967986397], "f1": [], "aucrecauc": 0.9831770162503796, "aucloss": 1.306921334556203, "convergence_rate": 0.9147754512992394}