{"bestEpoch": 8, "lastEpoch": 18, "mae": [0.8535639599676685, 0.7879930160481865, 0.7322332245293574, 1.457856842559349, 1.0598542482796462, 0.7496636799426984, 0.6689299507532749, 0.6369044454982508, 0.6610917187293616, 0.7259280301024322, 0.8468430323000017, 1.2990350626687843, 0.9205985999050068, 0.7693295218549231, 0.8153448826743694, 0.6823568949370379, 0.669549042606452, 0.6605782570644134], "medianabsoluteerror": [0.6324419975280762, 0.5223288536071777, 0.49777841567993164, 1.048377513885498, 0.8634557723999023, 0.5494370460510254, 0.4997739791870117, 0.4904594421386719, 0.4835643768310547, 0.4710540771484375, 0.47377538681030273, 0.7168207168579102, 0.522346019744873, 0.49727964401245117, 0.6129307746887207, 0.5536742210388184, 0.5367553234100342, 0.5291991233825684], "mape": [0.18592002489420018, 0.16852621264478646, 0.15089040662231087, 0.3060168435669408, 0.2220766571816382, 0.1651365748537716, 0.13744736600668297, 0.13473394283621098, 0.1415989989608615, 0.1515308753221561, 0.17639131869521654, 0.27143624765004754, 0.19887962297543307, 0.1621905997906728, 0.17791863065377675, 0.13861313064009026, 0.13871010000952252, 0.1361349937611933], "mse": [8.207680996453302, 13.197969509525258, 7.019493651943305, 78.84609049801928, 13.618315446461157, 3.3659268188919977, 1.7296793095031004, 0.9747596689696312, 2.1462378395031454, 9.455125347959605, 33.27747328772501, 123.32750978230037, 39.65547133055425, 13.055406606249521, 4.457480088127409, 1.329563336154831, 1.1302319028539727, 0.9888228163642578], "recauc": [0.8247821692570905, 0.8480899754925716, 0.8516073028518094, 0.7470156559081931, 0.7855153177521667, 0.8386119250442037, 0.8519069723656196, 0.8552376521551915, 0.8555754305262314, 0.8573190480737054, 0.8567491489966025, 0.8060123554408308, 0.844287552682491, 0.8517579186686263, 0.8247370222775796, 0.8458371240488278, 0.847815196899024, 0.8491185884808873], "f1": [], "aucrecauc": 0.9746543778449038, "aucloss": 20.657940372420626, "convergence_rate": 0.7554341446339538}