{"bestEpoch": 72, "lastEpoch": 82, "mae": [0.4145072420216446, 0.38482417336336594, 0.3690765302790298, 0.38361205972685314, 0.3815391538616803, 0.38160164223377907, 0.34612006051797073, 0.3662914197618702, 0.34519870177398987, 0.37207374296121365, 0.34272291949626715, 0.37146478246557174, 0.36251079163652106, 0.3648121747991861, 0.3501874170725698, 0.3522938720729964, 0.3403368104146341, 0.3426659479211027, 0.348196079818097, 0.359045617102367, 0.3398286781631715, 0.3444674078985792, 0.3380117502744478, 0.3415012940776079, 0.3500949828847164, 0.34330655158480206, 0.35128821337857136, 0.33812921862948836, 0.3357314285577414, 0.3596592143114019, 0.3450226753153313, 0.3420556191044296, 0.3543072006738464, 0.3328243306100635, 0.3380945200930826, 0.34718341507932104, 0.34126445673198663, 0.37495778869264346, 0.34283964889899293, 0.32865008658981043, 0.32769570089541716, 0.3312159757851388, 0.33109705668165135, 0.3282481326532473, 0.32939379753988607, 0.32726982702820806, 0.3342575900681746, 0.3317459414515677, 0.3293114356214932, 0.3350759051900813, 0.33159088971857853, 0.32624235771319016, 0.3347520431675714, 0.3260834824493376, 0.33186487340940835, 0.32647690519333195, 0.32911876623998254, 0.3262580613485108, 0.32859232840142527, 0.32568451483360095, 0.3241383009569107, 0.3263701579541266, 0.3264838308033734, 0.3251336455169259, 0.3287347240213689, 0.3270441529124541, 0.32326327085133255, 0.3277729899051676, 0.3253759272341757, 0.3265687692926085, 0.3261504925912028, 0.3251401808982309, 0.326012120966934, 0.32582672586555705, 0.32568077086815733, 0.325826489092138, 0.32590096646597666, 0.32582634226475804, 0.3258265863702989, 0.3258120859179354, 0.3258290397708751, 0.32582108322259096], "medianabsoluteerror": [0.3362259864807129, 0.3019920706748962, 0.2922733902931214, 0.3190562629699708, 0.31547833681106574, 0.3185365343093872, 0.2654841613769532, 0.3002849102020264, 0.2652095556259155, 0.266709816455841, 0.2617272853851319, 0.26698698759078976, 0.29033676385879514, 0.2997573256492615, 0.26001027822494505, 0.2628991484642029, 0.2591144800186158, 0.25776448249816897, 0.2752911567687988, 0.295168399810791, 0.25904817581176753, 0.27001527309417717, 0.2556263399124147, 0.2529296875, 0.28088223934173584, 0.27052293539047245, 0.2850456261634827, 0.2625326490402222, 0.25532853603363037, 0.29400824069976805, 0.27345621585845936, 0.27242914676666263, 0.2561227750778199, 0.25434002876281736, 0.26185287237167365, 0.2793490982055664, 0.27120389938354483, 0.3030728340148925, 0.27491481304168697, 0.25223856687545787, 0.2521166086196899, 0.261281991004944, 0.25872259140014653, 0.25600590705871573, 0.2577839612960816, 0.25381044864654534, 0.26218950271606434, 0.2628928184509277, 0.25757188796997066, 0.2687851548194885, 0.2616716384887695, 0.2516751408576965, 0.268344235420227, 0.25181758403778076, 0.2620843124389649, 0.2527469515800477, 0.2561325550079346, 0.25260484933853156, 0.25577640295028686, 0.24988589286804197, 0.24731446266174317, 0.2456190586090088, 0.2544565296173096, 0.25190197944641124, 0.2591840839385986, 0.2554905652999878, 0.24750264883041395, 0.256883990764618, 0.2532562017440796, 0.2552105855941773, 0.2546231317520142, 0.2527478456497192, 0.2543747878074647, 0.25413010120391843, 0.2539617538452148, 0.25418411493301396, 0.2542745232582092, 0.2542583227157591, 0.2542335510253907, 0.2542044305801392, 0.25421673774719244, 0.254213342666626], "mape": [0.2240173231854999, 0.20051566569409932, 0.19408331624658076, 0.21426463594829587, 0.20752784350720935, 0.21810831565113872, 0.1768461707959673, 0.20218584770929907, 0.18265366175714642, 0.17465544487404291, 0.17713811304858243, 0.17942515311543153, 0.1932713561448711, 0.19764615437503802, 0.1748923275391288, 0.18232037962741102, 0.17496020890287442, 0.17536078778559666, 0.18592452637480505, 0.1981091666542093, 0.17559156273941684, 0.18709728792088098, 0.17122479069806879, 0.17417018896783623, 0.18409768576752225, 0.17985698035465073, 0.18901974613921235, 0.17610233524656324, 0.17265563041575693, 0.1971823300511092, 0.18552197490715988, 0.18147934094872084, 0.17315780567958536, 0.1730750201295369, 0.17726166543466923, 0.18702405935463468, 0.17789523319683817, 0.20538933420028513, 0.18421751170997255, 0.170225952753768, 0.17117944127387033, 0.17501690656392072, 0.17306188280475562, 0.17184775392618298, 0.17357376645329486, 0.16965425757808905, 0.17689162794991348, 0.17424476253615287, 0.17317667365510278, 0.1777233070734773, 0.17417814496889794, 0.1681756712446601, 0.17734038607464203, 0.16919684783355257, 0.17481310708195721, 0.17010009930984218, 0.17188170773938147, 0.17023617074345335, 0.1710985574095545, 0.16983716978377342, 0.16552011626192623, 0.16547363402853746, 0.17076351342714663, 0.1694363381718259, 0.17369805604379016, 0.17151653150867574, 0.16688400148821816, 0.17246034823100487, 0.1701229420929465, 0.1712821193575937, 0.17084545677616272, 0.16985800379425842, 0.17075298323940863, 0.1705538351020044, 0.17041662635434932, 0.17057183010252736, 0.17064538291848538, 0.17056712327217458, 0.17056939264815335, 0.17055132827574426, 0.17056669233765115, 0.1705605281396581], "mse": [0.29159047153127937, 0.2639146481759651, 0.23758579404760627, 0.24236655095069506, 0.24021162885890818, 0.238122866886928, 0.22123236733784904, 0.22694253468834752, 0.21675968026388137, 0.26960574334543363, 0.21709626139829571, 0.269564824741747, 0.23094720361890017, 0.2228070542571406, 0.23199634775915046, 0.233942824291629, 0.21272626090855998, 0.2206821180622239, 0.21327921686262813, 0.21802076992936775, 0.2125616600728075, 0.21012038236360486, 0.21419629907136098, 0.2225670374886602, 0.21336166588928301, 0.21030068005148633, 0.21466419130777306, 0.2086315998317668, 0.2090465829993382, 0.2186498842946384, 0.20994313644234727, 0.2068811437953233, 0.24604366029018407, 0.20465233248657172, 0.20923719896096377, 0.21085209237290628, 0.20747819213472354, 0.23820522578286293, 0.20435500432881742, 0.19827556880976163, 0.19718766203209245, 0.19639569045312338, 0.19777818326949584, 0.19570461670232914, 0.1958152353226288, 0.19662673591101926, 0.19909483799040134, 0.1962574736296926, 0.19535715995269745, 0.1976230228819784, 0.1963642174546312, 0.1950346273417303, 0.19744124163480684, 0.1951716140277907, 0.1965192548210059, 0.19437856867338324, 0.19608948813197588, 0.19500558760084474, 0.1953700644551765, 0.195441312348092, 0.19493347945696723, 0.20178629752738284, 0.1930310624542782, 0.1930627541374659, 0.1931543803584307, 0.1929949523871324, 0.19336118089683882, 0.19322544397331434, 0.19240405196115626, 0.19261571728910512, 0.19249077631349576, 0.19234013003095693, 0.1924520490281318, 0.19240855783519784, 0.19237509552614068, 0.1923931491344169, 0.19240468329215557, 0.19239114131459167, 0.1923891176828877, 0.19238666031126475, 0.19238857958350247, 0.19238697988758816],