{"bestEpoch": 2, "lastEpoch": 12, "mae": [], "medianabsoluteerror": [], "mape": [], "mse": [], "recauc": [], "f1": [0.3740116085548691, 0.36301588278358554, 0.36804987859626304, 0.3002288395025829, 0.34986901700327133, 0.38130231124306574, 0.3760482623137729, 0.3644353813748586, 0.3655008658773716, 0.35071076205208823, 0.38038003242585505, 0.37334965842304624], "f1auc": 0.9472850733602853, "convergence_rate": 0.7520727442254692}