{"bestEpoch": 25, "lastEpoch": 35, "mae": [], "medianabsoluteerror": [], "mape": [], "mse": [], "recauc": [], "f1": [0.2873695994096643, 0.2457023236162403, 0.25131407151218554, 0.3153517956921208, 0.32941965312963123, 0.3394418024297618, 0.35028072801102367, 0.37744522169438743, 0.37543336875349625, 0.37186650085324435, 0.3886968967370852, 0.39540583141060537, 0.40467120557918596, 0.404568306575108, 0.3978547079043637, 0.39697611446449393, 0.39535230641977914, 0.4308240465045321, 0.39306746923158586, 0.4018284979374405, 0.38408105281641985, 0.4069007716221648, 0.39268186129248456, 0.3900904558043817, 0.4350891470571751, 0.4335283173687219, 0.4278018344113906, 0.43281763246865207, 0.430318204679219, 0.43292104265766945, 0.43625760977410155, 0.43523747855689404, 0.43411679777144824, 0.4340655603472083, 0.43573176151031545], "f1auc": 0.892144174549983, "convergence_rate": 0.7530746821053436}