{"bestEpoch": 40, "lastEpoch": 50, "mae": [], "medianabsoluteerror": [], "mape": [], "mse": [], "recauc": [], "f1": [0.03608210382048422, 0.12745987762812355, 0.16412831223846489, 0.1926451939738367, 0.22964388637479183, 0.2362234290459131, 0.26103836531613955, 0.26773797216748063, 0.22132028335708837, 0.26695061323600094, 0.20302688616958295, 0.27884693420249673, 0.28624114444487236, 0.26611586452837754, 0.2560020274871128, 0.25956449639237505, 0.2498271336712165, 0.32411915693687277, 0.3152034054022797, 0.2975885641469975, 0.318642619353545, 0.30774958224395743, 0.32702283535881743, 0.32948272276589263, 0.32945884251621893, 0.33158688770965616, 0.3275749728682645, 0.33072223177075966, 0.3319884836106988, 0.32957920217534253, 0.3285225317915704, 0.32922037829204687, 0.3302058267899445, 0.3297454028085612, 0.32898867953264294, 0.32976862232453297, 0.33028617803417243, 0.3287026636469328, 0.3302394915726951, 0.32996417577549925, 0.3294516486339741, 0.3303007429645538, 0.32936808150441027, 0.3291701190927682, 0.32975321366364696, 0.3299481726043892, 0.32933362922902965, 0.3297958960227871, 0.329609558995918, 0.3291935280207469], "f1auc": 0.8859727510107143, "convergence_rate": 0.8720685457708256}