{"bestEpoch": 3, "lastEpoch": 13, "mae": [], "medianabsoluteerror": [], "mape": [], "mse": [], "recauc": [], "f1": [0.32859282564922254, 0.3248056331696556, 0.3298346394814522, 0.3215999713489532, 0.3179524391745837, 0.3158628647117819, 0.3138382532580544, 0.31650503167311267, 0.31647229404801147, 0.31489985140344995, 0.3129393279556409, 0.3111398805178061, 0.3113337101309431], "f1auc": 0.9640723456233492, "convergence_rate": 0.3661226148044607}