{"bestEpoch": 1, "lastEpoch": 11, "mae": [610.182147526397, 622.383329330007, 618.0486217381377, 622.4824506950243, 658.7949727216725, 627.9189053752905, 630.7359331530683, 632.4598451539364, 642.0624692675348, 638.4918559862847, 634.2573479025174], "medianabsoluteerror": [523.6643677382813, 533.3854368398438, 525.6592407226562, 524.3036500820313, 553.8262330273437, 525.338257015625, 526.8999019296875, 528.8390500039063, 537.7876583945313, 534.8615726718749, 530.9893190195312], "mape": [0.3508528046813891, 0.35890988788754125, 0.356395325030575, 0.35972911802811225, 0.383566664562785, 0.36402868901509805, 0.36586737742899517, 0.3671522524581387, 0.37352745123419123, 0.37126909229046295, 0.36859162661539374], "mse": [465472.02249527397, 480680.24468470394, 473988.20990813436, 478015.01327636704, 525577.2048668674, 482478.31208296923, 486134.58345446835, 487818.21733168326, 500102.70622363326, 495148.91399500804, 489303.1177790218], "recauc": [0.6886516947991094, 0.68242662784797, 0.6846374859708193, 0.682374326321521, 0.6638466068829105, 0.6796007452597111, 0.6781638015653417, 0.6772841284128414, 0.6723845866068088, 0.6742064280502125, 0.6763669403977435], "f1": [], "aucrecauc": 0.9841599324740856, "aucloss": 488733.0975960982, "convergence_rate": 0.5602463855727109}