{"bestEpoch": 19, "lastEpoch": 29, "mae": [1478.2720826166017, 1085.6243266532408, 697.9391381947627, 504.3672474432616, 374.3481641090046, 338.31679995938885, 331.69806676012615, 326.50601520124303, 329.42251952343634, 328.3355164670185, 320.0124095693484, 320.54644474368286, 315.2202735920624, 312.79892345820025, 320.7418931484919, 310.9002317264294, 312.83934770212954, 314.3321101081273, 302.9444194615278, 310.0272216893982, 308.75018761835645, 311.13719787212386, 311.2642558148322, 310.4204402406076, 310.8027446747859, 311.21934374166324, 311.622922300691, 312.2935465411424, 312.2340132837639], "medianabsoluteerror": [1300.992645091797, 955.40051275, 613.0932005039062, 445.49157679687505, 327.882690609375, 293.52148472656245, 287.7298581015625, 282.66992152343755, 285.343383671875, 284.4019774765625, 276.38391096093756, 276.67456060156246, 271.599243046875, 269.2373048671875, 276.566772640625, 267.0534665, 268.48364240625006, 269.65148908593756, 258.65124464843757, 264.91223097656257, 263.80554164062505, 265.887451109375, 265.88818335937503, 265.0517575234376, 265.2927243203126, 265.6204831093751, 266.0074460000001, 266.60888636718755, 266.56298792968755], "mape": [0.8990074744657527, 0.6583217194549024, 0.41732449352771384, 0.29860286705176553, 0.21858847391517985, 0.19634068386311035, 0.1922873632914529, 0.18909929784969282, 0.19096596525011728, 0.19029888504588774, 0.18519882163373688, 0.18554215104093022, 0.18232493636090638, 0.18088379527825116, 0.18579352271964344, 0.1797534704655754, 0.18094831189435495, 0.18188689832442806, 0.17483582851466242, 0.17917187620607986, 0.17843937206063398, 0.17983325209731751, 0.17987995426748168, 0.17936696912179506, 0.1795876615543843, 0.1798464698957282, 0.1800899782917778, 0.1805002181871226, 0.1804677751208762], "mse": [2411236.751884574, 1306349.5416020823, 554985.1262713358, 296277.96932393394, 169244.90314486373, 140801.37562380134, 135826.30912807665, 132001.70159576723, 133990.43126317704, 133178.26644900683, 127118.53411051273, 127466.43543651167, 123562.06094790838, 121762.20599819478, 127289.6289347632, 120290.24998963339, 121598.03195242322, 122554.30012957283, 114749.38548339606, 119586.48820373963, 118563.509528473, 120302.21695278375, 120394.86342647723, 119793.17226717998, 120075.3270081193, 120353.72416325563, 120637.11660105553, 121106.08951827169, 121055.91306668083], "recauc": [0.2734448111477814, 0.446059168879851, 0.6438721353616843, 0.7426436125093991, 0.8089871061180192, 0.8273721742544625, 0.8307498453549059, 0.8333983768747245, 0.8319105836509577, 0.8324650687290952, 0.8367116859834132, 0.8364395995155071, 0.8391574713026859, 0.8403930022631892, 0.8363396487796928, 0.8413621362136213, 0.8403724965089101, 0.839610642545736, 0.8454215051134744, 0.8418078993084495, 0.842459431128298, 0.8412408796435199, 0.8411750656547136, 0.8416065754723621, 0.8414112374200383, 0.841198445770503, 0.8409924992499249, 0.8406509836168802, 0.8406802902512472], "f1": [], "aucrecauc": 0.9497744063564495, "aucloss": 230571.61776892658, "convergence_rate": 0.9283713115791696}