{"bestEpoch": 53, "lastEpoch": 63, "mae": [1221.8665788911965, 1117.8986565776477, 1060.9799285141348, 994.0800005356192, 930.6203561309607, 878.0724725589121, 811.3220637861256, 762.2498320876302, 705.5531086175781, 655.4993206130208, 603.9679375837685, 558.307878375375, 513.4062070428403, 472.5673755352558, 435.15009043275234, 400.0762713496504, 367.64512047081826, 336.1104597363831, 308.4443958442616, 281.30850749794445, 257.81814195620257, 235.49666497805327, 215.072461835022, 196.1853892802789, 179.23908625602434, 164.16761260532638, 149.86032932935186, 138.1887498314977, 127.43265810628705, 117.76491638806712, 109.04433757582409, 101.7091524101331, 95.76249693856019, 89.9435662572396, 85.34140644488657, 81.50159707369096, 77.8822818063449, 74.8110712834294, 72.12457835336112, 70.01707010681713, 68.1947189246794, 66.0341113397014, 65.24311061646529, 64.27750113271297, 62.96891387523033, 62.306468128211804, 61.41533110213195, 60.86575825780787, 60.435098680881936, 59.73806556786459, 59.13460039862616, 59.47267161515162, 59.01682247617246, 58.377103075538194, 58.40980479029514, 58.43328269104746, 57.97637750774305, 58.093761079733795, 58.020420729532404, 58.082044680717594, 57.96465150575579, 57.960453480582174, 57.97054509657523], "medianabsoluteerror": [1072.7271119335937, 979.0925597519531, 930.7542112539063, 871.1295170078124, 815.5314335117187, 770.5482173046876, 713.0089108359375, 671.5307009179687, 622.0875855039062, 580.1969603320313, 536.4624632617188, 497.7004395703125, 459.44506853124994, 424.42724603125, 391.7142331015625, 361.23950171875003, 333.5987550625, 306.05529761718753, 281.43237275, 257.0494385390625, 236.36840837499994, 216.83581584374997, 199.00256365625, 182.85058570312503, 168.07812494531254, 154.9998779296875, 142.14770502343754, 130.99035638281248, 120.87841796875, 111.56555204687493, 103.08923298437503, 96.22265660156245, 90.17871081249996, 84.56323248437502, 80.24523932031252, 76.74865751562493, 73.1522216796875, 70.07348639062502, 67.42919964062503, 65.06152332031252, 63.17883329687493, 60.83789056249998, 59.78686535156248, 58.59326171875, 57.13073695312505, 56.42236292968755, 55.28222667187492, 54.69030726562505, 54.12487752343759, 53.11914015625007, 52.483398617187504, 53.00671357812507, 52.40197713281259, 51.46411103125001, 51.50964314843759, 51.54357869531259, 50.86303722656248, 51.1160888671875, 50.980468515625034, 51.16662609374998, 50.98315441406248, 50.97717296874998, 50.99023449218748], "mape": [0.7408424346496758, 0.6752173485973737, 0.6408692327226616, 0.5996953595184752, 0.5610395245271329, 0.5294256974859094, 0.48834524675014973, 0.4587479911512935, 0.4240022890316264, 0.39358989896030877, 0.36215955233718444, 0.3343357430148045, 0.3069145452549733, 0.2821392713451585, 0.2594970445759703, 0.2384272144448714, 0.21901343665894968, 0.2001042476109482, 0.1836337878925475, 0.16745123398704578, 0.15349303544738113, 0.14022971461041278, 0.12815936013778323, 0.11704111746819554, 0.10710628563512917, 0.09831441460319215, 0.09002467371088563, 0.08332021218938092, 0.07718820154777625, 0.07170100771207356, 0.06675286372607638, 0.06261144190650997, 0.059258816679918544, 0.05598173145553185, 0.05340466714103791, 0.051264848921825444, 0.04926339302286836, 0.047562410349395415, 0.046080780602279124, 0.04491410512061207, 0.043927662443525355, 0.0427415085691915, 0.04229480418768847, 0.041784529039860595, 0.04108499669803855, 0.04071114049505092, 0.04022315219884984, 0.03993239342572972, 0.039725003455651456, 0.03936474082669537, 0.038996183837957235, 0.03918029090507159, 0.038918498516665706, 0.03860000605167523, 0.038630434740158655, 0.038660604967029166, 0.03841240549255258, 0.03845295857122766, 0.03841935074359155, 0.0384368311508051, 0.03837783827448949, 0.03837586107363838, 0.038382367723382105], "mse": [1655660.4212708697, 1395633.5520863465, 1256855.1239226698, 1105881.9037360083, 970290.6274129396, 863507.3421385891, 739570.7202742891, 652950.5519804264, 561031.4463241346, 485091.4259918385, 412987.63917456043, 353957.00526757335, 300504.27657426085, 255448.7988454948, 217318.92715377038, 184180.2050698041, 155936.90819235172, 130813.59710484867, 110507.69566867883, 92354.05733821575, 77965.83237400484, 65484.775180073986, 55014.32597920219, 46168.28660604671, 38900.979407287654, 32963.421454919146, 27767.15101621258, 23830.433679832935, 20448.50724608876, 17624.259344255814, 15257.997869567562, 13410.573933217971, 12008.164813329962, 10714.789293571866, 9755.959230783163, 8994.775737056585, 8313.305494573719, 7768.041989895007, 7319.595023211325, 6979.724310034868, 6693.229818819737, 6380.087095384451, 6262.425437280959, 6134.026614471324, 5967.584292102324, 5863.981673932371, 5749.460130938331, 5683.393520683628, 5637.9673785528375, 5566.656336474465, 5464.630326777139, 5503.696816470398, 5441.268234053431, 5382.461709126625, 5388.472901994906, 5397.384533469721, 5350.408559605839, 5346.43652656364, 5341.392776760413, 5338.0109535629, 5328.375878813543, 5327.98017564883, 5329.451010243004], "recauc": [0.3804587866194027, 0.43007717068003093, 0.4586303963729706, 0.49276535060913496, 0.5251448848588562, 0.5519599515507106, 0.5860189426350042, 0.6110572983224248, 0.6399870061080183, 0.6655283454271352, 0.6918224415034097, 0.7151206528060213, 0.7380319513432825, 0.7588704500079637, 0.7779621962196219, 0.7958598971008212, 0.8124065295418431, 0.82849830168202, 0.8426145577520715, 0.8564613646549841, 0.8684472150918795, 0.8798378060028225, 0.8902587592092542, 0.8998953376819163, 0.9085418319609739, 0.9162327047519567, 0.9235328125405133, 0.9294887562830357, 0.9349762087319844, 0.939909590959096, 0.9443597841265607, 0.9481014619980516, 0.9511363728965488, 0.954105973560319, 0.9564540009556511, 0.9584129524063517, 0.9602609001640905, 0.9618281087367997, 0.9631982605667974, 0.9642733606694003, 0.965203646290555, 0.9663045860141569, 0.9667096931915413, 0.9672026313742486, 0.96786886096017, 0.968207442966519, 0.96866277738885, 0.9689432498805436, 0.9691633607805226, 0.9695184777737034, 0.9698259455575187, 0.9696531875409764, 0.9698860108233045, 0.9702123545687902, 0.9701957603167725, 0.9701850629507396, 0.9704167898271309, 0.9703577024369103, 0.9703942394239424, 0.9703634807925238, 0.9704226867131158, 0.9704248795249896, 0.9704193085975265], "f1": [], "aucrecauc": 0.8879986636390359, "aucloss": 188815.4350334195, "convergence_rate": 0.8169205100085604}