{"bestEpoch": 65, "lastEpoch": 75, "mae": [0.4762680194537433, 0.4380537672415878, 0.4626553637956204, 0.4093484941175891, 0.3970392090613552, 0.4169664775861072, 0.39158995975433286, 0.3865616858582086, 0.38285417233859026, 0.3789636680292377, 0.399204736548912, 0.4035552587200026, 0.3722885303715204, 0.4013979024254337, 0.36631854161114435, 0.3790878568260113, 0.36434107324463255, 0.36523627273910997, 0.3604340306131414, 0.37202944125604925, 0.36593142832981596, 0.37159940865192087, 0.35845354008418084, 0.3600095754311252, 0.3596037575263374, 0.3545749279097299, 0.3594372796727516, 0.3571182559026345, 0.3545528026576249, 0.3513687085857703, 0.35023163513785377, 0.3572204620545788, 0.3543740031295734, 0.35562117093700546, 0.3611354812911539, 0.34836845899373203, 0.34302026628793203, 0.3494609753736436, 0.342961394567633, 0.3423150202029429, 0.3427491976926451, 0.3434432716404538, 0.34246918073057947, 0.3415738454729362, 0.34202006777026467, 0.34302341101404543, 0.34214701641736484, 0.3397624792921203, 0.3402338687021941, 0.3398572296406666, 0.33961245945167023, 0.3397805838675179, 0.3399933638029602, 0.3404503119940925, 0.33951220792109943, 0.33968793545503856, 0.3394473730185105, 0.33987542538708726, 0.33998133771225464, 0.33973938516532737, 0.33967058848822196, 0.33968493299710356, 0.3396371643018332, 0.33963452013992396, 0.33958725910975024, 0.3395933294121497, 0.3396007323868907, 0.33960865230459414, 0.3396090688064496, 0.3396072558839846, 0.3396163951442631, 0.3396180079327611, 0.33962295122547925, 0.33962072914568714, 0.33961482620838784], "medianabsoluteerror": [0.3948108673095703, 0.3376750469207763, 0.39000015258789067, 0.3170384681224823, 0.30944637060165403, 0.3382505464553833, 0.30617792606353755, 0.29641549348831175, 0.294865665435791, 0.2917293119430542, 0.3167771923542023, 0.325045552253723, 0.28881274223327635, 0.32751592636108395, 0.28091210424900054, 0.3019441306591034, 0.2830878484249115, 0.2836104273796083, 0.2770871710777282, 0.2910300517082215, 0.2826458668708802, 0.2889226639270783, 0.2751568174362182, 0.27962802767753603, 0.2780890035629272, 0.27334094047546387, 0.27885670185089106, 0.2778600215911865, 0.27226385474205017, 0.27161914348602295, 0.27036541938781744, 0.2798973870277406, 0.27272352695465074, 0.27064794778823853, 0.27627295494079596, 0.269243711233139, 0.2629202365875244, 0.2702377438545227, 0.2631702774763108, 0.2614108270406724, 0.2623843729496003, 0.26394853115081796, 0.26304810762405395, 0.2612562704086303, 0.2614721751213073, 0.2631699419021606, 0.2609122395515442, 0.259643120765686, 0.25982663750648505, 0.2601177275180817, 0.2596594631671906, 0.25974300861358646, 0.26003171205520625, 0.2597964358329773, 0.259209794998169, 0.2594930791854858, 0.259290246963501, 0.26003059148788454, 0.2602123653888702, 0.2600302851200105, 0.259942455291748, 0.25995596647262575, 0.25986931324005114, 0.2599229574203491, 0.2597558939456939, 0.2597515535354613, 0.25976366043090815, 0.25987292170524606, 0.259908219575882, 0.25982811450958243, 0.2598315984010696, 0.25981649160385123, 0.2598345756530762, 0.25983524084091186, 0.25976838827133175], "mape": [0.7449375170959276, 0.5532192927998513, 0.7529513783270045, 0.5292885688509464, 0.5691207538578644, 0.6679956306314988, 0.5723523107201027, 0.5032142163176305, 0.5287609803609356, 0.5255136613628835, 0.6363904412358201, 0.6046577070143502, 0.5478965007514008, 0.6603045922077219, 0.5015162494187966, 0.6067495748433145, 0.5522000915620504, 0.5571081226147797, 0.4926108432921405, 0.5546418294783458, 0.4959870120952644, 0.5074667517136621, 0.507513488579217, 0.5198923115730166, 0.5350220154146554, 0.47251957467482075, 0.4705438595908695, 0.5279154067076474, 0.4617117210417839, 0.5226517746118667, 0.5354409843390132, 0.5434215909603288, 0.48386681779762525, 0.47066731125115047, 0.4685137384716049, 0.5370465713294892, 0.49456869760078676, 0.5398772466486543, 0.49683169699404617, 0.48777042902197093, 0.4777389650214657, 0.4884189723774191, 0.5026890628857388, 0.4750370167459409, 0.481658384738064, 0.5015939286471913, 0.47230906259352307, 0.49082860316626215, 0.47747086925407645, 0.4878620752195501, 0.4948328955992995, 0.48443754093773167, 0.4890599071028894, 0.4792838301788485, 0.4830623374412787, 0.48405522405508566, 0.4839838142159015, 0.49218586456384456, 0.4921504649237392, 0.48904509767813925, 0.48848276132420965, 0.48883441225117713, 0.48845275472234134, 0.4890755696606262, 0.48819253228647186, 0.4882234461396042, 0.4882471028505306, 0.48839487724102193, 0.48846023496120544, 0.48832352115671523, 0.4883862861513069, 0.48843939080861776, 0.4884388329050041, 0.48840626508518986, 0.4882319430719671], "mse": [0.37263540593125655, 0.3410473458850565, 0.3398692389785584, 0.29503786024641293, 0.2751760708990419, 0.287899345788683, 0.26449737816217234, 0.26550092697120636, 0.2575338603509858, 0.25326772630736083, 0.2679713620864783, 0.2717066090396105, 0.24048181771690297, 0.2646707383515666, 0.2364311551310087, 0.24128159987163061, 0.22974864934452463, 0.23101183419935176, 0.2280921735724706, 0.23639608114059638, 0.23536606955256675, 0.2397964333652254, 0.22687779040672024, 0.22467934263465753, 0.2238624639838349, 0.21948204119734535, 0.22436839451094187, 0.2203943834326877, 0.22051694787172327, 0.21399953539742472, 0.21310059342120838, 0.21884034576772904, 0.21951262386450843, 0.2235871381047586, 0.23088257179689373, 0.20983583466091377, 0.20633572128160826, 0.2106586061580379, 0.2057382858246453, 0.20674532120841058, 0.2065206310127447, 0.20573600061226413, 0.20516436693550905, 0.2052767940910612, 0.20535863551152897, 0.2055016745167942, 0.2055985312712172, 0.2027245592910161, 0.20377321292389688, 0.20282179706819464, 0.20254767995169867, 0.20274312200748382, 0.20279322589183865, 0.20346080943680878, 0.20271193216544528, 0.20269763006632815, 0.20259127307956573, 0.20257479667193126, 0.20262049509087607, 0.20251711619669466, 0.20248402115933722, 0.20248880099905534, 0.20246773477503566, 0.20244396265593928, 0.20244107004503978, 0.2024433919039412, 0.2024477819796363, 0.2024481979662516, 0.20244677198691413, 0.2024500803424982, 0.20245385413654413, 0.20245356569534392, 0.2024565274429873, 0.20245657002756348, 0.2024570482724896], "recauc": [0.8892289681851521, 0.8981173830302803, 0.8923950339550901, 0.9047933558877318, 0.9076560444410315, 0.9030213269023722, 0.9089232935155053, 0.9100931590581306, 0.9109552864115376, 0.9118600455913435, 0.9071523551771146, 0.90614068578049, 0.9134126196721594, 0.9066424337832591, 0.9148011815769459, 0.9118312080584617, 0.9152610466039304, 0.9150528848706199, 0.916169748071935, 0.9134727512780738, 0.9148911121391364, 0.9135728155529753, 0.916630450790741, 0.9162683883030454, 0.9163628158456277, 0.9175324707538266, 0.9164015531965508, 0.9169409155973807, 0.9175376539113993, 0.9182781431141448, 0.918542662478877, 0.9169171785189839, 0.9175790778204357, 0.9172890652289294, 0.9160067725920319, 0.9189759135876375, 0.9202198500831568, 0.9187219375743475, 0.9202336020559534, 0.920383887780842, 0.9202828142698238, 0.9201214980206173, 0.9203481742615619, 0.9205563540861729, 0.9204524706085276, 0.9202190501892307, 0.9204228958551536, 0.920977438149278, 0.920868007749698, 0.9209553764545242, 0.9210125953610698, 0.9209733482231456, 0.9209237321856047, 0.92081760732506, 0.9210356817987693, 0.920994859425472, 0.921050830678406, 0.9209511747499999, 0.9209267346953578, 0.92098299799357, 0.9209989067078248, 0.9209955727396031, 0.9210066885514802, 0.9210074490322161, 0.9210182870134079, 0.9210169960698988, 0.921015172079145, 0.921013339042741, 0.9210130825339456, 0.9210137958480769, 0.9210115505884702, 0.9210111118744347, 0.9210100031361657, 0.9210105413523534, 0.9210118174351515], "f1": [], "aucrecauc": 0.9952083692142408, "aucloss": 0.22459277108778805, "convergence_rate": 0.861310607408707}