{"bestEpoch": 39, "lastEpoch": 49, "mae": [], "medianabsoluteerror": [], "mape": [], "mse": [], "recauc": [], "f1": [0.019812831920877037, 0.13185230355496935, 0.2304406474407055, 0.22961762908949404, 0.22931468107023867, 0.23587087266011925, 0.2627249969772203, 0.23595499861112185, 0.20596642273317628, 0.26222253731122463, 0.2829281909917025, 0.2953707972330702, 0.27496062917076636, 0.2876622230135794, 0.24513735465513883, 0.2921078720599896, 0.3662975215426067, 0.36590918716279935, 0.37819849025959984, 0.36692349617816283, 0.37367370478513023, 0.3709516103915591, 0.36089483172277576, 0.38030887349753895, 0.38133476887822143, 0.3811694827392133, 0.38152129993506956, 0.38339652581546496, 0.3847496038515689, 0.38155797343464554, 0.3857802345789274, 0.38348762941436626, 0.38535684817222904, 0.38094307932191945, 0.38412819024753925, 0.3824106981479001, 0.38236446226634985, 0.383681386138496, 0.3857844350236342, 0.3858830840039109, 0.3869444232303905, 0.3851141349425936, 0.3853184445740804, 0.3849968226971476, 0.3847672430005388, 0.3857310131264658, 0.3868595690580557, 0.3841099874962696, 0.38566348307657505], "f1auc": 0.8660491879889964, "convergence_rate": 0.8588203224082036}