{"bestEpoch": 53, "lastEpoch": 63, "mae": [0.7248562318011381, 0.6259335878973153, 0.5014528572281793, 0.45500462217602433, 0.4448969899869484, 0.4203807693216337, 0.43329317531366596, 0.3841001009890233, 0.3849887728074183, 0.3892609098857985, 0.37854630745867945, 0.3614768465989735, 0.37542520707935173, 0.35332684507805046, 0.3453122569141775, 0.3568169249990948, 0.3385636118150659, 0.3553373211800992, 0.3546838331207131, 0.34869676808032657, 0.33499934332954595, 0.32837589041555365, 0.33358716590439774, 0.38740126026736, 0.34852317904413044, 0.34043494880837594, 0.32434427301586805, 0.3249493866495622, 0.3220103673115499, 0.3235479696065661, 0.3242199646435631, 0.32117528874691387, 0.3267410169790446, 0.322371440536864, 0.3210048091701025, 0.32540033371472304, 0.32208822847657037, 0.3238264401305784, 0.3243274847766623, 0.31981733632211246, 0.3190868444598538, 0.320659668206965, 0.3192400421868324, 0.3208586848030501, 0.3191924838820582, 0.3196424838211224, 0.3190642031116002, 0.318973447681309, 0.3193946622161066, 0.319623688454942, 0.3192628435017649, 0.3191998157910853, 0.31908477261049584, 0.31946266450080063, 0.3192746196829912, 0.31911364449424134, 0.31930942306698623, 0.3190347496427534, 0.3193638362401609, 0.319395745783687, 0.31902023196434737, 0.3191318989852548, 0.31934758873407654], "medianabsoluteerror": [0.6527805995941163, 0.536691608428955, 0.41340140342712406, 0.3669153845310211, 0.35788565754890433, 0.334021646976471, 0.3512529683113098, 0.30820317149162313, 0.3022699713706971, 0.3072279930114745, 0.3068632030487062, 0.2808272230625153, 0.29414562463760374, 0.2710219955444335, 0.2671288681030273, 0.2778461205959321, 0.26194792270660405, 0.28419591307640074, 0.28089428424835206, 0.26919571757316596, 0.2570218229293823, 0.25198647379875183, 0.2574678897857666, 0.2996042156219483, 0.26954219341278074, 0.267326192855835, 0.2490718626976013, 0.25027432918548576, 0.24575551807880402, 0.24769403934478762, 0.24940821409225467, 0.24511431574821468, 0.25175699710845945, 0.24707885503768934, 0.24496913254261007, 0.25103101730346644, 0.24659394383430472, 0.24776731252670292, 0.24926482439041142, 0.24498201549053192, 0.24367617368698125, 0.24580363035202024, 0.24403664350509635, 0.24569930076599122, 0.24380586385726932, 0.24497117996215811, 0.24374915719032286, 0.24400338649749764, 0.2447415518760681, 0.2447621309757233, 0.24356631517410282, 0.24394100904464716, 0.2442094278335571, 0.24459094405174253, 0.2440907001495361, 0.24426850080490126, 0.2439451265335083, 0.24406010031700137, 0.24379856586456294, 0.2442513656616211, 0.24356563091278083, 0.24423129081726075, 0.24397186517715458], "mape": [1.230540848810115, 0.9541691188247919, 0.7329263451366129, 0.6289446852930003, 0.6230477469878464, 0.646151315741701, 0.6298362807448713, 0.5798970154490555, 0.5490973071905704, 0.5955127450630308, 0.5878979030837925, 0.46342727934901745, 0.5595861614447251, 0.4737841859475158, 0.5182881732744086, 0.4853781736505974, 0.47268395978304534, 0.5476120712662984, 0.5536066276477757, 0.46072930340969287, 0.4410278440563109, 0.43671681506511917, 0.48973614558240586, 0.5191277851153084, 0.4768489135704323, 0.47674865150143697, 0.4533711201240105, 0.4657372903789248, 0.45081493817936097, 0.42728580366604657, 0.4228769301790823, 0.43661267268146997, 0.4381101919167173, 0.4601972202342906, 0.4509048828198811, 0.45718437106814924, 0.4578028613491341, 0.42037827996597027, 0.4556972793120574, 0.4280806571817634, 0.42432237535278905, 0.4368506780906531, 0.44061791484248874, 0.43120667106429367, 0.4256453952286781, 0.4337527062741482, 0.4321751240739756, 0.4334185538651121, 0.431321565293028, 0.43220003801949775, 0.4303970065568236, 0.42997964564733393, 0.43063794867765165, 0.43124685775884536, 0.4315677575841881, 0.4310900941865912, 0.4317215359396042, 0.4313741373129271, 0.4310066682465718, 0.4317673849669605, 0.43134372519302505, 0.4308747213742158, 0.4316623101596927], "mse": [0.7862652011230729, 0.6181896450549177, 0.4134889157292146, 0.34511714201002885, 0.33433639020925904, 0.2971196772551044, 0.3149239287991031, 0.24712114561968357, 0.25146288985050086, 0.2592811744754707, 0.2386950549225531, 0.2276696212960433, 0.24116773549369916, 0.22023691625451067, 0.2076486361251113, 0.22032334100002426, 0.19993298371801735, 0.21285023327474017, 0.21317339465859927, 0.21431754470555195, 0.19767113569214512, 0.18973964906138813, 0.19406143064374465, 0.2639720408795902, 0.21270259026276775, 0.19950880045561267, 0.18528200670318315, 0.1846856511285803, 0.18337780237576287, 0.18514329948772756, 0.18471551648395887, 0.1832344806253385, 0.18721752572600503, 0.1835891543003457, 0.18272789822352153, 0.18521243991962602, 0.18288700839987698, 0.18501617878319662, 0.18440415498026555, 0.18058835529760778, 0.18072738763430818, 0.18130748956331158, 0.1800552006401644, 0.18161914029748585, 0.18063935421610416, 0.18062692942144895, 0.18035894339274963, 0.1801773287938344, 0.18042948521326652, 0.18076920913850103, 0.18038969882370354, 0.18046944513965252, 0.1803126722872446, 0.1804762609443354, 0.18029308972515784, 0.18033777748724836, 0.18036903887386463, 0.180123426155533, 0.1805386578619204, 0.18049939302546028, 0.18014730335844267, 0.18035198360862265, 0.1806314343994394], "recauc": [0.8314133420629544, 0.8544206865352074, 0.8833713950387971, 0.8941744774660946, 0.896525213230948, 0.9022272661284709, 0.8992241406250119, 0.910665376229714, 0.9104586307867798, 0.9094651321630813, 0.9119570427447045, 0.9159272367741729, 0.9126830983202981, 0.917822655212687, 0.9196868739113778, 0.9170110465234887, 0.9212563808032761, 0.9173551101056122, 0.9175070660452012, 0.9188995256560532, 0.9220854805493988, 0.9236258365412472, 0.9224138027617964, 0.909897653158646, 0.9189399655275698, 0.9208210795625065, 0.9245635842382063, 0.9244228474893541, 0.9251064576435549, 0.9247488385084681, 0.9245924133715556, 0.9253006354477527, 0.9240061660734317, 0.9250224164457715, 0.9253402385966246, 0.9243177628785839, 0.9250882093364843, 0.9246840542077542, 0.924567480328977, 0.9256163926058855, 0.925786394617651, 0.9254204722217858, 0.9257506261783519, 0.925374228919539, 0.9257616663944378, 0.9256570482807717, 0.9257915881131096, 0.925812689030587, 0.9257146742415769, 0.9256613443185053, 0.9257453616099274, 0.9257598546799235, 0.9257867150921157, 0.9256989554859767, 0.9257427370791296, 0.925780175087011, 0.925734465478127, 0.9257984673300971, 0.9257219605128242, 0.9257144274245496, 0.9258018355425661, 0.9257757982845434, 0.9257256840901229], "f1": [], "aucrecauc": 0.9919821785597365, "aucloss": 0.21882679069751607, "convergence_rate": 0.9213668400481165}