{"bestEpoch": 178, "lastEpoch": 188, "mae": [2216.801833525347, 2148.7021984432436, 2099.5105724395544, 2029.168244260301, 1966.4246616141781, 1915.156813784077, 1858.2953747370052, 1812.6199217723638, 1757.843572941655, 1708.782751039066, 1650.7139169635227, 1610.7074439425203, 1576.3025872298506, 1530.4142264063871, 1487.9081881836858, 1457.241853386639, 1434.8874083702724, 1412.6416306309243, 1379.2822519032586, 1351.4531570727102, 1318.5820912383822, 1311.9739770709923, 1279.0443252290868, 1267.7517581582317, 1253.1491183696394, 1229.321649556344, 1210.4482564537689, 1199.0295276895515, 1188.590834750641, 1163.0260407601704, 1148.6820286028715, 1139.1721296001617, 1124.7564037205434, 1106.152512742912, 1094.4290391824745, 1077.1743524419537, 1063.6051462970358, 1050.2497763972626, 1037.192723111711, 1028.8484774156811, 1017.0070941426029, 1008.0517997633159, 997.5466244166494, 985.3929822451105, 973.6103065722702, 966.0254982230451, 960.185399680618, 948.6116102390868, 940.7259108666187, 935.2429216091164, 925.8049219436632, 916.8619498575445, 907.9872489570181, 904.3962930288362, 894.2467828472631, 888.0422229426077, 880.4016584257911, 876.3427140088158, 868.1781080059324, 861.3864734297777, 856.5384400281978, 848.6037326349177, 840.6190643316048, 836.4106809317663, 832.1441069129387, 823.7241081234606, 818.5553342798235, 812.2983558359971, 806.4261033030364, 803.0064618735289, 795.5118319735278, 791.4312598072332, 786.8397662267042, 780.7178491896783, 776.2348930087742, 770.9188089425746, 765.9446940695539, 761.0881657586771, 756.34424822339, 753.2807731436377, 749.9489340139473, 744.2369578497321, 741.7123848877385, 738.3994711861274, 732.7796486942542, 729.9080872706818, 725.845295693898, 723.2134516820851, 718.3698254167587, 715.6563954849097, 712.3993185627575, 708.9546978846846, 706.4094368348315, 701.3607314951065, 698.6026651973148, 697.7863036342465, 692.6872273185382, 691.0305370331956, 687.3032258541597, 684.4665277931897, 681.8485073580579, 679.5451685090243, 676.8914467930775, 674.4812133409698, 671.3392654054155, 669.3262124539525, 666.0782943588472, 663.9264791828286, 661.5374857105243, 659.500725980802, 657.2601040551933, 655.4487750615082, 652.7148582858322, 650.2761382335731, 647.7888329677396, 645.8977189095925, 644.0092368493588, 642.6275792072744, 640.7756858510139, 639.4209617482777, 637.4275850305614, 635.3751196268217, 633.2028528803427, 631.5887283863287, 629.922906989051, 627.1522396163207, 624.7316497175578, 623.2211445451204, 619.9374765414676, 616.9736086665278, 614.6122745195729, 613.3259748777106, 610.9067772325012, 609.3919586193923, 609.1645425677697, 607.658917874095, 606.3754679862603, 605.2801343281053, 605.1316881473739, 603.9374838295938, 602.9120624790208, 602.2467816633912, 601.5430095100937, 600.4267333422523, 600.0703008872372, 599.6523703675035, 599.111582498714, 597.9340076471551, 597.1242149678218, 595.9110306687558, 594.6353937512802, 594.2717514086054, 593.8653258438832, 593.2156115794016, 592.6280493139399, 592.4699447496921, 592.3802543742581, 591.4587799820729, 590.445849354809, 590.1023354110695, 589.6086021572546, 589.4870004317535, 588.7925100161215, 588.0595613040197, 587.908202164007, 587.554766381978, 587.2208529348206, 585.8145994984526, 585.8444357975243, 584.048974426691, 584.0476995431586, 582.5192315160359, 582.0178521944583, 579.7719762357349, 577.1655259142917, 575.800643608088, 575.4137804715463, 575.0742239939594, 575.4017051135753, 575.8807165789017, 575.5344068277072, 575.7357444652928, 575.9688696461377, 575.9900205792975, 576.1833747460289, 576.2899945740359, 576.3255809093993, 576.3435539634711], "medianabsoluteerror": [2113.4978026171875, 2029.3063350429688, 1963.256226, 1882.9783326367187, 1811.4592285703125, 1754.9360653769531, 1690.540283609375, 1637.0569307216797, 1574.0642357497559, 1522.3798428128662, 1460.9593963623047, 1417.427444997345, 1384.1118472128906, 1343.0317149868165, 1298.169540522461, 1268.9849094716797, 1249.2744061362305, 1233.1713716318359, 1200.0699159433593, 1174.9095918466796, 1150.0282285878907, 1139.6144102285157, 1114.8721004785157, 1106.7028809140625, 1091.0408939609374, 1071.7040710449219, 1054.6791988125, 1045.8773800195313, 1039.0263976503907, 1016.0750122617187, 1005.2603755078126, 996.8931583730468, 983.2318119375, 967.2620852499999, 955.2692263632812, 943.1035761914063, 930.7412715039063, 919.8681030898438, 906.2330625722657, 899.3720706015624, 890.7511597304688, 881.6687621445312, 871.6838992226562, 860.7279661914063, 849.2982784023438, 844.4614565957031, 837.7963252695313, 828.455566640625, 821.785644359375, 815.4328311621093, 806.5626220703125, 797.9386597304688, 789.7258912929688, 786.8195796640625, 778.3329464804688, 773.6662294277344, 766.6080933164062, 763.2711792539062, 754.0524287304688, 749.1038207460938, 744.8446041953125, 734.47448725, 725.5671388593746, 721.6005249023438, 714.7558591406248, 704.9617922265625, 697.6408085195312, 693.0435786875, 685.8904415976563, 681.1431270273438, 674.8432618359375, 669.518677171875, 661.1706538281251, 654.279174859375, 651.408691171875, 643.8600459804688, 637.8563231796875, 631.759521421875, 624.4793698203125, 623.7149657578125, 619.9401245664062, 611.4649050195312, 607.0862429101562, 603.8010251562498, 595.9234614453126, 594.4032593320312, 590.0698852539062, 586.84460490625, 579.1563108632813, 578.394531078125, 575.8381958632813, 572.2073978750002, 567.8129883359375, 563.5103149414062, 562.1417238125, 559.4559933007813, 552.6165775625, 551.8423460117187, 547.3190921484374, 547.3628542929687, 543.6321408164063, 541.57275384375, 537.6552738515625, 534.3726195664062, 530.504394953125, 529.9136962890625, 527.1791381289063, 526.3251345664062, 522.776489375, 519.434325875, 517.918701, 515.9263301523438, 513.9418941250001, 512.340332328125, 511.89746099218746, 510.57488995703125, 509.40234332812497, 507.51000999999997, 505.32897972656247, 505.16888468359366, 503.35247843359366, 502.652831734375, 500.7878415078126, 499.78253144140626, 498.94445783593756, 494.97631841406246, 492.50915515625, 491.06689476562497, 487.5033572226562, 484.7539066562499, 482.73352045312504, 481.31677199218757, 479.331176578125, 477.6931154140625, 476.89654523046875, 475.63128702734366, 474.48156696875003, 472.4156490078126, 472.62817406249997, 470.04766833984377, 468.94006365625, 468.2673947851563, 468.4507443945313, 466.2170408984375, 466.02819866406253, 465.21826189062494, 464.49444591796873, 462.78222621093755, 460.90954636718743, 460.46160888671875, 457.88311767578125, 457.71447800781243, 456.92858863281253, 457.82946771875004, 456.65576129687497, 455.61218238281253, 456.1447756875, 455.53405796874995, 454.2591555703125, 453.304931578125, 452.2985842734374, 453.7260745078124, 452.7028195351563, 452.62353550781245, 451.9211424687501, 450.0086055429688, 451.07458490625004, 450.921875, 450.1015015546875, 445.9342040468748, 446.3724369296874, 443.41833449218757, 443.81628376562503, 442.32446253125, 437.67840605859374, 435.9169920078125, 435.64428757812493, 436.18566871093753, 434.950683296875, 436.15637212499996, 435.556518375, 435.96972632812503, 436.3957517734375, 436.4650880781246, 436.633422671875, 436.51220696875, 436.8004149765625, 436.946899234375],