{"bestEpoch": 57, "lastEpoch": 67, "mae": [], "medianabsoluteerror": [], "mape": [], "mse": [], "recauc": [], "f1": [0.013864242012350016, 0.010681206118384978, 0.005753716279790077, 0.00792549301924229, 0.009241665520201465, 0.012392751293974052, 0.02027802473571956, 0.0381014957584916, 0.04298699640375795, 0.07292820931222978, 0.08938718893296492, 0.10409759900172144, 0.12072447597745666, 0.1346899467032838, 0.15820966698982708, 0.1356090132696895, 0.17146627364109188, 0.1625640400204395, 0.1744995967353045, 0.18184603151791903, 0.1826075545128771, 0.18330477510452564, 0.18592846750206296, 0.1973575281170717, 0.1968290705603313, 0.1941293530528442, 0.21090493900502702, 0.21175405387007531, 0.2153829829658133, 0.19861352659146836, 0.21698605076626967, 0.214333285566961, 0.2097965294981203, 0.20877374786548175, 0.23698325311275778, 0.23346467412167662, 0.24396504435857583, 0.2120688626891624, 0.22448065666628608, 0.23190152661222113, 0.24890078849440236, 0.23749400623443473, 0.2516548403605145, 0.25569662054623604, 0.25161637009341414, 0.24827817304270575, 0.25104605475611835, 0.24593617295279138, 0.2659580303225601, 0.2683793794622954, 0.2750511010207496, 0.2732028515346001, 0.27511830788646957, 0.2741746653396027, 0.2645108403973013, 0.2760812224525712, 0.27879083906344637, 0.27220172505534057, 0.2771650121849551, 0.2765977249697798, 0.2725285151371535, 0.2751548036737422, 0.276593509678022, 0.27666687601462414, 0.27707892893585034, 0.2767408623725878, 0.2766130104177482], "f1auc": 0.702753740174806, "convergence_rate": 0.6964898643075744}