{"bestEpoch": 52, "lastEpoch": 62, "mae": [0.777645943470694, 0.7742261795120614, 0.7561965918786143, 0.7403427851144985, 0.6958439285868949, 0.6500080411668101, 0.7154487941732987, 0.5569085069924407, 0.6098894127430233, 0.5032732326544591, 0.5040900791295833, 0.4935404712965359, 0.6911251328949285, 0.4675955278615915, 0.6936305497274909, 0.5041949570987206, 0.46912571293348504, 0.4948173609993782, 0.4356732428148073, 0.44347047765689956, 0.4305781382062509, 0.43001111749329324, 0.45332086923008547, 0.43788075167039153, 0.4350200503888816, 0.4243205195699751, 0.42177741037190614, 0.43273386188932045, 0.44382416904946537, 0.426874203051715, 0.4278532896682159, 0.42004333568304014, 0.4196340644484603, 0.4193205251150024, 0.41837192165847, 0.41914089357843126, 0.4198212611873212, 0.41716823527785035, 0.41743640172570706, 0.4169640674713537, 0.41714074748232943, 0.41741996792889996, 0.4172482060546177, 0.41732287005586177, 0.4172565558289614, 0.41744848541115076, 0.4174984718204131, 0.417516336994442, 0.4174784855019109, 0.41754528262159246, 0.4174464501486976, 0.4174161248748885, 0.4174656077499825, 0.4173120579778644, 0.41728648625843284, 0.41736690100049123, 0.41736665292864067, 0.41739892986943716, 0.4172739816988936, 0.41716892154347845, 0.417186266652962, 0.41723419694032], "medianabsoluteerror": [0.6412488007545472, 0.6573274779319763, 0.5918191289901733, 0.586254789829254, 0.5346778106689453, 0.4793104183673859, 0.507252540588379, 0.4147447848320008, 0.5367524194717407, 0.3791588580608367, 0.3805330491065979, 0.39005384445190433, 0.6132650470733643, 0.357534865140915, 0.6127911329269409, 0.37941736698150635, 0.3471653735637665, 0.37651136636734006, 0.326349925994873, 0.3269738674163819, 0.31963460683822625, 0.32195792675018314, 0.3459666538238524, 0.33056497812271113, 0.31887851715087895, 0.31467043161392205, 0.3105702209472656, 0.3247062814235687, 0.3389275360107421, 0.3199487340450287, 0.3159530305862428, 0.31010775566101073, 0.3096608984470367, 0.3098937058448791, 0.30886392235755916, 0.31005310297012323, 0.30946970105171206, 0.3064310193061828, 0.3078064322471618, 0.3076817512512207, 0.30802508354187014, 0.3084557509422302, 0.30848250150680545, 0.30820013642311095, 0.30829801559448233, 0.30857508301734926, 0.3087928724288941, 0.3086936962604523, 0.30850829482078557, 0.30849978446960447, 0.30850256085395816, 0.3084212970733643, 0.30842764377593995, 0.3084431982040405, 0.3083276510238647, 0.3083415126800537, 0.3083173251152039, 0.308271324634552, 0.3081147062778473, 0.3080527877807617, 0.3080424100160598, 0.3080380201339721], "mape": [1.0967124950317317, 1.1535106144983653, 0.9744916643191945, 0.9634971620632575, 0.8619432994827928, 0.7306465362927169, 0.5976561389087607, 0.6773131753723327, 0.9652022259614472, 0.6423334922748067, 0.6145167258833019, 0.7002096413096027, 1.042549660112045, 0.5900131260885786, 1.0299713052472057, 0.5756291166178538, 0.5169961874570018, 0.6878846505545676, 0.5530531585962796, 0.5094781282720695, 0.5470195247692076, 0.5617418940611775, 0.6413720769073967, 0.5538641362575539, 0.5217813232953533, 0.5657081735114359, 0.5426929878787884, 0.5466260043173693, 0.6282882996612812, 0.551028254329067, 0.5621337330284558, 0.5368604433904961, 0.5227815591750172, 0.527383911542639, 0.5461467369127797, 0.5338344977781883, 0.517316388460567, 0.5251472616220236, 0.5342305865524124, 0.5369876854159661, 0.5360377323882691, 0.5389795088495111, 0.5338581153758329, 0.5375041971551612, 0.534066166365416, 0.5356121167136925, 0.5383694432889977, 0.5399261710047991, 0.539683837321102, 0.540698044243903, 0.5400140604568898, 0.540277912925075, 0.5409454665593191, 0.5389528711784791, 0.538999264821758, 0.5402833898877833, 0.540137023849445, 0.540381699443705, 0.5389754058286523, 0.5377595132539305, 0.5374989952409406, 0.5386093988573429], "mse": [1.0131366112976725, 0.9728762865323664, 1.0166857834794265, 0.9657186782390639, 0.8759353620268846, 0.7911795128476833, 0.9601156236916343, 0.5781169905244322, 0.5742698288941176, 0.46383752585358495, 0.4573305089729993, 0.4169425816790747, 0.7039288851531067, 0.391257725650344, 0.7143656048314028, 0.46521146533010754, 0.4105863463300956, 0.43183314783355875, 0.3486259051332718, 0.3655859855291489, 0.3418861483541282, 0.33760398368709726, 0.36408485943280633, 0.34871595826838797, 0.35463493079974223, 0.3316017441314942, 0.33058554241267174, 0.34069437117100254, 0.34895639218632757, 0.3330527531825486, 0.3364309161500926, 0.3255483690516074, 0.32676523916052624, 0.32551733614734735, 0.322249685760664, 0.32405809358040555, 0.32811042472894764, 0.32395843949250036, 0.32328730462843575, 0.3215886052719032, 0.32149914974511207, 0.32140475439529875, 0.32166001684884943, 0.3215294003212989, 0.3218164701836775, 0.32194427472457926, 0.32166653805298545, 0.3214258747589898, 0.3214454067021604, 0.32139310551584077, 0.321378404437893, 0.3213404269209861, 0.32134736743047115, 0.32139662798949165, 0.32138882458134826, 0.3213901317949272, 0.32137585204433067, 0.32137732409284236, 0.3213839645595291, 0.3214092534640081, 0.32142792697098216, 0.32135201398442625], "recauc": [0.8191589238259166, 0.8199498812956768, 0.8241620018862326, 0.8278440641733213, 0.8381832604590553, 0.8488320586610106, 0.8336158738947042, 0.8704751888882634, 0.8581510745624458, 0.8829480653930265, 0.8827581354907807, 0.8852115600613335, 0.8392613853402706, 0.8912459753463103, 0.8386774156076469, 0.8827430121328, 0.8908919663948357, 0.8849190159800031, 0.8986731048125811, 0.896859088826459, 0.8998575542047635, 0.8999895199034977, 0.8945724175870096, 0.898159444657657, 0.8988246343143741, 0.9013146905377034, 0.9019059504182817, 0.8993566138493349, 0.8967795607620147, 0.9007204549612637, 0.9004944128850109, 0.902309216811878, 0.9024038155756967, 0.9024768424021088, 0.902698440802694, 0.9025193198063362, 0.9023604264991512, 0.9029787803635325, 0.9029164842627454, 0.9030267617228562, 0.9029857351763113, 0.9029208733414527, 0.9029607026315801, 0.9029436199211512, 0.9029589852502753, 0.9029143533660021, 0.9029028376071621, 0.9028987192518434, 0.9029074476581819, 0.9028920009182058, 0.9029149639473916, 0.9029221300407146, 0.9029106362498821, 0.9029463239244473, 0.9029521144328199, 0.902933548235756, 0.9029336147858968, 0.902926199937193, 0.9029550329472495, 0.9029796022254661, 0.9029754386418964, 0.9029643570742665], "f1": [], "aucrecauc": 0.9845534328806175, "aucloss": 0.4264259058083211, "convergence_rate": 0.8337078784232241}