{"bestEpoch": 46, "lastEpoch": 56, "mae": [0.748197190026078, 0.4904408825828407, 0.4730740107952095, 0.4718680219158045, 0.46672309581130933, 0.46281213718860537, 0.4658168942325248, 0.4621197532550832, 0.45507441442863183, 0.45225992234978757, 0.4592107180561132, 0.44436912576885895, 0.4577722417020012, 0.4848000143286966, 0.44545014356087864, 0.44782273199936, 0.42922402048648706, 0.4346058524402816, 0.4303332820133922, 0.42676243898890986, 0.4279474159326055, 0.4310341974219381, 0.4241599631450809, 0.4293142809467926, 0.43421936116695103, 0.4248814143673378, 0.4237550871862902, 0.42413024177800923, 0.4225924405905001, 0.425735990750719, 0.42342151226071656, 0.4207402506208353, 0.41943570347592557, 0.41951534638558147, 0.41951342547987963, 0.41944988462107036, 0.4198375904477528, 0.42063945918761714, 0.41956108254913155, 0.4202471433777248, 0.4194798805941256, 0.41918431811141066, 0.41914582595653577, 0.41916500582653043, 0.41975303239962136, 0.4193410685277127, 0.41913752047668323, 0.4194224330827796, 0.4195318950815129, 0.4191727972415749, 0.4196839292295758, 0.4194932536873808, 0.41913321304615464, 0.41927436503978127, 0.4192885794893215, 0.41918323303554583], "medianabsoluteerror": [0.6603346347808838, 0.40919305324554445, 0.39664775133132935, 0.3943121004104614, 0.38506863117218015, 0.3895673155784607, 0.3862043857574462, 0.38203732013702385, 0.3809600353240967, 0.37370970249176017, 0.3841408252716064, 0.3706224679946899, 0.3801371455192566, 0.4029986310005188, 0.37097852230072026, 0.37282294034957886, 0.35786236524581905, 0.36395606994628915, 0.3577160215377808, 0.35019912719726554, 0.3580143690109254, 0.3556941342353821, 0.3487441301345824, 0.3578638362884522, 0.3613501787185669, 0.35402860641479483, 0.35265403985977173, 0.3491995811462403, 0.3494654059410095, 0.3555378437042237, 0.3521885156631469, 0.34888664960861204, 0.3459260940551757, 0.3471070766448976, 0.346818585395813, 0.3474547386169433, 0.3484386944770813, 0.34847040176391597, 0.3473393917083739, 0.3473392963409423, 0.3474683284759521, 0.3470796585083007, 0.34736328124999993, 0.3472591042518616, 0.34756955146789537, 0.34771559238433825, 0.3469042301177978, 0.3473579049110411, 0.3477077245712279, 0.34703557491302495, 0.34788295507431033, 0.347381591796875, 0.3470190072059631, 0.3470379567146302, 0.34726121425628653, 0.34715941905975334], "mape": [0.3262621782570941, 0.2558915654600134, 0.2572255707468132, 0.2726861864845811, 0.2632239037763076, 0.2576892640539399, 0.2729871863236523, 0.27059449713269174, 0.2452722197390439, 0.2571276169160732, 0.2680805045921906, 0.24780672614772686, 0.2341817530011505, 0.23763679571773155, 0.2329925200318721, 0.2327658604977424, 0.234280752150091, 0.24828247785531352, 0.2445509894774222, 0.23558279385970896, 0.2392693100937783, 0.24871096202837764, 0.23609401924154397, 0.24334945345931222, 0.24939125490183467, 0.23867705904887998, 0.23634197671677593, 0.22539071522975757, 0.23378317293002446, 0.23816512187716224, 0.229112988663918, 0.23501519633174586, 0.23098980536682964, 0.2324264263129294, 0.22835748021161303, 0.23282969450936566, 0.23026366418712646, 0.23556977566220358, 0.22858458441653107, 0.23462683852086363, 0.23273144487550895, 0.23162605571352052, 0.23179701064697042, 0.2319469435180473, 0.23392170238210658, 0.23243064588501525, 0.23203922743118904, 0.2328848075437015, 0.23324498370848593, 0.232228105030923, 0.23368353449039375, 0.23319363579370103, 0.23177067943376697, 0.2325674513722285, 0.23279522974898129, 0.23211874333519283], "mse": [0.8563160043642821, 0.39391478090843524, 0.36354291929954125, 0.3583564824026565, 0.35837777068448207, 0.34623299309852035, 0.3505561614439749, 0.3458511279345918, 0.33722842223384847, 0.3339126882869443, 0.3397076104608952, 0.32065115082995577, 0.34692425874728555, 0.3868270386098291, 0.3265922392461292, 0.33083200172208455, 0.3033135185723373, 0.3049235109403507, 0.30114329439993376, 0.3020788767171382, 0.2988350196652401, 0.30365542564720227, 0.2975802422839964, 0.30014248801297605, 0.30604864727290043, 0.2948803997529816, 0.29442907104736055, 0.3000501911760858, 0.29560461875564653, 0.29532763637331594, 0.2952559258173722, 0.29094393481192965, 0.29166825958123505, 0.29085122661142154, 0.29194819748943873, 0.2905794713308043, 0.2910443868771863, 0.2911642005516468, 0.2917450005775112, 0.29129695032486574, 0.29029850033887333, 0.2902092138145143, 0.29002007142526637, 0.2900898008963336, 0.2903835784364922, 0.28989509569025873, 0.289985261055382, 0.2901163415812262, 0.2900559734701757, 0.28998889574170095, 0.29009662750914234, 0.29013716715316523, 0.2900746972957156, 0.29010657227626957, 0.28995273976973673, 0.28992671581992757], "recauc": [0.8259970925243091, 0.8859361027239174, 0.8899739853176536, 0.89025420175861, 0.8914511581716436, 0.8923612990988387, 0.8916609863902757, 0.8925207100422645, 0.894160020257886, 0.8948140813615082, 0.8931971420829082, 0.8966492930713953, 0.89353275648026, 0.8872475766503359, 0.8963975919443498, 0.8958461761143687, 0.900171353767991, 0.89891946413496, 0.8999129688094918, 0.9007435666842508, 0.9004680272825722, 0.8997499242315397, 0.9013488219874507, 0.9001498624916537, 0.899008986037004, 0.901181226490247, 0.9014427432527492, 0.9013556356483429, 0.9017135928971644, 0.9009822165082856, 0.9015207076851977, 0.9021441184430427, 0.902447597139859, 0.9024290310002558, 0.9024294967964857, 0.9024441505657074, 0.9023541130553223, 0.9021675354343964, 0.9024184506959025, 0.9022589226410241, 0.9024373983750797, 0.9025060511222586, 0.9025151932343843, 0.9025107493581794, 0.9023737840699418, 0.9024697582301149, 0.9025169970687036, 0.9024506166016542, 0.9024253968358134, 0.9025087166001158, 0.9023896614153806, 0.9024342474940978, 0.9025180039092461, 0.9024850410097175, 0.9024818986073928, 0.9025062270543955], "f1": [], "aucrecauc": 0.9955387554057191, "aucloss": 0.3141554552190256, "convergence_rate": 0.9473856330796377}