{"bestEpoch": 15, "lastEpoch": 25, "mae": [0.5930610723673343, 0.47197803514780573, 0.4623461249913017, 0.44772279012389626, 0.45580231441368885, 0.43580568056900415, 0.44927275066199407, 0.4354079218742242, 0.43375651674063953, 0.4351373318243916, 0.4699317402940809, 0.4719582636902198, 0.4539663211409382, 0.4416875756507083, 0.4339002077685725, 0.4343774332999667, 0.4356282011121354, 0.43707286334004103, 0.4407492500544879, 0.4379002950038897, 0.437668646610386, 0.4382969909697757, 0.43854632077415684, 0.4382949715252301, 0.43833999427308346], "medianabsoluteerror": [0.4870869398117065, 0.37477699041366574, 0.36421589136123655, 0.35187960982322686, 0.36120505213737486, 0.33474697113037105, 0.34199417829513556, 0.3380348205566406, 0.3315805780887604, 0.3371002954244614, 0.37908601880073545, 0.35559678792953486, 0.3518730056285857, 0.3374962067604065, 0.3347302794456482, 0.33370726227760317, 0.3351032984256745, 0.3361679553985596, 0.3401515161991119, 0.33685794949531545, 0.3361726999282837, 0.33738429307937623, 0.33736840963363646, 0.3370396852493285, 0.3370262372493744], "mape": [0.9127096777772732, 0.7162765167633298, 0.6845655251625355, 0.5413575341556119, 0.6366288831367448, 0.5497782022397386, 0.526112684451171, 0.6244794358852377, 0.5879853331749585, 0.5366060478974816, 0.6804000309112668, 0.5179555040568613, 0.6324986759631626, 0.5289156376450989, 0.5738872371977707, 0.5676465701912309, 0.5465337531942733, 0.5683954412366462, 0.5565644273400631, 0.5596183490368062, 0.5592884635037879, 0.5634594573992757, 0.5573063540846793, 0.5614615096501087, 0.5619158123702298], "mse": [0.5807956817330585, 0.37787789803019545, 0.3710190691759491, 0.34533714162305784, 0.3528903069844986, 0.3336560715859912, 0.36165221213897186, 0.33182948917528937, 0.33471038900078615, 0.33077388391173884, 0.3681210136691846, 0.4031642173367865, 0.3571908250412755, 0.34666838388508703, 0.32906445499804704, 0.3316311799103901, 0.3338307679420647, 0.3346136411987884, 0.3406272466917814, 0.3372366443609603, 0.3368599688295173, 0.3373676556152242, 0.3379358720815569, 0.33747894764494984, 0.3375521463254891], "recauc": [0.862066847698815, 0.8902267308637497, 0.8924672683179318, 0.895868029297729, 0.8939887851279151, 0.8986397470390638, 0.895507773032546, 0.8987321619244735, 0.8991164741272236, 0.8987951991224602, 0.8907026141219682, 0.8902314804762297, 0.8944158910095912, 0.8972716725628348, 0.8990827907102986, 0.8989718483948973, 0.8986810210487537, 0.8983450009880241, 0.897489883367415, 0.8981525224738307, 0.8982064235651015, 0.8980602768713035, 0.8980024564290188, 0.8980608189641985, 0.8980501987247296], "f1": [], "aucrecauc": 0.9963056331641931, "aucloss": 0.3512796331192236, "convergence_rate": 0.9103518315965012}