{"bestEpoch": 25, "lastEpoch": 35, "mae": [], "medianabsoluteerror": [], "mape": [], "mse": [], "recauc": [], "f1": [0.2691858990071707, 0.2733700967961489, 0.2975536721495929, 0.2916320173885665, 0.27839537190831964, 0.3085569581685993, 0.30486552818063617, 0.31740292919136687, 0.3244271632060543, 0.32257022244602085, 0.3122611505320819, 0.32693798891528475, 0.3340599605936955, 0.34025442760382063, 0.3364667285939753, 0.3182180198460349, 0.3234849377033058, 0.3231211491203435, 0.32188584048960095, 0.3346713165930118, 0.33897910825200117, 0.335681778272245, 0.3359773816710635, 0.3378075866875775, 0.327377670233795, 0.3431803367910201, 0.3377454287998443, 0.3312481690376609, 0.33562766709521386, 0.33767026129095845, 0.33309820311260757, 0.3346195228164872, 0.3388011318589823, 0.33786165340226093, 0.3397087369758871], "f1auc": 0.9427609504601727, "convergence_rate": 0.7345298256599047}