{"bestEpoch": 23, "lastEpoch": 33, "mae": [800.1592393684462, 539.5246914721471, 375.58311434013893, 271.42024836515395, 204.76422221531132, 160.93005804439005, 134.2304776415868, 112.89163763404169, 108.64215597133102, 97.5145329807905, 89.22048071885996, 86.15072191209259, 85.02599115356945, 79.10468328164583, 78.74600466029284, 78.44621726251042, 76.03813488628936, 72.81652102530093, 74.2221187187176, 66.42583263827893, 66.43547928590972, 66.47592127074536, 64.84020203301041, 67.00186736070718, 63.67595192454745, 64.01952505756365, 62.83020398549884, 66.0726352825764, 66.45064067185186, 65.78021527004977, 66.81544798146412, 66.49534869785532, 66.86595695106597], "medianabsoluteerror": [706.1989133398438, 482.710693296875, 340.83337443749997, 246.04919386718757, 188.9770509609375, 151.9835202109375, 127.63232428125002, 106.48034697656249, 103.33801264062504, 92.278686703125, 83.90173363281247, 80.80920415624996, 80.01391571875001, 74.06677199218757, 73.12341349999997, 73.48754853906257, 71.41857916406252, 67.77331537500004, 69.67370610937496, 60.477050953124944, 60.83569324218752, 61.386230234375034, 58.54675321874993, 62.59851115624997, 57.813232242187496, 59.408752296875036, 56.06225574218752, 60.67089878906245, 61.0867919921875, 60.05847197656249, 61.490966976562504, 61.05236810156248, 61.52819782031247], "mape": [0.4827125115331953, 0.32304868132959463, 0.22361996756142852, 0.1612864039523251, 0.12164408320444337, 0.09611169420642897, 0.0808436350963086, 0.0685598354355639, 0.06662367189579933, 0.06020879623601719, 0.055431238519630055, 0.05366318165978063, 0.05315907093329692, 0.049891635110643956, 0.04961403480713071, 0.04943737391590956, 0.04812276432669129, 0.04642444181788775, 0.04723873052620601, 0.04298685771621816, 0.04288568611283058, 0.04302794893110057, 0.04192517018180143, 0.0433084246517085, 0.04128878848195594, 0.04158566911431177, 0.040903019351626546, 0.04278516426307448, 0.0429427551948567, 0.04252894670781367, 0.04320855128156376, 0.04299572354980362, 0.043180653978412496], "mse": [716337.4582989225, 330747.65824673267, 162900.3263590637, 86353.09129892681, 50292.8470984189, 31907.68065174898, 22636.52304449897, 16455.362929203508, 15147.155288501674, 12419.95873103125, 10592.35967624852, 9946.728330906713, 9698.690171197108, 8553.491089819105, 8526.90399763097, 8410.642598031738, 7991.1617717371955, 7490.917592705414, 7673.445079647223, 6531.730873296622, 6477.120402917147, 6463.675165545428, 6282.522741478187, 6485.521524237098, 6064.283692945082, 6013.894984567307, 6020.646425732712, 6416.1786500503285, 6475.640094843001, 6372.808713635154, 6538.473479288291, 6482.295297527388, 6532.158995634517], "recauc": [0.5917142973556615, 0.7247044852633411, 0.8083576209472799, 0.861507202572109, 0.8955185444470373, 0.9178842180514347, 0.9315094620573168, 0.9423960025632193, 0.9445646935063876, 0.9502428909557622, 0.954475195667715, 0.9560419597515306, 0.9566138984268797, 0.9596356524541343, 0.9598192856322668, 0.9599724268723169, 0.9612016757231278, 0.9628452474877117, 0.9621277238834995, 0.9661053364595719, 0.9661003581839664, 0.9660805636119167, 0.9669146322039611, 0.9658124479114578, 0.9675091805476844, 0.9673333407414816, 0.9679399199179177, 0.966285917480637, 0.9660942538698314, 0.9664356213399117, 0.9659067684546232, 0.966071436773307, 0.9658816103832606], "f1": [], "aucrecauc": 0.9670281860110448, "aucloss": 39118.89202029352, "convergence_rate": 0.9151694300340213}