{"bestEpoch": 24, "lastEpoch": 34, "mae": [], "medianabsoluteerror": [], "mape": [], "mse": [], "recauc": [], "f1": [0.015923340740943034, 0.017444351741543334, 0.016782354990968452, 0.02021390873819304, 0.015561853455982388, 0.013359806757380575, 0.017292637766145112, 0.024699467131018338, 0.02310268632242803, 0.023525317042027195, 0.02381607298569112, 0.023146262223085124, 0.026755784767897264, 0.018331950822214234, 0.01991039895196018, 0.024351225841745823, 0.025161189664141357, 0.027858687369451893, 0.028528068169006403, 0.028884725618772124, 0.026413898828029917, 0.026322587459932177, 0.02980149998444017, 0.030375928883024296, 0.030054510726546427, 0.029985768856828552, 0.02975853374087888, 0.029574439614028843, 0.029764754759817456, 0.02981611205561984, 0.02967534028647908, 0.029528863594975457, 0.029530811821174386, 0.029460916613469425], "f1auc": 0.8200491757741407, "convergence_rate": 0.6787650324342321}