{"bestEpoch": 28, "lastEpoch": 38, "mae": [1.3041024115821143, 0.9948229155426478, 0.90579137838685, 0.8245593035929826, 0.7966833282710907, 0.766855165280709, 0.7597401121384512, 0.7750013131909299, 0.7413464955588446, 0.7321182793895391, 0.7351355226467893, 0.726425674037927, 0.732006827159283, 0.7173994629311565, 0.7081108829070538, 0.7051090959296049, 0.700486009773257, 0.7058608504546305, 0.6966205720168039, 0.6791855591091784, 0.6767269945963215, 0.6751347685733605, 0.6682053142461906, 0.6754650236259733, 0.6835995062969201, 0.6730979977305773, 0.6736122736714467, 0.6717209665869324, 0.6759315625899062, 0.6751873564225697, 0.6753440903336348, 0.6805843949204199, 0.6782544158878796, 0.6781071631649037, 0.678158832718008, 0.6781536881781378, 0.6784244495749274, 0.6783650884256268], "medianabsoluteerror": [0.9134545278549194, 0.6700809359550476, 0.6136287307739259, 0.5603798675537108, 0.5417483866214751, 0.5189471340179443, 0.5173080921173097, 0.5269273138046264, 0.5015255784988403, 0.4954421353340149, 0.49966374635696414, 0.4921341967582703, 0.49574210047721856, 0.4891640472412109, 0.4823047876358032, 0.47818558216094964, 0.4791497838497161, 0.4903611755371094, 0.4798038792610168, 0.4662591862678527, 0.46678783774375915, 0.45968693375587466, 0.4549667334556579, 0.45948078870773323, 0.4632461261749268, 0.4587879562377929, 0.4599395084381104, 0.4604853665828704, 0.4630818843841552, 0.46247485399246213, 0.4621922391653061, 0.46683316469192504, 0.46431093215942376, 0.4640539407730103, 0.4644551253318786, 0.46435019850730885, 0.46463527441024777, 0.4645170903205871], "mape": [1.2814089867967666, 0.9671902384812799, 0.9658178570844009, 0.8848926577876566, 0.8658811638032363, 0.8343489247175747, 0.8448542958935175, 0.892865483760651, 0.8315101003373921, 0.816611188724732, 0.8400878709761052, 0.8232210131771486, 0.8437413390646539, 0.8386704996530148, 0.8116638146711973, 0.8028766376867457, 0.8095180031548672, 0.8375289814996646, 0.8255286990194901, 0.8008607262302531, 0.8088384879093833, 0.7896123731639154, 0.7566048069576156, 0.7743452967234153, 0.7769105469848727, 0.7738175086597594, 0.7430425123878744, 0.7696358608363271, 0.779247181263269, 0.7760575251639283, 0.7725535543243158, 0.7841636482291762, 0.7766403114348116, 0.775428209806901, 0.7769705620094391, 0.7751287643323216, 0.7759045066190686, 0.775725788138866], "mse": [3.4503012277415617, 2.0988279834128964, 1.7386932656010694, 1.4567280259129491, 1.3628129140386307, 1.2669036613784834, 1.2367493259974622, 1.2916465669450046, 1.1905828639513152, 1.1661114309432052, 1.1708256558308703, 1.1481461026984923, 1.1580586420327126, 1.1093755048980292, 1.0789580553124916, 1.0796934365902089, 1.0541719587904865, 1.058332416941512, 1.0331764645183683, 0.9847169488733712, 0.9754199103831064, 0.9805835745288137, 0.9616009321259421, 0.9826813686643944, 1.0108002636562403, 0.9682697501155577, 0.9673702592794979, 0.9606350669835612, 0.9731360299524795, 0.9705300792698364, 0.9715499667082388, 0.9857357974149433, 0.9795793792335472, 0.9794968527622417, 0.9789981829254054, 0.9793254791796835, 0.9799914623016398, 0.9797874742493942], "recauc": [0.709301066553104, 0.7736788896674222, 0.7927250421474643, 0.8106577319445537, 0.8168519580240943, 0.8234825453007747, 0.8250373510727218, 0.8218350930101602, 0.8293550776911707, 0.8314618451624601, 0.8307910433259029, 0.8327929626655637, 0.8314349963803895, 0.8347629098314843, 0.8367206085408975, 0.8375288024971401, 0.8384560365640791, 0.8372561426933334, 0.8392932085838409, 0.8431546002403013, 0.8437355794163526, 0.8441597348007641, 0.8457387958376421, 0.8440853760023579, 0.8422799498302912, 0.844544377815865, 0.8443300821625326, 0.8448122411636458, 0.8438771622565587, 0.8440416431911044, 0.84400166723222, 0.8428247034386486, 0.8433471003994434, 0.8433817562237663, 0.8433656888875739, 0.8433665185029221, 0.8433050455563045, 0.843318261251267], "f1": [], "aucrecauc": 0.9845472858724981, "aucloss": 1.1487908089499503, "convergence_rate": 0.9079145301539627}