{"bestEpoch": 41, "lastEpoch": 51, "mae": [], "medianabsoluteerror": [], "mape": [], "mse": [], "recauc": [], "f1": [0.01429166544917259, 0.1195169645997941, 0.18662454821808402, 0.19674506548701437, 0.21025143451823297, 0.25573834131760825, 0.2518601921089574, 0.28597987309599016, 0.3052822497353783, 0.2852564056045997, 0.3106584548502677, 0.30752826285236623, 0.33091602288870264, 0.2637805889466666, 0.23230248263963094, 0.3676371457165914, 0.37041054848933724, 0.37348869879019087, 0.32491174411825624, 0.37312235811862926, 0.3324528799045095, 0.3560923776227989, 0.43431030442052004, 0.4320519090144632, 0.4295447552192605, 0.42940397807754693, 0.44202985857083327, 0.4437172375889237, 0.44419067849464283, 0.43746257440510494, 0.446053435154388, 0.44261538512484605, 0.451909644547504, 0.45291630866886623, 0.45311317243650906, 0.4528833689060184, 0.45292072265695654, 0.45553718960391254, 0.4559689688709015, 0.45529166792982206, 0.4563438352197918, 0.45525121184568457, 0.45518410376980517, 0.4553659169408401, 0.45598900393321684, 0.4555880533582171, 0.4545098723179027, 0.45524867207593167, 0.45515248103119627, 0.4545826033508212, 0.45580434697001104], "f1auc": 0.8257256965153585, "convergence_rate": 0.8200913614478879}