{"bestEpoch": 14, "lastEpoch": 24, "mae": [1317.7801557186342, 978.3265908676505, 698.3309666362413, 474.57601739000114, 316.4853957352847, 206.95553495040974, 137.0808528953206, 96.32856980139469, 75.40723547264814, 65.37623058811575, 60.396061788039354, 58.45333358075579, 58.274059384332176, 58.02964779989814, 57.78971675527199, 55.46810531969561, 57.05980960123032, 57.95014391077662, 57.700659210457175, 57.32700798824885, 57.75087881038889, 56.97815863189468, 57.21016649880555, 57.24748436974884], "medianabsoluteerror": [1150.5032954296876, 856.7956538281251, 616.4539794296875, 425.646972953125, 287.734130859375, 192.11206013281253, 129.94604485937498, 90.7905277578127, 70.63806158593752, 60.159545718749996, 54.018432789062444, 51.6121826171875, 51.276489437500004, 51.0987548828125, 50.63623046875, 47.339721851562444, 49.59497051562539, 50.76611363281245, 50.43200654687507, 49.86694365624999, 50.578124828125056, 49.415160953124996, 49.75842243750003, 49.84875482031248], "mape": [0.7970358784333974, 0.5902277667181731, 0.41970249512042734, 0.2833881959340677, 0.1883825371769474, 0.12338808947897939, 0.08274581716692156, 0.059621704204925324, 0.047938555699466534, 0.04246023639001399, 0.039756711118803675, 0.03873953481178406, 0.03863710370012096, 0.03848450415658664, 0.0383732134149428, 0.03718731866540831, 0.038000894203894735, 0.03845859220522563, 0.038342714692783456, 0.03812791826079877, 0.038352164017619324, 0.03795052589535627, 0.03806874658866378, 0.03808763323743201], "mse": [1935162.23378883, 1070941.7755528942, 549398.8411329482, 257514.20750172192, 116257.92991352122, 51137.342563891056, 23468.867990635943, 12145.485677450723, 7894.144229282169, 6318.789749819851, 5665.561576469424, 5440.277268598747, 5421.342349597379, 5385.403653255446, 5359.221295550715, 5148.637235074235, 5291.134649708145, 5376.512844971613, 5356.612410432721, 5308.909695003297, 5353.641513539528, 5274.266960445681, 5295.160163743223, 5301.114536335225], "recauc": [0.34016914284020994, 0.5008038729798906, 0.6436733599285854, 0.7578457253132721, 0.8385112437169643, 0.8943987880269508, 0.9300541461553563, 0.9508478699721824, 0.9615229819278224, 0.9666407974130746, 0.9691827997614577, 0.9701735951372915, 0.9702658117663618, 0.9703907131453886, 0.9705123253066048, 0.9716969178399322, 0.9708843625103252, 0.9704302133917095, 0.9705581076626181, 0.9707491489889729, 0.970532268041619, 0.9709259666707412, 0.9708082956443792, 0.9707892715197445], "f1": [], "aucrecauc": 0.9269704028850448, "aucloss": 136303.72783004947, "convergence_rate": 0.889402302624215}