{"bestEpoch": 55, "lastEpoch": 65, "mae": [0.5430808086403188, 0.5091024129658975, 0.5009257385294754, 0.5165863402917681, 0.47503196917864066, 0.4673389048248935, 0.4630335398926566, 0.44695846139507756, 0.4676537399631138, 0.4404372979580152, 0.44011816630479084, 0.4340299955569855, 0.42348236729764377, 0.4244785998628282, 0.4017466180500235, 0.4050470698144994, 0.3958813003692596, 0.40640273953591455, 0.3966609275396235, 0.40695816913577354, 0.414010749965977, 0.3954202822971459, 0.40134767742483446, 0.38907755127870475, 0.3934519428105903, 0.38236019049589415, 0.37597393035146826, 0.384663375414059, 0.37903010033039947, 0.37380195521239035, 0.37598298024530236, 0.3950961093379853, 0.3829620388523798, 0.37908193525257344, 0.36770316941228987, 0.3705181651350967, 0.36477311486119807, 0.3647127121227624, 0.3710389777622195, 0.37227361969193384, 0.36864289861773014, 0.3738223560906081, 0.36210278317165046, 0.3605445543565, 0.3612904330670902, 0.3602703517119117, 0.3616056986960075, 0.36088140757146286, 0.36089586626512316, 0.36121587592795973, 0.3615242220586037, 0.3608486666535136, 0.360743778856033, 0.36113894974743094, 0.3605716787823114, 0.3605100219548852, 0.3612464322008006, 0.36170588412275106, 0.3604803366088993, 0.36079539475196626, 0.36076785460579747, 0.3610113679168104, 0.3614097904232115, 0.3611292371370948, 0.3603465846721835], "medianabsoluteerror": [0.4332728028297424, 0.3877211594581603, 0.38458768010139466, 0.4373464071750641, 0.37594205617904664, 0.36776381254196167, 0.36152635216712947, 0.3473727083206176, 0.3725275123119355, 0.3358649086952209, 0.3531028139591217, 0.349930155277252, 0.33132236480712896, 0.3272385567426682, 0.31048078298568726, 0.30821300625801085, 0.2989180600643158, 0.31822939157485963, 0.304375706911087, 0.32418689012527463, 0.33393855690956115, 0.30607937812805175, 0.32212866663932804, 0.29719548225402836, 0.30227044105529777, 0.2939439344406128, 0.2878412961959839, 0.29765331029891967, 0.28912774801254276, 0.2874067568778993, 0.2871378993988037, 0.30761740207672106, 0.30388681650161736, 0.2970548892021179, 0.28146253585815434, 0.2878047299385071, 0.27749121069908145, 0.2795749855041505, 0.2881071996688844, 0.2926085460186005, 0.2850968956947327, 0.2899093639850616, 0.2767464804649352, 0.2735606437921524, 0.27559929728508, 0.2725285458564759, 0.2772997021675111, 0.2731321477890014, 0.27515370845794684, 0.27575416564941413, 0.27596444725990293, 0.2750318813323974, 0.27546104192733767, 0.2749000078439713, 0.2729056763648987, 0.2737248325347901, 0.2751273679733277, 0.27516016960144046, 0.2744760012626648, 0.2738316541910171, 0.27532580614089974, 0.2750591707229615, 0.2763199985027314, 0.27536432445049286, 0.2738189578056335], "mape": [0.7221454659436891, 0.6145671703136559, 0.63392397490025, 0.8121703284284055, 0.6537683244205338, 0.6136797373415174, 0.5780255040045206, 0.5787849950262969, 0.6351781873579099, 0.5576962951994305, 0.6568528298284206, 0.6597733951819563, 0.5848289913107084, 0.5066858609945597, 0.5865077602635627, 0.4849078171240017, 0.4893283544745561, 0.5901356923746075, 0.5542857239456862, 0.5992442020394099, 0.5869114929157188, 0.5432451703188823, 0.6056461053222962, 0.5181702627419645, 0.45149047786712093, 0.5203811704477034, 0.5012250163600118, 0.5238325326134102, 0.4876598728249844, 0.4967824403325981, 0.5144873458585445, 0.5124212515298484, 0.5492234418447157, 0.5390346878748963, 0.48673557896558456, 0.5021436451694787, 0.4784324348402158, 0.4842805525500868, 0.5042183700696408, 0.5178593750536968, 0.49976048619398855, 0.49298406246065063, 0.47358648870444087, 0.4682705643731905, 0.4721955032617745, 0.46215724723927687, 0.47974443065235645, 0.4565067892924272, 0.4732546512374788, 0.47630305771339304, 0.47309253304979926, 0.4723752496996407, 0.4745390155365017, 0.47092689831898604, 0.46979741343182047, 0.46917587989900916, 0.4745786786772682, 0.47266946238016594, 0.4694724691952082, 0.4713421456267289, 0.47209263150586417, 0.47218596953740594, 0.47170006245433344, 0.4719570847388178, 0.47041473535366757], "mse": [0.5047844960734267, 0.4607036726712861, 0.4451716153010234, 0.42700176541723556, 0.3883625330603821, 0.37885031296213206, 0.37198085498196976, 0.351212867106743, 0.3742098663669962, 0.3432647056235803, 0.33169279683414765, 0.31931652294627044, 0.30807136842028293, 0.3149903683258525, 0.28269607056519525, 0.2907843414156979, 0.281325010280208, 0.28679218541120155, 0.27943945879783627, 0.28115202309906323, 0.2864209144127121, 0.2742879858362194, 0.2712345427753756, 0.2697342226872629, 0.27238110486976097, 0.2571836570701279, 0.2512761107038868, 0.260257063791485, 0.2559448721740282, 0.24819768273337328, 0.251174605852749, 0.2756054587015124, 0.2521945526160957, 0.2491153298930111, 0.23945869552407023, 0.24005170305383436, 0.23711705122857113, 0.23551652545538965, 0.23993003098914503, 0.23952816252920114, 0.23823899369117027, 0.2437556363136176, 0.233508351845739, 0.2326627606748236, 0.23256768055743338, 0.23286203397283398, 0.23221956717350997, 0.23390147891766463, 0.2319727678614145, 0.23215070991195594, 0.23247552892661577, 0.23198596287105733, 0.23162864990103232, 0.2326070489018238, 0.23216759708414036, 0.23231858341644185, 0.23226124473923243, 0.23287908826063972, 0.23184334668365753, 0.23205876764685954, 0.23165279000207065, 0.23184127217693098, 0.23209911618680973, 0.232153612272264, 0.23130314015740602], "recauc": [0.8736908610039742, 0.8815922571415463, 0.8834939209554152, 0.8798515826412406, 0.8895163216785544, 0.8913070564224383, 0.8923081249631302, 0.8960467148106409, 0.8912324882818415, 0.8975624992628601, 0.8976366141517697, 0.8990526034371815, 0.9015060473912702, 0.901274203499582, 0.9065612639333008, 0.9057936067662559, 0.9079254158279265, 0.9054782527856755, 0.9077440259886596, 0.9053490867156826, 0.9037087775812067, 0.908032524079873, 0.9066540212611831, 0.9095077578513605, 0.9084902385035191, 0.9110702246429209, 0.9125554519195411, 0.9105343157421191, 0.9118446473102081, 0.9130605590891289, 0.9125532880707864, 0.9081080326450334, 0.9109300642312109, 0.9118325577986971, 0.9144790992479012, 0.9138243208115211, 0.9151606650851535, 0.9151746335074373, 0.9137033113335498, 0.9134161843044615, 0.9142604290535135, 0.9130558973486794, 0.9157816328193877, 0.9161440364573199, 0.9159705014730279, 0.9162078405972212, 0.9158972672427788, 0.9160656778662246, 0.9160623342062347, 0.9159879653930015, 0.9159162508319882, 0.9160732833197007, 0.91609772725105, 0.9160057614175615, 0.9161377755751362, 0.9161520399194056, 0.9159808064069752, 0.9158739578944133, 0.9161590425449067, 0.9160856810294367, 0.9160920595050732, 0.9160354072439018, 0.9159427778473582, 0.9160081423619213, 0.9161900406959539], "f1": [], "aucrecauc": 0.9915327909902354, "aucloss": 0.27477320344671985, "convergence_rate": 0.8175430920894211}