{"bestEpoch": 10, "lastEpoch": 20, "mae": [], "medianabsoluteerror": [], "mape": [], "mse": [], "recauc": [], "f1": [0.01246897431571137, 0.012381177048980898, 0.009249442566867131, 0.007672375712389611, 0.00572883062587147, 0.008158066285465986, 0.00586287178718647, 0.008164527548807811, 0.009475022315514853, 0.008875090155227926, 0.008721717033666924, 0.008662634658166874, 0.01049404281626203, 0.010808068258894406, 0.008934921009303112, 0.009326165594863555, 0.010275067400670279, 0.00876866552925089, 0.008870155537049148, 0.009318724725880677], "f1auc": 0.723153607495089, "convergence_rate": 0.48784614744272886}