{"bestEpoch": 50, "lastEpoch": 60, "mae": [1.092404907199062, 0.693720424948711, 0.8762909949869377, 0.6594935845477533, 0.625547857166687, 0.7521068238737327, 0.5793563860247645, 0.5715486004902578, 0.5664130244269798, 0.5528017486692743, 0.5709945429621633, 0.5565061069950794, 0.547708738640007, 0.5484829988423958, 0.5509057910099416, 0.5481423973177784, 0.551138332771592, 0.5464609746379702, 0.5463531366787618, 0.5480734131567837, 0.5504293192140924, 0.5447642685333315, 0.5456794299418026, 0.5424834232415443, 0.5467929014666891, 0.5407515029664961, 0.5477091963353371, 0.5440297883030806, 0.5421796354934845, 0.5423375932449251, 0.5420279308892672, 0.5419303534409863, 0.5406822127817915, 0.5419572199328102, 0.5416650109138842, 0.5411821483051577, 0.5406948420095394, 0.5415290154176523, 0.5415495364395073, 0.5405017095376567, 0.5400469567494993, 0.540336049384691, 0.541871020117045, 0.5401817282327376, 0.540034085010852, 0.5398237418768294, 0.539701671891715, 0.5399161578452427, 0.5394365421652672, 0.5398743600318247, 0.539472380578211, 0.5396356269169869, 0.5390734767488217, 0.5397160715390594, 0.5394915943492781, 0.5394304272566225, 0.5393718580507225, 0.5394284928986759, 0.5394845724187681, 0.5394224283255705], "medianabsoluteerror": [0.6808483600616455, 0.5593321323394775, 0.5753445625305176, 0.4744253158569336, 0.45656347274780273, 0.448638916015625, 0.45510101318359375, 0.4438185691833496, 0.43891382217407227, 0.4413299560546875, 0.4530315399169922, 0.4531373977661133, 0.4433746337890625, 0.4409456253051758, 0.4433627128601074, 0.4388904571533203, 0.4458284378051758, 0.4369640350341797, 0.43753862380981445, 0.4443092346191406, 0.44794249534606934, 0.4358673095703125, 0.44110870361328125, 0.43411731719970703, 0.4413938522338867, 0.43695545196533203, 0.43748044967651367, 0.4379920959472656, 0.4362761974334717, 0.43855953216552734, 0.43823957443237305, 0.43627405166625977, 0.43567872047424316, 0.4384651184082031, 0.4357924461364746, 0.4357798099517822, 0.43526458740234375, 0.4390707015991211, 0.43932247161865234, 0.43448805809020996, 0.43489885330200195, 0.4369626045227051, 0.4360313415527344, 0.4361429214477539, 0.43538379669189453, 0.4347996711730957, 0.4350733757019043, 0.4348106384277344, 0.43522119522094727, 0.43501996994018555, 0.43442869186401367, 0.43479061126708984, 0.43454670906066895, 0.4351520538330078, 0.43512392044067383, 0.4349861145019531, 0.43487548828125, 0.43494248390197754, 0.4348716735839844, 0.4348416328430176], "mape": [0.2170340730380615, 0.13788659494428063, 0.16914710183284343, 0.12963465746844813, 0.12305524975853625, 0.14982278092462728, 0.11380667132899333, 0.1131937033895997, 0.1105490867497613, 0.10896803946791007, 0.11448220651114062, 0.111360576919845, 0.10818399531020158, 0.10847237607465526, 0.10943159300578917, 0.10809606348162623, 0.10961222006149578, 0.10758351368441901, 0.10791049450333302, 0.10878956788881822, 0.10997681892513067, 0.10753930074805856, 0.10816258436347605, 0.10712521491103981, 0.10866130790513616, 0.10704532962505717, 0.10853202242457978, 0.10787145688036114, 0.10740612207019078, 0.10762440987453804, 0.1075755411296821, 0.10747066987930004, 0.10697097438824284, 0.10753945893006442, 0.1074193336910979, 0.10729391171610127, 0.10686123596638841, 0.1075417547679516, 0.10759631711772853, 0.10700486652313983, 0.10693184953559191, 0.10726802800512147, 0.10739550970239939, 0.10719774161286406, 0.10708917974388825, 0.10701588822028908, 0.10694665890846762, 0.10697228223508179, 0.10689559801660822, 0.10696009693847579, 0.10686344515262033, 0.10689108815968866, 0.10680833948412059, 0.10696886705373584, 0.10691612947067283, 0.10690707310785644, 0.10688270477409284, 0.10690028519475843, 0.10691120703443682, 0.10689412607474169], "mse": [41.82076243959564, 0.8170208265957801, 16.42409478749209, 2.7410402376734155, 2.3141050967403203, 22.32195261187009, 0.6035757468173235, 0.5815761526983395, 0.6081727528533797, 0.516428270201489, 0.6000517412651345, 0.5180366936598633, 0.5010253885270679, 0.5028903479631753, 0.5055556273032626, 0.5055567864345192, 0.5053197312116698, 0.5026159649797832, 0.4997058468126015, 0.5002643033590871, 0.4994332650740807, 0.4969856926665153, 0.49578037843062445, 0.4896317677339879, 0.4992264850088486, 0.48395239794544875, 0.5230662664985399, 0.4950066081123383, 0.48802643230624204, 0.48667870263114094, 0.48557026321347635, 0.4862313705356809, 0.4847448175656703, 0.48609065660022294, 0.48586062465872654, 0.48455181709034584, 0.48652496339451745, 0.4842434398151089, 0.48362615322731267, 0.4844436747614884, 0.48282714504910434, 0.4813006863927809, 0.489591687800278, 0.4813965209064005, 0.4817401634674419, 0.48141404819741895, 0.4814762891320638, 0.48239403964976263, 0.4807654633326777, 0.4823427548911804, 0.48124912351439025, 0.48181384657221354, 0.47996965417456355, 0.48155065634524336, 0.48094530868378277, 0.4807417876042365, 0.4806920762661328, 0.4808088286416988, 0.4809852309994777, 0.4808427727974052], "recauc": [0.8056539261890487, 0.8388583623209558, 0.8316450079611463, 0.8575968822422921, 0.8647830454174839, 0.8672422683394326, 0.8655551102655752, 0.8672242782122359, 0.8688856527259318, 0.8714289382937608, 0.8679501317793984, 0.8706080357434989, 0.8726127504614519, 0.8724333985063457, 0.8718696277454728, 0.872512534466629, 0.8718153483731483, 0.8729035450747272, 0.8729281613365594, 0.8725294602924075, 0.8719806240836923, 0.8732976799224722, 0.8730856092818345, 0.8738286976655099, 0.8728253017543431, 0.8742311752630808, 0.8728978802445986, 0.8734684488016259, 0.8738989415591061, 0.8738633389600546, 0.8739339948412966, 0.8739578214601412, 0.8742475517719983, 0.8739512296578096, 0.8740192076193545, 0.8741314055882073, 0.874243809550883, 0.8740503126866068, 0.8740457121578962, 0.8742899521672044, 0.8743941850415733, 0.8743289536643332, 0.8739709707325007, 0.874363766620397, 0.8743981675888152, 0.8744483614169862, 0.8744752436108698, 0.8744252557765217, 0.8745378314007164, 0.8744344911662467, 0.874528321352561, 0.8744903498245464, 0.8746211215697608, 0.8744732866695527, 0.874523617826939, 0.8745381747237546, 0.874551323996114, 0.8745388957021346, 0.8745260210882057, 0.8745406809819328], "f1": [], "aucrecauc": 0.9956911261116742, "aucloss": 1.562431739144849, "convergence_rate": 0.9534459823312551}