{"bestEpoch": 42, "lastEpoch": 52, "mae": [], "medianabsoluteerror": [], "mape": [], "mse": [], "recauc": [], "f1": [0.02066961287271234, 0.023252553441422366, 0.021422862323809782, 0.024188650190044975, 0.02328993549765113, 0.026832848923201418, 0.026330799822669296, 0.0271224323759805, 0.02760852023704217, 0.030780123516453758, 0.029944117992612033, 0.03271963298191606, 0.0362760328060632, 0.03652008175928074, 0.03702882933300111, 0.037614721046936084, 0.03897098385632842, 0.038226889669644874, 0.03783865388689039, 0.04352674984190732, 0.03974028417039787, 0.04525073430399941, 0.04452769545109504, 0.04416209025551421, 0.04503505342483863, 0.046902848716599, 0.045912041472990474, 0.0471657699802924, 0.04708480863288718, 0.05002377021319261, 0.047885609395192194, 0.04963966196902542, 0.04876323624585867, 0.04984067745285296, 0.04987391646396405, 0.05041010931017019, 0.05093695775383149, 0.051064679548179503, 0.05156265101491261, 0.05164220283489586, 0.05129880307195373, 0.05209161684253564, 0.05171196815740486, 0.05187733092808135, 0.05123196352638644, 0.05189213292960802, 0.05123981973416868, 0.05140817900707451, 0.05124294013075505, 0.05124484842781085, 0.051353066167639544, 0.05140828993134925], "f1auc": 0.8128784680053538, "convergence_rate": 0.689788622106517}