{"bestEpoch": 48, "lastEpoch": 58, "mae": [0.3962396009991605, 0.3984580512501008, 0.384619037070387, 0.3673983074365808, 0.3897910515442815, 0.3668514270186111, 0.3708400129106208, 0.3645977462964517, 0.368878961377172, 0.3576993051315065, 0.35564093461153395, 0.35103434564164987, 0.3526590443099323, 0.3516124310557108, 0.3520689035202424, 0.3426062115355538, 0.3480490134849829, 0.34877559510557177, 0.34689223200234703, 0.3537580623196683, 0.37364689011542435, 0.3468456223734809, 0.35160442057625474, 0.35788047202825274, 0.35463453106860404, 0.3495035740027758, 0.33464586434777327, 0.34020739744650125, 0.3454471015475848, 0.3343843463553985, 0.3338084481966203, 0.3317556625493416, 0.33352311488400793, 0.33599010188321105, 0.33616210927387874, 0.33614665658222576, 0.3353472936049273, 0.3371719493560929, 0.3514012560754569, 0.3363315519353772, 0.33274401559402084, 0.3354008375672513, 0.3345317694352668, 0.34320969772576077, 0.3327173518949784, 0.3310753571285476, 0.3329195922031228, 0.33044202392289634, 0.32954163362654937, 0.33015784745164695, 0.33311188951246706, 0.33031587042033744, 0.3307528435143691, 0.3326019341171914, 0.3325210124254688, 0.33112054924307854, 0.3313968940619163, 0.3315480956557825], "medianabsoluteerror": [0.3123048663139344, 0.3019980359077453, 0.3166524028778077, 0.2899622201919556, 0.32068762779235827, 0.27866798639297485, 0.2828106212615966, 0.2700157165527344, 0.29944326877593985, 0.27904007196426395, 0.2853120326995848, 0.2650375723838807, 0.2731449127197265, 0.26574330329895024, 0.28219906806945794, 0.2560082674026488, 0.2708766222000121, 0.2684431314468383, 0.27319331169128425, 0.2791553497314454, 0.3105354070663453, 0.27413611412048344, 0.2592680811882019, 0.2877163791656495, 0.26664367914199816, 0.26789182186126714, 0.25364889144897473, 0.26714106559753414, 0.27657724618911733, 0.25777151584625235, 0.2570899057388305, 0.24946746230125416, 0.25864899158477783, 0.2614564180374146, 0.26506303191185, 0.2623810291290283, 0.2573423147201539, 0.2670418620109558, 0.285780119895935, 0.2651532840728761, 0.25850919246673576, 0.2635098361968995, 0.260918996334076, 0.27762647628784176, 0.24447927474975573, 0.25670378208160405, 0.26071913242340083, 0.25580452680587773, 0.2544569253921509, 0.2538431525230407, 0.2611738181114198, 0.2545965433120727, 0.2564189910888671, 0.2604929876327515, 0.2599606037139892, 0.2570517182350158, 0.2578246879577636, 0.25841603279113756], "mape": [0.20418342249109708, 0.19306114082750725, 0.21671446691558804, 0.1986969909975522, 0.2186494809569297, 0.1910124543699349, 0.18989816438207213, 0.1797476361362532, 0.20358182668519437, 0.1841123399747174, 0.18412883395179808, 0.17990198751733222, 0.18414528773568514, 0.17315867508448757, 0.1892559908526763, 0.17170587866680934, 0.18066744667704024, 0.180865200741575, 0.18576564051515335, 0.18611760875773709, 0.20394261616396842, 0.18071724984041113, 0.17059428583758499, 0.18913606886983142, 0.17666401533774298, 0.17791653557705553, 0.17326907392942878, 0.17979036552899139, 0.18524079801383667, 0.1748766111142226, 0.1726076659540495, 0.1699894848391494, 0.17435012574691494, 0.17565525901666892, 0.17615558546925889, 0.1778245198486773, 0.17151347928662516, 0.17738829586860694, 0.19127445747816021, 0.17793691920193327, 0.17195955484772626, 0.17543440572157584, 0.1726813349019526, 0.1834170692131515, 0.165970591256032, 0.17171375871064218, 0.17468774249627828, 0.172160807130061, 0.17111848589932804, 0.1714155613151181, 0.17388401397843956, 0.17034665609957625, 0.171822727560363, 0.17420273281100526, 0.17414047411821956, 0.17282875349835605, 0.17308231710395963, 0.1731894385729199], "mse": [0.2750916993929978, 0.2905928770231188, 0.2459618062600256, 0.23692227903210675, 0.2520313305920321, 0.24782877903844522, 0.25389882865547536, 0.25068426389034626, 0.2305280727700899, 0.23143197967199503, 0.22197368578733917, 0.22940264029798868, 0.2249037818876459, 0.2314179092528923, 0.2167269721647524, 0.2203697763245801, 0.21860451636212827, 0.2200597453047776, 0.21336112894835263, 0.22148552071547437, 0.23010292562468754, 0.2150454534458468, 0.23539153989117503, 0.2236470758187251, 0.23544368305438254, 0.2260464976424705, 0.20751928976175107, 0.20584993148095215, 0.20705906958644113, 0.2025941681862209, 0.20239871304662033, 0.20487723784358935, 0.20181766682109797, 0.20319695862019627, 0.20058136067514062, 0.20193873661649636, 0.20454468011175567, 0.2009384539232382, 0.2101731028713944, 0.20117743673347044, 0.20058479689443026, 0.20113582945213296, 0.20185484081372163, 0.20383098934659463, 0.2103752384988461, 0.1983777829347681, 0.1981967122972727, 0.19770884362011587, 0.19763322670385428, 0.1985594919581445, 0.19867363791721346, 0.198431312986469, 0.1978046548797862, 0.1979441445619989, 0.19799096725451792, 0.1977409017066162, 0.19770412061170067, 0.1977216643381135], "recauc": [0.9078444871319398, 0.9073284951317394, 0.9105459431111185, 0.9145529321275988, 0.9093455793377226, 0.914682015974053, 0.9137556400080684, 0.9152069593165921, 0.9142126634773604, 0.9168132748377207, 0.9172927799964938, 0.9183648086948495, 0.9179867262933322, 0.9182301040285876, 0.9181250057734357, 0.9203262273368197, 0.9190598884821719, 0.9188912569990414, 0.9193297408245339, 0.9177325493983846, 0.9131074721011162, 0.9193406724632448, 0.9182352505735081, 0.9167761155327944, 0.9175304833904186, 0.9187241490246265, 0.9221784996947407, 0.9208859432422832, 0.9196672957745521, 0.922240272541518, 0.9223736752039834, 0.9228515688879726, 0.9224404690055713, 0.9218668995041593, 0.9218270355075862, 0.9218308615016475, 0.9220164783847297, 0.9215922763273741, 0.9182834898936462, 0.9217878211881211, 0.9226221650396145, 0.922003951168717, 0.9222063706307047, 0.9201882488490465, 0.9226283602884471, 0.9230106178987192, 0.9225817017079606, 0.9231579504650477, 0.9233674644434475, 0.9232239175975586, 0.9225370372016642, 0.9231871922938977, 0.9230856540149374, 0.9226557415819577, 0.9226745928164093, 0.9230002983130748, 0.9229356814067232, 0.9229007450997314], "f1": [], "aucrecauc": 0.9957408644401459, "aucloss": 0.21595586052699925, "convergence_rate": 0.7547879156920099}