{"bestEpoch": 6, "lastEpoch": 16, "mae": [66.78100731656481, 60.88578155150001, 63.90297476533796, 59.29300625315393, 54.312595227549764, 64.10745122012963, 124.55107524295137, 145.50710969451274, 179.78626641334372, 192.59577867455442, 201.9298802554259, 204.09970749447803, 208.9119294814097, 211.08922297460992, 212.49789884631943, 213.5173566732176], "medianabsoluteerror": [61.31335455468752, 53.92370647656253, 57.81738321874991, 51.86694364843743, 45.14746135156247, 58.18823212500001, 111.99938947656256, 126.18383824218745, 154.61767578125, 162.35217303125, 171.36193876562493, 172.68164033593757, 176.5255122890626, 178.27172845312498, 179.733276546875, 180.517272859375], "mape": [0.04341230043001093, 0.040265589593020415, 0.041865060960623035, 0.03944324278559123, 0.036844246978531614, 0.04155844027591035, 0.07405096398966284, 0.08499451215759524, 0.10440131921802369, 0.11107577321365422, 0.11665176217593035, 0.11776067507675975, 0.1203762862166179, 0.12153435154450214, 0.12231795874302218, 0.12289094862837836], "mse": [6577.829780941846, 5812.957913274019, 6185.085228895604, 5622.898113330775, 5157.653505411852, 6147.750349081867, 19837.877677527533, 26942.995779029538, 40268.01440983927, 46556.27114873415, 50781.52700112572, 52012.369750839076, 54558.26996487796, 55796.22778081153, 56548.06156796997, 57089.990277468714], "recauc": [0.9659245480103565, 0.9689327006774751, 0.9673931393139313, 0.9697445744574458, 0.9722869323969434, 0.9672885658936263, 0.9364472002755831, 0.9257543680293956, 0.9082627818337389, 0.9017269282483804, 0.896964229756309, 0.8958577783704296, 0.8934004363399303, 0.8922921773658847, 0.8915721942564626, 0.8910518755579262], "f1": [], "aucrecauc": 0.954204755496203, "aucloss": 30937.458014663607, "convergence_rate": 0.451887862401811}