{"bestEpoch": 52, "lastEpoch": 62, "mae": [0.47145209242285624, 0.4035197522848822, 0.3871777940410878, 0.39227942124305026, 0.39854511578013274, 0.3865971155429867, 0.37818967819488225, 0.39370088360929856, 0.3746320195301165, 0.3859299513605606, 0.36385772730729554, 0.35975807612048283, 0.3626825451527997, 0.3638329710735985, 0.36791413112202903, 0.35876654814135894, 0.3546734658525618, 0.356590607673129, 0.3586541064485801, 0.356696669255301, 0.3552238825933205, 0.3540855402969597, 0.3545657032577439, 0.35440145128660505, 0.35396269869814334, 0.35740816576239587, 0.3545517020839813, 0.3536530164972454, 0.35420984872600236, 0.35447718783919335, 0.355045427220113, 0.35455550739039576, 0.35517219735692424, 0.354304281089652, 0.3546002561046003, 0.35447912541838567, 0.3548052732284402, 0.3547611107382846, 0.3544200516193579, 0.3545168776389484, 0.3543912656773168, 0.35502833302274983, 0.35443908867168317, 0.35483955584722837, 0.35446691903591726, 0.35484193689476634, 0.3546143868763324, 0.354192879537486, 0.35468384107453516, 0.35496479292613214, 0.3548140716020951, 0.3548512601036894, 0.3546310070027974, 0.35478185574813087, 0.354617631890717, 0.35480492471038244, 0.3546413525030165, 0.3545017015128304, 0.35410300747179624, 0.3544586603329746, 0.3540842592796369, 0.35451918071611394], "medianabsoluteerror": [0.39389688014984126, 0.32178536176681527, 0.3039887547492982, 0.31632328033447255, 0.3333388328552245, 0.30447344779968255, 0.28598258495330797, 0.3164218091964721, 0.282536792755127, 0.31630118846893307, 0.2879765152931213, 0.26944287538528444, 0.27347905635833736, 0.2877179574966431, 0.28920667171478265, 0.2830427289009094, 0.2730078196525574, 0.2783296298980713, 0.2830079698562622, 0.27791752815246573, 0.2774163818359374, 0.27321116924285893, 0.2750154733657837, 0.2761560797691346, 0.27418916225433354, 0.28195786476135254, 0.27540246248245226, 0.2733924150466919, 0.2753428363800049, 0.27587089538574205, 0.27688648700714125, 0.27536300420761095, 0.2776192617416381, 0.27609554290771476, 0.27706699371337895, 0.27684278964996323, 0.2764903569221496, 0.27622809171676643, 0.27604355812072745, 0.27642234563827506, 0.2751894116401672, 0.2769201517105102, 0.2756082236766815, 0.27749853134155267, 0.2768330645561218, 0.27624933719635014, 0.27624367952346796, 0.27615535259246826, 0.2758211016654968, 0.27712168216705324, 0.27640485763549805, 0.2769729375839234, 0.27597055435180673, 0.2763350129127502, 0.2759342813491821, 0.2765629863739014, 0.2760733461380005, 0.27654377222061166, 0.2751229667663575, 0.2772725343704223, 0.2755021095275878, 0.2760525107383728], "mape": [0.23354569744232345, 0.219007226570543, 0.20655724075750537, 0.21667792382118142, 0.21655926044378435, 0.21187733620892468, 0.1865011244851494, 0.21783636835790893, 0.18288664783250075, 0.2078819963847781, 0.1923911206051341, 0.1823317268181327, 0.1834661506570072, 0.19148641404668373, 0.1927172987441985, 0.18903950349040854, 0.1839136564406337, 0.18638644025114195, 0.18921290806805785, 0.18751368548410816, 0.18507053482393734, 0.1838551470725118, 0.18489791444420434, 0.18495191952774614, 0.1841541200593085, 0.18869620676302593, 0.18527688936676068, 0.18352536385331727, 0.18478559950454612, 0.18531156164405374, 0.1861923860190062, 0.18537403342131564, 0.18625206141957987, 0.18520344190239957, 0.18558896468054586, 0.1853710580443997, 0.18575390807603376, 0.1855541131757847, 0.18539582465825968, 0.18540736456457554, 0.18525612799152658, 0.18569219164100279, 0.18533042693532675, 0.18557725562495833, 0.18550698547908726, 0.1856273085905443, 0.18564410587607905, 0.18531529524702955, 0.18558489058142183, 0.18577761835591353, 0.18552187563583486, 0.18566166843671159, 0.18546788954692, 0.1855336178367482, 0.18553378215262462, 0.18569555157076037, 0.1856838857933672, 0.18545921530291504, 0.18517341726719855, 0.18538191597843454, 0.1851503701695762, 0.1853460278166744], "mse": [0.3677110473079848, 0.28461703721811676, 0.2666409123224302, 0.2635281914809079, 0.2621836375929471, 0.26476215067261744, 0.2645007365477397, 0.26512946553332806, 0.26227234690216156, 0.24957948460372578, 0.23503886650782807, 0.2445286670237795, 0.24498391523191698, 0.2369886446474809, 0.2415080636870595, 0.22853160823807334, 0.23062118756501818, 0.228388715953477, 0.2281732630599824, 0.22839287753391543, 0.22742224899530086, 0.2285259957673374, 0.2273811020713538, 0.2265876492692491, 0.2271333547077409, 0.22709210135558228, 0.22718580706112215, 0.22784904702296813, 0.22626581815420338, 0.22647782174513, 0.22650827493432601, 0.2267645489321288, 0.22659327891436187, 0.22624518616155082, 0.22603594885620962, 0.22615187844697712, 0.22637135617438298, 0.22629991738690391, 0.2260750943156613, 0.22616800441790433, 0.2261204336732729, 0.22687847398039893, 0.22624021235738964, 0.2262923182932824, 0.22579462903561043, 0.22655477080832498, 0.2261767099849184, 0.22597163352236588, 0.22631679385962938, 0.22658685065007866, 0.2265377158123919, 0.22632836950926838, 0.22616557062733297, 0.22634042578774233, 0.2262611168798569, 0.2264183438730059, 0.22639118184535925, 0.22600815263969906, 0.22590367015695978, 0.22573310042294858, 0.226006455961791, 0.22621483482722302], "recauc": [0.8903522791556846, 0.90615045036359, 0.9099504976142988, 0.9087639328554956, 0.9073076047802312, 0.9100855361276877, 0.9120411553681331, 0.9084331783184677, 0.9128683946348091, 0.9102399791079103, 0.9153736703838669, 0.9163275171991786, 0.9156475877124399, 0.9153796817518214, 0.9144300636667881, 0.9165575680750645, 0.9175099125783037, 0.9170640719279424, 0.9165838731090269, 0.9170391112910621, 0.9173816691787444, 0.9176465201731906, 0.9175353718662105, 0.9175729084713821, 0.9176755208902264, 0.9168734733038393, 0.9175379181129508, 0.9177471899197042, 0.917617824157898, 0.9175556914981057, 0.917423685694414, 0.9175372016664174, 0.9173936537606964, 0.9175962359069191, 0.9175272450732845, 0.917555339103916, 0.9174790709328234, 0.9174891403980803, 0.9175689038956034, 0.9175463904111576, 0.9175760015915118, 0.9174274989704896, 0.9175643217113031, 0.917471131730188, 0.9175580252485, 0.917470545113093, 0.9175232601044006, 0.9176215844423662, 0.9175073652717313, 0.9174425602451729, 0.9174775537831008, 0.9174682882005296, 0.9175194001957103, 0.917485116745323, 0.9175229877275379, 0.9174798933625717, 0.9175171639498738, 0.9175503642518039, 0.917642134057838, 0.9175596716977449, 0.9176468020885425, 0.917546208649944], "f1": [], "aucrecauc": 0.9979889649195601, "aucloss": 0.23464744389773992, "convergence_rate": 0.9326301811797253}