{"bestEpoch": 18, "lastEpoch": 28, "mae": [0.40000353849160697, 0.39652691580380117, 0.3801453466254062, 0.37043864980837443, 0.38581333810015767, 0.3778031080382811, 0.35836893799716774, 0.37874590265901736, 0.36390672801354196, 0.3658228149336551, 0.377292574229009, 0.3526291683275489, 0.3548711861443776, 0.36951424797883486, 0.35625735108315737, 0.34622963855863687, 0.3460815088483497, 0.3483332605235714, 0.34532308424368613, 0.34688683837035456, 0.35347032280698903, 0.34728624289886434, 0.3477175473332818, 0.34632653909164457, 0.3471681882207119, 0.34569784424491606, 0.3472731314521033, 0.34762287809378933], "medianabsoluteerror": [0.3245773243904114, 0.309006290435791, 0.30140262842178345, 0.28851672410964957, 0.3113533735275268, 0.30630709648132326, 0.27261847257614136, 0.3109223365783691, 0.2865714192390443, 0.2945190095901489, 0.3107386827468872, 0.2631102085113525, 0.26570980548858647, 0.30185859203338616, 0.28543194293975827, 0.26577744007110593, 0.2605609178543091, 0.2722870945930481, 0.26329618930816656, 0.26395573616027834, 0.2765416026115417, 0.2681838512420655, 0.27000801563262933, 0.2652110576629638, 0.26600618362426753, 0.2651329398155212, 0.26795539617538455, 0.2686268854141234], "mape": [0.2177445805355263, 0.19940321284963142, 0.19675677591319868, 0.1910194877145551, 0.20706332939031183, 0.2011792790246195, 0.1841307652820099, 0.20607372825896036, 0.1953187533856182, 0.1960891342368313, 0.20705317320145888, 0.17640072326951056, 0.1777835205443238, 0.2025411484667334, 0.18996553772821012, 0.1772394708499457, 0.17572309258136, 0.18124395689880976, 0.17740390358345637, 0.17771390338189771, 0.18685009231610455, 0.18048326275567725, 0.18114379937406155, 0.17790436897344103, 0.17859035075006824, 0.17766158772456828, 0.17992923968206728, 0.18007069372917087], "mse": [0.27329863623715306, 0.2809373907480623, 0.25189479877018467, 0.24892201681897902, 0.2524786240854261, 0.24549139832218417, 0.2372419039584022, 0.24526545729392632, 0.23450570006956442, 0.23221675264209923, 0.23850629787729102, 0.23278521194456894, 0.23402657003992938, 0.23296273981058285, 0.22072176973465144, 0.218164959103782, 0.220581414840371, 0.21810081012558727, 0.2199763684734259, 0.22083372184891373, 0.2218829879039319, 0.2185316567649137, 0.2183112072929882, 0.22005070215527778, 0.22055157926994878, 0.21905175804315805, 0.21912280142548443, 0.2196819189752715], "recauc": [0.9069689725108325, 0.9077779137754394, 0.9115867894279571, 0.9138436951024169, 0.910268498131234, 0.9121310185361294, 0.9166525952752115, 0.9119120614532736, 0.9153632310371896, 0.9149177178749626, 0.9122505347478498, 0.9179867437805626, 0.9174656232525885, 0.914059466859746, 0.917141996616685, 0.9194743406136637, 0.9195091979631603, 0.9189855200602082, 0.9196858603244072, 0.9193221672639902, 0.9177905815675883, 0.9192290811464259, 0.9191284977762326, 0.9194517280349118, 0.9192561921827382, 0.9195993197302011, 0.9192324397545091, 0.9191503133612078], "f1": [], "aucrecauc": 0.9961969392018762, "aucloss": 0.23220766210999436, "convergence_rate": 0.7249878233571359}