{"bestEpoch": 58, "lastEpoch": 68, "mae": [813.4642585560908, 710.3506581690827, 624.1454745846366, 580.4421151553831, 531.9383206857801, 484.56614470500807, 439.54024550726047, 399.32529569156713, 362.9517053418403, 327.63768376705445, 295.22897586818635, 266.65077194764467, 240.93272626614697, 217.67370541502777, 196.86988627849885, 177.85533972789935, 162.12840400057524, 147.498240046397, 135.596187404044, 125.31947004578124, 116.36646364314237, 107.36075628606135, 101.0724035495625, 95.23313902900117, 90.30340908497455, 85.76136711056365, 83.4042296515301, 79.88625637966898, 76.95848234429283, 76.12382508124652, 73.24993729407639, 72.38034734148843, 71.06828509470834, 70.58782240350348, 68.95714911770023, 69.10791978844908, 68.80852379232292, 68.014119368125, 67.34063864637268, 67.0986776183206, 65.7393319158368, 65.97503147833102, 66.33807914855787, 65.65654364881367, 66.11279005012963, 65.80819074788542, 65.27442933704167, 66.14948268562269, 65.24740094421529, 64.80401444298148, 64.6211555925706, 65.45777138647455, 65.48537094159607, 65.15573467535417, 64.45316297083448, 65.23523134782408, 64.35095608426505, 64.17323217969445, 64.87899744318055, 65.03394897685185, 65.24774445907987, 64.75011987521991, 64.74912913447916, 64.78349800383681, 64.69139461480324, 64.80733990907986, 64.742885319375, 64.72866071], "medianabsoluteerror": [719.9808347890626, 631.0874019921876, 555.0386353085937, 517.9192503710938, 476.3489994296874, 435.11334222265623, 396.4208987265624, 361.68908667968753, 329.36120610937496, 298.563598515625, 269.2327880234375, 244.37011671875007, 221.99890130468748, 201.46740769531243, 183.57788039062507, 167.25854480468752, 153.56396525781247, 140.30749470312503, 128.8167721640625, 119.22558588281254, 110.468505859375, 101.66101067968748, 95.45459031249993, 89.76318365625002, 85.13207967187509, 80.82336455468749, 78.49353033593752, 75.09008759375001, 72.451049984375, 71.59118634375, 68.58386242187498, 67.623657046875, 66.25, 65.71606426562539, 63.96545403906248, 64.1496577890623, 63.87426799218747, 63.050049062499966, 62.285278140624996, 61.97558635937503, 60.33935553125002, 60.72875982031246, 61.10644565624989, 60.40563988281269, 60.87207065624989, 60.578735523437444, 59.969726742187504, 61.096801929687444, 59.96606416406257, 59.39599650781247, 59.166382015625004, 60.25878864843753, 60.29199224218746, 59.95483357031253, 59.04321330468747, 60.07971196874996, 58.90417521874997, 58.66577189843747, 59.611083804687496, 59.76647954687496, 60.10534673437496, 59.41235362499992, 59.464233164062534, 59.545409921875034, 59.422118906250034, 59.53479009374996, 59.517455820312534, 59.498290781250034], "mape": [0.49190898911508596, 0.42811853728928123, 0.37418037727039594, 0.3478761009567947, 0.31828176057162366, 0.28947441383304645, 0.26220188742583195, 0.23801396178664086, 0.21619259938453508, 0.1950909366856303, 0.17574511395447184, 0.15874270743788815, 0.143470325035948, 0.12971624303938428, 0.11746907697876298, 0.10632903131535251, 0.0971712907538088, 0.08871313885524289, 0.08189848445367537, 0.07605714023152144, 0.07097833321983, 0.06586977578588477, 0.062322257401418786, 0.05902992257944541, 0.05625969993066549, 0.053721887396119716, 0.05240930289333242, 0.050460640304513193, 0.048841655635464595, 0.048383383944213966, 0.04679831957960518, 0.04631871881100377, 0.045597280740611465, 0.045335440177697826, 0.044437097547522224, 0.04452121478173233, 0.04435197708404242, 0.04391119776153347, 0.04353606698192078, 0.043409860663189, 0.04266014661474265, 0.04278391264565827, 0.042981409409491085, 0.04261005881794397, 0.042856195680644735, 0.04268434652706571, 0.04239055721296784, 0.04286920805191947, 0.042373434408479, 0.04213148607815454, 0.042028769898694925, 0.04248180502382318, 0.04249209631008906, 0.042314717676481074, 0.041933228979853056, 0.04235527548496025, 0.04186468750433826, 0.041769024023997244, 0.04215866405560234, 0.042228373006549476, 0.042358517679861304, 0.04207212759033089, 0.042074430940379264, 0.042093896541523464, 0.042043341129615566, 0.04210522114879262, 0.04207006803164396, 0.04206231441181892], "mse": [737005.8118151759, 565614.0111595421, 441252.5914021068, 381946.4648607668, 321992.50771243806, 268268.2171147373, 221613.67577648725, 183512.42350528817, 152125.3955219363, 124432.14276092882, 101522.17495231268, 83286.32921128986, 68469.98970732589, 56339.265396146795, 46514.95578980062, 38375.031404554415, 32235.95913892904, 26983.193278324034, 23024.42701360746, 19841.16434018919, 17261.83005289045, 14849.44689142112, 13285.68476389366, 11916.61814393727, 10819.922323810046, 9864.444518814606, 9389.303840566372, 8708.800750138073, 8170.687221031337, 8019.553429456976, 7526.489046636206, 7380.283683506875, 7166.174207430577, 7087.271263843629, 6834.8254475516, 6855.279206225574, 6808.2253661656905, 6689.632408462278, 6589.849304188848, 6552.391801933539, 6360.335715086323, 6390.564586274311, 6439.596605688199, 6341.471091162296, 6405.272789971201, 6362.367270666416, 6287.049458283929, 6405.30891175997, 6281.452314479666, 6219.913741859279, 6194.290979690037, 6308.725828465927, 6311.556227073317, 6263.223579540674, 6168.481836604639, 6272.692141981806, 6153.616260822161, 6132.985821686198, 6221.567693807825, 6245.01783424236, 6268.331612125277, 6205.37763777311, 6203.553020049389, 6207.176117838168, 6194.165448241728, 6209.729091506953, 6201.030100316902, 6199.007161885288], "recauc": [0.5849249369381382, 0.6375404503413306, 0.6815267156345265, 0.7038260714960385, 0.7285756575657565, 0.752747585869698, 0.7757223870535201, 0.7962423057120526, 0.8148014060665326, 0.8328210747000626, 0.84935822471136, 0.8639403644068111, 0.8770628618417398, 0.8889304486004156, 0.8995462657376849, 0.9092472358346946, 0.9172743496571879, 0.9247389183362781, 0.9308117033925615, 0.9360554870301845, 0.9406229363677109, 0.9452177069558808, 0.9484269463983435, 0.9514072147955537, 0.9539225181777438, 0.9562401721653646, 0.9574435813951766, 0.9592375682012646, 0.9607317916976883, 0.9611579972812095, 0.9626238327536457, 0.9630668103847422, 0.9637373663292255, 0.9639815685272232, 0.9648148666718523, 0.964737081115519, 0.9648900741926044, 0.9652960703477755, 0.9656388009171287, 0.965763583765784, 0.9664555048097402, 0.9663359372974335, 0.9661506150615061, 0.9664986202323936, 0.9662658265826582, 0.966420893941246, 0.9666925359202587, 0.9662470987839524, 0.9667067002996595, 0.9669335674308172, 0.9670262878139666, 0.9665996081089591, 0.966585473362151, 0.9667531938379023, 0.9671121038029729, 0.9667132787352809, 0.967164612757572, 0.9672550217984761, 0.9668949857948758, 0.9668158964044553, 0.9667069966255885, 0.9669606219881247, 0.9669607701510892, 0.9669442351642572, 0.9669906398047212, 0.9669317598426509, 0.9669652446726155, 0.9669722083319443], "f1": [], "aucrecauc": 0.9532710271549332, "aucloss": 57910.20741677828, "convergence_rate": 0.8817798292937601}