{"bestEpoch": 33, "lastEpoch": 43, "mae": [], "medianabsoluteerror": [], "mape": [], "mse": [], "recauc": [], "f1": [0.2840522702317716, 0.29887678113466326, 0.32086172992198553, 0.32748101213465514, 0.34809528668308215, 0.34332355925227537, 0.31089449547780673, 0.29791566980752765, 0.3456437353475948, 0.33233719384317845, 0.3407389298456923, 0.3322308570489031, 0.34235230703414615, 0.3433187785136371, 0.3398140060003559, 0.34854388833386707, 0.34781183543217936, 0.3471880249488897, 0.3474513869065277, 0.3489594623927622, 0.3474747149937159, 0.3480475165813018, 0.3466729002259942, 0.3446562308229221, 0.3471108147857321, 0.34726550147367774, 0.3468553903190548, 0.34681295888646835, 0.3470352815700088, 0.34767687078093784, 0.34725795771688367, 0.3472977442780191, 0.3469016370887414, 0.3469230546416227, 0.34667002617641346, 0.346659863203133, 0.34664751829261187, 0.34664751829261187, 0.3466696075532954, 0.3468592078515833, 0.346659863203133, 0.3468592078515833, 0.346659863203133], "f1auc": 0.9764305392270284, "convergence_rate": 0.8732838983417528}