{"bestEpoch": 56, "lastEpoch": 66, "mae": [0.7934719502025697, 0.7709808622662349, 0.9033711331987788, 0.8980261293517067, 0.950160288200867, 0.9058967586809761, 0.9247949180108295, 0.9245737876858033, 0.8826865136993479, 0.9161572224789044, 0.9339093489483707, 0.9908218482134626, 1.000207868815306, 0.8991058807020585, 0.933934000407907, 0.9466990833653586, 0.9801439485916614, 0.932924950469274, 0.9192635326054831, 0.945905437049482, 0.9482191010494578, 0.945439750964625, 0.9675172074472373, 0.9329070344570396, 0.9422597898908338, 0.9388500358428206, 0.9487989343364523, 0.9411107537914434, 0.9423528275808475, 0.9599458184561731, 0.9515947218621845, 0.9377762341116808, 0.9402688696245238, 0.9511680842233993, 0.93222953031611, 0.9605140395532407, 0.9631794731020862, 0.944589412586116, 0.9564594784103035, 0.9473613548819108, 0.9640665329627593, 0.9606544520266921, 0.9540829027888662, 0.9411697277526104, 0.968718339739306, 0.9535876487039429, 0.9316736534207332, 0.9549296537639598, 0.9553779746789007, 0.962154181503223, 0.9641795372209566, 0.9654108465267524, 0.9592031798891191, 0.9567618814612348, 0.9579833517257378, 0.9595936952246231, 0.9631895081585299, 0.9603337289943734, 0.9605044041821121, 0.961384006936251, 0.9603987285147941, 0.9617705175425314, 0.9619026186461389, 0.9620728914307478, 0.9621335326424498, 0.9621491550687565], "medianabsoluteerror": [0.6060343384742737, 0.6063991248607635, 0.8330076742172241, 0.8080498576164246, 0.8615099477767945, 0.7806236553192138, 0.7968076801300049, 0.7454696536064148, 0.7128845977783203, 0.7221755480766296, 0.7663663268089295, 0.8138102006912231, 0.8321853804588317, 0.7009092152118683, 0.7314129400253296, 0.768816146850586, 0.7872715592384338, 0.7346183824539184, 0.7332262629270554, 0.7660346210002899, 0.7492556273937225, 0.7482438278198241, 0.7866963982582091, 0.7432523798942566, 0.7460563445091247, 0.7440519285202026, 0.762839424610138, 0.7511628544330596, 0.750231273174286, 0.7619669437408448, 0.7667873668670654, 0.7536959052085876, 0.7495768737792969, 0.7625776433944702, 0.7417327043414116, 0.7677335786819458, 0.7696323871612549, 0.751149308681488, 0.7586551558971405, 0.7544847249984741, 0.7700097608566284, 0.7586223256587982, 0.7599869871139526, 0.7512105751037598, 0.7831306064128876, 0.7628009116649628, 0.7353649163246154, 0.7544685792922974, 0.7588046646118164, 0.7676160466670989, 0.7681488680839539, 0.7711743950843811, 0.7659882473945618, 0.7630760312080382, 0.7660216093063356, 0.7656380414962768, 0.770235811471939, 0.7650607347488403, 0.7655959224700928, 0.7669091439247131, 0.7657528531551361, 0.7665795266628265, 0.7665004611015319, 0.7667727172374725, 0.7669308495521544, 0.7673047614097595], "mape": [0.9705791650265445, 1.016203149545749, 1.4997117658540957, 1.4655974352267793, 1.5675797523365325, 1.4204027874488154, 1.464305840384407, 1.3404069852939229, 1.2504492437657007, 1.246898776662055, 1.3460591570134548, 1.4772792929325267, 1.5122270129955677, 1.1251489748258288, 1.151306214671932, 1.3689184304352469, 1.4239035191041576, 1.2608262429085386, 1.2663314082424342, 1.3602479329266568, 1.2462958982391934, 1.212839369384129, 1.3543499191981747, 1.2345791344363515, 1.2519864354602896, 1.2387129876156617, 1.3132023052640913, 1.2705118177645875, 1.2704884638645058, 1.2990123985743136, 1.3081218220329223, 1.2653963602669107, 1.2635011303877601, 1.3119073629788343, 1.2290756190689232, 1.3265704108942555, 1.3103233524409887, 1.256667026381991, 1.2784359920736348, 1.249670753267731, 1.3134885399977403, 1.286561982959319, 1.2652559752181873, 1.2549959338289236, 1.359833747033726, 1.3008049076334394, 1.2000770745952496, 1.2577504828443862, 1.2772209797076481, 1.3074344666008957, 1.3063282982065694, 1.3106558064844567, 1.292567303550331, 1.2865391477832762, 1.2950439946332035, 1.2934048529039148, 1.3139515014626513, 1.2940149011178643, 1.2936327964464531, 1.296884657414685, 1.2947202723280558, 1.2984090288771077, 1.2964343405013596, 1.2976955261681486, 1.2981056120542014, 1.2988301649513607], "mse": [1.1244357854919247, 1.038449344255729, 1.1837063059832096, 1.198774329638999, 1.326750852193017, 1.2693990700900628, 1.319627604393352, 1.401441184132129, 1.2857414600821884, 1.410461219169249, 1.41491297550409, 1.5783979871741216, 1.5951737808726447, 1.3830870002216866, 1.4841925878419384, 1.4661687141609965, 1.5903221763032092, 1.4694672252194685, 1.4062168380399023, 1.4702853475761657, 1.5111743586691677, 1.5024321021037892, 1.5350221710177574, 1.4547826289063999, 1.489334310541991, 1.4791613352493196, 1.4898839862292392, 1.4769884848986157, 1.4820272477859868, 1.5421183534477783, 1.4940738125614943, 1.4588291589486466, 1.476478727227719, 1.497903525823769, 1.454427629041591, 1.534095100469422, 1.5391899984798574, 1.490845681487985, 1.5323693939089313, 1.4983891584133866, 1.5432182664554264, 1.5508276908886967, 1.5200451674226194, 1.4764097093118587, 1.54144252667334, 1.511068240796428, 1.4634630377969338, 1.5353306917711902, 1.5268307346269105, 1.542840240307316, 1.5485997696081895, 1.5493185888292196, 1.5309142149321677, 1.5244745245817841, 1.5246312769879418, 1.5323391800362696, 1.5406609357361678, 1.5364256161594678, 1.5373534212237587, 1.539307563871306, 1.5362257282400316, 1.5406347433503613, 1.5418600149876076, 1.5421160492202124, 1.5421846070988088, 1.541690223774027], "recauc": [0.8155033930770229, 0.8207175381396628, 0.7899038207930984, 0.7911469102280867, 0.7790196250511566, 0.7893209743363957, 0.7849241409223554, 0.7849922811592983, 0.7947335286291798, 0.7869593120722018, 0.7828229213421773, 0.7695875776121797, 0.7674237143197994, 0.790955396367877, 0.7828761772847526, 0.7798835702571976, 0.772145455536341, 0.7830933649616818, 0.7862616682378122, 0.7800695992227884, 0.7795569583188081, 0.7801792053664297, 0.7750566016378362, 0.7831041803287483, 0.7809303522834807, 0.7817278203599825, 0.7794114638810022, 0.7811916694880373, 0.780905019293939, 0.7768215294647188, 0.7787520262886444, 0.7819583655547472, 0.7813820206591358, 0.7788510151003472, 0.7832484658800148, 0.7766805216694191, 0.7760701047169827, 0.7803904920488302, 0.7776277101176711, 0.7797342420789959, 0.7758594977505839, 0.7766515704197918, 0.7781785100970785, 0.7811711071098065, 0.774762638681658, 0.7782935013101274, 0.7833864449977876, 0.7779911798500926, 0.7778836063932779, 0.7763118519803603, 0.7758385525475137, 0.7755494849033958, 0.7769908737284903, 0.7775583390261809, 0.7772693340554968, 0.7768973281368037, 0.7760645012597341, 0.7767248896145412, 0.7766892785049441, 0.7764834179204361, 0.7767122421802477, 0.7763939797000645, 0.7763638680227385, 0.7763241757096, 0.7763097718038701, 0.7763054512136573], "f1": [], "aucrecauc": 0.9510436220305428, "aucloss": 1.4745182879017231, "convergence_rate": 0.245665606858252}