{"bestEpoch": 93, "lastEpoch": 103, "mae": [3.0308094294802497, 2.612188698262887, 2.4160196296116188, 2.490857678275316, 2.4495291811491753, 2.4581280963817003, 2.502317826744774, 2.4136501556940804, 3.5217261577937515, 2.4317706880238643, 3.798621313567467, 2.1709107656557456, 2.1211614489268897, 2.0716705713900674, 2.0817721490081627, 2.0320775405140297, 2.151823921723133, 2.1506760200588535, 2.589468704057628, 2.317267220749955, 2.1996665248999654, 1.911495977871368, 2.0676114529197336, 2.045615910849455, 1.8916809924363762, 2.086436966398953, 1.7270630012354897, 1.846113860209425, 1.8993264223179414, 1.7646350317544803, 1.8865105651710354, 1.7348409769688935, 1.82593460770313, 1.7192948576391582, 1.8147848485529403, 1.7353981939344891, 1.812869802388464, 1.702427690606366, 1.8039244972310073, 1.693164279605775, 1.7443938001330432, 1.7021582992961632, 1.783669233241576, 1.7231576148480678, 1.726937778153413, 1.793925073213934, 1.693747890597146, 1.8228990452378795, 1.6696916039850227, 1.8489928355730156, 1.6377482543972157, 1.7507397195972039, 1.6303091436327835, 1.7538945510103618, 1.6568999635448907, 1.7558423965425067, 1.7362341485608086, 1.6506188988757224, 1.6612845011850914, 1.6774505021090855, 1.8059819224483975, 1.6529036571367313, 1.7792743868714054, 1.6196354431894036, 1.7516627621290572, 1.6057366594759166, 1.8097565570085923, 1.6234890492335652, 1.723483817032265, 1.638079972926833, 1.7271667183049144, 1.647236865506195, 1.689612557188858, 1.6237949995785042, 1.7237043648183223, 1.6144160735537578, 1.7101070229597122, 1.5926454704813724, 1.7085959433759872, 1.6150407849248642, 1.759779268445385, 1.5739022538787182, 1.723709339674318, 1.5363224771396835, 1.7451109307617656, 1.567239471597081, 1.6698453556394561, 1.6085830986489555, 1.6341339069013534, 1.596377100500093, 1.625481320729871, 1.60910030838308, 1.6357326891530308, 1.6139980582613083, 1.6201593194922916, 1.594564164949372, 1.619811918540454, 1.6343057086448918, 1.6315453673428046, 1.6309613040988895, 1.6272928830053321, 1.6272167470542744, 1.627354290204649], "medianabsoluteerror": [1.8452372550964355, 1.3988227844238281, 1.236666202545166, 1.2553730010986328, 1.2692193984985352, 1.3069000244140625, 1.3387022018432617, 1.3104581832885742, 2.221919536590576, 1.3512630462646484, 2.2525978088378906, 1.1022534370422363, 1.0977435111999512, 1.0570931434631348, 1.073420524597168, 1.0759668350219727, 1.1680474281311035, 1.1606526374816895, 1.4812250137329102, 1.2827386856079102, 1.2188334465026855, 0.9988932609558105, 1.1210832595825195, 1.113429307937622, 0.9961156845092773, 1.1421608924865723, 0.8638873100280762, 0.970848560333252, 1.0173091888427734, 0.9160275459289551, 0.9898543357849121, 0.8872418403625488, 0.9668583869934082, 0.8625209331512451, 0.9415621757507324, 0.8789224624633789, 0.9463281631469727, 0.8501958847045898, 0.9433765411376953, 0.8618803024291992, 0.9080626964569092, 0.8596925735473633, 0.9355602264404297, 0.8874740600585938, 0.8908157348632812, 0.9351797103881836, 0.8567004203796387, 0.9635400772094727, 0.8474326133728027, 0.9785885810852051, 0.8202495574951172, 0.9085612297058105, 0.8163537979125977, 0.9109077453613281, 0.8443460464477539, 0.9239377975463867, 0.9026141166687012, 0.8322243690490723, 0.8654899597167969, 0.8647332191467285, 0.982332706451416, 0.8525028228759766, 0.9347033500671387, 0.8269238471984863, 0.9361112117767334, 0.8165283203125, 0.9604430198669434, 0.8272919654846191, 0.9062819480895996, 0.8520665168762207, 0.921778678894043, 0.8716065883636475, 0.8987917900085449, 0.8562281131744385, 0.9107437133789062, 0.8265395164489746, 0.9279437065124512, 0.8216462135314941, 0.9208323955535889, 0.8435931205749512, 0.9504075050354004, 0.8160820007324219, 0.9428634643554688, 0.7963049411773682, 0.944298267364502, 0.8082442283630371, 0.9186618328094482, 0.8669991493225098, 0.8850069046020508, 0.8522944450378418, 0.8784656524658203, 0.8581428527832031, 0.8836269378662109, 0.8686156272888184, 0.8808877468109131, 0.8544397354125977, 0.8772077560424805, 0.893007755279541, 0.8910322189331055, 0.8867018222808838, 0.8825583457946777, 0.8839802742004395, 0.8845634460449219], "mape": [0.5922905378827732, 0.5246370538646934, 0.4851890019737098, 0.5081299556095078, 0.498202676979981, 0.4994275880441053, 0.5147842574943117, 0.491437951028093, 0.7210852265580154, 0.499392784951106, 0.7696919917326634, 0.4458359715695643, 0.4219946608242045, 0.41980432645373084, 0.4227393925133874, 0.4090216824734802, 0.4226548976261583, 0.43406141699717177, 0.5275209973903463, 0.4712820368550887, 0.44655909676733, 0.3917897927254873, 0.412649265364758, 0.41847102240521306, 0.38255389132818685, 0.42857957056097945, 0.35108413829726776, 0.37882358449524245, 0.3904813909711687, 0.35767897384751907, 0.38676655596647264, 0.35751603163223383, 0.3726913047024702, 0.35277328854451434, 0.3692609929838658, 0.35247215250147607, 0.3706673121368939, 0.3468507214557081, 0.3697972264133002, 0.3484835236024507, 0.3554375041785165, 0.35009562013888984, 0.36316417664307277, 0.3497894347840004, 0.35231147412438174, 0.3652892931260386, 0.3465539569758894, 0.3738952303466097, 0.342866761158706, 0.3790727130656573, 0.3351611672737942, 0.3586481636966869, 0.3316484791238049, 0.3598215501532014, 0.3384220931752255, 0.3583359889661855, 0.3561189165026914, 0.3361915661820609, 0.33957583192250723, 0.34398881305492685, 0.3718016769916576, 0.33846158638331625, 0.36427700840108396, 0.32848712535870667, 0.35926527271120634, 0.32824089241539917, 0.36919141020969515, 0.3309642894031789, 0.3524356910159489, 0.33344294297087124, 0.3519731539602739, 0.33679279753493696, 0.3445761248663457, 0.3324682569139128, 0.3530324270090205, 0.33285976068757683, 0.3496860101460736, 0.3268489548935488, 0.3496128069139152, 0.330836213468634, 0.3588411401225057, 0.3221386878422485, 0.35275893921496587, 0.3129458809576215, 0.3566834751270113, 0.32030933472868395, 0.34134462606733934, 0.32967090229845997, 0.3340343103123396, 0.3271006562150481, 0.3324571858090043, 0.3298948181069334, 0.3339625106794095, 0.33036159415988464, 0.33151131375430837, 0.32672367993367446, 0.3300627763646501, 0.33438399342829844, 0.333662381027762, 0.33363976162429104, 0.332819667828806, 0.33285235708379307, 0.33292336687933644],