{"bestEpoch": 28, "lastEpoch": 38, "mae": [1729.4354040926703, 1337.184700744495, 1008.8160641299833, 778.0037741977449, 651.4979668771921, 594.4265246774005, 568.5795420011389, 557.6784459373288, 555.6411473615185, 556.9043253314618, 558.9344664839005, 560.6136491563113, 561.6693771829861, 562.4597023598068, 563.243096384316, 563.5534990716343, 564.1314541686863, 564.8429960342825, 565.0109989643172, 565.7757646437095, 565.7522304278531, 565.3243734577153, 566.0579531566864, 565.544451727595, 566.8914967938357, 566.0091447615185, 566.4428681232397, 565.7777875930718, 566.1358440169606, 566.6899637897372, 566.7574499003299, 567.0614577489989, 567.006675215176, 566.7824548202559, 566.803190099235, 566.7956747274919, 566.9152005337083, 566.9348127660579], "medianabsoluteerror": [1536.3502122768555, 1163.5994721083985, 886.0866696328126, 659.3157348007812, 518.1158447890625, 460.88037126562494, 436.6082759609376, 440.36828648437495, 450.2920533125, 460.6017458398437, 465.8023682265625, 468.1909178515625, 469.09423792968755, 473.044677671875, 474.21112078515625, 473.5269775390625, 474.17565959374997, 472.2786864609375, 471.378051875, 473.5531001718748, 473.2805171640623, 473.39788812109373, 473.94726579687494, 472.81384253906253, 474.6681518281249, 472.8688960703123, 474.17626940624996, 474.04565382812507, 472.53271531249993, 475.05468744531254, 474.7153930390624, 474.70520014062504, 474.56567399999994, 475.04089338281256, 474.67980939843756, 474.76232892968756, 474.84021019531247, 474.96997093749997], "mape": [1.0576819299514122, 0.7949326688122127, 0.5757201438768019, 0.4301878740827978, 0.3612352734304836, 0.3383638129625355, 0.33362756440437297, 0.3361804147615303, 0.34158750638949165, 0.3475089599284923, 0.35215000956048675, 0.3552652571072768, 0.3570611536668472, 0.3584901126235154, 0.3594250352778496, 0.3600618902786186, 0.3608280703983045, 0.3618588068319597, 0.3621480917706548, 0.3631972570386642, 0.3632099270525175, 0.3624785891611275, 0.36360230851916125, 0.36283016017958153, 0.3646844192302777, 0.36342733074740186, 0.36403354183913617, 0.36327396783619303, 0.36363303181494927, 0.3643743758635164, 0.3645546211168997, 0.36491506838610305, 0.3648207295143536, 0.36450804223318306, 0.3645498724608095, 0.364535392322389, 0.3646986457067487, 0.36473680665243513], "mse": [3271445.504385825, 2068465.2923412933, 1319944.9442625018, 900546.6259614526, 677159.3629404198, 572253.4109175918, 523183.4673993153, 503392.2244049999, 499631.4247097382, 501647.0631581719, 505543.5779390857, 508847.59542867733, 510887.1453977814, 512381.168058643, 513777.0825341813, 514354.0545683902, 515430.0331185414, 516657.0337335044, 516971.79542437725, 518313.87865493423, 518301.4979566593, 517522.16097430285, 518842.99859153666, 517901.7325158546, 520321.55255500454, 518789.2392515682, 519529.79778711265, 518373.53008583456, 518988.62191244494, 519986.95742089464, 520091.58687575714, 520630.32150921965, 520543.02447426936, 520136.903344212, 520167.6154300054, 520146.3962921068, 520362.6544164769, 520397.9407400004], "recauc": [0.1887589796016639, 0.34185117771036366, 0.4929014679245703, 0.605440529238109, 0.6683791342097172, 0.697079707970797, 0.7100812155289604, 0.7155350794338693, 0.7165286602734346, 0.7158578672682083, 0.7148135850622099, 0.7139561659869691, 0.7134178751208454, 0.7130147236945916, 0.7126157504639353, 0.7124573938875368, 0.7121631570564463, 0.7118030025224744, 0.7117176310223615, 0.7113299774421887, 0.7113415934186013, 0.711559274445963, 0.7111859037755628, 0.7114471150818785, 0.7107618021061366, 0.7112103210321032, 0.7109895878476735, 0.71132988854441, 0.7111461368359058, 0.7108652198553188, 0.7108303422934886, 0.7106763417082449, 0.7107043741411179, 0.7108184596237401, 0.7108069029125135, 0.7108109625777392, 0.7107499194363881, 0.7107409111281497], "f1": [], "aucrecauc": 0.9553541089964211, "aucloss": 633133.6620245886, "convergence_rate": 0.9434226008527231}