{"bestEpoch": 21, "lastEpoch": 31, "mae": [], "medianabsoluteerror": [], "mape": [], "mse": [], "recauc": [], "f1": [0.00639351143842519, 0.01737764500160095, 0.011606490881987955, 0.017841871366825444, 0.017595755049506244, 0.015329253011371072, 0.01919354159875719, 0.025081068014855594, 0.027021239520713843, 0.02578836373972673, 0.027907261733071835, 0.02860746911977939, 0.02681092587481167, 0.02857737842236829, 0.028616711530707807, 0.02631806527503356, 0.028340047189680605, 0.03241637273560821, 0.02827406427553507, 0.03179382390289398, 0.03370665509247999, 0.0340337868443254, 0.03754580239837546, 0.025083761314184785, 0.03194616931589034, 0.033313868651902855, 0.03703108055888801, 0.037355387586179935, 0.040098055290005735, 0.040589825476775684, 0.0400627972920105], "f1auc": 0.6885386385140506, "convergence_rate": 0.6303062870666208}