{"bestEpoch": 25, "lastEpoch": 35, "mae": [1.549298458644615, 1.0166312959051742, 0.9041328567428385, 0.8218940650938554, 0.7627831423520182, 0.6864735640434866, 0.6111146142035725, 0.6048281170619905, 0.5245315342327799, 0.5323615323731437, 0.504995590451148, 0.5423381319881988, 0.4996161593824372, 0.5068656828952673, 0.49552082195571046, 0.49316972133779524, 0.5101751066133232, 0.4912707702288731, 0.48995446036021667, 0.49053445648328464, 0.4945826175639861, 0.49743695045866787, 0.4916770309296296, 0.48875539989824895, 0.4876512826867236, 0.48833063876123983, 0.4888716389444616, 0.4881242053354376, 0.4890347072845361, 0.4884252019121703, 0.48820156251222385, 0.48835774983419167, 0.4884171789122742, 0.488296683250571, 0.48824610826586134], "medianabsoluteerror": [1.5306430965662003, 0.9763833343982695, 0.8469003677368165, 0.7473547458648682, 0.6750377798080442, 0.5945700645446778, 0.5157637119293212, 0.5128250408172607, 0.4378772974014282, 0.4449476623535158, 0.42173416614532466, 0.45553527116775516, 0.4150228214263916, 0.4255385279655457, 0.4148400211334229, 0.4117991876602174, 0.42680791616439817, 0.4093582582473755, 0.40882807970046997, 0.4081740379333496, 0.41249928474426256, 0.41891056060791, 0.4075067973136903, 0.40580942153930666, 0.40517084598541264, 0.40464054822921747, 0.40515836477279654, 0.4053805470466614, 0.4057274818420411, 0.4054572701454163, 0.4061028718948365, 0.40575575828552246, 0.4067864894866944, 0.40640166997909555, 0.4063080310821533], "mape": [0.680647524483098, 0.4273837368617334, 0.38174064603329527, 0.35095222401185727, 0.3293404462821314, 0.30537898653035034, 0.28301462237218666, 0.2803729466523825, 0.2661856909474103, 0.2643827190704925, 0.2645417772564582, 0.2652590304269805, 0.2693628065806623, 0.26283848215305355, 0.26906325658769703, 0.2706524171407164, 0.26319964311992766, 0.27406090916117154, 0.2719933885423079, 0.26621388915478816, 0.286097029710541, 0.2865078345104172, 0.2817010109371477, 0.2681196555519197, 0.2718896784429001, 0.2710961856206918, 0.2701848028292257, 0.2700431283211802, 0.2686886233504695, 0.2702569899089454, 0.2725166934850433, 0.27396778016766404, 0.2746457497516683, 0.2739434110908982, 0.27369555841566984], "mse": [2.9467216230625137, 1.4706220873499545, 1.2022308893606393, 1.0178539298774134, 0.8949921298156359, 0.7384355544477023, 0.6033926835721822, 0.5873254151004372, 0.45362077358429853, 0.4663796853589781, 0.4184220518412124, 0.4821515769762932, 0.4102310346076114, 0.4196085428066701, 0.39944023624146197, 0.39640606636490494, 0.42747914949162846, 0.39420034981369667, 0.3905855453682828, 0.3946815033281366, 0.3943539026416561, 0.3962528987284022, 0.3929304215349542, 0.39110171311153974, 0.38784281583731944, 0.3897026005772218, 0.3909154827947617, 0.38885371269749325, 0.3912693437716731, 0.3893963868384869, 0.38847153981613836, 0.38875666213564813, 0.3882395089813708, 0.3882606295150012, 0.38827394786384184], "recauc": [0.6398267926491686, 0.7635861388266757, 0.7897385611987506, 0.8088597322493472, 0.8226042550420952, 0.840349684474615, 0.85787397357005, 0.8593373389307902, 0.8780087861060278, 0.8761884136359888, 0.8825522743448945, 0.8738693249597097, 0.8838029997523087, 0.8821175301371433, 0.8847556139828302, 0.8853018006009834, 0.8813475615502714, 0.8857430034258567, 0.8860499594319569, 0.8859146771571735, 0.8849726665473127, 0.8843094098100412, 0.8856478230799638, 0.886328228961254, 0.8865848344615733, 0.886426867539452, 0.8863012085405904, 0.8864751524323726, 0.8862635177298408, 0.886405228946446, 0.886457043080426, 0.8864204725122592, 0.8864068091561816, 0.8864348025027589, 0.8864465327249947], "f1": [], "aucrecauc": 0.9785259256455905, "aucloss": 0.5500560179338819, "convergence_rate": 0.9228728159094682}