{"bestEpoch": 19, "lastEpoch": 29, "mae": [1.5107058576812378, 1.3115167232710514, 1.1307261621997073, 1.1107227950827838, 1.0533560960257213, 1.0560515111314188, 1.028877741419651, 1.0408004207419563, 1.1024020268075703, 1.036480672654932, 1.056323425898663, 1.015795372255144, 1.0294716267335304, 1.0405648539576218, 1.0195994734805023, 1.210253735321967, 1.0152632269382968, 1.0647746063858383, 1.0131850908026023, 1.0139708283264286, 1.0375389668935768, 1.0064058103309315, 1.0284867076336868, 1.0194624364069145, 1.0050124038423904, 1.008860942632359, 1.0149343706184017, 1.0062313748519116, 1.0044584400335457], "medianabsoluteerror": [1.0595636367797852, 0.9640116691589355, 0.9304943084716797, 0.9645881652832031, 0.9281468391418457, 0.9518303871154785, 0.943084716796875, 0.8626856803894043, 0.8722305297851562, 0.9515891075134277, 0.8570985794067383, 0.9381885528564453, 0.9459614753723145, 0.9612021446228027, 0.9430866241455078, 1.0719995498657227, 0.9413313865661621, 0.9818921089172363, 0.9409952163696289, 0.9419927597045898, 0.9575095176696777, 0.9372053146362305, 0.947657585144043, 0.9405331611633301, 0.9370951652526855, 0.9419755935668945, 0.9411282539367676, 0.9363574981689453, 0.9343338012695312], "mape": [0.296050047892146, 0.2402782754882261, 0.22048105106739377, 0.22869586917463433, 0.2107618784524073, 0.2216876752001396, 0.20795451540665846, 0.2008315782006154, 0.20229875588240798, 0.2175915681467291, 0.19906280171514182, 0.20883833443296454, 0.21618922652010164, 0.22154512270274304, 0.21226541443990832, 0.274251823664662, 0.2111274801621677, 0.23119300273387253, 0.20976292235742203, 0.21109229242230831, 0.2218989522774754, 0.20645808404683738, 0.21837509842437283, 0.21445801864775546, 0.205357216944438, 0.20876039108995015, 0.21241643432751495, 0.2068398220425433, 0.2051361412810377], "mse": [67.37757184278668, 16.135983633276812, 5.844410539673258, 5.529941487164075, 2.5653006070779996, 2.1820183376797857, 1.9770504707654932, 1.9050740223723575, 2.4424223025954066, 1.9649033964026708, 1.8945428892621576, 1.6542369059792794, 1.832678304666398, 1.728435841809021, 1.6580060921138584, 2.3006090510185073, 1.5971088717316055, 1.7710750591009117, 1.5517338403237715, 1.5701714864853502, 1.6394463400050787, 1.561012115108405, 1.5949218367216136, 1.5787586293376539, 1.5584797955582272, 1.5649055372431224, 1.57050234658594, 1.5571525775646156, 1.5569350998555211], "recauc": [0.7203738053173666, 0.7246979246500002, 0.7528173345999207, 0.7555936678460157, 0.7623856961734623, 0.7591750936164678, 0.7645345207366601, 0.7614418153109509, 0.7476686906589731, 0.7622471653275866, 0.7563209805360901, 0.7653359740368132, 0.7632420296612564, 0.7597140592878374, 0.7644636245292913, 0.720378268516862, 0.7650237903982641, 0.7539836201265167, 0.765235826706598, 0.7651817018296406, 0.7598480239373061, 0.7669546563307207, 0.7617571918537547, 0.7638919058400863, 0.7672611064745334, 0.7664074337402845, 0.7649606361254045, 0.7669813325307815, 0.7673882046632402], "f1": [], "aucrecauc": 0.9881097313195487, "aucloss": 3.757076278176588, "convergence_rate": 0.8864322086644785}