{"bestEpoch": 50, "lastEpoch": 60, "mae": [0.7409596209308231, 0.6988245563260831, 0.5719157371542404, 0.5364600951676252, 0.6513081937512408, 0.5611757084693131, 0.5881460219288922, 0.5285773839327215, 0.53267026518609, 0.5061230020255759, 0.4879835519306622, 0.49343348246258195, 0.4675953442416481, 0.4627560280717449, 0.4818406283452349, 0.45787094932129846, 0.47453737952725744, 0.4448985433311324, 0.4449670000379766, 0.4312406343229736, 0.4208803602623366, 0.43097252872162006, 0.4185861951719168, 0.416924523540515, 0.4224572990164351, 0.4309960254383082, 0.43183690319591245, 0.4072476177803636, 0.4235180150579543, 0.5086473251198013, 0.41502913042314166, 0.4085321334564242, 0.39665585936246406, 0.39584282406638216, 0.39476375100427974, 0.3944033978973854, 0.3966758496041566, 0.39542874645830745, 0.3984328692798955, 0.3931363241784139, 0.39356282421570243, 0.3935441155359134, 0.39290223916627615, 0.39325825053420604, 0.3930737032814983, 0.3929162759595615, 0.39352840048927107, 0.39260603227324026, 0.39287872131659507, 0.39312871158091633, 0.3928585624357044, 0.39311368078966674, 0.39267948732771185, 0.39372752802115485, 0.39367989794650204, 0.3936068029060709, 0.393570943412658, 0.39377982618953555, 0.3937317634368175, 0.39374935385037224], "medianabsoluteerror": [0.6127277207374573, 0.6100143671035767, 0.4711692762374878, 0.4398304224014282, 0.502639832496643, 0.4584699213504791, 0.4935472059249878, 0.4234113812446594, 0.4344706892967225, 0.4300510716438293, 0.3921479630470276, 0.39460452795028683, 0.38667806386947634, 0.3638336658477783, 0.38163941144943236, 0.36922624707221985, 0.4095527863502503, 0.3549330282211303, 0.36877399325370785, 0.3396011531352997, 0.3275835621356964, 0.35236530780792236, 0.32328945398330694, 0.3273259019851684, 0.3300872039794922, 0.3491472101211549, 0.35143118858337397, 0.321233069896698, 0.32986220479011535, 0.4274298912286758, 0.3279836976528167, 0.31928986012935634, 0.3077876591682434, 0.3059441661834717, 0.306656733751297, 0.30285020887851716, 0.30543492913246156, 0.30607813596725464, 0.30965641975402813, 0.30202335596084606, 0.3025186240673065, 0.30257842540740965, 0.30217695236206055, 0.30206885814666745, 0.3024557423591613, 0.30239864587783805, 0.30191148281097413, 0.3023671758174896, 0.3015180289745333, 0.3032769155502319, 0.30189808130264273, 0.3032296121120453, 0.30143960833549494, 0.3033911693096161, 0.30306503176689137, 0.30229629874229424, 0.30253415107727044, 0.30335952281951906, 0.3034532833099365, 0.30257929563522334], "mape": [1.0673455876307294, 1.0689087649915838, 0.7365357469625423, 0.7007868207088832, 0.7277467570556416, 0.7254885576890083, 0.8684692239561024, 0.6412932726166078, 0.6999772765283914, 0.7660252209416005, 0.6245908863843777, 0.5581780776407553, 0.7065188874917985, 0.5598992299422062, 0.5332339334963562, 0.6270294710816919, 0.7720375789925481, 0.6346785601422579, 0.7028739916294575, 0.5496958445856702, 0.5635843045247355, 0.6543293275047061, 0.5385911603291511, 0.5594025531691367, 0.523666994101024, 0.6612379647896056, 0.6121387149011537, 0.5837542201487395, 0.5140032188258594, 0.7611992304684753, 0.5982206797086095, 0.5163600443367735, 0.5485669313311791, 0.5275159020197514, 0.5535227769157456, 0.5109860853127137, 0.5088645447534406, 0.5415641992388117, 0.5618313157747467, 0.5202142869539224, 0.522302783408057, 0.5289295852513792, 0.5286598342452162, 0.5250427706112566, 0.5296995943375141, 0.534064048526246, 0.5221103756691734, 0.5248195079297153, 0.5260167743948454, 0.5349141649076133, 0.5203763164907251, 0.5383851741673505, 0.5288739919573223, 0.5336211186808322, 0.5312737854691643, 0.5255322332670304, 0.5276779039873436, 0.5268127267106942, 0.5279527731855146, 0.5272783417237976], "mse": [0.9114971212644201, 0.7689234611949967, 0.5391643053650604, 0.47842679739565874, 0.7497573942114752, 0.5194903253634022, 0.5539462038856783, 0.4739809256045209, 0.47718746137757234, 0.40828094445974944, 0.40134846383297657, 0.4077969197738312, 0.3586932647459015, 0.3682947386855042, 0.3931420599097688, 0.35202749925699206, 0.35308197046439943, 0.3313582780599558, 0.3224454172111354, 0.31713700726655936, 0.3065588581033857, 0.30661238527181645, 0.3053846193961384, 0.29761289979474287, 0.30623209909493754, 0.30733689186187885, 0.30735562203403033, 0.2843283459814013, 0.3108069103184701, 0.4081770080434443, 0.2929820964211226, 0.2871230709265906, 0.2731097409945739, 0.2725142157696222, 0.2702362227052027, 0.2725175658479833, 0.2747159027504451, 0.27162729656520274, 0.2743718880803816, 0.27006139351324254, 0.2704804842061444, 0.27015366084412334, 0.26942326827463237, 0.270238320376425, 0.2696680371064812, 0.26888384263729215, 0.27051454133520725, 0.2693175218674455, 0.2696451435640984, 0.26915984671649973, 0.269836198894015, 0.26901859800972383, 0.26915896269151185, 0.2698868122993346, 0.2701650300934367, 0.27027458496640056, 0.27023091218381434, 0.27058675769882834, 0.2703768142329271, 0.27043652102534954], "recauc": [0.8276820226568028, 0.837467372517361, 0.8669830597340095, 0.8752292120920645, 0.8485201840251732, 0.8694810641763465, 0.8632082074900861, 0.8770627369612259, 0.8761110515325822, 0.8822853555367036, 0.8865040710523833, 0.8852365254098058, 0.8912460780790521, 0.8923715831069108, 0.8879328754396766, 0.8935077878467366, 0.8896315154495564, 0.896524793254331, 0.896508985980582, 0.89970137233123, 0.9021109610347284, 0.8997638015322988, 0.9026446789498249, 0.9030311569396833, 0.9017442846193061, 0.8997583864184101, 0.8995627787553606, 0.9052816746535817, 0.9014976052151492, 0.8816981254932957, 0.9034720399927527, 0.904982902642079, 0.90774515863329, 0.9079342883185506, 0.9081852766827987, 0.9082691162918057, 0.9077405479361523, 0.9080305766806056, 0.907331979822354, 0.9085637893315258, 0.9084646199298776, 0.9084689573191552, 0.9086181989175621, 0.9085354467249342, 0.9085783922415603, 0.9086149269766561, 0.9084726724969214, 0.9086870169321533, 0.9086236676592342, 0.9085654175485642, 0.9086284043493571, 0.9085690519615967, 0.9086700802443636, 0.9084263497221766, 0.9084374584267569, 0.9084544035140789, 0.9084628114459528, 0.9084140282543496, 0.9084253036573411, 0.9084212647745206], "f1": [], "aucrecauc": 0.9869899418480673, "aucloss": 0.3422395700115759, "convergence_rate": 0.8540817053147965}