{"bestEpoch": 20, "lastEpoch": 30, "mae": [], "medianabsoluteerror": [], "mape": [], "mse": [], "recauc": [], "f1": [0.004620526356672887, 0.006559914920450213, 0.009805531892155503, 0.010780824549101854, 0.013354515558106572, 0.010703980422347475, 0.023909305403564323, 0.022361101897065392, 0.02948391318713623, 0.032088077685435035, 0.032944714834353815, 0.035657496210709745, 0.03520074082141018, 0.03910104964288091, 0.037949991143216004, 0.04062474735450802, 0.0402946502045233, 0.04231163721079535, 0.043674320609706004, 0.0414877944007304, 0.040764634780414775, 0.041861936602881324, 0.041889387133428234, 0.04321416943893797, 0.04312257795476176, 0.04279832441989229, 0.0426304630483376, 0.0425273286659942, 0.042465460050837296, 0.04276706183631275], "f1auc": 0.7526417408582113, "convergence_rate": 0.723376329449009}