{"bestEpoch": 56, "lastEpoch": 66, "mae": [0.9462999678787561, 0.7973267034366293, 1.1297076358199325, 1.2884793501722007, 0.6993869590137245, 0.6684357164817047, 0.6272859455505434, 0.6052659946006882, 0.5826615738860529, 0.5667367061715824, 0.5680594136532418, 0.5520791233179293, 0.5372304843538535, 0.5347296925619055, 0.5138035923846186, 0.5144847413333797, 0.5194629030132719, 0.5043057631758779, 0.49472667448225194, 0.4972281370054927, 0.5074333897416141, 0.4879938756482445, 0.5280889025922907, 0.4905537828890024, 0.4935787109996378, 0.5072947689400806, 0.4921480575624381, 0.50357620977185, 0.4917322968110734, 0.47643156621286725, 0.4724719530112793, 0.4720747427477118, 0.47773775275204544, 0.469769542584745, 0.47831247428254986, 0.4716486814625272, 0.4700847414405003, 0.4712757203245834, 0.469055649753784, 0.4711847117869583, 0.4678215901138772, 0.4716622339177287, 0.46842023412100114, 0.46843614890900337, 0.4739330566260891, 0.4651684941109455, 0.4644334326893695, 0.46567864693033706, 0.46545680494927233, 0.4651357134797096, 0.4667199944614996, 0.46564455462860727, 0.46659619522553064, 0.46508992557217893, 0.4648712643879695, 0.4652869590892851, 0.4641400748742965, 0.46436703119169914, 0.464077242043597, 0.4648557271574356, 0.4645620327899434, 0.4641093070098636, 0.46423831298676216, 0.46483847205269757, 0.464827476561049, 0.46432195772144175], "medianabsoluteerror": [0.5839385986328125, 0.4658012390136719, 0.8328385353088379, 0.9791224002838135, 0.4953651428222656, 0.4927096366882324, 0.46453237533569336, 0.46048974990844727, 0.45296144485473633, 0.4385952949523926, 0.47060060501098633, 0.4465599060058594, 0.4238607883453369, 0.4428691864013672, 0.4131307601928711, 0.41260290145874023, 0.41264939308166504, 0.4047513008117676, 0.39139604568481445, 0.39763784408569336, 0.40677547454833984, 0.3917522430419922, 0.4313507080078125, 0.4042191505432129, 0.4002690315246582, 0.413454532623291, 0.38047170639038086, 0.3855295181274414, 0.38390254974365234, 0.38042736053466797, 0.37624311447143555, 0.38222551345825195, 0.38815784454345703, 0.3747901916503906, 0.39018821716308594, 0.38115453720092773, 0.3811216354370117, 0.37981557846069336, 0.37865185737609863, 0.3839545249938965, 0.3793904781341553, 0.37740373611450195, 0.3802022933959961, 0.37266016006469727, 0.384645938873291, 0.3739337921142578, 0.3716750144958496, 0.3751845359802246, 0.37337350845336914, 0.3770561218261719, 0.3760256767272949, 0.37349462509155273, 0.37995290756225586, 0.37804412841796875, 0.3751220703125, 0.3774845600128174, 0.374483585357666, 0.37613964080810547, 0.37760448455810547, 0.37549638748168945, 0.3754091262817383, 0.3775753974914551, 0.37444305419921875, 0.3748655319213867, 0.37520360946655273, 0.3745689392089844], "mape": [0.1916206530972195, 0.16187128196405096, 0.2121581791642802, 0.23322388264528796, 0.14253930020881195, 0.13767253886145833, 0.12769325855758856, 0.12391572985317943, 0.11967178935468376, 0.11274151860737947, 0.11791592528447283, 0.11468579605569457, 0.10758096873525537, 0.11196845508031258, 0.10479434159529095, 0.10521501700646649, 0.1019807676163349, 0.10355650262854589, 0.09948581196701485, 0.10096666656288415, 0.1024386773056057, 0.09970780245983521, 0.11213643495123889, 0.0999117575702629, 0.1010764598415848, 0.10570423444016344, 0.0996947859939088, 0.10328200767915208, 0.09882605902341529, 0.09613383826447076, 0.09560130831025031, 0.09649158910300654, 0.09831552750046237, 0.09599812380149646, 0.09849362834137702, 0.09632273444253385, 0.09645248281279882, 0.09652433055785237, 0.09574412151177902, 0.09722392924404341, 0.09540407428601382, 0.09732951608818688, 0.09623909425035759, 0.09571705607086688, 0.09823384878905199, 0.09500509960135452, 0.09470738603408946, 0.09483319894671595, 0.09515768059672876, 0.094892601340015, 0.09573527428536785, 0.09497575112119275, 0.09580203940696876, 0.09493185324788372, 0.09512413134879034, 0.09521677653503255, 0.09470727004794632, 0.09454037313959664, 0.09488515125208766, 0.09476795744856968, 0.09478496355276285, 0.09467123591156741, 0.09479354033836199, 0.09505130529255536, 0.09507854349569374, 0.09485367974412448], "mse": [35.27382733995351, 24.36483394219887, 17.188227930780172, 12.465439869331034, 6.951645905714288, 4.404817827724481, 2.763152378052788, 1.7111021409249574, 1.0463459065637213, 0.7071533641985096, 0.577935454198369, 0.511673257500321, 0.4878802439216965, 0.4738652687271656, 0.45015143475113123, 0.451001348863807, 0.4629833996543803, 0.42970283716876184, 0.4226259542936518, 0.42140906610905227, 0.43624551224949126, 0.4077145065356035, 0.4654959925978272, 0.4052684167118224, 0.4179771663656254, 0.43346403067618405, 0.5013857111079814, 0.7890537972694143, 0.5023290772713076, 0.4082833125691105, 0.3850963417662362, 0.3780020296745808, 0.38419154816262113, 0.377167867831263, 0.3832482833202534, 0.3771859445519918, 0.3750558268030975, 0.376757665044292, 0.37508909176705274, 0.375551204896139, 0.3718901757246128, 0.376892207140258, 0.3731298600672666, 0.3782662936220941, 0.3786089070349179, 0.3691688277246054, 0.3685635603268473, 0.37041488786833787, 0.3693537876110684, 0.3692177511350786, 0.3705305394746726, 0.36966173046940887, 0.36914899988701155, 0.3683721517679461, 0.36852362958277596, 0.3686137360823531, 0.3680519586365729, 0.3692571611863244, 0.36726447092994985, 0.36907069143332893, 0.36823489206331966, 0.3676697567729717, 0.36763150427364244, 0.36827123323260325, 0.3681762186375977, 0.3678841558199304], "recauc": [0.835481282422784, 0.8598371680628413, 0.7729849366673709, 0.7285820926754536, 0.8589571281192657, 0.8605961866354847, 0.8657573961996268, 0.8671086126806983, 0.8690672877792415, 0.8702740339258781, 0.8686324519853289, 0.8716197744044917, 0.8750502410350888, 0.8756324482431079, 0.8804988119821251, 0.8803410207138119, 0.8791828547770671, 0.8827080270677257, 0.8849350949513076, 0.8843546730230867, 0.8819801478946384, 0.8865015749772711, 0.8771764749423794, 0.8859073857952222, 0.8852026809272071, 0.8820187202379697, 0.8867137314486684, 0.8865183291415307, 0.8868915041177994, 0.8893462123417972, 0.8901108270799617, 0.8902039362878958, 0.8888856444861788, 0.8907404128672393, 0.8887532934549891, 0.8903029849843893, 0.8906667014109582, 0.8903911846728785, 0.8909065468853785, 0.8904120930458992, 0.8911935992775384, 0.890299963741654, 0.8910540041302448, 0.8910494036015343, 0.8897718299121363, 0.8918115807461281, 0.8919818346407246, 0.8916917266735255, 0.8917438087784061, 0.8918195115083084, 0.8914504392423451, 0.8916997604326172, 0.8914787977252926, 0.8918290558887678, 0.8918800050276225, 0.8917834969216113, 0.8920501902576115, 0.8919974901712623, 0.8920647814867309, 0.8918840562394722, 0.8919508669026875, 0.8920562670753859, 0.8920276682663117, 0.8918876611313723, 0.8918906480418038, 0.892007137548633], "f1": [], "aucrecauc": 0.9871625826983816, "aucloss": 1.7218669467449441, "convergence_rate": 0.923590204022175}