{"bestEpoch": 39, "lastEpoch": 49, "mae": [], "medianabsoluteerror": [], "mape": [], "mse": [], "recauc": [], "f1": [0.029602255736738345, 0.04784190438278537, 0.0767008510389231, 0.0969244762540639, 0.097183040199602, 0.11927012718376823, 0.13724385632574398, 0.13576648605035027, 0.14068791913560208, 0.1428014587555755, 0.16194892256843713, 0.16013928622434948, 0.16092660479797496, 0.1618501157723003, 0.15971181907839022, 0.16755246601058577, 0.17099085748150655, 0.1716464975154156, 0.17211939231979387, 0.17303978640837783, 0.17307688776255747, 0.1739314318157287, 0.17390420375381202, 0.1740461626522422, 0.1743752597630575, 0.17404025244433624, 0.17366867660657823, 0.1740378331382853, 0.17399457597034335, 0.1739261176061173, 0.1737063513944402, 0.17378393517154822, 0.17413122131862752, 0.1738342284180584, 0.17390335094438406, 0.1739591894140939, 0.17395983485628924, 0.17404972079389044, 0.17429185362697, 0.17423224658541905, 0.17417430797564812, 0.174030084586825, 0.174085972291872, 0.1740851251487959, 0.1741412452658984, 0.1741385537037347, 0.17402218127226862, 0.17401651957237832, 0.17401651957237832], "f1auc": 0.911313168003411, "convergence_rate": 0.8931790531599637}