{"bestEpoch": 80, "lastEpoch": 90, "mae": [7.272646286432801, 4.636578530946205, 3.388379358131075, 2.6269833902703965, 2.1279720822161856, 1.7833976412123473, 1.4940965629806995, 1.2927884548889137, 1.121929614808884, 0.9892102270892984, 0.8926312731857748, 0.8162687997210819, 0.7572436192880833, 0.7166241103064498, 0.6760421527810588, 0.6491701724177511, 0.6281060694318625, 0.6108205781530125, 0.5909604720655863, 0.5858984212869937, 0.5694196853559298, 0.5594907289366157, 0.5374791909907702, 0.5301943017502504, 0.5184805355696945, 0.5155602685387272, 0.5035744514116682, 0.5054323941204464, 0.4901385014796433, 0.4888900390569425, 0.4850910657828656, 0.4886128558669344, 0.479954753868017, 0.4728829576655807, 0.4684721149983288, 0.4720845432156631, 0.4674121812362871, 0.4615679097133465, 0.45673142342275164, 0.4598071965166543, 0.458241372528024, 0.4506584379823184, 0.44798887956769523, 0.4468462143682513, 0.44595876351780217, 0.45173377431269324, 0.44162766342487736, 0.4376687955782238, 0.4371392163885765, 0.44123566507132883, 0.4339908365307628, 0.43151769614412133, 0.4311879848652875, 0.42696552688479905, 0.4352094614994677, 0.4250641041738, 0.4405127774134091, 0.42318175948196846, 0.4259860943594554, 0.42441330364566454, 0.42365444404254604, 0.4185401909549628, 0.42416308307885464, 0.4161596253544627, 0.42257495143865587, 0.4191359733733426, 0.41668745485985637, 0.4169999440171365, 0.4150226940673417, 0.4184206201058589, 0.41525388271062275, 0.4194242732248301, 0.4171865817202693, 0.41710439626904955, 0.42061818086698644, 0.41698930070343176, 0.4163008404763483, 0.41562019533461686, 0.41576042865757656, 0.41575357266293544, 0.4153770760383673, 0.4162606829569795, 0.4165842416033688, 0.4169319182421089, 0.4166640488046337, 0.4165809604620925, 0.4163915605274122, 0.4164262786659054, 0.41639729927188374, 0.41639109594327717], "medianabsoluteerror": [5.015750741958618, 3.281646093130112, 2.375670146942139, 1.8310770869255066, 1.4751062774658203, 1.2244200110435486, 1.0314248609542847, 0.898094173669815, 0.7871161937713622, 0.6952925658226012, 0.6391732931137086, 0.5925524234771729, 0.5573129653930664, 0.5297897100448609, 0.5056100368499755, 0.4873797512054444, 0.4733947515487671, 0.4638969659805299, 0.449205071926117, 0.45185952186584477, 0.44099148273468014, 0.4391404390335083, 0.41460711956024165, 0.40836105346679696, 0.40529175996780387, 0.4067655444145202, 0.3930476903915405, 0.40518770217895494, 0.3841203832626343, 0.38754097700119017, 0.37850892543792725, 0.39329254627227794, 0.38194501399993896, 0.3746668410301208, 0.3691027641296387, 0.37646675825119025, 0.3735325574874878, 0.3704588770866395, 0.3630080938339233, 0.3725262975692749, 0.3719812154769897, 0.3578797554969787, 0.3578371286392211, 0.3613144993782045, 0.35533244848251355, 0.37036947727203384, 0.3548512697219849, 0.35326536893844596, 0.35006740093231214, 0.3560140776634215, 0.3461790442466737, 0.3440374135971068, 0.3438858985900879, 0.34440948963165297, 0.35695625066757186, 0.34371488571166986, 0.3488972663879393, 0.34316761493682857, 0.3479619979858397, 0.34826235771179204, 0.33613811254501347, 0.3364630699157715, 0.347838807106018, 0.3349657535552979, 0.34253422737121575, 0.33807961940765363, 0.3347297954559326, 0.334717833995819, 0.33255148530006406, 0.33774771690368643, 0.333060622215271, 0.34041449069976815, 0.33763000965118406, 0.33693752288818346, 0.3408230066299438, 0.33635165691375735, 0.334997935295105, 0.33395532369613645, 0.3345566868782044, 0.3344029927253722, 0.33364070415496827, 0.3353227257728576, 0.3356224536895751, 0.3365558314323426, 0.33607549667358405, 0.3358072996139526, 0.33540832281112665, 0.33547607660293566, 0.3354852676391602, 0.33545995235443127], "mape": [3.8989309477480334, 2.459216087538213, 1.7803316012035721, 1.3710339958588342, 1.1054243607818048, 0.9153823487191416, 0.7687910753168776, 0.6585537670529433, 0.5741130798540153, 0.5058563416854306, 0.4539433789041332, 0.4123043752397372, 0.39178878587516647, 0.358331290268515, 0.34791560973477353, 0.3320659962477071, 0.32004912363214055, 0.3191223187017582, 0.3033198627290728, 0.3143393336528369, 0.3021069868280221, 0.3022920373064028, 0.27796848270033325, 0.274002027370993, 0.2765274846263286, 0.27756055874783175, 0.26960705094109966, 0.27912080298688047, 0.26189975096979107, 0.26856124089267175, 0.2555485335860494, 0.274632083347989, 0.26292343954474007, 0.25378348830541714, 0.2556663165114204, 0.253373967666974, 0.258145708773434, 0.2575423113278999, 0.2492941986482881, 0.2561186864402838, 0.2553204440886784, 0.24404297047624454, 0.24488726768481445, 0.24422614927075045, 0.2395500903592175, 0.2549572853139019, 0.23606830429408196, 0.23999974965239637, 0.2344483269766875, 0.2326575861384272, 0.2305389178875536, 0.23074556484862457, 0.22980669646860954, 0.23655595126986156, 0.23978093503388523, 0.22998460443303792, 0.22220787945330564, 0.2328008509017297, 0.2356073407188207, 0.2373150570499271, 0.21995373278906014, 0.2258294364350991, 0.2356036927800078, 0.22528793775673933, 0.2312988127116578, 0.22748679197493837, 0.22387668226503013, 0.22125017832980137, 0.22275690092206496, 0.22765487023443257, 0.22387199458106435, 0.22943989015237443, 0.22682615027032846, 0.22690035477600945, 0.23036166164957525, 0.22494785531437517, 0.2261924099324828, 0.22421552959024107, 0.22476407632138143, 0.2247823675212206, 0.22406459652724595, 0.22546739967475618, 0.2255613086360713, 0.22619899467967672, 0.2259589657798385, 0.22581599906505542, 0.2255653001055943, 0.22561422715640364, 0.225582154179334, 0.2255668846815888], "mse": [125.08031309924479, 49.68339144524421, 27.43118988194225, 17.13715209739434, 11.573709313606518, 8.385031387628542, 6.002272711999757, 4.541330830103483, 3.4512788278861097, 2.6945828623545585, 2.178715064135282, 1.7949041001548294, 1.5097703158973563, 1.3206819451339613, 1.1560985894139986, 1.044529631898367, 0.9575309566832259, 0.8796107576593563, 0.8173053703734124, 0.7689801532084286, 0.7210242935840062, 0.6752780378262033, 0.6355259184718831, 0.6129707723314942, 0.5703966738250719, 0.5518450494436603, 0.5275662795968487, 0.5099090591926503, 0.4932914008572066, 0.4792271813766982, 0.4736607269463026, 0.4590923420707165, 0.4447227195842156, 0.43671009474250677, 0.4256177543686935, 0.42345806491861, 0.4096742679588769, 0.39594257135928046, 0.39228697697460585, 0.38443259103301125, 0.37770076176612644, 0.37307303354172966, 0.36239607962450315, 0.35595212619776745, 0.3558434577993117, 0.35073377589146515, 0.34305520027349384, 0.3309184297351595, 0.3372340530782053, 0.3366500186684461, 0.32931672096046766, 0.32629137808505115, 0.32450864109440575, 0.311211704980127, 0.3161537181508507, 0.3076548078719198, 0.33956456299869414, 0.30328495991408755, 0.3040364589224856, 0.30012613643268177, 0.31386342923410093, 0.3016465209002455, 0.30033191112528274, 0.2966257252335348, 0.3033894718362175, 0.29953723015540956, 0.29831692464470366, 0.3009704079469375, 0.29690545434299126, 0.2977513972377525, 0.29689690322169016, 0.29811832265569027, 0.2964650444374089, 0.29660090971939385, 0.2999615737597634, 0.2984325456765952, 0.2970984744221004, 0.2966786025814993, 0.29642039775974155, 0.296419539485732, 0.2964691568371435, 0.2966376320911015, 0.2968794650921185, 0.2969561930588841, 0.2968048564350375, 0.2968134092972762, 0.2967296105032634, 0.2967454424476911, 0.2967337760323431, 0.29673315101844927],