{"bestEpoch": 52, "lastEpoch": 62, "mae": [1.3931592394270738, 1.171801150776932, 1.1075107030928175, 1.0580979255335088, 1.016768883122706, 0.9894041182181568, 0.9666161831321657, 0.9475469321839862, 0.9349943627061359, 0.9167697375127497, 0.9045076042865681, 0.8946378487092377, 0.8829560699009028, 0.874749441206446, 0.868917574169591, 0.8603698634143451, 0.8563681293379428, 0.8512988273814854, 0.8435094643731593, 0.8381345283326924, 0.8342477255646777, 0.8262916193906851, 0.8242804307385989, 0.8213402705600885, 0.817661865130308, 0.8140933660423664, 0.8104350724080579, 0.8050226381245212, 0.8044505648698558, 0.8052429344021819, 0.7990960180338351, 0.7969681648516952, 0.7959079728612098, 0.7932687532635755, 0.7928645073788116, 0.7901198363379226, 0.7898124170912794, 0.7901069774382834, 0.786830178833283, 0.7874339686190333, 0.7884193909546663, 0.787358771531484, 0.786848004752411, 0.784999472449571, 0.7837240795966344, 0.7791459724748724, 0.7865697288252288, 0.7767935058030624, 0.792151262774133, 0.7762325507001835, 0.7775369105422302, 0.7778330713590174, 0.7788065259900997, 0.7764070854634538, 0.7777251734199274, 0.7769401654387255, 0.7768293665037282, 0.776913416781349, 0.7771324949066359, 0.7769997345067183, 0.7770604907383504, 0.7770183976074174], "medianabsoluteerror": [1.0673361653089524, 0.8643095338344574, 0.8214087557792664, 0.7911176085472107, 0.7595322585105897, 0.7410976028442382, 0.7226968371868134, 0.7062610721588136, 0.7019695091247559, 0.6836949634552002, 0.67328519821167, 0.6576770091056825, 0.6554936790466308, 0.6461684679985047, 0.6485318279266357, 0.6370893907546997, 0.6367586302757263, 0.6345332038402558, 0.6251196360588074, 0.6212870293110608, 0.617250645160675, 0.6030815744400024, 0.6046419143676758, 0.6085599040985108, 0.5985009908676148, 0.6011843442916871, 0.5906847715377808, 0.5844576954841613, 0.5851792106032371, 0.5921478736400605, 0.5741070365905762, 0.5727783954143524, 0.5742774868011473, 0.5723509840667247, 0.5736673927307129, 0.5662891709804534, 0.5664716410636902, 0.5736204433441162, 0.5640561640262605, 0.5598934423923493, 0.5732622146606445, 0.5720236837863922, 0.565414706468582, 0.5677835845947266, 0.557302622795105, 0.5583625912666321, 0.5692127704620361, 0.5560610079765319, 0.5845384550094603, 0.5537159717082978, 0.5597327852249145, 0.5603272414207459, 0.5627608752250672, 0.5562720584869385, 0.5596196174621582, 0.557687463760376, 0.5572282600402833, 0.5576159399747848, 0.5581887865066528, 0.5577718043327332, 0.5580029964447021, 0.5578230311721564], "mape": [1.438715063851413, 1.4603166713124835, 1.4337818069608061, 1.4048834866367386, 1.332325606554125, 1.3080004463351023, 1.2659741173098693, 1.2277689681072823, 1.251980428128938, 1.2010322946826324, 1.1830260305188314, 1.1109717972618018, 1.1495908052497918, 1.1227128029400215, 1.1570684410881116, 1.1202484620067361, 1.1374224358086003, 1.1437131417848183, 1.1139315292254008, 1.1099202113535358, 1.098103494712354, 1.047933419930746, 1.065866756299396, 1.0968793557554422, 1.0569982509764164, 1.0843685232353009, 1.0412382156690432, 1.0271140920961703, 1.0350151294557797, 1.0688344603429865, 0.9900662151151107, 0.9899507126497499, 1.0066129779845523, 1.0056849108880643, 1.0185120573034412, 0.9820160695515218, 0.9882701314477631, 1.0307681620733558, 0.9887088718965711, 0.9627798457040295, 1.03563618599845, 1.0278533957282168, 1.0027954044468472, 1.0154721602148127, 0.9607909679251043, 0.979488404819125, 1.0240447659214245, 0.9772507935000804, 1.0708432376144406, 0.9675984616290859, 0.9963163494597307, 0.9973471821579911, 1.0057679595381068, 0.9780943494837738, 0.9942593484906115, 0.9846130263638063, 0.9828813695999314, 0.9838396305325817, 0.9868022204701861, 0.9849729561899558, 0.9857971861575673, 0.9851841909682317], "mse": [3.676762540203834, 2.689698053904491, 2.390802171993386, 2.1838944216041494, 2.028784808101348, 1.9290782358661935, 1.8511785095663778, 1.789517991571482, 1.7371771073569469, 1.6851354216896282, 1.6474634661998115, 1.6313668008465727, 1.5860788891569764, 1.5670555904755974, 1.5399700698211576, 1.5246576349751648, 1.5101443236612657, 1.4925424904711788, 1.4779560536524796, 1.4630065329498751, 1.4583668798928364, 1.4434192932074468, 1.437377211075313, 1.4201919342979628, 1.426002521430989, 1.4040900498916375, 1.4077103387549108, 1.3944387032142551, 1.3932692082489837, 1.3872271966829557, 1.387769923497415, 1.3816532889857798, 1.378732798525053, 1.371387429551214, 1.3673997864107557, 1.3677820389981188, 1.3670850675182842, 1.3589884947140396, 1.360785575911137, 1.373961301249948, 1.3546087681224164, 1.3562141070116054, 1.3665106016675754, 1.3535302038177972, 1.3646070595437656, 1.336959279791814, 1.3621024154383645, 1.3419315888798142, 1.3474774018736828, 1.3393883418703731, 1.3348574532102278, 1.3345306591470196, 1.3354108368896722, 1.3355385450810262, 1.3360682624422806, 1.3363108961301498, 1.336517716786287, 1.3365805355286193, 1.3366159243334321, 1.3367011496703287, 1.3367086944811846, 1.3367418115581289], "recauc": [0.6893951156515261, 0.7355100136013369, 0.7489047210123311, 0.75956378570422, 0.7685901069788603, 0.7746407760050358, 0.7797009773464523, 0.7839265397732258, 0.7867005735240742, 0.790775384698032, 0.7935264706034646, 0.7957637719762827, 0.7984067601002475, 0.800278995829499, 0.8016021773898346, 0.8035758171193961, 0.8045171288025396, 0.8056711773796479, 0.807467294931527, 0.8086938521485139, 0.8096458544979741, 0.8114145624374693, 0.8119193468711801, 0.8125824091848024, 0.8135106079057249, 0.8142622755937811, 0.8151453252130738, 0.8163743073104359, 0.8165293158339131, 0.8163582280210628, 0.8177602120554723, 0.818246637372897, 0.8185319772399501, 0.8191346204252046, 0.8192307827942744, 0.819860788748367, 0.819952954232278, 0.8198901150694191, 0.8206556484470175, 0.8206075869690775, 0.8202964589224419, 0.820577259811441, 0.8207735578514372, 0.821130680767998, 0.8214651834209044, 0.8223463150392928, 0.8208531292057792, 0.8230327377445922, 0.8193728776828945, 0.823124808249176, 0.8228013978248444, 0.8227212966538471, 0.8225008263750672, 0.8230543930312041, 0.822760378708655, 0.8229415478986685, 0.8229680655453294, 0.8229496311563114, 0.8229007781839779, 0.8229315608547145, 0.8229179629810306, 0.8229277313140847], "f1": [], "aucrecauc": 0.9818643690894452, "aucloss": 1.513755249729861, "convergence_rate": 0.893768363652333}