{"bestEpoch": 113, "lastEpoch": 123, "mae": [2.123255259344924, 2.9674605717054456, 1.9474636495031525, 2.089278433368331, 1.9675779668246598, 2.0105802901127556, 2.1893515591047654, 1.8093984430234455, 2.6314956438687713, 2.11714104600596, 2.5628667282579367, 3.3896571558200326, 1.7570640017031354, 1.5604684859197082, 1.441155445829438, 1.3617242468700677, 1.379849006169611, 1.2572241084419327, 2.085403390553576, 1.4763724535877583, 1.9641948847111008, 1.2345576515690468, 1.4047445531894855, 1.3807494267488811, 0.9818246170105985, 0.917523768199419, 0.8708063296096414, 0.841930952323412, 0.7880965327218027, 0.7544102508138636, 0.7248505779938152, 0.7056908527273433, 0.6930943019931111, 0.696137524698757, 0.679986387603765, 0.663446309187549, 0.6902362619361393, 0.6528347500238966, 0.6360131315132452, 0.63048067127271, 0.6192046698122715, 0.6063882335534506, 0.6189837076800655, 0.5952611323119928, 0.6021854008263098, 0.5842477309511488, 0.5959813080004225, 0.6136418988501703, 0.5903601870273258, 0.5709042585145719, 0.568275601602771, 0.5746283434610207, 0.5644794588354172, 0.5646433010978712, 0.5722653594084143, 0.5645249060982083, 0.5713634331366306, 0.5601203897504351, 0.5599650075416813, 0.5596116994444628, 0.5598504523661306, 0.5600583266033325, 0.5586466882550508, 0.5582612501236732, 0.5583360058476415, 0.5590360931543153, 0.5572195912487843, 0.557256560860898, 0.5584708239014845, 0.5590892042689745, 0.5563667085708477, 0.5543211707944441, 0.5561286540445576, 0.5539464165654495, 0.5568446080135473, 0.5525214486297283, 0.5532474187981251, 0.5662877531834087, 0.5512625725049151, 0.5517217353410914, 0.5513625482165686, 0.5512232999804909, 0.5528589902446314, 0.5510539304665835, 0.5508788176267122, 0.550876263445937, 0.5508132399949592, 0.5507763520655581, 0.5507688551803573, 0.5507457746577107, 0.5507426920765419, 0.5507340565441484, 0.5507239483493814, 0.5507237217166847, 0.5507103358189183, 0.5507123094631395, 0.5506972053637834, 0.5506901747575544, 0.5506798905930157, 0.5506679662265116, 0.5506559903786185, 0.5506485336800028, 0.5506434841660179, 0.5506377288086325, 0.5506351497465501, 0.5506385076590269, 0.550598533301676, 0.5505913053637634, 0.5505806167142889, 0.5505694572024439, 0.5505570872641085, 0.5505602695341991, 0.5505492812450342, 0.5505485197460779, 0.5505349770305986, 0.5505143857026812, 0.5505022645774184, 0.5504987023763136, 0.5504885725740956, 0.550504653510301, 0.5504753326084701, 0.5504647537150253, 0.550461922729707], "medianabsoluteerror": [1.0097427368164062, 2.0208067893981934, 0.930699348449707, 1.1726946830749512, 1.0525906085968018, 1.118359088897705, 1.2401621341705322, 0.979123592376709, 1.6335721015930176, 1.4117708206176758, 1.759718894958496, 2.6913490295410156, 1.0954883098602295, 0.988011360168457, 0.9293432235717773, 0.8754410743713379, 0.8962917327880859, 0.8704936504364014, 1.5411131381988525, 1.1463990211486816, 1.1447625160217285, 0.9286527633666992, 1.0694055557250977, 1.106858730316162, 0.7598667144775391, 0.7308011054992676, 0.699500560760498, 0.693242073059082, 0.6475205421447754, 0.6229777336120605, 0.6112809181213379, 0.5989761352539062, 0.5840544700622559, 0.5801191329956055, 0.5679373741149902, 0.5633001327514648, 0.5940933227539062, 0.5436573028564453, 0.5301494598388672, 0.5349721908569336, 0.5261542797088623, 0.5095310211181641, 0.5075736045837402, 0.4987061023712158, 0.4937467575073242, 0.48728036880493164, 0.4831070899963379, 0.48612022399902344, 0.4910907745361328, 0.4662342071533203, 0.47081756591796875, 0.46924638748168945, 0.4616384506225586, 0.4643418788909912, 0.47167110443115234, 0.4594583511352539, 0.4727964401245117, 0.45186519622802734, 0.45526933670043945, 0.458038330078125, 0.45782470703125, 0.4512476921081543, 0.4495725631713867, 0.4536142349243164, 0.45522212982177734, 0.4565286636352539, 0.4529438018798828, 0.4540567398071289, 0.4548225402832031, 0.4532332420349121, 0.4515819549560547, 0.4501328468322754, 0.4526200294494629, 0.4485459327697754, 0.4528510570526123, 0.4482560157775879, 0.4503340721130371, 0.4650273323059082, 0.4484519958496094, 0.44330430030822754, 0.4456148147583008, 0.4476490020751953, 0.44894886016845703, 0.444460391998291, 0.44873809814453125, 0.44809722900390625, 0.44918298721313477, 0.4493675231933594, 0.44971609115600586, 0.4497866630554199, 0.4497990608215332, 0.4488043785095215, 0.4491710662841797, 0.4499506950378418, 0.4493565559387207, 0.4482426643371582, 0.4490642547607422, 0.44908857345581055, 0.44946956634521484, 0.4493408203125, 0.44952869415283203, 0.4497213363647461, 0.4497499465942383, 0.4496455192565918, 0.448455810546875, 0.44759511947631836, 0.4493741989135742, 0.4494495391845703, 0.44916772842407227, 0.4489779472351074, 0.4490623474121094, 0.4492945671081543, 0.4482076168060303, 0.44857025146484375, 0.44864988327026367, 0.44873905181884766, 0.44912195205688477, 0.448763370513916, 0.4489264488220215, 0.448883056640625, 0.4483928680419922, 0.44844865798950195, 0.44827747344970703], "mape": [0.4253186058923565, 0.5633079268904108, 0.39530916369222596, 0.4188130377581665, 0.3944796631171922, 0.4051053788731749, 0.46714391091983143, 0.36808900126259503, 0.5567052671094594, 0.4290818367433785, 0.5398898854927837, 0.7054331500450505, 0.35112091737475026, 0.327921796933381, 0.29767722851012673, 0.2872201731490186, 0.29134642879752753, 0.2581125680281739, 0.42531477689668834, 0.2845435822067191, 0.4086153420107235, 0.2512370353654467, 0.31175753790244365, 0.3069947976827143, 0.20706785013403714, 0.19165199396296298, 0.1813278150181373, 0.17838528583658056, 0.1605015136058417, 0.1535170117721157, 0.1479928883294734, 0.14600046583850726, 0.1410171242665784, 0.13901068120306745, 0.13643384337914566, 0.13768264523040577, 0.14698973504086896, 0.1297717045146284, 0.13141451811098423, 0.13007857460928104, 0.1279280104522801, 0.1240231832593758, 0.12130940205333461, 0.12034096594561003, 0.11883005060436896, 0.11887237485688439, 0.11838193034966964, 0.12326840014496356, 0.12150813156073983, 0.11453577043217841, 0.11550223025200172, 0.11373589608634417, 0.11499208580687464, 0.11403986691678282, 0.11787155831713955, 0.11281267393864658, 0.11835044840194923, 0.11363147230719134, 0.11340446993008711, 0.11292708261648912, 0.11292887688795679, 0.11394041121711289, 0.11278620129705057, 0.1131786495973008, 0.11259771910622596, 0.11211815365734967, 0.11249120697365002, 0.1132362437331325, 0.11161587756074978, 0.11410838851346226, 0.11243064312631272, 0.11208415945630215, 0.11136006071389326, 0.11188385590834131, 0.11113663239951406, 0.11155454213835901, 0.11138803862124769, 0.11141604258812328, 0.1113133452960353, 0.11194939951865444, 0.11157594533884407, 0.11108096330684755, 0.11267017712670119, 0.11143802323722904, 0.11131640029905289, 0.11117613408907608, 0.11128665102434865, 0.11125300501006083, 0.11123563033659875, 0.11123146718207072, 0.11123252700556506, 0.11127018292877797, 0.111195995990501, 0.11121456283874032, 0.11125383110788761, 0.11116849457258325, 0.11119330175005998, 0.11119055622711306, 0.11121352976332835, 0.11124225996522616, 0.11122460573418927, 0.11119692389423379, 0.11120318786057194, 0.11120497921796231, 0.11115622511428347, 0.1111296955054025, 0.11121048064250597, 0.11120930159459609, 0.11122503206154452, 0.11118219656807217, 0.1111940438486307, 0.1111751708880697, 0.1112516371395311, 0.11113059658861035, 0.1111444160211863, 0.11118334350905275, 0.11119255826684256, 0.1111978567674948, 0.11117624889450499, 0.11111754050502726, 0.11117781501269433, 0.11117547063859824, 0.11115602050714746],