{"bestEpoch": 58, "lastEpoch": 68, "mae": [], "medianabsoluteerror": [], "mape": [], "mse": [], "recauc": [], "f1": [0.007200545811633522, 0.07944002434598295, 0.14299868178404776, 0.1697338848383196, 0.1979463326899435, 0.21233490396371732, 0.2282179366419182, 0.20795187505874754, 0.25636220403436794, 0.25082361336874587, 0.2638812487662301, 0.27453782172165975, 0.2474935102683235, 0.28310276601698986, 0.2826158103486451, 0.27597151380216245, 0.3064178372896982, 0.3138028283266176, 0.30623231309841403, 0.30986381568797416, 0.31864646630460686, 0.32457445494986786, 0.3340348264109296, 0.34430200299072583, 0.35594129121693185, 0.35165007810503945, 0.3363683956423475, 0.37137377763395285, 0.3631520201334286, 0.37510032389521714, 0.3634861797380261, 0.37409863459464554, 0.3750840527584098, 0.391526798985823, 0.4046573889135962, 0.3847663177705017, 0.4133273081712203, 0.38979149356403414, 0.4067225391183736, 0.40445233273407377, 0.35713757320880196, 0.442814667795086, 0.44789410221723885, 0.45501804686019043, 0.44941748991008196, 0.4514322354842826, 0.4517463864234714, 0.4462489246627454, 0.45305297930905036, 0.4519743036628158, 0.45015855931496207, 0.45740578969728224, 0.455413926196662, 0.4552085129418677, 0.45393992107558867, 0.4560848333197358, 0.4564118351416766, 0.45590565108221676, 0.4547871004491178, 0.4544325584599925, 0.4550426007387899, 0.45473431042488427, 0.45508374487573444, 0.45520143822381515, 0.45612494154551203, 0.45563721768901494, 0.45543004928326003, 0.4552714468391234], "f1auc": 0.795131889610208, "convergence_rate": 0.7918552458255363}