{"bestEpoch": 11, "lastEpoch": 21, "mae": [], "medianabsoluteerror": [], "mape": [], "mse": [], "recauc": [], "f1": [0.003288751816708617, 0.01107574380919042, 0.0056863629903302895, 0.011880249998323275, 0.00705790032475238, 0.007197513437634741, 0.008297954370438558, 0.008138489660545364, 0.010843091135163166, 0.010917853085535662, 0.0153412843182834, 0.016220855082560683, 0.014977688584119327, 0.014018128550389445, 0.011875965525791267, 0.012528853313463149, 0.012425583113128212, 0.012368677209032838, 0.01261162680166777, 0.013303942575921521, 0.013472581241592195], "f1auc": 0.694009129819188, "convergence_rate": 0.6161928605305983}