{"bestEpoch": 48, "lastEpoch": 58, "mae": [0.7818915385569146, 0.7799192624916038, 0.8938878736295672, 0.8001710237129142, 0.9248909517116711, 0.9041694459072005, 0.889225010179194, 0.8908897625139508, 0.9508257696571137, 0.9601939991563793, 0.9037704125601559, 0.8982216128907554, 0.9407889927700019, 0.9575928183590673, 0.8989226900997443, 0.922875373844107, 0.9333684055733129, 0.9395078766607913, 0.9546579467173568, 0.9495063538161408, 0.936311160300998, 0.9393538335088883, 0.9289976585931818, 0.9303901430075803, 0.9609999368900768, 0.9636188032178595, 0.9488721783573818, 0.9610417497283537, 0.9481877314980512, 0.94534095767323, 0.9612824146136622, 0.961511052940793, 0.9454335850826453, 0.941885210991745, 0.9307065370603675, 0.9758417217803697, 0.9671985463424563, 0.9420709833841162, 0.983412315309113, 0.9458874337353316, 0.9727168964489106, 0.9684782495028389, 0.9652018813556046, 0.969536590327025, 0.9633931443808558, 1.0068318994456837, 0.975402077208805, 0.9692150637803614, 0.997935482400518, 0.9520986221090141, 0.9578205711982096, 0.9393990934834424, 0.9675967903125818, 0.9724722540379342, 0.9733745871571924, 0.958551514175429, 0.9625445850511055, 0.9661810654619294], "medianabsoluteerror": [0.6812570333480835, 0.5893898129463195, 0.7417861604690552, 0.6570885729789734, 0.7571559309959411, 0.7163364541530608, 0.6912708997726441, 0.7056437540054321, 0.7210467910766601, 0.7886145472526551, 0.6960311913490296, 0.7189377844333649, 0.7679577922821046, 0.7609566426277161, 0.7088692665100098, 0.7354651260375977, 0.7306211352348327, 0.7431119918823242, 0.7671435236930847, 0.7458635592460632, 0.731081199645996, 0.7434603452682496, 0.7309743285179138, 0.7427113676071168, 0.7386363840103151, 0.7552924346923827, 0.7430041217803954, 0.7536742293834686, 0.7510718035697936, 0.738027399778366, 0.7575630903244018, 0.7617442893981934, 0.7288062810897826, 0.739723949432373, 0.7170971953868865, 0.7717362999916076, 0.7482569408416748, 0.7249996364116669, 0.7763068079948425, 0.7374914288520813, 0.7660692381858826, 0.7526537299156189, 0.7731103122234345, 0.7654080104827881, 0.7432064485549927, 0.7934623003005981, 0.7539692401885987, 0.7501054525375366, 0.779707510471344, 0.7472690272331238, 0.7490437030792236, 0.7363018774986267, 0.753696563243866, 0.7603591704368591, 0.7556624531745911, 0.7477127504348754, 0.7513302683830261, 0.7546023190021514], "mape": [1.2085827195748398, 0.9590078308842198, 1.3313540558118733, 1.1194027746169994, 1.3492148596718587, 1.1906583447696384, 1.197485897387005, 1.1761113820497762, 1.2376377095308642, 1.4388863404718035, 1.2027677261420353, 1.2099355352382222, 1.2942523355468414, 1.3176196053078548, 1.1661912204739056, 1.2655321998467588, 1.248128880845275, 1.2782100532651808, 1.3637946558506961, 1.2803823102619414, 1.2355722613154416, 1.2930639969797164, 1.2817968397601602, 1.304431801125132, 1.2104460955011052, 1.261076896340442, 1.2693122940068322, 1.307456234642435, 1.3075590998686952, 1.2635155296976552, 1.3057662895750883, 1.325087800526985, 1.2165933715268535, 1.2669712539876448, 1.2174288857611615, 1.3501885786573884, 1.295811914842816, 1.2239510670945164, 1.3545603809637647, 1.2752532495428632, 1.3519640313248806, 1.275408460013132, 1.3492348086788328, 1.338834585991484, 1.2555952922647515, 1.3681030393747369, 1.275539335500168, 1.2944466589867354, 1.332097664665938, 1.292105526162646, 1.3278848401141428, 1.260627945781903, 1.301672967220157, 1.3189535331288145, 1.2868215234267908, 1.2772880271040712, 1.285493636376962, 1.299478929912295], "mse": [0.9640211203064902, 1.1008826984397972, 1.285352880380631, 1.0686499301944359, 1.385130934487541, 1.3795804323321645, 1.3478615679126362, 1.3335411859463338, 1.5521999819201966, 1.4918992905764907, 1.4123686606394428, 1.342529593916911, 1.447255580919625, 1.5162400030841352, 1.3756726032576783, 1.4264370446164294, 1.4775593683999955, 1.485060770014309, 1.5062362718352138, 1.5237866379004827, 1.493124472123503, 1.4871365681502091, 1.459984224839494, 1.446478650341147, 1.579303598329201, 1.5634753606662868, 1.5217975112813018, 1.555455933193619, 1.5030955289122525, 1.5153924266379701, 1.550823639113387, 1.5406194529796415, 1.5326879242849727, 1.4934854683773997, 1.4877727026216148, 1.591848896788543, 1.5868422636633635, 1.526440825799546, 1.6185074254441805, 1.5188491789785872, 1.582596308185241, 1.587812667074106, 1.5428546672449497, 1.5731165480082734, 1.587894300668927, 1.6912485889503461, 1.6172293164194385, 1.5951082213362153, 1.6751035611770153, 1.5237097933905372, 1.56021068343236, 1.4935939247326964, 1.5872999425495964, 1.5983882405614434, 1.6120286511619502, 1.5581981423325504, 1.5698822364117215, 1.5802444935794677], "recauc": [0.8181640832153972, 0.8186462457701587, 0.7921349436637616, 0.8139297248629674, 0.7849792596227566, 0.7898438494244163, 0.7932513581362142, 0.7928496996069435, 0.7789499696678026, 0.7767953810744221, 0.7899089467692392, 0.7911424022636911, 0.7812556858776597, 0.7773491900247612, 0.7910158322953094, 0.7854533182441032, 0.7830315893088411, 0.7815968920034924, 0.7780600802447126, 0.7792617722614973, 0.7823226839629941, 0.7816121038796217, 0.7840139133239361, 0.7836744836991937, 0.7765789554935233, 0.7759624828013276, 0.7793874156968499, 0.7765548449589962, 0.7795344097742376, 0.7802012625383583, 0.7764913128347192, 0.7764244525572814, 0.7801922992681732, 0.7809916614392178, 0.7836044723048919, 0.7731065003054257, 0.7751206354726412, 0.78096773634052, 0.7713591333161973, 0.7800797287357332, 0.773826905580225, 0.7748279750900936, 0.7755666558089143, 0.7745703372037616, 0.7760206411632598, 0.7659071480649545, 0.7732278561025768, 0.7746523621907241, 0.7679803862184313, 0.7786121705215112, 0.7773529000335848, 0.7815862291202439, 0.775042832542916, 0.7739116846446187, 0.7737061283816286, 0.7771399961181497, 0.7762130311593044, 0.775368094418011], "f1": [], "aucrecauc": 0.9541757802739839, "aucloss": 1.4957855454365092, "convergence_rate": 0.28847048631202743}