{"bestEpoch": 19, "lastEpoch": 29, "mae": [0.5204310545454627, 0.45145310636245384, 0.44737132445571454, 0.42341286192475736, 0.4126892691645021, 0.4073340107071749, 0.4368900004662104, 0.4131980215903243, 0.4225443751007132, 0.4170806828581743, 0.393144740321561, 0.3905275524281658, 0.3982606997907224, 0.3908781454480847, 0.39700955863998727, 0.39208330296775573, 0.391073639754125, 0.3903627758264826, 0.3902902129111134, 0.3901018366507731, 0.3903130596183476, 0.39027113435225635, 0.3896921338544892, 0.3903021535656687, 0.39040289659361976, 0.3908270859716977, 0.3901158943725702, 0.39097019684978157, 0.390905447655166], "medianabsoluteerror": [0.4194713211059571, 0.33712775468826295, 0.3362463879585266, 0.31440916061401364, 0.30234980106353754, 0.3029038155078888, 0.34385106801986687, 0.3090808618068695, 0.32434229135513304, 0.3131680846214295, 0.2895339369773865, 0.2857524514198304, 0.2978203982114792, 0.28655778110027313, 0.29288187742233274, 0.28791794717311875, 0.2866896390914917, 0.2866332864761354, 0.2863012874126434, 0.28588825583457955, 0.28621477842330934, 0.286456972360611, 0.2860499954223633, 0.2862577223777771, 0.2864446640014649, 0.287275869846344, 0.28610408306121826, 0.2872355711460114, 0.2871141421794893], "mape": [0.7729981626788014, 0.6190189067378363, 0.5957446389983517, 0.5782863621434936, 0.5559178153551707, 0.5373568665932447, 0.62074028791789, 0.5838450570575815, 0.6309959302450132, 0.5823139857729038, 0.5154937497136459, 0.49417876819660006, 0.5603096805549209, 0.5092993268383648, 0.5448876959082121, 0.5144127987798774, 0.5254357756670278, 0.5159274468330555, 0.5164733794916145, 0.5167961955771989, 0.5194707808697714, 0.5166521469686057, 0.5048877073992238, 0.5199977448785015, 0.5205824097832777, 0.5245018473734303, 0.518768962266648, 0.525088651104087, 0.5248083472836542], "mse": [0.4586211536364785, 0.37378080973006617, 0.36137183968887143, 0.32782470498812516, 0.31653572760869614, 0.3054572535945367, 0.3281530005265407, 0.30802950703255166, 0.31398680540394236, 0.31202363820554346, 0.2868667012414646, 0.2853912054105603, 0.28807582138994425, 0.28533903267310307, 0.2890754242553199, 0.285990352980522, 0.2831546809206337, 0.28296143710250604, 0.28230191907188484, 0.28268045095918964, 0.2828460802923842, 0.282651574989544, 0.28348827941822413, 0.28271338078697494, 0.2828175903145097, 0.28278614123288176, 0.28251838122674655, 0.28284125643732627, 0.28278739003941145], "recauc": [0.8789575196197535, 0.895000447417243, 0.8959544688850548, 0.9015225527953801, 0.904018759414737, 0.9052617154263849, 0.8983876754582026, 0.9038977954880755, 0.9017241367256905, 0.9029949165112783, 0.9085618949139239, 0.9091705250273843, 0.9073721609236628, 0.9090892618133933, 0.9076632971141493, 0.9088087872139198, 0.9090436956426768, 0.9092091050486052, 0.9092258343325579, 0.9092697399803422, 0.9092205652413083, 0.9092303410047181, 0.9093649551406112, 0.9092230851010107, 0.909199763476406, 0.9091010515262113, 0.9092663859824666, 0.9090676859992798, 0.9090828019269049], "f1": [], "aucrecauc": 0.9961374937295074, "aucloss": 0.30115597390430493, "convergence_rate": 0.8844782810857986}