{"bestEpoch": 91, "lastEpoch": 101, "mae": [0.7796153286777133, 0.7287470574597875, 0.7800950449376036, 0.7143842603572665, 0.6810267635319159, 0.6475826280754308, 0.6202161644819152, 0.5939316710946606, 0.5534864019817574, 0.5426949627503215, 0.5148392135451709, 0.5062528872376909, 0.4977625417080148, 0.5287984211366868, 0.4974350859841017, 0.4825658499432159, 0.4796498357132048, 0.47545433180370655, 0.49139295432346025, 0.4752588094870561, 0.49595942725299014, 0.5098652192212397, 0.4669249078359098, 0.4706662184119477, 0.46566167076031734, 0.4595037315014655, 0.46918683962126095, 0.48216044212411024, 0.499875060830449, 0.462769993724802, 0.4661258922187807, 0.5485646052653543, 0.46761178321880376, 0.4525894777907892, 0.45984204049006605, 0.4771312205679423, 0.4586271153558013, 0.46512191893839033, 0.45446812083318944, 0.4503944179067762, 0.4528370782269696, 0.45349881687687793, 0.4543713802809412, 0.45267099852117765, 0.4542739273897497, 0.4541861728834167, 0.4531017070151687, 0.4542198212919472, 0.4527721226938048, 0.45213616160305714, 0.45136553769898924, 0.4513574574077636, 0.45205362283614114, 0.45558133578748533, 0.45258330052931106, 0.4502869499688764, 0.45035989491122735, 0.45052067462739737, 0.4505765505159662, 0.4504542333137142, 0.45039552081612266, 0.4504049539022988, 0.4506751569952178, 0.4509084924351312, 0.45109541999538666, 0.4509974611522753, 0.45078548729937296, 0.4507679977531484, 0.4510129782159124, 0.45087383714970186, 0.45078868874293726, 0.45068673656914876, 0.4506771163664592, 0.4508401295513028, 0.45084710830135577, 0.4508666566552702, 0.4506861526653727, 0.4507152967009522, 0.45063564055539146, 0.45073553402861394, 0.4508013240284177, 0.45069199806543797, 0.4507248310777013, 0.45069817054335126, 0.4508333955910498, 0.4508044578008715, 0.45078113115822566, 0.4509125283451225, 0.45085838983086696, 0.4508191899942276, 0.45082810167033377, 0.450790386403081, 0.45083761757391594, 0.4510764592377183, 0.45101182634672415, 0.4508780102490434, 0.45087951365954637, 0.4509728593261473, 0.45099936636467675, 0.45101274909126043, 0.45098447985743406], "medianabsoluteerror": [0.5509586358070373, 0.5710265135765076, 0.7069353365898132, 0.5974838876724244, 0.5395615100860596, 0.5212071418762207, 0.5094581890106201, 0.46259157180786137, 0.4416074049472809, 0.44868022203445435, 0.4005975246429443, 0.39031689167022704, 0.3889407253265381, 0.43326664686203, 0.3883405148983002, 0.3663081896305084, 0.3684600710868836, 0.3602754783630371, 0.3872291612625122, 0.3579059839248657, 0.4009464764595031, 0.4030793356895447, 0.3497196054458618, 0.3614224112033845, 0.34513319492340094, 0.343868064880371, 0.3536680364608764, 0.35587952136993417, 0.3940289974212646, 0.35499467492103576, 0.3485507547855377, 0.408192104101181, 0.3543028557300567, 0.3388025045394898, 0.3499362230300902, 0.369693660736084, 0.33835753202438357, 0.34619045019149786, 0.3448259234428406, 0.3369770431518554, 0.3414519917964935, 0.3389992237091064, 0.3455011534690857, 0.3418657636642456, 0.3421392679214478, 0.3429598879814148, 0.3430878937244415, 0.3445371031761169, 0.3392173957824707, 0.3407641339302063, 0.3394834303855896, 0.33986709356307987, 0.33735495805740345, 0.34627698659896844, 0.3410266292095185, 0.337871208190918, 0.3379343628883361, 0.3384325075149537, 0.33861057281494134, 0.3386993944644927, 0.3382679533958435, 0.33857350349426263, 0.3391045027971268, 0.3394710993766785, 0.33972233772277827, 0.3397126030921936, 0.33940001964569083, 0.33940712213516233, 0.33973095417022714, 0.33958167314529414, 0.3394233858585358, 0.3391258060932159, 0.3392382335662842, 0.3396738946437835, 0.33971903324127195, 0.339764015674591, 0.33932873010635367, 0.33940987825393676, 0.3391713067889214, 0.3393278956413269, 0.33955276727676387, 0.3392631673812866, 0.33938581943511953, 0.33926517367362974, 0.3395266342163086, 0.33952114582061765, 0.33945153653621674, 0.3396541476249695, 0.33970407843589784, 0.33964225292205813, 0.33951242208480836, 0.33953711509704587, 0.3395002436637878, 0.33992531299591044, 0.3397547912597656, 0.33957706451416014, 0.33958282470703127, 0.33976908206939704, 0.33979772925376894, 0.3398586988449096, 0.3398089230060578], "mape": [0.8179872861393406, 0.9638019315786751, 1.273595324596127, 1.041904855319889, 0.9048647868516297, 0.884609287363557, 0.8785575469522878, 0.7710537628787016, 0.7688144290666551, 0.7972674058786736, 0.703837561007272, 0.673333835294748, 0.680151022225081, 0.8007549854068937, 0.6924424546333374, 0.602711900039335, 0.6431146911130079, 0.6241877781392179, 0.7034662859007736, 0.6017044453154616, 0.7039365494453382, 0.6287076254159635, 0.5696607227512962, 0.6375992225712822, 0.5560305743357198, 0.5819091033103237, 0.6276279054150691, 0.531860259209839, 0.6173169115537224, 0.6022297588899636, 0.5481108611100614, 0.5030125362913037, 0.5678819699855608, 0.5695078813346752, 0.6188398436334279, 0.6766167142905265, 0.544632999395307, 0.5667429033136302, 0.5968220903204433, 0.5580782627458108, 0.5647651152372619, 0.5482105883354511, 0.5884423728677439, 0.5826821578036095, 0.5713047891048941, 0.5772777039973891, 0.5839668927748669, 0.5967899038405228, 0.5495751585516531, 0.5755368788692923, 0.5823979318338118, 0.5838513739596111, 0.5528034159544962, 0.6116793552051486, 0.5823537433811399, 0.5711514232248192, 0.5741123964037961, 0.5680025314546844, 0.5711441286592102, 0.572730851466838, 0.5676240619347291, 0.5738533315661548, 0.5776582150320924, 0.5799487347985541, 0.5799723271217943, 0.5793299620759219, 0.5782383084110002, 0.5780002552341723, 0.5805825491117625, 0.578634024806343, 0.5780104239155991, 0.5770601971145826, 0.577425114494168, 0.5792297656916275, 0.5792454232536364, 0.579563737524701, 0.5775786786182365, 0.5781030250140893, 0.5772947269568838, 0.5778759345371866, 0.5787290181539654, 0.5782344832953995, 0.578438894554315, 0.5775550804175378, 0.5795257467590255, 0.5788560396088984, 0.5786817236508218, 0.5801808551445523, 0.5796251205165801, 0.5791490218341411, 0.5796192620568668, 0.579180324801493, 0.5798603389136362, 0.5821216330010908, 0.5814085948712996, 0.5799447759702201, 0.5799542038471384, 0.5808269240269067, 0.581011227594433, 0.5813518013751459, 0.5810597151351073],