{"bestEpoch": 10, "lastEpoch": 20, "mae": [], "medianabsoluteerror": [], "mape": [], "mse": [], "recauc": [], "f1": [0.0046825920331809955, 0.004577361283073063, 0.00814848244365911, 0.003069277685143237, 0.009945493328865523, 0.017238480293464722, 0.013837329616704476, 0.01238101332560054, 0.011377275989571882, 0.013845088849187106, 0.01375021557652576, 0.013523233426535186, 0.012492887298273987, 0.014111775402812889, 0.01430576878440415, 0.013659952214622404, 0.013838481555414027, 0.014403922970058108, 0.013034154552981406, 0.014107522445087213], "f1auc": 0.6928662167208041, "convergence_rate": 0.626336088425594}