{"bestEpoch": 55, "lastEpoch": 65, "mae": [], "medianabsoluteerror": [], "mape": [], "mse": [], "recauc": [], "f1": [0.019873473986985652, 0.004994016765189809, 0.0045346345659778515, 0.007080051019868321, 0.014543791923602644, 0.022422325853983807, 0.03432573937490436, 0.06473414641811631, 0.08421979665196232, 0.08919688444609263, 0.13481348221096612, 0.11452047907919527, 0.1384960093970707, 0.18240854962024874, 0.1848316297314331, 0.1688099813050953, 0.1865003673425022, 0.1692722542768991, 0.19581793896787336, 0.13334325925188664, 0.2059301348987874, 0.19816121925850702, 0.20718802066805497, 0.21838810704033676, 0.19558370460418587, 0.21142725888795472, 0.2086829890860743, 0.20617990144053663, 0.24388647110179199, 0.2513940210127016, 0.2577269812880946, 0.25559662605960504, 0.2649676073579774, 0.2634463377594176, 0.26161000640056986, 0.26576116656494847, 0.26061981550725843, 0.2608166654848839, 0.2666656927337666, 0.27138826596141225, 0.2683015723264783, 0.2587049296673912, 0.26916568848934763, 0.26977863863082774, 0.27194795741909444, 0.2725172635100572, 0.2712778427013334, 0.27113550865601393, 0.2719592095905619, 0.27036659985739125, 0.27151336105466084, 0.2723898298971558, 0.2706663916784646, 0.27104773239050595, 0.2721107438317647, 0.27048839750245607, 0.2712327086170626, 0.2711920221167094, 0.2710267485773722, 0.27042574361649824, 0.2712707602176891, 0.2708112068838337, 0.27076648355398286, 0.27099899510753706, 0.2708559987517616], "f1auc": 0.7652466691281479, "convergence_rate": 0.761274319976845}