{"bestEpoch": 18, "lastEpoch": 28, "mae": [], "medianabsoluteerror": [], "mape": [], "mse": [], "recauc": [], "f1": [0.20948637892242739, 0.20067511390196707, 0.11469573377697574, 0.29377307202829467, 0.2379271344207439, 0.32965245010074956, 0.23346924607381003, 0.18811683653848343, 0.29455502877024564, 0.3055727696830171, 0.28967695657459347, 0.28364845258058596, 0.29689827784160366, 0.2925278948278018, 0.23747123811742837, 0.22141003774853016, 0.2777442756404101, 0.30133951664247066, 0.2876398670115924, 0.2617790913733603, 0.28860707535438096, 0.30366838245493794, 0.2788572721173771, 0.22595965199246845, 0.28167177562419354, 0.22482288340124176, 0.2831996000235747, 0.2730189017668668], "f1auc": 0.7950699315128545, "convergence_rate": 0.6857241758645604}