{"bestEpoch": 62, "lastEpoch": 72, "mae": [1656.6679959029475, 1553.0071882458512, 1461.5040358162, 1377.0713782844618, 1304.9539832649302, 1240.016798034534, 1178.5710201572917, 1123.5142437539353, 1070.927382561444, 1018.9848052592882, 969.9158032428675, 921.7904886541088, 873.087866574754, 829.8372178569444, 783.0569974793402, 737.4897547764323, 690.7505794563368, 649.477247027228, 608.0179636254352, 567.3569051401921, 533.0998280823368, 496.1885406832095, 465.0731618485289, 432.54099794884263, 401.09372364267824, 376.69194427371065, 349.3429731368889, 324.49019751126735, 300.1281363680416, 278.51240231821527, 257.3537652381759, 240.03702028404282, 219.8136392804942, 203.4827953314676, 186.95107620095024, 172.3642191046516, 158.58600623244675, 146.989290121919, 135.66510200890278, 125.22969888668635, 117.5780303746771, 108.8296898074132, 103.18820606617129, 96.27131468323843, 91.08513089082984, 86.26064673350348, 82.52694809356598, 78.02181931256482, 75.30374653992592, 72.16180073845717, 70.15052773499421, 67.88510142868981, 66.28573671836459, 64.27232095774653, 62.85295369693171, 62.32508267560533, 60.65359502743056, 60.280365571268526, 59.53290458044098, 58.663090507388894, 58.04352041246297, 57.65527227487385, 57.62102690485764, 56.85324384694329, 56.38784434257176, 56.594295640674765, 56.35578755719676, 56.519965798481486, 56.307199703097226, 56.33938740184607, 56.33052205924653, 56.31124379262268], "medianabsoluteerror": [1455.5554904937744, 1361.2049709619141, 1280.3560330908203, 1203.8357697080078, 1139.6271362851562, 1082.7264099121094, 1029.1046443613282, 981.677581498047, 935.7022404589843, 890.9082638710938, 848.6584476718749, 806.9519651523437, 765.8741455078125, 728.7026978710937, 688.3085934609376, 649.7197878320312, 608.5723874609375, 574.5363160976563, 539.1721194375, 504.9349973242188, 476.3222655078125, 444.50939958593744, 418.2598270117187, 389.97827113281255, 361.86267107031244, 341.47705078125, 317.26928675781255, 295.05395549218747, 273.2003176796875, 254.4702150234375, 235.97448701562507, 220.94311535156248, 203.05371122656243, 189.34484839843753, 175.25781208593753, 162.06701613281257, 149.77465773437507, 139.89099109375002, 128.76501423437503, 118.88842744531257, 111.43591343749995, 102.21020490625006, 97.35467576171868, 90.35778837499993, 85.76562470312501, 81.20519978906259, 77.78527826562504, 73.3658447265625, 70.74414079687494, 66.96313435156253, 65.21264642187498, 62.79223662499999, 61.18383830468747, 58.44372587499993, 56.899902523437504, 56.36547815624999, 54.12683093750002, 53.80554170312507, 52.77832001562501, 51.562621890624996, 50.573913546874905, 50.16162150781247, 50.208495859375034, 49.03405767187496, 48.35778820312498, 48.637939624999944, 48.35839832031252, 48.653198062499996, 48.250243960937496, 48.52465849218743, 48.46282947265615, 48.45349079687503], "mape": [1.0067170279133781, 0.9424075280724054, 0.8858149825193337, 0.8337344887286058, 0.7893708849205768, 0.7495842550049608, 0.7118907597480783, 0.6782622518525836, 0.6461908116192316, 0.6145187131604893, 0.5846362507010887, 0.5553172506618469, 0.5256425499428773, 0.4993588512594056, 0.47115075667758183, 0.4434160406859057, 0.41475983467206795, 0.38965751841287927, 0.3644279517256341, 0.33948675549585, 0.31881779345283034, 0.2962810578695327, 0.27761640509552893, 0.25788253735189526, 0.23888788272742173, 0.22442950043589283, 0.20801303886803435, 0.19317491189449065, 0.17862931101680926, 0.1657668054302635, 0.153214504400026, 0.14301376039648245, 0.13096988817426483, 0.12137860068986604, 0.111634875314229, 0.10306316280704833, 0.09504404084366123, 0.08838491312066556, 0.08185961482302645, 0.07591611609781157, 0.07162854497531038, 0.06662725829231912, 0.06350512972625143, 0.05954677674806902, 0.05667310330997081, 0.05396904702022756, 0.05190352551366329, 0.049394027167215866, 0.04790503286863434, 0.04614651167476708, 0.04506847515594041, 0.04382329542134103, 0.04296089913533524, 0.041867166767122696, 0.04108247755498441, 0.040846258697201945, 0.03990522736999551, 0.03973660570199442, 0.03936595604808377, 0.03886738903727179, 0.038550130873657044, 0.038334968677037506, 0.03833486229920519, 0.03792203589293023, 0.03765937281873294, 0.0377928584593893, 0.037659669402524756, 0.03775172752901628, 0.03763065859865151, 0.037651573021130307, 0.037651073815737575, 0.037638063451350935], "mse": [3033708.162485942, 2672355.466477744, 2371632.8439530926, 2109465.662262841, 1897189.0036747602, 1715046.887887401, 1551321.4814834474, 1411055.338417155, 1283131.3784550165, 1162740.541758639, 1054348.775948085, 953252.5010450245, 856167.4831557114, 774145.3055974274, 689530.7422901464, 612490.4701415458, 538695.2513925829, 477074.9528188751, 419011.9662000269, 366145.83288460906, 323757.40071904217, 281517.49383471324, 247660.6957435297, 214938.809798207, 185430.40525636406, 163667.49202468194, 141205.4921538259, 122167.40558531652, 104889.01690074624, 90667.06977014791, 77761.86925433185, 67910.81634483827, 57410.26176621869, 49494.295184393035, 42164.37473441899, 36199.67854299861, 30953.346605229304, 26813.470066832877, 23068.08328797947, 19842.482387841737, 17601.481884315028, 15240.389670779836, 13784.12503340851, 12165.801430369364, 10986.477317806617, 9965.64408951511, 9210.343967910278, 8368.129844019868, 7875.115499204567, 7360.016159776404, 7026.108638151349, 6682.11078202351, 6454.043096061388, 6177.212155808579, 5988.15607316207, 5911.465991909633, 5717.048940472171, 5665.226211652946, 5573.337737363325, 5480.908923312684, 5416.095074534299, 5369.679413506122, 5366.841877303567, 5295.533726872469, 5244.2703361768345, 5261.815886586908, 5239.890302070929, 5253.7139972514315, 5234.778553915936, 5233.790798984601, 5234.826689495396, 5234.906515077659], "recauc": [0.21556631218677424, 0.24819298226118908, 0.2820910091009101, 0.3157467302285784, 0.3454146451682205, 0.3734604127079375, 0.4011641015953447, 0.4274129042533883, 0.45357543161723574, 0.48005759094427963, 0.5050950280213208, 0.529651942972075, 0.5545024280205798, 0.5765705311271868, 0.6004409477984836, 0.6236932878473032, 0.6475402947702178, 0.668600208168965, 0.6897558644753364, 0.7105035985079989, 0.7279832724013142, 0.746817985502254, 0.762694713915836, 0.7792931737618207, 0.7953395487696918, 0.8077911643016152, 0.8217458338426435, 0.8344285539665077, 0.8468580043189504, 0.8578876109833204, 0.8686838906112834, 0.8775199742196442, 0.8878387246132021, 0.8961720023854237, 0.9046063865645823, 0.9120505383871721, 0.9190812266411826, 0.9249985887477636, 0.930776588769988, 0.9360997581239606, 0.9400052449689413, 0.9444686839054276, 0.9473470458156927, 0.9508771469739568, 0.9535228041322651, 0.9559848281124409, 0.9578908557522419, 0.9601888633307776, 0.961575905738722, 0.9631781993014116, 0.9642050279101984, 0.965361321317317, 0.9661779363121497, 0.9672039055757428, 0.9679291336541062, 0.9681979901693873, 0.9690516459053313, 0.9692412648672274, 0.9696233178873443, 0.9700662362532549, 0.9703832160993877, 0.9705803913724705, 0.9705981412956111, 0.9709909509469465, 0.9712275079359788, 0.9711233197393814, 0.9712441318205894, 0.971159975256785, 0.9712682231186082, 0.9712522807836339, 0.9712571701614606, 0.9712668303867423], "f1": [], "aucrecauc": 0.825967234723591, "aucloss": 379903.91211845103, "convergence_rate": 0.7906213191775874}