{"bestEpoch": 9, "lastEpoch": 19, "mae": [], "medianabsoluteerror": [], "mape": [], "mse": [], "recauc": [], "f1": [0.008420737110643768, 0.007356272481581844, 0.006040704897517448, 0.006310602765960449, 0.004708777596652751, 0.00552882803406631, 0.010721524455107169, 0.007945473121907473, 0.010485340160599833, 0.00958974792969358, 0.007687061156633363, 0.010692870139938927, 0.010547232059598144, 0.010115196558002925, 0.009981304006924908, 0.010183318006934807, 0.010165452273056598, 0.010236178995618168, 0.010247083556679682], "f1auc": 0.8167878428600903, "convergence_rate": 0.6733084446276842}