{"bestEpoch": 67, "lastEpoch": 77, "mae": [0.4100624571490969, 0.3807959021272476, 0.390192379640713, 0.35867442478004596, 0.3495265017443488, 0.3624506839440555, 0.35324680516286244, 0.40075878320663655, 0.3495463312504275, 0.36960931330552643, 0.36345443710745273, 0.347485992220736, 0.35409221793002243, 0.3444629833022479, 0.35839657465087854, 0.3434584426652935, 0.3428366325827735, 0.33462254249720713, 0.34063112190039574, 0.3414028178669459, 0.3573499419024453, 0.34660494324575164, 0.33507364763614683, 0.34992524768364264, 0.34716529771601484, 0.3378733583032656, 0.34874682626477843, 0.33535360976806045, 0.33164953380889606, 0.33137978351280495, 0.35498151384742416, 0.34099174282460015, 0.3670415801884224, 0.33682058452126373, 0.3252641611436296, 0.34141895702733643, 0.326854196210638, 0.3267650108076665, 0.32922234455220767, 0.32421414171502844, 0.3238214911757241, 0.32642624386162644, 0.3229043208588576, 0.3262678045126075, 0.3232227001213487, 0.32598956836456433, 0.32446494549688026, 0.32710039463242274, 0.32364687924512775, 0.3308353184921944, 0.33813313498611336, 0.32912848844263537, 0.324829138328311, 0.32486704467208194, 0.3321353424448425, 0.33076721266440967, 0.32523146108407003, 0.32904476879493805, 0.3228515163727061, 0.3229888274284451, 0.3238167369272669, 0.32183153276308424, 0.3285890656899187, 0.3228659490583959, 0.32306129152873614, 0.3224151432062141, 0.3227250115182184, 0.3231870040605328, 0.32224268518050214, 0.32278935737814274, 0.32309049221718594, 0.3230641058004306, 0.3231130924033699, 0.3230745618002018, 0.32309947257654736, 0.3231009964853245, 0.32314575943191043], "medianabsoluteerror": [0.3347114920616149, 0.30284217119216916, 0.28819144964218135, 0.2876251816749573, 0.2684794068336487, 0.2939086198806764, 0.27933429479599003, 0.3480179667472839, 0.27020409107208254, 0.29477921724319456, 0.3016395783424378, 0.25837939977645874, 0.290752649307251, 0.2741457295417785, 0.2900307774543762, 0.2720558881759645, 0.27009041309356685, 0.24715044498443595, 0.27339379787445073, 0.2728408098220825, 0.2977264261245727, 0.25197343587875376, 0.261575722694397, 0.28569138050079335, 0.28563525676727297, 0.26798515319824223, 0.28746669292449956, 0.26097607612609863, 0.24877876043319702, 0.25010232925415044, 0.2799027323722839, 0.24692487716674805, 0.3120718121528625, 0.24532688856124896, 0.24939118146896377, 0.2742847323417663, 0.25647307634353633, 0.25677636861801134, 0.26042479276657104, 0.24948431253433223, 0.2475489377975464, 0.255785071849823, 0.24398627281188967, 0.255395019054413, 0.2463523626327514, 0.2540169620513917, 0.2523663878440857, 0.2573162770271301, 0.25085391283035274, 0.2588326454162597, 0.27691164016723646, 0.26064759492874146, 0.2545102715492248, 0.25549656391143793, 0.26425459384918204, 0.2651687145233155, 0.23975432157516474, 0.2621757388114928, 0.2520694375038146, 0.25198969841003427, 0.25124660730361936, 0.24899588823318486, 0.2608067989349365, 0.2510072588920593, 0.2518330669403076, 0.2504318475723266, 0.25124116897583015, 0.25217529773712155, 0.2502832651138305, 0.251426351070404, 0.2518421411514281, 0.2517730355262756, 0.2518585562705993, 0.2517960548400878, 0.25183812379837045, 0.2518308162689209, 0.25189353227615363], "mape": [0.22712980876782154, 0.19954668444727552, 0.18474972812809207, 0.19215436905742314, 0.18026099435212553, 0.19449676923833992, 0.18488546387709465, 0.2240254772617691, 0.1759468651798821, 0.20207600937850007, 0.19891110434322096, 0.17374463887044395, 0.1934147949987511, 0.1836367796253948, 0.19381489737683938, 0.17993952429585064, 0.18325266780015462, 0.16554759156341106, 0.18184867368663057, 0.18071786778550264, 0.19147263750886598, 0.16729499177443996, 0.17665011175359965, 0.19062939406919893, 0.18356944919311416, 0.17982761495140878, 0.1887614386146695, 0.17295579056821292, 0.1671265574626656, 0.16546455431242815, 0.1864543758998372, 0.16396663299998399, 0.19678909384072263, 0.1636377579192332, 0.1660555742720444, 0.1811460210303373, 0.16989145377363282, 0.17093770543519002, 0.17422179745408625, 0.16785230716675695, 0.16514100934360013, 0.16985369180696883, 0.16454097283525915, 0.17009601923270584, 0.165358195480817, 0.1697458680651715, 0.1689931385049656, 0.1708739007094543, 0.16562142224760285, 0.1721209153701003, 0.18151424235159977, 0.1720160309195462, 0.16914085964384246, 0.16961245015840545, 0.17538396713171892, 0.1754697446493558, 0.16083468026978204, 0.17444421738167065, 0.16717118359829022, 0.16769573097568688, 0.16762110412508965, 0.1653369913651402, 0.17328057701790217, 0.16697830942096664, 0.16743690163921082, 0.166647447553435, 0.16715630726327674, 0.1676484080072727, 0.16641070773106956, 0.16714569613746344, 0.1675266147937829, 0.1674928946460913, 0.16754799222038444, 0.16750579179131483, 0.16753455027575156, 0.16753447269516233, 0.16759103559848784], "mse": [0.28416729045548267, 0.25147051089464295, 0.28630792082881906, 0.2228307049993089, 0.22423178245559444, 0.2236109600830721, 0.21934397376098433, 0.25252329301578375, 0.22147148364232427, 0.23486813560203695, 0.2192302828554454, 0.2299171460435835, 0.21277975860530496, 0.20843315029376158, 0.21925162447738533, 0.21254252052806327, 0.20848050479913077, 0.21435797858485514, 0.20543476139097858, 0.2063452964676367, 0.21538000272725233, 0.23310194301327952, 0.2051675742700413, 0.21159637788713678, 0.2093589288176775, 0.2049830042651324, 0.20917627088576077, 0.20812551232733728, 0.21116942904526556, 0.21096243159561667, 0.22616387845528224, 0.22984698368075526, 0.2269053838936759, 0.22850313581722884, 0.203466466474953, 0.20999452024340123, 0.20089441293106064, 0.20079029704766393, 0.2014343640094476, 0.20213287496963034, 0.20364349216113947, 0.20168115633709105, 0.20417484654627038, 0.20160919448324444, 0.2031301647386996, 0.2023068558803755, 0.20133811705257826, 0.20207329311632027, 0.20192612066770405, 0.20628494487698681, 0.206983769878304, 0.2034803742725567, 0.2021357869831613, 0.20210222395706592, 0.20577137153741618, 0.2039394422964649, 0.2146578418455599, 0.20363328697729588, 0.20234262200167957, 0.20186703433911135, 0.20269866633660477, 0.2023901794544452, 0.2037448726533554, 0.20225686414152214, 0.20201164574372865, 0.20205018478920675, 0.20197809926029453, 0.2019891003232427, 0.2021066279387524, 0.20201015346830897, 0.20199459372247097, 0.2019999258456285, 0.2020012205021405, 0.20200161051578513, 0.20200207360084166, 0.20200303827152505, 0.20200428134856957], "recauc": [0.9046285494133748, 0.9114346356851786, 0.9092509543438766, 0.9165796851822862, 0.9187079860544234, 0.9157024059406492, 0.9178449398286445, 0.9067956115267328, 0.9187079431312213, 0.9140431094103433, 0.9154762907514523, 0.919192024645218, 0.9176569240154908, 0.9198984594741955, 0.9166596039452192, 0.92013641669792, 0.920282438781795, 0.9221951327005025, 0.9208002229581612, 0.9206227137910264, 0.9169156307771847, 0.9194170338995664, 0.9221014541367664, 0.9186495267728629, 0.9192942136611185, 0.9214578843115968, 0.9189322756827418, 0.9220496564301847, 0.9229139378903343, 0.9229802060151756, 0.9174949896117159, 0.9207496885715023, 0.9146953523719122, 0.9217257341011112, 0.9244150846774729, 0.9206592356069145, 0.9240472296562028, 0.9240689996683955, 0.9234984199534785, 0.9246634828376229, 0.9247556892945028, 0.9241509872236852, 0.9249705999382101, 0.9241897601230599, 0.9248982621546457, 0.924256203120206, 0.9246112649075937, 0.9239992902685631, 0.924802953569063, 0.9231322076720411, 0.9214359516151692, 0.9235308868515608, 0.9245315899060551, 0.9245235606176869, 0.9228345633512103, 0.9231531054423742, 0.924440038425444, 0.9235553244612749, 0.924995722199493, 0.9249639261751617, 0.9247715051696768, 0.9252335273373041, 0.9236624130812046, 0.9249934700561743, 0.9249480265732478, 0.9250982863959747, 0.9250261902541406, 0.9249189702150241, 0.9251384148206692, 0.9250113409458871, 0.9249412955792632, 0.9249474277680829, 0.9249363864367446, 0.9249451289921496, 0.924939491744944, 0.9249390116409801, 0.924928573354135], "f1": [],