{"bestEpoch": 23, "lastEpoch": 33, "mae": [0.951577682409997, 0.6174721955905205, 0.6083780914270746, 0.5281792271395054, 0.5311689686210467, 0.5289998151901617, 0.5216869654788048, 0.5292825655473944, 0.48819386750367594, 0.5308213419739094, 0.48122747567278634, 0.4925665835764578, 0.470392486053032, 0.4665976396508942, 0.4649479787782668, 0.47311863365592394, 0.49138629031353215, 0.47857919289326695, 0.4570094530745302, 0.44603064303295004, 0.4554220088110157, 0.44773414730002614, 0.45442795180554163, 0.4557429056498262, 0.45358208802979794, 0.45121745460842877, 0.45091179552415456, 0.4478317506117711, 0.44760592680308076, 0.4506634019962341, 0.44680358665406067, 0.44567077903865415, 0.4472697051251585], "medianabsoluteerror": [0.8631191253662109, 0.49596738815307617, 0.49425506591796875, 0.428708553314209, 0.42606496810913086, 0.4327392578125, 0.4230937957763672, 0.4298973083496094, 0.39305830001831055, 0.44655823707580566, 0.38303470611572266, 0.4074735641479492, 0.3753242492675781, 0.3762540817260742, 0.3738536834716797, 0.36975717544555664, 0.40314817428588867, 0.40022850036621094, 0.368532657623291, 0.35109376907348633, 0.3699769973754883, 0.35471010208129883, 0.3579130172729492, 0.3682680130004883, 0.36680078506469727, 0.3620138168334961, 0.36159467697143555, 0.36805081367492676, 0.3664236068725586, 0.36155080795288086, 0.367572546005249, 0.3536949157714844, 0.36177706718444824], "mape": [0.20032893616071548, 0.12750663774765142, 0.11698128486168596, 0.10475507092493176, 0.10730702892767051, 0.11062202070362415, 0.10936429678071438, 0.10298027832627311, 0.09989566181949157, 0.10984603533349334, 0.09665846758018519, 0.10171191707925939, 0.09509123088217775, 0.09377547140618402, 0.0949440204016633, 0.09683029722881151, 0.09728606489151177, 0.09587244797731903, 0.09300980629867864, 0.09075426854449041, 0.09420887318251629, 0.090564607059177, 0.09336861878079139, 0.0911642578258721, 0.09335421346933223, 0.09198522639092502, 0.09261485741102961, 0.09159382737373532, 0.0911214492062575, 0.09195643761958432, 0.09085761682198015, 0.09074396829682953, 0.09110410805657077], "mse": [1.837450048688451, 0.9146540726195532, 0.6487070875321204, 0.46305603051142946, 0.4743046400103087, 0.4584595320274051, 0.44589520680672634, 0.46564230622569, 0.39823327019378074, 0.4482137207878054, 0.38903679358870974, 0.4002503583970971, 0.3720246223219838, 0.36713889460981086, 0.3592675656737532, 0.37951673214816517, 0.3978747006277911, 0.37666783715947577, 0.3496574505656708, 0.3390868305436875, 0.3471791022888892, 0.337909433442657, 0.34545326364024653, 0.35047774175497004, 0.3459601775926817, 0.3424646202706891, 0.3398587215793493, 0.3366633761562898, 0.3380663322759016, 0.3398310710216608, 0.33765224089732865, 0.33582446204588584, 0.338174391852928], "recauc": [0.7836238481383325, 0.859576465713856, 0.8588249315834433, 0.8771559785570043, 0.8764597881003343, 0.8769654342708558, 0.8786647803125661, 0.8768986579399444, 0.8864547800471774, 0.8765411556603653, 0.8880762260915416, 0.8854374108883597, 0.8905960798620199, 0.8914779737500012, 0.8918620149004259, 0.8899614128937783, 0.8857131336202622, 0.8886922162865102, 0.8937084405316604, 0.896261047319974, 0.8940775127976237, 0.8958655735123805, 0.8943084318730534, 0.8940021877230634, 0.8945048126508498, 0.8950548504901985, 0.8951267766666815, 0.8958422962103969, 0.8958953396197842, 0.8951844206047794, 0.8960811803803106, 0.896344955470487, 0.8959731366202189], "f1": [], "aucrecauc": 0.9884383303575438, "aucloss": 0.42602626298713137, "convergence_rate": 0.9103335535362653}