{"bestEpoch": 11, "lastEpoch": 21, "mae": [1.1328785523818279, 0.7834508565541931, 0.7042997686305571, 0.6781634597732487, 0.6469371867801903, 0.6219682124700081, 0.6446959897185207, 0.612812643459561, 0.5907254933983528, 0.5945590639949213, 0.5696135540414503, 0.5933641726480413, 0.564322656264143, 0.5715510506340208, 0.5615364427505962, 0.556116410129225, 0.5551680805672496, 0.5566467344249355, 0.5548871169988945, 0.5546699827412253, 0.5554709642399147], "medianabsoluteerror": [0.7326502799987793, 0.5881686210632324, 0.5453853607177734, 0.5389089584350586, 0.5065598487854004, 0.47861242294311523, 0.5019087791442871, 0.4883103370666504, 0.4697413444519043, 0.475614070892334, 0.45232248306274414, 0.4748249053955078, 0.4463691711425781, 0.4483165740966797, 0.43956708908081055, 0.4366617202758789, 0.4288368225097656, 0.42816591262817383, 0.43611669540405273, 0.43841981887817383, 0.43535661697387695], "mape": [0.22200525294952836, 0.15925687848868175, 0.14388469815143304, 0.13690432954081397, 0.13041853592703426, 0.12631414863620566, 0.12686054711474254, 0.12975827242665797, 0.12169733132161074, 0.12559559816112678, 0.11745522454177748, 0.124955047007296, 0.11548870831653656, 0.11606025623442875, 0.11370940749538454, 0.11359192163426117, 0.11267520614615312, 0.11304266334240942, 0.11328373086430585, 0.11324866898323503, 0.11385138612569033], "mse": [45.4225362747721, 5.369431573554528, 2.403028175225129, 1.4271821399098474, 1.1965534389438681, 1.131675266060652, 1.2332161302526052, 0.93701049444798, 0.7531664603320956, 0.79919180843918, 0.6960942949546575, 0.7465792543311638, 0.770871868488159, 0.8531527437107045, 0.7459110123285561, 0.7469806943330155, 0.7247928267485064, 0.7451621526852319, 0.7140654658952383, 0.7137405557803786, 0.7114111076188371], "recauc": [0.7991372601043145, 0.8352406129730722, 0.8455768336874883, 0.847604070396741, 0.853920167162614, 0.859574834929425, 0.8547414473682178, 0.8606083059387297, 0.8647268434361459, 0.8641965123391845, 0.8694123789309931, 0.8641057205617575, 0.8713656123593821, 0.8701551411577821, 0.8718288924670015, 0.8732077807849443, 0.8732801532813769, 0.8730767343812995, 0.8732775096939834, 0.8733291454789145, 0.8731221560192407], "f1": [], "aucrecauc": 0.9867618923870529, "aucloss": 2.2887390023808485, "convergence_rate": 0.8905011058334217}