{"bestEpoch": 55, "lastEpoch": 65, "mae": [], "medianabsoluteerror": [], "mape": [], "mse": [], "recauc": [], "f1": [0.12170759678298591, 0.187775922909355, 0.2188853934988903, 0.22038379968097913, 0.22377116977718364, 0.224111255952183, 0.22971433161106072, 0.24504662599875135, 0.24110544868818193, 0.2446887730599973, 0.25247818560810326, 0.2542912394885538, 0.25359917665843895, 0.24875271697333046, 0.257875197088889, 0.2574443588247883, 0.2577693198465363, 0.25023228165162864, 0.2591155540065509, 0.256157901363286, 0.25549341840671863, 0.25482176307853793, 0.25829435672018813, 0.25213832068297615, 0.2497324755667743, 0.2558856941871964, 0.2520327520479974, 0.2609799639648678, 0.25989940807751805, 0.25032988250473964, 0.2549809223641966, 0.25279170936190415, 0.2532978975069396, 0.2556966183213276, 0.2538788874642731, 0.25212147891587555, 0.24942720138318591, 0.2452082803244916, 0.2550708547972132, 0.2467687125747154, 0.24843757933746824, 0.24371709301557454, 0.26055261928379736, 0.2573401025209458, 0.2498897336598147, 0.2536984289280998, 0.2572692238059087, 0.25438286240700186, 0.2534167523419129, 0.25652474119324087, 0.25914032867410786, 0.26062842864159547, 0.258915458489765, 0.26066373756731426, 0.2590622729024105, 0.25800227472114956, 0.25884482982289436, 0.2596226488129769, 0.26026833081128525, 0.26001609479386467, 0.2595814047715897, 0.2596677442513924, 0.25997520897380777, 0.2599750509011688, 0.26034980506892735], "f1auc": 0.9586865560497191, "convergence_rate": 0.9225834863614529}