{"bestEpoch": 4, "lastEpoch": 14, "mae": [0.7339466732571799, 0.6360839042134255, 0.6183233753268533, 0.6099114562157558, 0.6101842194689108, 0.6089341558328211, 0.6142001101630864, 0.6096505878320412, 0.6125881406985498, 0.6177103315015954, 0.6132616443355122, 0.6153621050419872, 0.6172255364426504, 0.6172313799331554], "medianabsoluteerror": [0.5923825025558471, 0.5046445631980896, 0.48698941826820374, 0.4826088428497314, 0.48077275276184084, 0.47905246138572694, 0.47837145328521724, 0.4773927450180053, 0.47916221618652344, 0.4828733539581298, 0.4784353971481323, 0.4792881155014038, 0.4813299536705017, 0.48107731699943546], "mape": [0.9911434264321141, 0.8202532859017695, 0.8008814820766958, 0.799874414898013, 0.7980009708509795, 0.7893098085236765, 0.7652056544021473, 0.7776766589602858, 0.7743971293526898, 0.7895240245686366, 0.7673932782078071, 0.7654923490153354, 0.7733216134359504, 0.772737555158753], "mse": [0.9104092164962011, 0.7012570207025517, 0.6628949217522568, 0.6408186166472422, 0.6456857316081718, 0.6445542514637083, 0.6619378651627454, 0.6473961110265137, 0.6566747007753064, 0.6655627515858723, 0.6596514828350575, 0.6649549158880351, 0.6681094080686723, 0.6682628260112968], "recauc": [0.8293783101515092, 0.8520927041342901, 0.8562174220988313, 0.8581648724096113, 0.8581069670028262, 0.8583953181022236, 0.8571739249823319, 0.8582239669963404, 0.8575424431567497, 0.856352424228507, 0.857386079724094, 0.8568990664394054, 0.8564658624972493, 0.8564645082341888], "f1": [], "aucrecauc": 0.9970251581272521, "aucloss": 0.669910292213068, "convergence_rate": 0.9120823007380136}