{"bestEpoch": 65, "lastEpoch": 75, "mae": [0.7357171912161088, 0.6413119204107095, 0.6415247159463826, 0.6670231978609577, 0.6666159342150453, 0.6564436632596733, 0.6673362941526666, 0.6638879319211414, 0.6586641547231407, 0.6623635510982726, 0.6770185677605096, 0.6749686520338579, 0.7110991229117233, 0.7042776473165241, 0.6617205052003081, 0.6719365695975242, 0.6905542429535104, 0.663580293702941, 0.6736034161430458, 0.6993736734721935, 0.6914454209747123, 0.6797788693443837, 0.6795925329906705, 0.7254716559164952, 0.6906835490093708, 0.6864037368391847, 0.7000343781143371, 0.7032504849510961, 0.6748563213972817, 0.6978815648974717, 0.7220491522226374, 0.7174505816308434, 0.7049280223520514, 0.6907944093920384, 0.7023737284794058, 0.6918766286163474, 0.6989767082183109, 0.6930406399943475, 0.6849285217464792, 0.6920839323782022, 0.676379300740568, 0.7067937583509974, 0.7171860462178933, 0.7060959789087763, 0.7026004793872206, 0.704063713124884, 0.7001409923455458, 0.702499667526646, 0.7071198630997265, 0.7042825768823964, 0.703406495641972, 0.7081024807749259, 0.7013120040962585, 0.7089079617765629, 0.7079790151623997, 0.7087842971808299, 0.7092774323187935, 0.7076526862254744, 0.7067827982065373, 0.7065808484964915, 0.7072601497431228, 0.7073866675455956, 0.7061623700359276, 0.7067036261274018, 0.7061606046545631, 0.7069604308792315, 0.7070630387535518, 0.7070628962896331, 0.7070979228113808, 0.7072838639892468, 0.707590706182557, 0.7069416761075117, 0.7070523612539665, 0.707214391430349, 0.7066854724118279], "medianabsoluteerror": [0.6147017955780029, 0.5332581353187561, 0.5347095203399659, 0.5551284551620483, 0.5568004608154298, 0.5476624441146851, 0.5541802144050598, 0.5536732983589172, 0.5461031103134155, 0.5515064454078673, 0.5620529103279113, 0.5593925237655641, 0.5877794861793518, 0.5848521232604982, 0.5484872698783875, 0.5570678329467774, 0.5769369316101074, 0.5506889224052429, 0.5596720099449157, 0.5757539033889769, 0.5747967529296876, 0.5638442921638488, 0.5601527404785156, 0.5976855397224425, 0.5719318151473999, 0.5729490280151368, 0.5773561763763428, 0.5818475961685181, 0.558517050743103, 0.5750361704826354, 0.5951500296592711, 0.5912785911560059, 0.5866664886474608, 0.5721337747573852, 0.5792118906974792, 0.5742889404296876, 0.5768592357635498, 0.5727145791053772, 0.5672476029396057, 0.5724717259407044, 0.560456955432892, 0.5846955442428589, 0.5902659058570863, 0.5795745968818665, 0.5767380762100219, 0.5800100803375243, 0.5758477568626403, 0.5789238810539246, 0.5806124639511109, 0.5796571445465087, 0.5782556772232055, 0.5832951188087463, 0.5774490833282471, 0.5868594908714294, 0.5819241166114807, 0.5829021859169007, 0.5836800742149352, 0.5825168848037721, 0.58188316822052, 0.581454050540924, 0.582000696659088, 0.5824591279029845, 0.5809381365776061, 0.5815819263458253, 0.5811526823043824, 0.5819320440292358, 0.581461524963379, 0.581827235221863, 0.5819903469085693, 0.5820896077156067, 0.5823476743698119, 0.5818859100341798, 0.581349527835846, 0.5819887161254884, 0.581494128704071], "mape": [0.3421710005857353, 0.3498355130319679, 0.35583563725514505, 0.38098706829829415, 0.36364047407719813, 0.3500231106382831, 0.38345705505189676, 0.3655394385663852, 0.36991702977926594, 0.3571221924747136, 0.38470017707031645, 0.3834555710907914, 0.4106540807221613, 0.3971656048516957, 0.356429836852596, 0.3690374661510609, 0.375517953267307, 0.369759652199742, 0.3686040216976521, 0.3978385472196416, 0.3782848989316418, 0.3800015110660945, 0.3761081610120024, 0.40802889466920494, 0.3854909206960519, 0.34977905156546873, 0.38865496397149507, 0.39852474307164154, 0.3757208748129755, 0.3899470724311567, 0.41402370456894505, 0.40217350324913026, 0.38629192815020363, 0.3691905715618895, 0.3836931568552559, 0.3647793557332615, 0.3931228281764684, 0.3674764970105557, 0.37637307062224534, 0.37081235295023623, 0.3721180168894561, 0.38208338053516194, 0.40759668759885503, 0.3934765980266138, 0.38736717774514107, 0.38955396647299484, 0.38162775123632, 0.3831745415169542, 0.3948493882651734, 0.38481664327993653, 0.3897481316742339, 0.3926920311289713, 0.387698232077902, 0.38088093355302527, 0.39234325719250585, 0.3913649023173301, 0.39331276255185343, 0.3905526328274213, 0.38999492322919654, 0.38942744609089675, 0.3897843525186966, 0.3898046417783198, 0.3895238629000165, 0.3896567764462972, 0.38943226334016284, 0.389443247179953, 0.390477484367276, 0.3900794036627426, 0.39009510116196644, 0.3900694009165266, 0.3900160931067602, 0.38951102859787207, 0.3901969165559402, 0.3898720013702332, 0.3901814079079438], "mse": [0.8794420048339003, 0.6648689989323826, 0.6627215646196778, 0.7119131359330098, 0.7137422581753758, 0.6958498700504863, 0.7132144021282891, 0.7086376787408135, 0.6988031540877009, 0.7076315334512263, 0.7363828072819205, 0.7340270869624121, 0.8117556837871863, 0.7949673913052485, 0.7081839037121122, 0.7287302846749214, 0.7663237280954103, 0.7124320028549113, 0.732035001378657, 0.7917444744425285, 0.7711131331242689, 0.7462882623212699, 0.7504383719264625, 0.8539029003957463, 0.7711953154524913, 0.764667687797359, 0.7951062118820644, 0.7993462356500325, 0.7371198021453524, 0.7899661792708862, 0.8444300195218235, 0.8361544018848919, 0.8001359799189114, 0.773599868600593, 0.8016734586079436, 0.7772226863299228, 0.7925488870169561, 0.7830715136789158, 0.7608944518458071, 0.779827327499809, 0.7399493838458051, 0.8097311551111257, 0.837534671457729, 0.8122666792219476, 0.8046503603176721, 0.8053493754995906, 0.7983320490397794, 0.80213678621629, 0.8147202659572879, 0.8061025232565525, 0.804458549128109, 0.8147270645221366, 0.799426382026685, 0.816170191680795, 0.8156605742378605, 0.8163373939665028, 0.81750681458052, 0.8140059491983523, 0.8120063107242667, 0.8116632666166199, 0.8134392701384412, 0.8135333157271634, 0.8107296112446417, 0.8117953732242332, 0.8104146451730032, 0.8123676347419495, 0.8127788090647532, 0.8126867348492112, 0.8127218019389102, 0.8131530873199568, 0.8138890786431437, 0.8124279892039689, 0.8127801093091953, 0.8130208346888067, 0.8116812663357297], "recauc": [0.8289085865688853, 0.8508508840159588, 0.8508010952212172, 0.8448697345254851, 0.8449666593550966, 0.8473330271435858, 0.8447965223803969, 0.8456006271009874, 0.8468136468600019, 0.8459558415042048, 0.8425450531149509, 0.8430215727265576, 0.8346175722230781, 0.8362058435719372, 0.8461047638187582, 0.8437298347061615, 0.8394012094185553, 0.8456729203716015, 0.8433440897182, 0.8373490071443666, 0.8391962119148628, 0.8419083711389239, 0.8419520192661883, 0.8312840116829282, 0.8393746971874078, 0.8403747277784028, 0.8372009814478121, 0.8364534193023387, 0.843055290756493, 0.8377035527934973, 0.8320811612550344, 0.8331523251303554, 0.8360674771855973, 0.8393550081556415, 0.8366614389174071, 0.8391060064210821, 0.8374510562624233, 0.8388340799872027, 0.8407205356413731, 0.839059520593236, 0.84271010024575, 0.8356383039855425, 0.8332195068305102, 0.8357991923349852, 0.8366129436478047, 0.8362725981597355, 0.8371852699661048, 0.8366367676147038, 0.8355611254186333, 0.8362224145775181, 0.8364254068787829, 0.8353335556098105, 0.8369125491880289, 0.8351486376860313, 0.8353622844798998, 0.8351757561411688, 0.8350608703361116, 0.8354385160867831, 0.8356409482667566, 0.8356880980794448, 0.8355301396359804, 0.8355007886444191, 0.8357852147386753, 0.8356595334833387, 0.8357858962107478, 0.8355999062667488, 0.835575893649727, 0.8355759434618379, 0.8355677541388151, 0.8355244737733067, 0.8354532127792069, 0.8356042134246064, 0.8355782369386106, 0.8355407443164731, 0.835663613837116], "f1": [], "aucrecauc": 0.9854616008604916, "aucloss": 0.7823878828776162, "convergence_rate": 0.43612670566275213}