{"bestEpoch": 68, "lastEpoch": 78, "mae": [0.62874182830269, 0.7623859959144618, 0.5592049271409566, 0.5009900612469828, 0.527864421491349, 0.510914405022585, 0.48394098472207553, 0.44739014995839116, 0.44159249087158636, 0.4369557645076286, 0.4184128964547507, 0.43295393998415477, 0.40380384557292437, 0.40034570314192375, 0.39647592460410586, 0.3919349301532241, 0.39275510324984403, 0.40814380481978, 0.38007481779029484, 0.3820257341202395, 0.40208880518458967, 0.3743097134637495, 0.3744365521544743, 0.39922501105980907, 0.37584457706206265, 0.38255662876152197, 0.3672540728785736, 0.4011707719467921, 0.3655091919762404, 0.3683571743476408, 0.3654513867181813, 0.3661288967116495, 0.3567192851285684, 0.361911117521098, 0.36432080338759665, 0.36572692687863645, 0.3629807710276561, 0.35367720991487334, 0.3527421925469909, 0.35339268606822344, 0.35023004917134787, 0.34896511856870427, 0.34932738357266013, 0.3543531175864456, 0.35064821444977434, 0.3522530123972419, 0.34760587522725933, 0.34722646607790003, 0.34629018366704384, 0.3473281675662488, 0.34685332196587665, 0.3473830259597213, 0.3486642264982091, 0.3468313176707038, 0.3458951486707856, 0.3459530510385586, 0.3463282851589649, 0.3459377912243825, 0.3463570896004916, 0.3458862110326494, 0.34629572502228523, 0.34591510000252007, 0.34596669908582783, 0.34624186589847195, 0.3459914961204526, 0.3459418846719684, 0.34569256577622526, 0.3458958422457425, 0.345960481567129, 0.3462070273918477, 0.34619032159413404, 0.34581339804797795, 0.3461432165348542, 0.34560519495220904, 0.34632399151968013, 0.3463161971918929, 0.34615671655488683, 0.34604226004231364], "medianabsoluteerror": [0.5340683794021607, 0.6232325571775437, 0.46760607361793516, 0.4036842226982117, 0.432527346611023, 0.42394613027572625, 0.39637773633003237, 0.3498138356208801, 0.34402145147323604, 0.33008219003677364, 0.31988964080810556, 0.3516207504272461, 0.30764024674892426, 0.3117919158935547, 0.3108986973762512, 0.30483392953872684, 0.30325765609741206, 0.32756290793418885, 0.29279910564422607, 0.2931633019447327, 0.30834118127822874, 0.28567584156990056, 0.2838639426231385, 0.31842780113220215, 0.28558786034584044, 0.29902578473091124, 0.2819193542003631, 0.3283609902858734, 0.2746034741401673, 0.2840861067175865, 0.2796590328216553, 0.2816948056221008, 0.27106691598892213, 0.2770005893707276, 0.2742615342140198, 0.282090675830841, 0.2753553140163421, 0.2699231910705566, 0.26844277381896975, 0.26787456274032595, 0.2655854880809784, 0.26407257318496713, 0.2630857896804809, 0.27178563356399543, 0.26504045724868774, 0.26875699758529664, 0.2635163706541061, 0.2628992676734924, 0.26206723928451536, 0.2635934829711914, 0.2622482293844223, 0.26288989067077634, 0.26558904647827153, 0.2627131915092468, 0.2608215427398682, 0.26131809234619136, 0.2616935968399048, 0.26129633784294126, 0.2616160154342651, 0.2605971550941467, 0.26161356627941124, 0.2617725968360901, 0.26159101724624645, 0.26210495114326476, 0.2615087449550629, 0.2611844742298126, 0.2613986492156981, 0.26136610507965086, 0.2614020562171936, 0.2615773463249207, 0.2618426251411437, 0.261414635181427, 0.2620001566410064, 0.2614819765090943, 0.26186125278472894, 0.2621047377586364, 0.2617799520492553, 0.2622820281982421], "mape": [0.935201415420562, 0.6968123875924128, 0.8118793153781712, 0.6807577962307907, 0.7286627668817989, 0.7228553234636134, 0.7077448253981996, 0.5953330970476529, 0.5614584101163353, 0.5263179736496008, 0.5330817994623442, 0.6615771062322757, 0.534251991326745, 0.5693827412605484, 0.5725606525715752, 0.5549677222404429, 0.549421435514542, 0.5881357375853657, 0.547049003681031, 0.5100283531373013, 0.46226191520260357, 0.5234482481396979, 0.5057854524587431, 0.589137543217772, 0.49060907625908223, 0.5575984417692558, 0.4891143638012089, 0.6394158723622835, 0.46708026148250603, 0.4791226124037405, 0.45355355804036046, 0.49852444620064756, 0.4624808840133449, 0.4852576494304986, 0.4562949613064511, 0.5057030861517634, 0.4495440422499214, 0.48016616532929934, 0.4755803197093655, 0.4378870807074866, 0.4657765190359593, 0.45026130589136687, 0.44300111608917114, 0.4764022904113097, 0.43506991978744375, 0.4741860309350638, 0.4603184430146165, 0.459985390726231, 0.4550152257840421, 0.4567006617802725, 0.45697395514881867, 0.45618901501209536, 0.4658164360303755, 0.45060491771214084, 0.4461236875132053, 0.44907802251312945, 0.45172892834081174, 0.45007239749130146, 0.4526642764971291, 0.44818411458123025, 0.4523502505987221, 0.45207645300334515, 0.4499509329091128, 0.44981857715807155, 0.4497437318251289, 0.4506013554554782, 0.4509710374643975, 0.45171645056261883, 0.452210228686087, 0.45157358247840507, 0.4511518661565638, 0.4505199018749961, 0.4504289305479276, 0.4507405811580134, 0.45087320625360067, 0.45148186988890104, 0.45050756247601054, 0.45155045197869753], "mse": [0.6211259377025493, 0.9527850342813414, 0.514906639625106, 0.4239523113068154, 0.46263224427249533, 0.42481141788081384, 0.38640077900355835, 0.3502008988963397, 0.34222636720493294, 0.34472138982612266, 0.3110965634816405, 0.3109477900135109, 0.2909090255630826, 0.28000788499507034, 0.27104201760941954, 0.2665216878518945, 0.2712166557661072, 0.2798320965151443, 0.2542058476883518, 0.2577318026176938, 0.28731285352843944, 0.24932542802238342, 0.24989071618448946, 0.26864817210413416, 0.2488059474826745, 0.2533610756372656, 0.2379141083804182, 0.2653045026340032, 0.23841037028057613, 0.23965395982254306, 0.23607705656513428, 0.2348106800423732, 0.22665647742432815, 0.23032635161218007, 0.23821659567338307, 0.23553716490149915, 0.23439260147345228, 0.22167257423316114, 0.22084273218751188, 0.22362349057269923, 0.2187954299634706, 0.218191852531096, 0.21906644217836008, 0.22089670989297583, 0.22005062773041995, 0.21981195929737524, 0.21579157731327417, 0.21513846960402208, 0.21490995252149234, 0.21505283424914676, 0.21535644749721855, 0.215463987594088, 0.2158922502300333, 0.2151113303465126, 0.21477904221030025, 0.21465813174253295, 0.2146166557664067, 0.2146176621649931, 0.21469297256932995, 0.21454318829533603, 0.21451913892367505, 0.21427217511116783, 0.21431253322968766, 0.21494297575708723, 0.21436146155021507, 0.21449935587774335, 0.2140182595025391, 0.21446724489823202, 0.21463896157183426, 0.21453009857006392, 0.2141721951784211, 0.21416443119017903, 0.21433073751490672, 0.21397197584243718, 0.2148458478460337, 0.21478574683120819, 0.21415795728234754, 0.21411068814839251],