{"bestEpoch": 97, "lastEpoch": 107, "mae": [0.772354427393954, 0.6092734335157491, 0.5651176525668933, 0.5791865356320749, 0.5515125240150774, 0.5381122397385133, 0.5710942971253308, 0.5182248826830085, 0.5471398165736691, 0.5462684197205852, 0.5248848941545918, 0.5076275239117746, 0.5151778743812726, 0.4984097491130032, 0.49424679981059444, 0.48956169465397265, 0.5144175849365686, 0.5224555474570058, 0.484430089339697, 0.5679532580176019, 0.49291199022879495, 0.5016745906211203, 0.47359132226641454, 0.4792308432008158, 0.46578593531939805, 0.47079933570092736, 0.4700954807172965, 0.4655730371306559, 0.46157037672066725, 0.46156961203231467, 0.4577605879683285, 0.4683521355554238, 0.4647302563072504, 0.458403865718684, 0.45061396630696404, 0.45204611295858127, 0.4596744116147885, 0.46695993937996644, 0.44747232632857037, 0.44291966306133623, 0.44173198340327063, 0.4534103074887289, 0.44228421178267896, 0.4506277922773665, 0.4433022870015392, 0.45083935751066595, 0.4399560693086326, 0.4383490054304372, 0.4382102048693285, 0.4368498784042332, 0.4451434288174328, 0.43631327522614594, 0.4350737437388732, 0.43655360468555243, 0.4362204314164676, 0.43585060299707956, 0.43867082761603504, 0.4454659444052188, 0.4342309026526465, 0.4415257321098593, 0.4333017004916877, 0.4343804593931356, 0.43357290977790114, 0.4325340866053094, 0.43942211022794553, 0.4327905067980187, 0.4319797824366084, 0.43162385132349135, 0.43698010902578655, 0.43108150006813933, 0.43722971828686724, 0.433472692780563, 0.43226353913668636, 0.43057080163117323, 0.43271591362471434, 0.43197338476793345, 0.4329978704531629, 0.43019741907328407, 0.42983316389667003, 0.43091807779720626, 0.4303506187324086, 0.4300235419936367, 0.4299138427777494, 0.4293845876020251, 0.4302376970808659, 0.42994507126110154, 0.4301018417060833, 0.4301955458814752, 0.429888971023227, 0.43000568308020043, 0.43009205113953003, 0.43008609161235106, 0.4301711670316082, 0.4302059645737788, 0.43014795678446655, 0.4301856149269894, 0.4302162404676799, 0.43018011292822395, 0.43021076776498346, 0.43019979491046817, 0.43018845295430463, 0.43020095350447973, 0.43021379146381783, 0.4301653032493285, 0.4301452966299875, 0.4301450906840409, 0.4301418544938162], "medianabsoluteerror": [0.7306227087974548, 0.516642940044403, 0.4651867985725403, 0.4494018435478211, 0.4705799007415771, 0.4291024529933929, 0.4976169919967651, 0.430080292224884, 0.4252407932281494, 0.4725703597068788, 0.44730726003646853, 0.41426953196525573, 0.40362424373626715, 0.40904666304588316, 0.4085055232048034, 0.404180908203125, 0.44071087837219236, 0.4503389620780945, 0.40270179271698003, 0.5021103620529175, 0.4149074816703797, 0.38720504283905033, 0.38196214914321897, 0.3790789115428924, 0.3803797125816345, 0.39164419889450075, 0.39217188358306887, 0.37145688056945797, 0.38093500137329106, 0.37262585639953605, 0.3740003705024719, 0.38937153816223136, 0.38512054562568665, 0.3780073404312134, 0.3668676555156709, 0.3708409309387206, 0.3823501467704773, 0.39186416864395146, 0.3509326887130737, 0.354391794204712, 0.3566021645069122, 0.35355160951614384, 0.3469432377815247, 0.3519124698638917, 0.35459225177764886, 0.3717589032649994, 0.3560779023170471, 0.3521135902404785, 0.35351881980896, 0.35078929662704467, 0.3644996643066407, 0.35074071526527406, 0.3472172021865844, 0.3504908204078675, 0.3506658554077148, 0.34283087253570554, 0.3432998013496399, 0.34499378681182863, 0.34790189504623414, 0.36134822607040396, 0.34528517484664906, 0.3456570303440094, 0.3485041570663452, 0.345385594367981, 0.3420577752590179, 0.34163753271102903, 0.3461626219749451, 0.3455465161800384, 0.35459405183792114, 0.3399969530105591, 0.35632629394531257, 0.34972578287124634, 0.3476967823505401, 0.34439223051071166, 0.34847790241241455, 0.3471074056625366, 0.34900993227958677, 0.34380423784255976, 0.34232194423675544, 0.3457591176033019, 0.34436223983764647, 0.3430267333984375, 0.34349686503410337, 0.3404082679748536, 0.3444795858860016, 0.3440136671066285, 0.3443383216857909, 0.34448655009269713, 0.34395570278167725, 0.34416327357292176, 0.3442394018173217, 0.34429515719413756, 0.34438524842262264, 0.34442041039466853, 0.344322109222412, 0.344415283203125, 0.3444621801376343, 0.34440941810607895, 0.3444697785377502, 0.34448906183242795, 0.3444374918937683, 0.34447008848190314, 0.34448418617248544, 0.34440268278121955, 0.3443328332901001, 0.3443318963050842, 0.3443268656730652], "mape": [1.356114132562148, 0.9423025130458383, 0.7992055191665125, 0.662467845577491, 0.8871993165442688, 0.6919983249911539, 0.9763470276050339, 0.7604197280528734, 0.6391605673081742, 0.9202360657713058, 0.8507678604476923, 0.7244364297817345, 0.6414479710395843, 0.7303638311331233, 0.7390549526910926, 0.7269986405208275, 0.8591375285215497, 0.8803814175463026, 0.7305148713480583, 0.9793155966374909, 0.7630658741005611, 0.5904335988205296, 0.671697453214149, 0.6462059292363471, 0.677722486706326, 0.7295908452365923, 0.7333180398117128, 0.6506367326646947, 0.7050771262103375, 0.6431426820531351, 0.6902314188767829, 0.720108809789142, 0.7061961598714792, 0.7027707999848498, 0.6669224013021274, 0.6816718993629569, 0.7369005576885386, 0.761755371627031, 0.5861826447288552, 0.6193267364081053, 0.6540445164118392, 0.5571448668656894, 0.5980533007169834, 0.56798485951572, 0.6588829735498115, 0.6915242533431927, 0.6532613339061768, 0.6290204690299195, 0.647040986604641, 0.6449610842970884, 0.6814110460598475, 0.6405897912379157, 0.6242368360822544, 0.6309338203877584, 0.6355016073146307, 0.5921269797075465, 0.5732919885096662, 0.5563344723237267, 0.6259364169129528, 0.6800901189054674, 0.6133074049716343, 0.6022649526192418, 0.6404367414750355, 0.6182705011280264, 0.5947103653719616, 0.5902476249759682, 0.6269967377939911, 0.6256452188694651, 0.6616653481538313, 0.5973666901208371, 0.6693830145046479, 0.6457705988836595, 0.6382854873356263, 0.6218718710210113, 0.6429202850824115, 0.6346645252771201, 0.6428024861931622, 0.6226513662623323, 0.6152936941950864, 0.6309318460302963, 0.6233676296130112, 0.6178481930958141, 0.6214175809343687, 0.6047754141900515, 0.6264669034013236, 0.6237411718759018, 0.6249935343094849, 0.6259849925031009, 0.6235042047117042, 0.6248944184608136, 0.625719222507318, 0.6257993091667874, 0.6264192867926041, 0.6268145791754718, 0.6261702030053868, 0.6265431286416673, 0.6268906799796077, 0.6264126519595462, 0.6267486354892697, 0.6266164520079924, 0.6264888355254411, 0.6266162932509932, 0.626773085965055, 0.6262082149245006, 0.6259277427144547, 0.6259992431297006, 0.6259395946581],