{"bestEpoch": 5, "lastEpoch": 15, "mae": [0.7000804430376302, 0.6215970707748122, 0.6002148445168995, 0.5895728801242883, 0.5875948892402907, 0.5879245518623699, 0.5945973372451244, 0.5890716181768029, 0.5869189734367585, 0.588769437661619, 0.590260978706325, 0.5931412314445617, 0.5917967922770997, 0.5935999269201337, 0.5946607389785517], "medianabsoluteerror": [0.5631431460380554, 0.4956689476966858, 0.48037642478942866, 0.4693207502365113, 0.47148287773132325, 0.4685344433784484, 0.47661755084991464, 0.46889644861221313, 0.46802252531051636, 0.468940544128418, 0.46995140075683595, 0.4722699761390686, 0.47080024480819704, 0.47240147113800046, 0.47350574493408193], "mape": [0.3579426552652961, 0.3136759609359031, 0.3065544723514356, 0.2975057746392697, 0.30664710387501987, 0.3052867082746202, 0.31560651686677466, 0.30470187717352515, 0.3028858879860191, 0.3038929891023007, 0.3040307027974636, 0.3074376402855896, 0.3040699596909751, 0.3066874572784967, 0.3078322331798893], "mse": [0.8340097667126639, 0.6582110411849238, 0.6140093933407994, 0.5952358941027321, 0.5854909963591469, 0.589308895044619, 0.5990252661224597, 0.5916858138116906, 0.5883819574829091, 0.5922003680035486, 0.5955170857298987, 0.6007414679831676, 0.5991579632848144, 0.6021868955044636, 0.6040666881834609], "recauc": [0.8372648713093088, 0.8554473257083667, 0.8604167588985595, 0.8628871190073524, 0.863346945202765, 0.863271012468548, 0.8617210694194765, 0.8630035288510411, 0.8635023701174745, 0.8630724184707055, 0.862725427835056, 0.8620559297462533, 0.8623681817336073, 0.8619493901193774, 0.8617023803393438], "f1": [], "aucrecauc": 0.9972055599704179, "aucloss": 0.6092993761002311, "convergence_rate": 0.9081177063725345}