{"bestEpoch": 20, "lastEpoch": 30, "mae": [], "medianabsoluteerror": [], "mape": [], "mse": [], "recauc": [], "f1": [0.009955443779202275, 0.00908045703190608, 0.02071827231904313, 0.01761261588494119, 0.014100848878381839, 0.023655329547431225, 0.027620580966948242, 0.030266608934408783, 0.027042726580899467, 0.0301450396058676, 0.03222038081749033, 0.034855381208084145, 0.03699030816995174, 0.04138253029002376, 0.04696140944606904, 0.04780666274628811, 0.056084510764286444, 0.04180008053072925, 0.03561773046308689, 0.060186776782470905, 0.04785533810383235, 0.05750843631215188, 0.06045725732425529, 0.056061097331184535, 0.06044330214372782, 0.059723301918950145, 0.06097863981447521, 0.062047911419331775, 0.06338591555275584, 0.06167485023919239], "f1auc": 0.6519584954172516, "convergence_rate": 0.5937622106649515}