{"bestEpoch": 15, "lastEpoch": 25, "mae": [], "medianabsoluteerror": [], "mape": [], "mse": [], "recauc": [], "f1": [0.01439154738174973, 0.01601635200084072, 0.011625381740354665, 0.01738653951045069, 0.013312576891574427, 0.017665961590910086, 0.013673973385829987, 0.017764961235613014, 0.01988198744170611, 0.01942094430208376, 0.021540029984745263, 0.019378460830593372, 0.01511124840000359, 0.02419877606479384, 0.02504972032172051, 0.025019159741891686, 0.023847238938628924, 0.023740697373699965, 0.022554218728931135, 0.023660893585120055, 0.022826589639660593, 0.024658181352621787, 0.02383753087027263, 0.023193905809562793, 0.0233471038590834], "f1auc": 0.8054558579611305, "convergence_rate": 0.6369820145130066}