{"bestEpoch": 70, "lastEpoch": 80, "mae": [0.8355796985989549, 0.7257095514157649, 0.6712669445716434, 0.6257810064884443, 0.6035349766219035, 0.6028552339685048, 0.5600762529204688, 0.5413707082790552, 0.5396226828148211, 0.5028211104540138, 0.4954673787689058, 0.49200722185699824, 0.4682723831039198, 0.4628493487874785, 0.45609015498378347, 0.4506076126121427, 0.4459161300962114, 0.44584734217882427, 0.438360388829453, 0.43548412926776475, 0.43799263857537735, 0.42999957942736267, 0.43176680420714963, 0.44132736752024176, 0.44080461985643177, 0.4250417350780152, 0.43060522353497666, 0.4395218299983153, 0.4297754120609518, 0.4193023384520303, 0.41786247183831343, 0.4186139649572129, 0.41464230672424146, 0.4146481855911749, 0.4163992011203069, 0.4215986482167584, 0.4164200733989662, 0.4156200972278034, 0.41151738168651486, 0.40911656872216745, 0.4092617117737164, 0.41179446150605303, 0.40901399960367324, 0.40930676353673656, 0.41037104847531125, 0.40923393590321505, 0.41172822019498645, 0.4092074627282495, 0.40942136103141613, 0.4086562273378731, 0.40808319786894515, 0.4098615574321247, 0.4088243066966593, 0.40718342484009357, 0.41011868071062835, 0.4068066409941519, 0.40880245596522186, 0.408834458061694, 0.40745439198991956, 0.4065002092894828, 0.407640055028504, 0.40595290404473117, 0.40756097904264216, 0.40693532276680616, 0.4086601630840858, 0.4074108931623125, 0.406564667112865, 0.40698362981522546, 0.40648627447369073, 0.4066449793899518, 0.40697095053312216, 0.4068783740882618, 0.40673920188300006, 0.40676480421908706, 0.4067770534055258, 0.4067413253744436, 0.406733307732571, 0.4067126378823652, 0.40668537508417196, 0.40668462784593046], "medianabsoluteerror": [0.782082223892212, 0.6394247579574586, 0.5825583219528199, 0.5226739168167115, 0.49976393699645993, 0.5074546217918396, 0.4486550104618072, 0.44361517429351804, 0.4496706318855285, 0.4126004314422608, 0.41213543415069576, 0.4091821837425232, 0.3827215409278868, 0.3774028897285461, 0.37283672928810124, 0.3677990627288818, 0.36307966709136963, 0.36471470355987545, 0.3523623085021973, 0.35343484044075, 0.35923196315765366, 0.346239869594574, 0.35227102041244507, 0.36283410787582393, 0.3637464785575868, 0.3419025897979737, 0.3507730722427368, 0.3628747224807739, 0.34954300403594973, 0.3342601537704467, 0.3359936738014222, 0.3392655801773071, 0.3303328514099121, 0.33368567705154406, 0.3370813488960266, 0.3443532526493073, 0.33604278802871695, 0.32931302309036253, 0.3303621411323546, 0.32697952628135685, 0.32813394427299497, 0.33154791116714477, 0.32738251566886906, 0.3285943484306335, 0.32959384560585026, 0.32839630842208867, 0.33227901935577386, 0.32875684976577757, 0.32884761333465573, 0.3275561892986298, 0.3274574041366576, 0.33015390157699576, 0.3289593601226806, 0.32556124448776247, 0.3303374886512756, 0.32434521436691277, 0.32930678129196167, 0.32866333007812487, 0.3270648717880248, 0.3254817187786101, 0.3277957332134248, 0.32459334850311283, 0.3277457988262176, 0.32664131402969365, 0.32940766096115104, 0.32748048067092905, 0.32643020629882813, 0.3268982648849488, 0.32633878111839293, 0.32667775988578795, 0.32682529926300047, 0.3267551183700561, 0.3266301965713501, 0.3266861343383789, 0.3267094254493713, 0.3266444468498231, 0.32662760734558105, 0.3266267061233521, 0.32661544084548944, 0.32663230538368215], "mape": [1.4036358498732893, 1.1253851444968392, 1.0133704749335757, 0.8910411281235892, 0.8539457555592949, 0.9179297034536844, 0.7177203760912784, 0.7555128769527919, 0.801042855340325, 0.7107811588966165, 0.7283818791673172, 0.742169145368677, 0.6606401216346425, 0.6359591286553014, 0.6598824266388655, 0.6559931341862645, 0.6380991910894485, 0.6335544728926586, 0.5932855326469211, 0.61810924722503, 0.6516714397760798, 0.6117790115280058, 0.6287951195602609, 0.6680789299003185, 0.6820845864296046, 0.5826760407417705, 0.652057984646208, 0.6926153972709446, 0.6381746417939247, 0.5797420759843062, 0.5945616493685242, 0.6236375708648697, 0.5791910722958202, 0.5842788862469677, 0.6108228120279988, 0.6606760357389854, 0.6215877531911775, 0.5442344581038504, 0.5984051515324286, 0.579252253995591, 0.5855493856062809, 0.6028492795489511, 0.5762936887810548, 0.5882552809849025, 0.5961611529121595, 0.5911473397205375, 0.6077076680760239, 0.5960849620271172, 0.5958685985241653, 0.5762839408352182, 0.5825093003170838, 0.6049503681214378, 0.5990376699614202, 0.5763220249003682, 0.6033279414507654, 0.5704111763190339, 0.6003747177077038, 0.5941622866476636, 0.5934652507518015, 0.5804699727324808, 0.5947634589944092, 0.5793614017602025, 0.5961257667879768, 0.588202326635982, 0.6002965714378734, 0.5936051090588904, 0.5882998761934755, 0.5923712659105045, 0.5876316221406203, 0.5904972435858548, 0.5919216680521772, 0.5917929548238589, 0.5908366570390634, 0.5911806897408171, 0.5909790043643328, 0.5907596577523339, 0.5907947407600711, 0.5906673266515762, 0.5905192315592438, 0.5905422379741149], "mse": [1.001484207554864, 0.8196902992514642, 0.7072405899147483, 0.6338361801460337, 0.5936858969178105, 0.5792044009931909, 0.5331972754098896, 0.483441352805187, 0.468891643428128, 0.4189864632523043, 0.399029390629077, 0.39106864221672727, 0.36358552864870014, 0.35611896031215096, 0.3446983797376224, 0.3374019608570642, 0.3310320083289397, 0.3283628865260515, 0.3254519326126138, 0.31757876548796476, 0.31625044754597065, 0.3113732970895767, 0.3093827214085671, 0.3180439062305679, 0.3162921165199915, 0.3051275896211589, 0.3056087186637896, 0.3135966140504877, 0.3046686927498461, 0.300097991203444, 0.2931272484229645, 0.2917712721157885, 0.29321080699326413, 0.2890642146484714, 0.2887449674706518, 0.29275678402262634, 0.2890275420828436, 0.2971621284140302, 0.2842258311381338, 0.2837518699692614, 0.2831077820825246, 0.2838325275494029, 0.2831374997300495, 0.282354489085308, 0.2828587018107503, 0.28192735058431, 0.28320293689833503, 0.2816901831546621, 0.281557681165855, 0.2817533645861688, 0.2810396975638685, 0.2814695075524735, 0.2807915217360521, 0.28106400136119714, 0.2816647342306304, 0.28095046133828927, 0.280340622276921, 0.28066181744789687, 0.279894213222969, 0.2793644467083765, 0.27936648379823625, 0.2790748385458869, 0.2790732173345029, 0.27899870305316227, 0.27979357902451757, 0.27886339282655004, 0.2784199642602154, 0.2785845938433017, 0.2783564411951472, 0.2783498911855027, 0.27855818475029803, 0.27848466463439436, 0.2784008505889046, 0.27840020129967147, 0.27841273924030013, 0.27839232510896905, 0.2783846830362807, 0.27837281118230245, 0.2783575731834953, 0.27835580458461606],