{"bestEpoch": 22, "lastEpoch": 32, "mae": [1.0883177747630999, 0.835985514059004, 0.729705733050032, 0.6714205371402272, 0.634454178524718, 0.6116553378083922, 0.5905239120562851, 0.574688093227151, 0.5629902562384687, 0.5480016705089692, 0.5391333773798517, 0.5394562627068911, 0.5286566948637149, 0.5202001714744199, 0.5157286964620619, 0.5120280158862665, 0.508005325076936, 0.5078927004191596, 0.5042221528413671, 0.5007741433802836, 0.4992363080251152, 0.49802729898854375, 0.5181528262907249, 0.5011660394083459, 0.5004348631943905, 0.5107884238307622, 0.49930091557415285, 0.5004925076703034, 0.5019363306271437, 0.5020146417049062, 0.501864442782397, 0.5028603473626135], "medianabsoluteerror": [0.8764876914024353, 0.6813817954063417, 0.6008822679519653, 0.552935163974762, 0.5241557359695435, 0.5083398914337158, 0.49076514720916753, 0.47803401947021484, 0.46853289604187, 0.45236257314682005, 0.4439093947410584, 0.4492667818069458, 0.43796523809432986, 0.428739414215088, 0.423419952392578, 0.41857917785644516, 0.4178285551071168, 0.4194806575775145, 0.41468167304992676, 0.4079460740089418, 0.4043848037719726, 0.40787633657455447, 0.43487432003021254, 0.4142599272727967, 0.41307062625885016, 0.42621793746948256, 0.4072928905487061, 0.41104398965835576, 0.41230211257934557, 0.4116175174713135, 0.41089026927948, 0.41335889816284177], "mape": [0.5727849627969683, 0.44108241288629385, 0.39233118998846855, 0.36091683696867866, 0.3422445278398512, 0.3354789169428549, 0.32296843820252435, 0.31593245325074604, 0.31125436797996625, 0.2950710444747965, 0.28827346584276947, 0.3023376396289456, 0.29230055627970686, 0.2819088895983052, 0.27955560321969963, 0.27157530705854893, 0.27611425851102334, 0.2781547529752206, 0.27443406107563223, 0.2652658992309107, 0.2640544791791823, 0.26814824376815705, 0.2947940498268684, 0.2742484452081179, 0.27364365088334397, 0.2856728173658191, 0.26782359615157747, 0.27070350936769166, 0.27145736566349987, 0.27084740209349556, 0.2699385392126542, 0.27210703868971303], "mse": [2.0024373409549265, 1.1584550606281965, 0.8717586523907809, 0.737623796554763, 0.6569017699222527, 0.6071628930849994, 0.5668541748063862, 0.5363806259150999, 0.5132173042485914, 0.4918962117268669, 0.4779318048969697, 0.4698596436611108, 0.45464511898657, 0.4436301238368781, 0.4375057002783742, 0.4340423703939615, 0.42405370991923125, 0.42184640120764544, 0.4181646045172194, 0.41688294670051546, 0.4161133560417537, 0.4093368423315535, 0.4307050781133664, 0.4110426599671141, 0.4101689233450656, 0.4220815161561052, 0.4131692417403383, 0.41343204534987604, 0.4151786761839401, 0.4164708683881, 0.4166790422348615, 0.4170444319147402], "recauc": [0.7483407183073443, 0.8057162303488201, 0.830332464703382, 0.8438677437749286, 0.8524562515172291, 0.8577522444288006, 0.8626618220085753, 0.866342185594084, 0.8690614674201089, 0.8725473650539993, 0.8746099224182093, 0.8745337618200801, 0.8770451141167697, 0.879012385151872, 0.8800523019959153, 0.880913042026936, 0.8818482962068407, 0.8818745811039923, 0.882728495286051, 0.8835306944284358, 0.8838879998804847, 0.8841691510933977, 0.8794890727468746, 0.8834397746077859, 0.8836102019764945, 0.8812023698448858, 0.8838743354645753, 0.8835973684689906, 0.8832615034213352, 0.8832433437273616, 0.8832783589918485, 0.8830467607610236], "f1": [], "aucrecauc": 0.9845449914774199, "aucloss": 0.5265461951601071, "convergence_rate": 0.9002306306457659}