{"bestEpoch": 18, "lastEpoch": 28, "mae": [0.638163507092933, 0.5749729447699485, 0.5907816368063459, 0.578457382444629, 0.5429946444250273, 0.5544086856297842, 0.5367721583252815, 0.5225652297185429, 0.5397209814354522, 0.5136564859286563, 0.50069407652797, 0.5128499083841433, 0.511440952435014, 0.4783797854732974, 0.4952713525946126, 0.48630641515261563, 0.519756053245386, 0.4744131927521959, 0.4796178661424283, 0.48641105182150335, 0.48333791495279255, 0.5355316467759969, 0.48450479760886755, 0.4850196799644571, 0.4780256145420181, 0.47762598514071486, 0.4753437809913769, 0.47653876763983605], "medianabsoluteerror": [0.5608691108226777, 0.48756330728530883, 0.48542824149131775, 0.46332398533821106, 0.43255573153495785, 0.46348669528961195, 0.44485394716262816, 0.42214120864868165, 0.43317561388015746, 0.41413376212120057, 0.41308212578296666, 0.4253555417060852, 0.41785689830780026, 0.3932377338409424, 0.3995556688308716, 0.40379866361618055, 0.4493570780754089, 0.39604823112487797, 0.3888903141021729, 0.39706740379333505, 0.3948941576480866, 0.4215933531522751, 0.39673759222030636, 0.3989844989776612, 0.3916693544387817, 0.38993709325790404, 0.38848999261856076, 0.3888552784919739], "mape": [1.025303970425105, 0.8404655915196502, 0.8453704503239505, 0.7149226907176869, 0.67012274972471, 0.7392645482551106, 0.6965871417951562, 0.6719355306796755, 0.6960664570432078, 0.6544613576064345, 0.7040357695203983, 0.68841339399908, 0.6732772606028633, 0.6703237925291163, 0.6226048110091245, 0.6846445041970328, 0.8162565818493664, 0.7012057831225477, 0.6300246916721329, 0.6273691521001918, 0.6314420716300161, 0.5929974079413263, 0.6869870449680033, 0.6894744548895115, 0.6686442248908676, 0.6705441353505764, 0.6615673454464717, 0.6601872180804637], "mse": [0.6247617080739534, 0.5299771587542452, 0.5647899095980771, 0.5764778799079615, 0.5086064211895398, 0.4972735194700088, 0.47886132258714087, 0.4619035797718601, 0.5025079597953132, 0.4495106896877978, 0.4120862545018504, 0.4321831057343555, 0.4290906604324849, 0.37921693060083445, 0.4117762385117592, 0.3861023876514872, 0.42070711450975595, 0.36580736014352566, 0.3857099503616923, 0.39116350476898, 0.385669901145574, 0.48787380064598207, 0.3887597054468912, 0.3856505267935687, 0.3785342706790972, 0.3761002624906735, 0.3744135871261522, 0.3759471622248816], "recauc": [0.8515751478885953, 0.8662721107173319, 0.8625951097945969, 0.8654623130965301, 0.8737095425330782, 0.8710549145956421, 0.8751573931830149, 0.8784613582751684, 0.8744721638574257, 0.880533235381347, 0.8835477884485565, 0.8807214194731012, 0.8810483777306705, 0.888737768379709, 0.8848090557637678, 0.8868942267451714, 0.8791144706966142, 0.8896603775349173, 0.8884501228410283, 0.8868708033570015, 0.8875844854522795, 0.8754460738025271, 0.8873132219091949, 0.8871936442284287, 0.8888205945528332, 0.8889131315545208, 0.8894439774756745, 0.8891659384175209], "f1": [], "aucrecauc": 0.9896684682872734, "aucloss": 0.43930031249837137, "convergence_rate": 0.7586535236210658}