{"bestEpoch": 62, "lastEpoch": 72, "mae": [0.41753270613176774, 0.3864889822649696, 0.3772502257144195, 0.39856323144856115, 0.3645127092087278, 0.3878276713386903, 0.3576684849307984, 0.3699707408130312, 0.374814885565983, 0.3548000431821857, 0.3519021169822191, 0.353830456912472, 0.35280832109609545, 0.36167806504270156, 0.3589523542667408, 0.36228697788514025, 0.3618553718001312, 0.3458689200582344, 0.34536755939709357, 0.354987729690552, 0.3435188827702537, 0.3425432806480087, 0.3432579430672657, 0.3433180403296415, 0.34675735706647487, 0.33962679666039586, 0.3411692771720992, 0.3404050775001003, 0.3403250144390716, 0.3405616585641058, 0.34153437860206115, 0.3396161681087449, 0.33890984394307805, 0.3410683700321552, 0.34029503998644167, 0.3404782467018731, 0.3393646966585408, 0.34021228151558247, 0.33977523540033927, 0.3406166147028658, 0.339874675700295, 0.34016921213903084, 0.34016494638691497, 0.33988584307576325, 0.3403742127609136, 0.34042726215560826, 0.3399981199985629, 0.34026249115279245, 0.3399692142961989, 0.3401723399293637, 0.3398061689125489, 0.34062942064191515, 0.34025229203505003, 0.3397372788006854, 0.33996394895601517, 0.33986022900618185, 0.3401880157337971, 0.3394462052542812, 0.3408793636102169, 0.3401693093410904, 0.3403511243732056, 0.3396877800414091, 0.34039461841065705, 0.34012200505404777, 0.34102478533573427, 0.33997846366401485, 0.33997725654276817, 0.3405517493223421, 0.3395844223925242, 0.3405952892694494, 0.34025984180340796, 0.3397448140531314], "medianabsoluteerror": [0.3449798822402954, 0.3022287011146545, 0.2910220384597778, 0.3300751328468321, 0.26944398880004883, 0.31918765306472774, 0.27126929759979246, 0.2915749788284302, 0.29720275402069085, 0.27560335397720337, 0.2695101499557495, 0.2752555370330809, 0.27943554878234855, 0.2913748645782471, 0.2902388572692871, 0.2928979635238649, 0.28374489545822135, 0.2658851385116576, 0.2685649514198303, 0.2866132831573487, 0.2642063856124879, 0.2677015542984009, 0.2653909349441528, 0.2722139358520507, 0.2784769296646117, 0.2635642385482788, 0.26555750370025644, 0.2588861083984375, 0.26557956933975213, 0.26584956645965574, 0.26709327697753893, 0.26563563346862784, 0.2630654811859132, 0.268413610458374, 0.26435619592666626, 0.2651138544082643, 0.26464972019195554, 0.2661400198936462, 0.2659970521926879, 0.2666631460189819, 0.26575193405151376, 0.26611307859420774, 0.2662031531333924, 0.26469062566757195, 0.2657567524909973, 0.2662509322166442, 0.2657766222953797, 0.2667441248893738, 0.26544224023818963, 0.26615657806396487, 0.26533432006835944, 0.26584574699401864, 0.26630487442016615, 0.26562916994094854, 0.2657589435577393, 0.26556249856948855, 0.2653778791427612, 0.264948091506958, 0.26713150978088374, 0.26573603153228764, 0.266162383556366, 0.2652696466445923, 0.26679577827453604, 0.26592204093933103, 0.2673395156860352, 0.26616218090057386, 0.2658867001533508, 0.2669119882583618, 0.26577304124832146, 0.2661915588378907, 0.26683055877685546, 0.26569983482360837], "mape": [0.22881048137761548, 0.19685043250726758, 0.19236689739391372, 0.2279155652342693, 0.17976611565519388, 0.21791892617842476, 0.18372602507860844, 0.19899794402365484, 0.20022396832748926, 0.1832297672502888, 0.1808181585153352, 0.1839252929576465, 0.18671871964762743, 0.19200531388512593, 0.1870921982142032, 0.19554456919089563, 0.19355720718478073, 0.17867863027945274, 0.17901778761144135, 0.1916770467839151, 0.17409743326466823, 0.17969228344162785, 0.17895745490952789, 0.18072519025108977, 0.18365164285873412, 0.17576507764760887, 0.1765812950393616, 0.17192973298531006, 0.17698301235602162, 0.17752012205057738, 0.17873344504959376, 0.1775856688192896, 0.17584310284170504, 0.17869130700047464, 0.17758893641962825, 0.17753708918174924, 0.17648651424677203, 0.17778344176297897, 0.17736615223325664, 0.17805064434579967, 0.17732921134772842, 0.17752500013405456, 0.17739312793852813, 0.17729841440090793, 0.17757024477589706, 0.177607977928662, 0.17728190212557574, 0.17749208512931502, 0.17729969150279953, 0.177369161055433, 0.17730914743860066, 0.17762634265715788, 0.17743180159411914, 0.1772516512960135, 0.1773098800177999, 0.1772627716200259, 0.17741478900795907, 0.17710115053172945, 0.1778255424534307, 0.1774538666886644, 0.17759221267203507, 0.1771402542610992, 0.1773873924435801, 0.1773353913347854, 0.1780226948331547, 0.1773013038507291, 0.17730895458611778, 0.17768477980651534, 0.17720149614845448, 0.1776463218728655, 0.1774674173747118, 0.17709455639515662], "mse": [0.2913752796465946, 0.2650459052882122, 0.25870578153669294, 0.26202827798391753, 0.2525871715296799, 0.2506463869846989, 0.23601919972539945, 0.24137543123351823, 0.2468871546964452, 0.22827915212537975, 0.22727451882636604, 0.22205568813582857, 0.2187714203907112, 0.22616703916439657, 0.22540125918068596, 0.2248843381814926, 0.2300283906965153, 0.21604372971564914, 0.21480750341312915, 0.21553808688647264, 0.2166628705585471, 0.20996791292930753, 0.21143812233549497, 0.20756362774610823, 0.21017668295232783, 0.20813155276618994, 0.20940169308308862, 0.21184121304529696, 0.2076599626416989, 0.20683082041466916, 0.2069357781153105, 0.20606999155861544, 0.20677861629787467, 0.20679585522837932, 0.2071263558196403, 0.20705010555398537, 0.20632540748831843, 0.2061018357315214, 0.20604522366810188, 0.20648560020366916, 0.20596097516853568, 0.20609338784447634, 0.20628568969559047, 0.20649918673261913, 0.2067641330464437, 0.20710906636538542, 0.20644339959391195, 0.20661936261401637, 0.20617567510092155, 0.20645341229478678, 0.206150112700096, 0.20688287753757592, 0.2063410432330446, 0.20602838399527182, 0.20656556792763828, 0.20605414795548332, 0.20654995015481062, 0.20598048206017625, 0.207030196946345, 0.20631402544019226, 0.20679970987567103, 0.20608066041240447, 0.2063533081849161, 0.20685441679220984, 0.20719405584771025, 0.20620876704173635, 0.206397474782837, 0.20704990825604633, 0.20564118827889652, 0.2068887786725948, 0.206539509547043, 0.2063081281263281], "recauc": [0.9028918098880382, 0.9101114606819082, 0.9122593239358696, 0.9073027274326771, 0.9152231169876344, 0.9097998064398869, 0.9168149975948805, 0.9139527332835865, 0.912827307062019, 0.9174818429238117, 0.918156540019226, 0.91770723424765, 0.9179451750439762, 0.9158819044127294, 0.9165164094935202, 0.9157406706505078, 0.9158420891684352, 0.9195610009689026, 0.9196765883828433, 0.9174398211089814, 0.9201065538074302, 0.9203344261983317, 0.9201685476292107, 0.9201551492311708, 0.9193543697339509, 0.9210136652044246, 0.9206544743109807, 0.9208325992405947, 0.9208508686271959, 0.9207957308595935, 0.9205694354989311, 0.9210168129059102, 0.921180726546225, 0.920678149901379, 0.9208584347689145, 0.9208159715339936, 0.9210752668883098, 0.9208770136265035, 0.920979316044444, 0.9207834177296751, 0.9209558693777902, 0.9208876331446464, 0.9208893977651759, 0.9209533448576089, 0.9208399396380653, 0.9208281765610329, 0.9209276672442793, 0.9208661895607558, 0.920934590067883, 0.9208870534164603, 0.9209728712051402, 0.9207811581675314, 0.9208685084735, 0.9209872298111079, 0.920935670036844, 0.9209594664481071, 0.9208828289255105, 0.9210563446451042, 0.9207227222022782, 0.9208873798447625, 0.9208458121680083, 0.9209995450606906, 0.920835153436076, 0.9208988058951714, 0.9206880741696314, 0.920932088864009, 0.920933359602757, 0.9207981705932028, 0.9210234146003724, 0.9207883523081654, 0.9208662033385738, 0.9209855568660593], "f1": [], "aucrecauc": 0.9978454136946732, "aucloss": 0.21517022847632652, "convergence_rate": 0.8915151267996224}