{"bestEpoch": 62, "lastEpoch": 72, "mae": [], "medianabsoluteerror": [], "mape": [], "mse": [], "recauc": [], "f1": [0.03535440560195553, 0.03542533573909153, 0.04777744372835481, 0.04765959570238002, 0.05397743051382737, 0.055765316213107, 0.08621636940095752, 0.09100062901468044, 0.12683125187509123, 0.14559227246203693, 0.1573664881778168, 0.16660891769868416, 0.18580109513369975, 0.1440677838225565, 0.17490112051409484, 0.19207856406714519, 0.1887147182919647, 0.23898054729797472, 0.23742816437212064, 0.2471512533598072, 0.25634067692422774, 0.2555381814743206, 0.2577212381576465, 0.2668437539164388, 0.2586219579061449, 0.2581670129885212, 0.26586371584530577, 0.25053378565916495, 0.2687835586593715, 0.2681322630301016, 0.27340653838117096, 0.2677859725108742, 0.27783676588076756, 0.26275582546261333, 0.2808689612117245, 0.27022562318896287, 0.2795803990894541, 0.2813050221303614, 0.28486487766525925, 0.2840435489969032, 0.27941942072240583, 0.285444311729874, 0.28392122725011126, 0.2919850632329441, 0.27815589857290557, 0.28952409778333427, 0.2842011237572519, 0.29476649397067206, 0.2923831469234636, 0.2893848308616425, 0.2974264311664188, 0.30228190920410253, 0.2985686107544502, 0.2917707250956137, 0.30025556822701316, 0.2993786675175535, 0.3015067765568114, 0.30020438148122386, 0.30179935138244773, 0.3014870711994829, 0.3020343742259984, 0.30305309520440377, 0.30377236415953646, 0.3032736972011484, 0.302506800350744, 0.3035777084464543, 0.3029942151015171, 0.3033187075895086, 0.3025309236263742, 0.30291085938872053, 0.3027957408540171, 0.3031590825145859], "f1auc": 0.8048305273110045, "convergence_rate": 0.7791239734885772}