{"bestEpoch": 44, "lastEpoch": 54, "mae": [0.7475099333678104, 0.7389257008408827, 0.7229638641573386, 0.7127707714159233, 0.7114051073413684, 0.6818686352044383, 0.6417522243398595, 0.622745908126101, 0.5823414515860807, 0.5756459898591079, 0.5429227576608622, 0.547219705876546, 0.5330845964758429, 0.5058137737964715, 0.49485877238856024, 0.49420431520713765, 0.5008507044175489, 0.5043293506044819, 0.5007091688189399, 0.47426636322908877, 0.4860761843172018, 0.48117251617185225, 0.4729409168332333, 0.4719864191683488, 0.4743848225698708, 0.48718194483964894, 0.48215428319794734, 0.48176300209620126, 0.47097898307857516, 0.46325056553774385, 0.46758896046450615, 0.46602112895764797, 0.46314047257136054, 0.4666084714961683, 0.46779568760102963, 0.4645213887104741, 0.4702512556179383, 0.4659214228445679, 0.46312102805161814, 0.46501864762811784, 0.4621354143821014, 0.46343125424567083, 0.4635046084285161, 0.4643114125938984, 0.4632060410335553, 0.46367863656952807, 0.4630796668663702, 0.4657570007634768, 0.4651137037240175, 0.4645599249226941, 0.46477812307012084, 0.46444375716359965, 0.4644419802006837, 0.46441746313837], "medianabsoluteerror": [0.5743318295478821, 0.558616006374359, 0.5627898979187013, 0.5518028855323791, 0.5324492478370667, 0.521994833946228, 0.5316211342811584, 0.528708553314209, 0.47934533119201655, 0.4871907591819763, 0.44859158992767334, 0.448796763420105, 0.4450680756568909, 0.40820218324661256, 0.3883410143852234, 0.3909842991828919, 0.40366656780242915, 0.40896919965744016, 0.3789823961257935, 0.3638981759548187, 0.3684017419815063, 0.3626748609542847, 0.3626516020298004, 0.35726507186889644, 0.37126424670219416, 0.36519118309021, 0.36538251638412467, 0.37001253247261046, 0.3610027074813842, 0.34899672865867615, 0.35049340724945066, 0.35596176505088806, 0.34908777117729184, 0.357328405380249, 0.3556278467178345, 0.3542994284629821, 0.3551230788230896, 0.353014943599701, 0.3526441860198975, 0.35057076215744015, 0.3493830800056458, 0.35109420299530025, 0.3525941514968873, 0.3549209368228913, 0.3516348695755005, 0.3531924641132355, 0.3517426121234894, 0.3556504487991332, 0.35491659879684445, 0.35400671958923335, 0.3547707748413086, 0.3541043144464493, 0.35401784420013427, 0.3540391302108765], "mape": [0.9468166592078345, 0.9022887792069572, 0.9366187897888267, 0.9075449831209815, 0.830876123743821, 0.8334904312316944, 0.9347247394111368, 0.9519059484092895, 0.8547437478808092, 0.8807569476712553, 0.8157512163962295, 0.8142643324775639, 0.8295226947962601, 0.7330151441400737, 0.7019369700070696, 0.6980247552940906, 0.7322678943516896, 0.7599173850005048, 0.6312331252403973, 0.6436459435873435, 0.6252989733858597, 0.641329425791011, 0.6449883621834442, 0.6255966347765356, 0.6608413973611809, 0.5773870071213871, 0.6276383572256419, 0.6440767788854445, 0.6447909298274063, 0.610485634484803, 0.5935599830599847, 0.6303222772506928, 0.5955112600076004, 0.6333645224722788, 0.6183104252316951, 0.6307701711273885, 0.6068168841352346, 0.6118379792018751, 0.6120928033629855, 0.597566624300658, 0.5970135291042645, 0.6068879905003318, 0.6162438616219212, 0.6248304484702194, 0.6092226443609141, 0.6194045039900857, 0.6088623102625761, 0.625105576694474, 0.6230879807208747, 0.6206814930428566, 0.6234324118470831, 0.6221988630449458, 0.6222649755184338, 0.6219261098722396], "mse": [0.9998945230162802, 0.9916656688308492, 0.9236081055928271, 0.9034309573314286, 0.9197415065354335, 0.8297365126536569, 0.6797599145795326, 0.6231116715897139, 0.5631428253178586, 0.5351773109735865, 0.487483285524916, 0.49785481413075344, 0.4620916560354668, 0.43174337160387294, 0.42753486690199216, 0.4238313981574922, 0.4253417789581901, 0.4261114985793934, 0.45645265878058755, 0.40163062998638493, 0.4290295043255381, 0.4204061087943565, 0.3987420581277706, 0.4017656485997461, 0.3932863376404622, 0.4350593625652988, 0.4209983327731055, 0.4139702888295715, 0.3958428253266943, 0.38985586040461806, 0.40017197980007485, 0.38834359914049105, 0.3887633062994164, 0.3884493057586067, 0.3944953348121724, 0.385206048232508, 0.4002853816213543, 0.3913549416459308, 0.38521774332231856, 0.3910998748745403, 0.38630618698442243, 0.38701397695592377, 0.38540766197677495, 0.3846192625038585, 0.38635151310074317, 0.3848815708423898, 0.3857598451060559, 0.38737699012335153, 0.38671174214591836, 0.3862745320206088, 0.386134839846952, 0.3858468549519607, 0.3858350820977002, 0.38581671547548924], "recauc": [0.8261679113268142, 0.8281645534987517, 0.8318692525255007, 0.8342382272287157, 0.8345558846195112, 0.8414189783817579, 0.8507422764293925, 0.8551612794398715, 0.8645584471746828, 0.866115677827005, 0.8737261235329792, 0.8727278533287928, 0.876014368715566, 0.882357217412592, 0.8849049997449967, 0.8850577255340305, 0.8835118804477969, 0.8827032820217661, 0.8835457618998498, 0.8896946563494617, 0.8869479330319036, 0.8880889568418808, 0.8900031097911647, 0.8902251003852987, 0.8896670677624272, 0.886690864698476, 0.8878601810409097, 0.8879510555813118, 0.8904591126485667, 0.8922567947748737, 0.8912475289367346, 0.8916126081487763, 0.8922825826313977, 0.8914760724583305, 0.8911999769227372, 0.8919614416960929, 0.89062855350696, 0.8916362386177242, 0.8922873076913987, 0.8918455052125966, 0.8925162472832504, 0.8922148229578815, 0.892197890146799, 0.8920103741409248, 0.892267498686607, 0.8921576198812237, 0.8922967865636459, 0.8916741447380043, 0.891823736532298, 0.8919525588675831, 0.891901909687564, 0.8919796589895057, 0.8919801377628492, 0.8919856956687877], "f1": [], "aucrecauc": 0.9868949169088757, "aucloss": 0.4742107538275671, "convergence_rate": 0.823747963775354}