{"bestEpoch": 43, "lastEpoch": 53, "mae": [1301.1570367000793, 1027.5667371078848, 819.9034830931279, 688.7948343662761, 597.6916275251747, 521.1110111335521, 461.1317681857187, 416.8836230211806, 366.1996016267419, 323.02709376054395, 287.9459636611551, 258.0970473741771, 237.02961249640742, 215.440366367375, 189.3530089810324, 170.81062879082754, 164.20156797311807, 148.90528341383217, 143.49405395823035, 129.25017519792476, 126.20345160097106, 128.39407182686924, 121.64588922625, 117.5946750508808, 115.64510388819677, 104.78825869139816, 105.48869676993749, 107.0301565499977, 103.2377837201574, 91.58297957790278, 93.20489195776968, 91.64216914042592, 86.34701453664006, 82.61770963200811, 77.04972731681598, 80.08932325634953, 76.91523650398727, 75.15937005796991, 77.73598467706944, 74.31691534106251, 72.28064179494908, 78.97833589659375, 69.34086746993634, 71.86753498621759, 70.52858144548264, 71.61970769303473, 69.464208868772, 69.02252424365045, 73.40512899058102, 72.42422143819907, 71.73735305731944, 71.4776037445301, 71.54000109696065], "medianabsoluteerror": [1140.080321796875, 903.1619261523438, 728.4176020703126, 611.710571109375, 536.5169673671876, 471.58642536718753, 419.35229475000006, 375.88122599999997, 335.1108396640625, 295.25329631249997, 263.5498048671875, 237.32104468750003, 219.1109623203124, 201.56506394531243, 178.85192877343752, 162.5136720546875, 157.18115228906254, 142.9993893515625, 137.29626511718743, 122.68774390625003, 120.36010735937498, 122.84130871093748, 115.85022014062497, 112.43908709375, 110.21447707031257, 98.89929210937498, 99.95318582812502, 102.29858368750001, 98.67706322265622, 85.46533215625004, 87.72790532812496, 86.61804152343757, 81.18322795312497, 77.24169916406254, 72.29797403906241, 75.55590832031248, 72.21520955468759, 69.769897640625, 73.17541474218751, 69.68896484375, 67.09899914062498, 74.74853503906252, 63.99707072656247, 67.63195847656243, 65.51062028906244, 67.09753411718748, 64.22680652343752, 63.850219492187534, 69.108154296875, 68.04943889062497, 67.15136701562506, 66.75573689843759, 66.8159175546873], "mape": [0.7885212709561737, 0.6220873895971669, 0.4932693044953609, 0.4134079275597916, 0.35759688809002904, 0.31130314590045255, 0.27504262705897026, 0.2487320785641361, 0.21813121240849223, 0.1920396707568447, 0.17112026607755104, 0.15351710672454624, 0.1412310742432963, 0.12860732589291465, 0.11299305559821332, 0.10202770662351043, 0.09841559236455683, 0.08934319791559732, 0.08634785420455568, 0.07794478679694644, 0.07636195331935956, 0.07773791338379948, 0.07382387900790931, 0.07163638952376561, 0.07044175924938624, 0.06422522995132984, 0.06477306754436522, 0.0656956524111075, 0.0635249615059594, 0.05671131013366523, 0.05780635800906728, 0.057049184874743114, 0.05393298050727582, 0.051720289267276, 0.04882064951831693, 0.050518649342251275, 0.04871394025915677, 0.047623537232971774, 0.04924358274672593, 0.04728940618619915, 0.046110042031305296, 0.05000481661986866, 0.044477034911056874, 0.04608600626571354, 0.045223882610693565, 0.04595118955725932, 0.04456683191567353, 0.04441795460356958, 0.04689043674055042, 0.04634928284911058, 0.04594130573888869, 0.04579162138001031, 0.045819226564455834], "mse": [1880234.8209209892, 1173798.6331058182, 757356.6218653448, 536537.4025502304, 406629.10359803884, 310221.5590680382, 244040.09814039874, 199414.53021719516, 154890.79924426565, 121317.92103064057, 96911.66374353967, 78158.79965311832, 66154.6173589492, 55003.615257128506, 43137.83746385118, 35590.51228269458, 32918.0883609745, 27484.1020681056, 25561.810476142477, 21100.550827347142, 20093.42536975683, 20703.432428574022, 18727.200207324415, 17554.91892343828, 17084.201176232134, 14194.424100896606, 14358.749863166224, 14703.37404284597, 13730.727208311138, 11142.60216928537, 11443.706914701308, 11090.596098810422, 9978.811573486368, 9255.693123696117, 8206.589537665039, 8651.339309981984, 8165.250003199778, 7864.115288229264, 8323.023912219747, 7699.402397589077, 7344.235878523174, 8489.436286226022, 6935.286274645986, 7290.491017438292, 7083.714405801617, 7251.5078940400035, 6903.265219752168, 6842.197936519778, 7527.342649314479, 7370.956392417462, 7267.51208952772, 7224.001762324834, 7234.202629320285], "recauc": [0.3464081074774144, 0.475678545632341, 0.5816400158534372, 0.6485384390290881, 0.6950244505932075, 0.7341002100210021, 0.7647054335063136, 0.7872827134565308, 0.8131442922069985, 0.8351725987413555, 0.8530738259011087, 0.8683042378311905, 0.8790543795120254, 0.8900703551836665, 0.9033816418678905, 0.9128430917165791, 0.9162154585828953, 0.9240202094283503, 0.9267822337789334, 0.934049034533083, 0.9356038863145574, 0.9344864412367162, 0.9379289484504005, 0.9399959403347742, 0.9409915065580632, 0.9465319124505043, 0.9461741581565565, 0.9453863164094186, 0.9473223026006306, 0.9532688824437999, 0.952441599715527, 0.9532397536049902, 0.955941297833487, 0.9578432065428765, 0.960684883303145, 0.9591337059631889, 0.9607542235705052, 0.9616490389779718, 0.9603350409114986, 0.962079037533383, 0.9631181636682187, 0.95970105158664, 0.9646191137632282, 0.9633296514836669, 0.964012534586792, 0.963454997351587, 0.9645547814040663, 0.9647801076403936, 0.9625448322610038, 0.9630451489593403, 0.9633951395139514, 0.9635274194086075, 0.9634960384927382], "f1": [], "aucrecauc": 0.9282686820012739, "aucloss": 109047.39056813305, "convergence_rate": 0.8897652377016023}