{"bestEpoch": 63, "lastEpoch": 73, "mae": [1.7385669506746102, 1.5316508206568589, 1.4806406389201912, 1.429731084540911, 1.9317540715954025, 1.4893389594128277, 1.3726193448685307, 1.4875084744619926, 1.2979879491402035, 1.3868463839523537, 1.3262920653363743, 1.3303600839331844, 1.3117189296702523, 1.2826043884795821, 1.314615532847929, 1.3353822315799138, 1.4614252682367306, 1.246803002238243, 1.285940907453083, 1.2629342364346168, 1.2641163880252937, 1.2759616664910374, 1.2614353946034458, 1.2787160185494049, 1.2695153646767037, 1.287160733230655, 1.2715158599821759, 1.2977171393550633, 1.2750991223667072, 1.2880925294913421, 1.260421341712885, 1.280060297203686, 1.230426657089367, 1.2637835725696889, 1.226635385410834, 1.2948336634507427, 1.2844257737163658, 1.263072437655668, 1.247335056484339, 1.2550838616677589, 1.2394849334514473, 1.2436028217025283, 1.2421895573321708, 1.2445336665805984, 1.2403864487928906, 1.249177410354575, 1.2388857658114827, 1.2472117112299195, 1.249323086316259, 1.24083193452179, 1.2812633548882095, 1.222226574091088, 1.297365519820805, 1.2134442641753083, 1.211781312960593, 1.2051158158631001, 1.1922205229661655, 1.2256575045852043, 1.1891487783228374, 1.1685307698878704, 1.1761890220536713, 1.17060296019169, 1.1782692193964523, 1.1729284065951096, 1.1779507409501149, 1.1789748353306224, 1.174852413366719, 1.175861876720094, 1.1778717839836543, 1.177150073889969, 1.1772624496594353, 1.1771151185204514, 1.177738494856473], "medianabsoluteerror": [0.8549895286560059, 0.6872620582580566, 0.6552660465240479, 0.6209516525268555, 1.2048006057739258, 0.7079558372497559, 0.6407017707824707, 0.7262952327728271, 0.5711526870727539, 0.6876530647277832, 0.6137456893920898, 0.635932207107544, 0.6229987144470215, 0.5945196151733398, 0.6220908164978027, 0.6759257316589355, 0.7838928699493408, 0.5992827415466309, 0.6293935775756836, 0.6137475967407227, 0.6120181083679199, 0.6198415756225586, 0.6133441925048828, 0.6284060478210449, 0.6105906963348389, 0.6385445594787598, 0.6220784187316895, 0.6590852737426758, 0.6409430503845215, 0.6503980159759521, 0.6326274871826172, 0.6452932357788086, 0.6087431907653809, 0.6294517517089844, 0.6025915145874023, 0.6642193794250488, 0.6689662933349609, 0.6468319892883301, 0.6362929344177246, 0.630946159362793, 0.6188087463378906, 0.6203017234802246, 0.6306939125061035, 0.6307847499847412, 0.6164131164550781, 0.6323490142822266, 0.6209611892700195, 0.6314082145690918, 0.6351068019866943, 0.6359643936157227, 0.669926643371582, 0.6071629524230957, 0.706298828125, 0.6265721321105957, 0.6182241439819336, 0.6301836967468262, 0.6154365539550781, 0.6365671157836914, 0.6260766983032227, 0.5984601974487305, 0.6054377555847168, 0.6030964851379395, 0.6106429100036621, 0.6090726852416992, 0.6096327304840088, 0.6061921119689941, 0.6059408187866211, 0.6063051223754883, 0.6064624786376953, 0.6034159660339355, 0.6068077087402344, 0.6075243949890137, 0.6069211959838867], "mape": [0.36143664412737536, 0.32079663884883153, 0.30989012308990144, 0.29315802087461895, 0.4155812942796426, 0.3150687838753733, 0.28620015892061484, 0.30313704090393373, 0.2664375011653353, 0.2850031726942695, 0.27782140012332696, 0.2716181041477978, 0.27460355879554077, 0.2656440511476297, 0.2679729402701701, 0.2784044269312147, 0.3064322215644704, 0.25499423746290095, 0.26844856999846833, 0.2583823653888226, 0.2608103053676655, 0.2653881563449732, 0.25834073787422285, 0.2645968993520496, 0.2618656364546567, 0.26562422129422153, 0.2637929432240254, 0.26934878227611236, 0.25769001150769544, 0.26475902411104635, 0.2631372239028884, 0.2645646490794039, 0.2512294073712055, 0.25907019990302915, 0.2518696302523195, 0.2694919816881758, 0.2676164109962431, 0.2580111450333979, 0.25368685252926, 0.25958104779403635, 0.2555290467529391, 0.25558134041551567, 0.2563101593269416, 0.25567527121997424, 0.2554223406134693, 0.25840703885687166, 0.25575161089561765, 0.2567466366213016, 0.25806024317782983, 0.2518957465768315, 0.2577456710365032, 0.25312208193633856, 0.26012436873240247, 0.2521970969049296, 0.25101195262798287, 0.24793071595074156, 0.24818376391517544, 0.25103705071953264, 0.24585557094002322, 0.23923753066445153, 0.2411483062887548, 0.24045362644382237, 0.24301680302880654, 0.2396321815247739, 0.24250913794962145, 0.24250514174254492, 0.24187926357633563, 0.2420048964432634, 0.24266090082270264, 0.24235312451576402, 0.2423648393037657, 0.24229799197996907, 0.24253071379931973], "mse": [266.0044852330249, 245.37972662535836, 230.4131420124875, 218.47583164399583, 211.81822830587788, 191.57193581371342, 180.05498548223653, 173.27193765391164, 173.6808096850347, 167.75409089503765, 162.1284448069162, 158.4083105100913, 162.0642624929201, 151.11772034333544, 147.19137256520156, 147.93248668057296, 142.95143983169237, 146.67675886393477, 137.5617389458491, 137.0010384156402, 136.59259185094962, 135.68096068114937, 136.30458161245753, 135.24245331174842, 136.12294809966528, 133.37625577096543, 136.76536071710984, 130.44824818454998, 133.75108152879682, 127.6377103486818, 131.11955944939214, 124.0691866821224, 128.40662730998952, 122.6750868092559, 124.41006533014902, 119.74856637265876, 122.30209274483092, 118.56620427021963, 119.32399183944693, 118.07456989470657, 118.4764459331758, 117.88135910836435, 118.67743185555743, 117.47539167351924, 119.04802433686902, 118.13031903686044, 119.48959905080412, 115.19899865389684, 115.05283860504291, 116.4544926019973, 115.51456795369133, 117.5604849639694, 111.49293123435673, 109.29750356066458, 109.22963580644205, 102.14729557251205, 109.63442665029653, 99.72788216071257, 95.76055763344941, 97.2032294800453, 95.79254975014281, 96.03106546114601, 95.73392948815085, 95.9509274506816, 95.80960492149727, 95.87062717476527, 95.99292881629052, 95.97616493757343, 95.91684607226253, 95.91594245186374, 95.91890607117196, 95.92113746624712, 95.91905640380119], "recauc": [0.7593184138187249, 0.7998578608289939, 0.8068069766125258, 0.8145566530563114, 0.6945821255658006, 0.7904903947311998, 0.8138953613864649, 0.7857634544779573, 0.8288946299367321, 0.8058841242860983, 0.8176899392651246, 0.8158200646703873, 0.8205848047901255, 0.8233779093666318, 0.8148000862564801, 0.809259796559814, 0.7785393026085993, 0.8295975151926452, 0.8167577657182127, 0.8219255842508385, 0.8214040422236526, 0.8181974050477483, 0.821884351153962, 0.8173811716908046, 0.8198240524361396, 0.8147798130310799, 0.8194170601406177, 0.8110759754313914, 0.8176248795494035, 0.8122742586651387, 0.8192337943028769, 0.8124495765745472, 0.8254188274989532, 0.815477290949143, 0.8244397903573398, 0.8068849624406313, 0.8099143247658098, 0.8137825454361434, 0.8176587140348088, 0.8150593466487054, 0.8189208038551883, 0.8177744825632581, 0.8183257220332402, 0.8173438524765625, 0.8189164436526041, 0.8164684988924571, 0.8192893783027462, 0.815683868421171, 0.8150677923954428, 0.8176475388699186, 0.8079445088346804, 0.8220941558625481, 0.8024060215839641, 0.8202213973542909, 0.820651186299543, 0.8188597266867091, 0.824935016673655, 0.812648789767408, 0.8190900106145185, 0.8245499112218122, 0.822144195195352, 0.8235111702038724, 0.8215622798119152, 0.8229077799644022, 0.8216926395694839, 0.8214918642567999, 0.8224871234119636, 0.8222624184835237, 0.8217566349837868, 0.8219313177455748, 0.8219035085794884, 0.8219398321569199, 0.8217899029861792], "f1": [], "aucrecauc": 0.9815377250780577, "aucloss": 130.99053084909843, "convergence_rate": 0.8540016881055162}