{"bestEpoch": 26, "lastEpoch": 36, "mae": [0.8894635021787796, 0.6972085890276376, 0.6764085216650276, 0.7345358223632007, 0.6940874600736309, 0.6167859864223356, 0.595673158195183, 0.5602830088679266, 0.5658119489402008, 0.48954102522488024, 0.5000354931500226, 0.5123454392659245, 0.5026681920865127, 0.4964026430628816, 0.4804860988803457, 0.47971820244766994, 0.48637402386325296, 0.4788900389915154, 0.4820711045427569, 0.47700076273688685, 0.47948201606865476, 0.48045595673719443, 0.48039765564063974, 0.4779683708875844, 0.4769322359706597, 0.4762100429519354, 0.476915270034061, 0.47705458806910056, 0.4765855386768079, 0.4771347481976673, 0.476754050724608, 0.4765633185477261, 0.4765781263688447, 0.4766595286804008, 0.4766116647127924, 0.4765043639529463], "medianabsoluteerror": [0.8337954354286194, 0.6112944245338441, 0.5902700042724609, 0.6532045960426331, 0.6090215468406677, 0.5286072134971618, 0.5074032187461852, 0.47359607934951786, 0.481704556941986, 0.40940728664398196, 0.4254638671875002, 0.4354409337043761, 0.42839535474777235, 0.4226259231567383, 0.40524249076843266, 0.4053090524673463, 0.41329214572906503, 0.402915894985199, 0.40866134166717516, 0.4006304860115051, 0.40486645698547363, 0.40715455055236816, 0.40714175701141353, 0.3989405632019043, 0.4017038464546203, 0.4003127932548525, 0.401680748462677, 0.4015122890472411, 0.4003431797027588, 0.4015743494033812, 0.40078532695770264, 0.40058286190032955, 0.4005182266235352, 0.4007365989685059, 0.40074731111526485, 0.40033240318298347], "mape": [0.38668140110896043, 0.3235791555115305, 0.31772373521829306, 0.33226137487401447, 0.3184404214055445, 0.29355840088781243, 0.2874789578488731, 0.2714357379446776, 0.2826599980027377, 0.27186360013431105, 0.2716442948804122, 0.2641370244860757, 0.2701738334589298, 0.26592481362872095, 0.2625326311590086, 0.2658707570370489, 0.26638488537633426, 0.2645632649206818, 0.26352333752583607, 0.26980048941153695, 0.2655676069587268, 0.26463039396075994, 0.2667012955379755, 0.27117450078749866, 0.26350610037618266, 0.26495347796535285, 0.26567214621243085, 0.26816245329860505, 0.267338196451684, 0.2663576261853608, 0.26717468379054876, 0.2670230897590032, 0.2670555286546003, 0.2675291262197262, 0.26749644216093577, 0.26722359616488556], "mse": [1.1414006543154624, 0.7429832579283365, 0.7031265788306207, 0.814716055494714, 0.7383917048313353, 0.5987164163900281, 0.5603583925931557, 0.5024854597410177, 0.5058426405607557, 0.38570488820668486, 0.39623988814305655, 0.41751051293831815, 0.3999482389160752, 0.3898435536472286, 0.3690540563908574, 0.3671915020662447, 0.3760800231143998, 0.3674317667164733, 0.37029145911331823, 0.363732179930303, 0.36651854866232053, 0.367862482965997, 0.36745058632287886, 0.36752552099479135, 0.3638757900154333, 0.3629798719631428, 0.36359076576281657, 0.36364158421763404, 0.3635369709240899, 0.36391003155694196, 0.36354635635450727, 0.36333092607655004, 0.3633755870102361, 0.36344873301446273, 0.3634004002595439, 0.36330533209991106], "recauc": [0.793149098937701, 0.8378550086368053, 0.8426902151450362, 0.8291729193054103, 0.8385777309662635, 0.8565536892589688, 0.8614633468560708, 0.8696926085936558, 0.8684069982811091, 0.8861440788858675, 0.8837032176152209, 0.880841350211067, 0.8830914438143826, 0.8845489308161031, 0.8882503585655925, 0.8884290028129599, 0.8868809907780656, 0.8886213835448231, 0.8878817754396354, 0.8890606172015616, 0.8884837675196454, 0.8882572135599386, 0.8882708302834013, 0.8888356699473942, 0.8890769184798604, 0.8892446814305439, 0.8890808515169689, 0.8890483729607329, 0.8891574667830905, 0.8890296436069787, 0.8891181067367048, 0.8891625762338855, 0.8891590946852728, 0.8891401448864314, 0.8891514087825212, 0.8891761993163414], "f1": [], "aucrecauc": 0.9872662787362902, "aucloss": 0.4454284492817702, "convergence_rate": 0.8821710278506909}