{"bestEpoch": 14, "lastEpoch": 24, "mae": [], "medianabsoluteerror": [], "mape": [], "mse": [], "recauc": [], "f1": [0.2991115739586093, 0.28287554138503823, 0.2690833348972639, 0.3426041557582519, 0.27338322362463224, 0.2545092492005501, 0.2739762866258451, 0.2813341320585423, 0.28843181929319944, 0.24701315458438786, 0.2897730463659532, 0.2893535517406675, 0.29704061429694184, 0.29315359458893153, 0.29643703448002573, 0.27499015637866947, 0.3030306409833418, 0.3040322257068592, 0.30286776610713323, 0.2985230150823654, 0.29581121279954314, 0.2957867613625387, 0.29451321771564815, 0.2944565447715394], "f1auc": 0.8433243467350449, "convergence_rate": 0.4384646121962704}