{"bestEpoch": 74, "lastEpoch": 84, "mae": [0.6283749175873911, 0.5861647323678674, 0.5593541339642566, 0.5832637278216573, 0.5862855073847824, 0.538554064474929, 0.5333246182436157, 0.5350732125895634, 0.5243780057345692, 0.5235484444180402, 0.520691113481606, 0.4875981476264618, 0.5095982966569148, 0.5046499072423082, 0.48692012317610744, 0.559933101764423, 0.48524724556940496, 0.49310936804713884, 0.48707067624365236, 0.4666054605688205, 0.4618544807070602, 0.4655054223973662, 0.4736281277119169, 0.4642497285240043, 0.4620342550379964, 0.458767482681328, 0.45861344528818904, 0.45855507015960717, 0.4574697218508808, 0.4574303492300658, 0.4569698355419765, 0.4581243280936897, 0.45641792230783146, 0.4558732227375151, 0.4544327807866193, 0.4538409678171171, 0.4537202604953093, 0.45363355003928374, 0.4524908870272514, 0.4519212070838029, 0.45186725179128245, 0.4514206498120992, 0.4508524210824492, 0.4504682161974179, 0.449902639376911, 0.45067324987011276, 0.44994887398432826, 0.4494985599756506, 0.44834441053873675, 0.44921699163138734, 0.4489617299623807, 0.4488271303234591, 0.4493938761188384, 0.4473592144656781, 0.4479120715708022, 0.4468216009899573, 0.4477903340563391, 0.4476679590999042, 0.44704200244319336, 0.4469083393806954, 0.44742082830788477, 0.4470861480447343, 0.4472491805867465, 0.4471041246476395, 0.44752998704935654, 0.4471711944961026, 0.44721143777242084, 0.4471991739565919, 0.44657521886255763, 0.44725840986741344, 0.4471459812503577, 0.4472669457577539, 0.446929673278409, 0.4470998206216929, 0.4467941310954644, 0.4471860184584502, 0.44724232795570745, 0.44693790225688745, 0.44691706671099285, 0.44747245352104564, 0.4473904228139479, 0.4476512645958086, 0.4468828898725569, 0.4473748286686066], "medianabsoluteerror": [0.5339832830429077, 0.46692990541458135, 0.4686610698699951, 0.48521259903907776, 0.4786649167537689, 0.42821288824081427, 0.4443153762817383, 0.42695103168487547, 0.4201739299297333, 0.4333386003971099, 0.4253819358348846, 0.40081348896026614, 0.4170702123641967, 0.41758861303329464, 0.40313558578491215, 0.48767675876617433, 0.38767424821853635, 0.4119718480110168, 0.3876421928405761, 0.37483234405517574, 0.3652484631538391, 0.37114915132522575, 0.3781039774417877, 0.3687261271476746, 0.36666210412979117, 0.36349158406257626, 0.3627095842361452, 0.36186718702316284, 0.36168171644210817, 0.3611523532867432, 0.3615767014026642, 0.3626722419261933, 0.3608505463600159, 0.35979414820671074, 0.3585687899589539, 0.35772016525268546, 0.35795077800750724, 0.35793957710266117, 0.3560715198516846, 0.3559887290000915, 0.3564027547836305, 0.3558251214027406, 0.35515558004379266, 0.35546080946922304, 0.35369652271270746, 0.3552068150043487, 0.3547344040870666, 0.35371109247207655, 0.3528966128826141, 0.3545083701610565, 0.35414675593376155, 0.35358462333679197, 0.3527378499507904, 0.3512905204296112, 0.3538326501846314, 0.35122114777565006, 0.35126257658004756, 0.35165999054908753, 0.35067535042762754, 0.3498236346244812, 0.3517609477043151, 0.3510098969936371, 0.35214623928070066, 0.35234782457351677, 0.35202906370162956, 0.3519982337951659, 0.35183039426803586, 0.351175103187561, 0.3507514989376068, 0.35159406304359436, 0.3508669185638428, 0.3511600613594056, 0.35191752910614016, 0.35131668090820317, 0.3517918872833251, 0.3518184924125671, 0.3522688174247743, 0.3521348202228546, 0.3510234987735748, 0.3529677844047547, 0.35300143480300905, 0.35252965927124025, 0.3511943101882935, 0.35071071505546575], "mape": [0.9615285011405427, 0.666877336260108, 0.8164322398963185, 0.8657182660173351, 0.8581099209950501, 0.6088598684376195, 0.7621670963295991, 0.6217564900680891, 0.6635982882229071, 0.7557364871519092, 0.6564457625311773, 0.6958241452719243, 0.6272204233650082, 0.7509255050948036, 0.7105602504310452, 0.8895801695092074, 0.6744398976715026, 0.705691783066711, 0.6118044649285546, 0.6715013663164379, 0.6068410218868884, 0.627174269218024, 0.6689309547422224, 0.6356754979724326, 0.6369220976803038, 0.6223686695783472, 0.6162368223854471, 0.6114777248712262, 0.6144024087779797, 0.6152999966876266, 0.6189837248408627, 0.6235997811187511, 0.6121627551395805, 0.6006959541683571, 0.5985571149412153, 0.5939243800529547, 0.6115597338696422, 0.605892792030952, 0.5997899045633859, 0.598131774326459, 0.6053273399757688, 0.600155579017852, 0.6051343646940798, 0.6017600401862, 0.5959970299037853, 0.5975738003623388, 0.5981039547988897, 0.5856386210406423, 0.599831390948106, 0.6042806768591036, 0.6073437160234604, 0.6006827371203352, 0.5752200279607013, 0.5894567039735551, 0.5945022103499484, 0.5955721033864309, 0.598284890587391, 0.5972311516605785, 0.5945102246382118, 0.5937381031350878, 0.5896234604891528, 0.5936662838136574, 0.5942673188095626, 0.5941392551150949, 0.5954911565950302, 0.5973520822327592, 0.5946361537257623, 0.594104526064378, 0.5938085435472659, 0.5929793898040384, 0.5939189000646913, 0.5935764739918746, 0.5925466358370497, 0.5934497404204372, 0.5942189161280982, 0.5935140699419916, 0.5951516808835239, 0.5942046442657009, 0.5922465026476161, 0.5937685361007933, 0.5941620129778811, 0.5936604807617695, 0.5934597298573866, 0.5933467126869317], "mse": [0.6210762091462285, 0.5844130472287941, 0.5067191955160553, 0.5488843385575994, 0.5651860000134966, 0.4906803182380869, 0.4611135191982956, 0.4854704170131901, 0.47345157365500046, 0.44534553844042657, 0.45475222803713433, 0.3911790328483144, 0.4299433092048903, 0.4178528582253218, 0.38817126238093796, 0.4830836893222095, 0.4033902033809427, 0.3948948260055443, 0.4058140772750382, 0.3689621687647635, 0.36832969926423126, 0.3730662107744365, 0.3824296889502531, 0.3725065178874868, 0.3684155620989574, 0.3626283806898513, 0.3628267091748072, 0.3626235833930387, 0.36046562775446306, 0.36059596384392123, 0.3588446575356639, 0.3600007513216279, 0.3587209046136075, 0.35850797843277105, 0.3585797972115261, 0.3564380566687358, 0.3547456957139, 0.35412984541193393, 0.3536798130849929, 0.353316475408759, 0.3518483724066949, 0.35173600218446693, 0.35027025976891546, 0.3500715174061495, 0.3492514586084437, 0.3505752446372794, 0.34988635750753166, 0.34971174334587035, 0.3468450875537984, 0.3480444075157013, 0.34716643698766114, 0.34752096724127923, 0.35100887342198656, 0.3467413211545833, 0.34653672218528503, 0.3450175856586224, 0.3457794855887339, 0.3457254644908873, 0.3454903224721197, 0.3452106414585434, 0.3457470258890223, 0.3450386121299108, 0.34520004167378654, 0.3450715618542456, 0.3453799122692721, 0.34458841936159135, 0.34456738160947303, 0.3451814766233257, 0.34448874304454113, 0.3453252323247019, 0.34524816536114966, 0.3457176153017675, 0.3445485511517498, 0.34504943940588056, 0.3446877496721827, 0.3448145006805271, 0.34525389073263324, 0.3449462337113389, 0.3450276350020066, 0.344988489425634, 0.3446549353780914, 0.3452948080637773, 0.3444811997983985, 0.3454488334044976],