{"bestEpoch": 48, "lastEpoch": 58, "mae": [], "medianabsoluteerror": [], "mape": [], "mse": [], "recauc": [], "f1": [0.40783580767183053, 0.44229949259895135, 0.5061727420326516, 0.4888130278371729, 0.5447771482426768, 0.553660100468484, 0.5463852652087244, 0.5498583592164545, 0.5880135531576307, 0.5458211762003057, 0.5433084943777923, 0.607245832900749, 0.5906552316817767, 0.637537603143649, 0.41177637084028135, 0.6013266643606355, 0.5204351963129535, 0.6311805096324035, 0.6087171383332358, 0.49391856915365395, 0.682287716190001, 0.6840375718278807, 0.5621428255318089, 0.5342589094708697, 0.7136987390474971, 0.31358907915759626, 0.5420138713771363, 0.6858917788621894, 0.6577276434656704, 0.7404455957963701, 0.7486757740309721, 0.7643221038921433, 0.7753264198766218, 0.7613527089165365, 0.7701907626962885, 0.7715469613490376, 0.7563705271955854, 0.7544357046601838, 0.7474386789801457, 0.7714143893771528, 0.7729289407737174, 0.7583720387703364, 0.7641127374291395, 0.7260628199410158, 0.7780424872894489, 0.7831779107595319, 0.778957893290536, 0.7844173387676655, 0.7827994770292848, 0.7808446211840291, 0.7790613630249851, 0.7824084706392785, 0.7844914761553048, 0.784508025545904, 0.7850626483937524, 0.7855608009847908, 0.7861025248487444, 0.7858547351258408], "f1auc": 0.8467898422972119, "convergence_rate": 0.7451101277626725}