{"bestEpoch": 48, "lastEpoch": 58, "mae": [], "medianabsoluteerror": [], "mape": [], "mse": [], "recauc": [], "f1": [0.018597786628778798, 0.014932255243374486, 0.010863239348451166, 0.011599556748225734, 0.009074027017996944, 0.014045226664691162, 0.010634953149403251, 0.008294168269313236, 0.011195262109706224, 0.005420718462527404, 0.007164297996353323, 0.004135615972303743, 0.0074075171947855355, 0.0072179538154330996, 0.004947096657110162, 0.004623167364709892, 0.004898675389526804, 0.004373314991408627, 0.006963268249968649, 0.007225209953720116, 0.0061746202932576105, 0.006620131697513101, 0.004892596023127831, 0.004959929679129065, 0.006657564530356429, 0.0061312094115820925, 0.00516336722630339, 0.007100917432879259, 0.0058402088108166, 0.0050666355801404815, 0.009779322662582704, 0.006964987414332598, 0.007333482082247825, 0.010346983148450672, 0.00991956255564951, 0.00892660205638571, 0.009651681071266599, 0.005508458241288155, 0.005805686349502702, 0.01396355662368776, 0.010153870416041781, 0.010482707738665498, 0.012160734686388772, 0.011447620722474081, 0.011539154063520532, 0.0109697337160013, 0.010474574501456184, 0.01055359678126096, 0.010658772514694546, 0.010671680402725581, 0.010653649266305543, 0.010719368570371956, 0.010685097437701857, 0.01082032257459877, 0.01073867999665765, 0.010713532441201589, 0.01080948311465241, 0.01080673843555251], "f1auc": 0.47239904532177807, "convergence_rate": 0.32152577829992574}