{"bestEpoch": 47, "lastEpoch": 57, "mae": [], "medianabsoluteerror": [], "mape": [], "mse": [], "recauc": [], "f1": [0.41882154349914713, 0.4431614822846343, 0.447545330857997, 0.50556897978005, 0.48424849785042134, 0.48631858211391826, 0.5317348678764503, 0.5391616593245336, 0.5992097771612165, 0.5726835189759888, 0.6535924548120451, 0.57735093574751, 0.6333141942503274, 0.666216444807166, 0.4866040368035151, 0.7317505536677508, 0.5060159431503463, 0.7235787140010397, 0.7092737250632315, 0.6603714161683429, 0.6643939245924307, 0.7567353434891613, 0.6432530968743957, 0.6961583081655373, 0.8039000968365404, 0.6163947145124483, 0.48940788789737544, 0.5277661234521779, 0.670568312996956, 0.8308086420258748, 0.8528938265316529, 0.8572307982613667, 0.8367225960757937, 0.6981141258064665, 0.8580984200377739, 0.6698805072958213, 0.8652170608453761, 0.8610940676730927, 0.8664045476542818, 0.8624889823684773, 0.8639915814614896, 0.8648292505302583, 0.865043708611297, 0.8629157621327485, 0.8639352942260681, 0.8620181129059268, 0.8638969866130393, 0.8662285990432134, 0.8637565072233432, 0.8669572286807314, 0.8631772172627342, 0.8654470838463929, 0.8638535581173277, 0.8651458869869947, 0.8653500084292367, 0.8651198182320337, 0.8657406029073221], "f1auc": 0.8312978104923155, "convergence_rate": 0.6736310284491399}