{"bestEpoch": 52, "lastEpoch": 62, "mae": [], "medianabsoluteerror": [], "mape": [], "mse": [], "recauc": [], "f1": [0.2658390619315038, 0.4900208975569169, 0.4911904174849919, 0.4403465895043238, 0.5203879419462243, 0.5345208081202508, 0.49777024110825235, 0.505281935254135, 0.5425248299249101, 0.5850205572071074, 0.5629839573149205, 0.3819321411908271, 0.5739483089425174, 0.7397847007612561, 0.6511313333932967, 0.6034399261624782, 0.662008556254107, 0.7551381392249908, 0.41593576213380723, 0.7195577658634863, 0.7848715394957012, 0.558173672314645, 0.6466640265934824, 0.7442273287826457, 0.67029741018132, 0.8687790192723561, 0.8803673652698529, 0.8631723700464724, 0.8855100989216217, 0.874075997939423, 0.7885623489303082, 0.8372251718435979, 0.8499925408475653, 0.887139794213152, 0.8930562432247653, 0.8909785631997876, 0.8824297511458583, 0.8795188623896569, 0.8885085996583443, 0.8870676545256344, 0.8907957271832623, 0.8910051498187315, 0.8909452792968875, 0.8885226120546199, 0.8926262269139283, 0.8925128136986391, 0.8930786386226212, 0.8922393739985784, 0.8917160680186964, 0.8948993532108843, 0.8931128095665818, 0.8914201897943744, 0.8917197807348295, 0.8868854105750247, 0.889898686571014, 0.8910781502108108, 0.8899045748268086, 0.8906599827093095, 0.8910826744745698, 0.8926722904987092, 0.8915003696952271, 0.8920904341827162], "f1auc": 0.8505541902576707, "convergence_rate": 0.7873988227638885}