{"bestEpoch": 50, "lastEpoch": 60, "mae": [0.4725439620471376, 0.4276926960706136, 0.42846240064171737, 0.44436613016443793, 0.407725613148905, 0.406099215196798, 0.40895886230797357, 0.41035465838569324, 0.4344442578720039, 0.4031342110384542, 0.4072684318144151, 0.4119825018189851, 0.4065397511110859, 0.41900395718428846, 0.39700221609145603, 0.40740007681690843, 0.40065696112939536, 0.40209146327573403, 0.405732059416761, 0.38405243344206036, 0.3814298030264559, 0.38233009179894495, 0.38034090904080853, 0.3844548846259101, 0.3793188372775445, 0.3809112712663929, 0.38608363112158, 0.3801092862359079, 0.37991568902389694, 0.3867036709626161, 0.3815955507536757, 0.38610011203879224, 0.3801955308693135, 0.38053141434344057, 0.3765091873182322, 0.38175385692971237, 0.3794245641242863, 0.3761905589261237, 0.37506007174112616, 0.3762780376249798, 0.3774755745753355, 0.37733006933639646, 0.37533838444884765, 0.3755680674731742, 0.3753862664706617, 0.37536753513068893, 0.37567740617209766, 0.37508996625223895, 0.3752848369906503, 0.37497386659598086, 0.37455791442213, 0.3748565833221038, 0.3744714869278156, 0.37553909285798986, 0.3753461682884002, 0.37558008597768683, 0.3748786721464056, 0.3751685596667897, 0.3755287472832731, 0.3750356415580562], "medianabsoluteerror": [0.39139119625091556, 0.34855732917785653, 0.3537748456001282, 0.3700350284576416, 0.3240572452545165, 0.318894076347351, 0.3214622974395751, 0.32753562927246094, 0.3681660532951355, 0.3173475384712219, 0.3239331722259522, 0.33928941011428837, 0.31452614068984985, 0.34820466041564946, 0.31492857694625853, 0.33332679271698, 0.31868540048599237, 0.3234664964675902, 0.33378383398056033, 0.30207642555236813, 0.2965746402740479, 0.2977301359176636, 0.29561828374862664, 0.30450832843780506, 0.2955694079399108, 0.29891238212585447, 0.3096459627151489, 0.2994875884056091, 0.2990644454956055, 0.3093210935592652, 0.30481423377990724, 0.31000574827194216, 0.29988071918487547, 0.3036759042739867, 0.29569789171218874, 0.3062117505073547, 0.2993221759796143, 0.29675999879837034, 0.2951319456100464, 0.29798069000244154, 0.29994451999664307, 0.30012910366058354, 0.29584376811981195, 0.2958778357505799, 0.2955670738220215, 0.2967446327209473, 0.297144651412964, 0.29542260169982915, 0.29557077884674055, 0.2957778811454772, 0.29503892660140985, 0.29553399085998544, 0.29481832981109624, 0.29616277217864995, 0.2963505983352661, 0.2963607788085938, 0.2967556953430175, 0.2965823888778685, 0.297529697418213, 0.29635439634323124], "mape": [0.27324383075331, 0.23406528496032145, 0.23633169643386961, 0.25005201221595647, 0.21748334474695277, 0.21390511099817558, 0.21461059553717457, 0.22703573534707563, 0.24702135350564233, 0.2065638136797935, 0.22074158462057517, 0.2264803748868733, 0.20940348086330046, 0.2301215877979442, 0.21059907258767419, 0.22101765528661724, 0.20834550448315003, 0.22164088506509338, 0.22498635358551142, 0.20285032377622458, 0.19972939993681443, 0.20064454570052337, 0.19972118935982427, 0.2054858355890163, 0.19932379466840994, 0.19910287853856545, 0.20756587046547975, 0.20178100304201158, 0.2003587124719911, 0.20995676807880473, 0.20646617701628736, 0.21152096498344236, 0.2026465836747739, 0.20281243659393758, 0.197893001993891, 0.20803924362280143, 0.20177458190943265, 0.19981870073481275, 0.19832766681204972, 0.19950155335924788, 0.20154715068270795, 0.20226714832735235, 0.1986290428067717, 0.19878819396508432, 0.19779931734549205, 0.19988213376326017, 0.19924094372696988, 0.1993276522408219, 0.19920652619896903, 0.1990640336860748, 0.19826881120811568, 0.19852117609613154, 0.19877151384548936, 0.19900852452633738, 0.19891226511537538, 0.19946393834692105, 0.19899462008709976, 0.19912288723341082, 0.19927356689289036, 0.1989814535608991], "mse": [0.36572606601219565, 0.30939963067011805, 0.30617980206056167, 0.32212252288088883, 0.29015250249026897, 0.29052834184861914, 0.29277582084495984, 0.2912538806206958, 0.3033520941027429, 0.2886801428672838, 0.2870077644522791, 0.2839238163498891, 0.29672686876649185, 0.28779159391077364, 0.27455810150477916, 0.27937540521439796, 0.27993204313566195, 0.2761082416719961, 0.2747130889905323, 0.26113962070152325, 0.2605804225940282, 0.2607808465698461, 0.25913700656527583, 0.2583795885799099, 0.2563946280358856, 0.25725992492791727, 0.256320919409201, 0.25515545450679117, 0.25608902466191336, 0.2565600674716442, 0.2537630228737347, 0.2558517087364585, 0.2531653942959675, 0.25153600642923285, 0.25142713618418316, 0.25188515544614304, 0.25290479383567854, 0.24915006225864053, 0.24800262614737262, 0.24831140967025173, 0.24816501335503785, 0.24788340317105234, 0.24837265760047758, 0.2485376461128087, 0.2489812843823212, 0.2478326690108227, 0.24854202173658885, 0.24751735652140416, 0.24807171084948773, 0.24772562296627185, 0.24773064084450688, 0.2478509806958125, 0.2473881007472123, 0.24843361416078893, 0.24813332704674343, 0.2480100912070612, 0.24748637978725335, 0.24817445997417234, 0.2480232937779958, 0.24772912232855254], "recauc": [0.8900950139098518, 0.9005266397098783, 0.9003477511712004, 0.8966487530869148, 0.905170582549332, 0.9055494937395905, 0.9048839339870572, 0.904559431929798, 0.898956295421836, 0.9062386474754466, 0.9052770893214114, 0.9041805467054272, 0.9054464658665433, 0.9025482902026797, 0.9076655710376261, 0.9052486413068418, 0.9068167318618175, 0.9064833849753506, 0.9056374963722476, 0.910679892117057, 0.9112910098817943, 0.9110809993720325, 0.911543453951177, 0.9105869591452384, 0.911781378850021, 0.9114111148302741, 0.9102081210833982, 0.9115980284179915, 0.9116430824126032, 0.9100650522218089, 0.9112523869486691, 0.9102051328866514, 0.9115779986501894, 0.9115001370214593, 0.9124358781942372, 0.9112163637838074, 0.911758001602373, 0.9125101681886217, 0.9127734172467732, 0.912489980505829, 0.9122113765994886, 0.9122453103052665, 0.9127089985290334, 0.9126554017573772, 0.9126973679310199, 0.9127020105257527, 0.9126296118018397, 0.9127660773792188, 0.9127211744106885, 0.912793610758643, 0.9128899139966982, 0.9128207339830248, 0.9129101419531126, 0.912662961010187, 0.9127065333594527, 0.9126528406729868, 0.9128158195413454, 0.9127488916709906, 0.9126643356124854, 0.9127793395888273], "f1": [], "aucrecauc": 0.9961482131289777, "aucloss": 0.2645417686508938, "convergence_rate": 0.8459119114883926}