{"bestEpoch": 35, "lastEpoch": 45, "mae": [1353.4103378882305, 1026.9899004017939, 816.3179999840422, 637.9212345308449, 617.1497703022292, 536.2619249609538, 443.2845340095255, 408.89851729912505, 348.69408119149654, 332.6099505132928, 288.8210063948067, 263.19631131730324, 241.55075492989354, 209.89257918566204, 197.03432191566898, 177.41210005459257, 162.34022321035417, 157.70368042260418, 142.3447275871065, 135.80401518495253, 133.62822652107522, 131.62577661507754, 121.40863555498728, 116.95833728725925, 114.81344859703589, 106.66543423828819, 108.60598753314352, 103.1888179544942, 99.15973377228936, 99.74132582220834, 102.6749871533044, 91.8926274191956, 92.81496008365973, 91.63667306448727, 78.32394183572569, 80.69656296697107, 84.3403278145463, 81.95356497403934, 76.5369077272882, 77.6804173668449, 78.29418293791089, 78.46813101719906, 78.25044367957523, 79.46664586481134, 79.90971704519099], "medianabsoluteerror": [1187.3127744863282, 903.5416868945313, 720.3990477890625, 560.3506467929687, 550.8193972070312, 482.60900925781243, 396.4152219335938, 366.19360374999997, 312.0266109218751, 303.64611857812497, 260.99365192968753, 241.29101557031254, 222.00683599218746, 193.88818324218755, 184.82092273437502, 166.87133835937493, 153.11914068750002, 150.23767042968757, 135.01318324218755, 129.29565406250003, 127.68786580468759, 125.7468265859377, 114.85803239843744, 110.41015642187494, 109.79406785156243, 98.72045921874997, 102.41027837499996, 97.80822771093744, 93.33325189062498, 93.87487810156244, 97.75830113281245, 86.92785691406243, 88.69079624999995, 86.35095256249997, 72.74511765624993, 74.90539503906257, 80.48242199218748, 76.40954624999995, 71.94274896093748, 72.92932146093744, 73.16906708593751, 73.15747053125006, 72.76989734375002, 74.50012230468747, 75.12561070312495], "mape": [0.8212937194062191, 0.6197490878116715, 0.48965657952581443, 0.3787607039411899, 0.37044724397929424, 0.32140719087196346, 0.2631118126269411, 0.24370558716803017, 0.20671906478663427, 0.19838494206764176, 0.17165196207122446, 0.1566532484085962, 0.1439430794502406, 0.12470065947855848, 0.11756554155125144, 0.10573352877021935, 0.09702914433919631, 0.09456068380592345, 0.08543297869044163, 0.08167996756284629, 0.08071057454353221, 0.07968095380012279, 0.07350852711279637, 0.07099845082600982, 0.07021619529392792, 0.06497575160102527, 0.06637686927236736, 0.06330159188822372, 0.06103478461469757, 0.06141388941078827, 0.06321045383284184, 0.057050954918483734, 0.05776501457738372, 0.05687823951225007, 0.04933837936657112, 0.05062265303490122, 0.05302280722304645, 0.051399491018855416, 0.048497011422719755, 0.04915211763058527, 0.04947160236974639, 0.04952015000231244, 0.04933992860711999, 0.0501259981244781, 0.05037608641192027], "mse": [2028914.9076422476, 1180499.0679367501, 755006.276231449, 471692.42596535274, 430747.5855925279, 326390.27600224165, 228042.87206813664, 192562.46256566414, 141959.9912080168, 127872.89210302086, 97606.78486897079, 81285.2860778696, 68697.79491806209, 52888.63094294126, 46606.857547892265, 38431.321876134934, 32432.605523757342, 30627.129434268303, 25413.20508347294, 23226.856654500538, 22420.711496809334, 21712.566899098554, 18778.23532574505, 17562.33155295101, 16763.050397734194, 14857.612606532779, 15221.787320320129, 13845.992686684232, 12880.034213616183, 12996.521514597576, 13566.419093693386, 11155.252814897614, 11329.088200864813, 11128.34986127607, 8442.209321318041, 8898.214394050268, 9527.674050342226, 9093.513743213764, 8075.842483119072, 8321.054919933656, 8422.94908942441, 8473.379191850065, 8443.26054976358, 8642.76440081772, 8716.92926993417], "recauc": [0.3240457082745312, 0.4759728269123208, 0.5834709248702649, 0.6744971534190456, 0.6850962577739256, 0.7263693332296193, 0.7738113218729281, 0.7913577283654292, 0.8220774521896633, 0.8302835468732058, 0.8526272627262727, 0.8657029702970297, 0.8767478673793305, 0.8929008900890089, 0.8994609831353506, 0.9094748437806743, 0.9171649164916492, 0.9195310790338294, 0.92736789234479, 0.9307051149559401, 0.9318157149048237, 0.9328374763402266, 0.9380508273049528, 0.9403213062046946, 0.9414158749208255, 0.9455735351312909, 0.9445830953465717, 0.9473472828764358, 0.949403992251077, 0.9491070144051442, 0.9476097683842458, 0.9531118889666744, 0.9526400491901043, 0.953241650090935, 0.9600345664196049, 0.9588230674919344, 0.9569645112659414, 0.9581827367921978, 0.9609459168139036, 0.9603632511399287, 0.9600500642656857, 0.9599613739151692, 0.9600721998125739, 0.9594517822152585, 0.9592256855315161], "f1": [], "aucrecauc": 0.9180860311671376, "aucloss": 128894.66039058576, "convergence_rate": 0.8789285243372247}