{"bestEpoch": 60, "lastEpoch": 70, "mae": [0.4619624680275443, 0.4529471880138822, 0.45061068087279077, 0.4141946352582986, 0.414716667283026, 0.4114406795708752, 0.4120948006585566, 0.40969542104458606, 0.40452868016623794, 0.4110342285097868, 0.42378848383173545, 0.40781960854162896, 0.39850273005704445, 0.4107164144201328, 0.3920252704417947, 0.40445396358372593, 0.40124311644260696, 0.38488948693436675, 0.3844097726088068, 0.38426484571707664, 0.3798226342070709, 0.3824866103311722, 0.39154567208447466, 0.3838781329573299, 0.38110809098491905, 0.37773921416616096, 0.3809595549014437, 0.3763461871874573, 0.37613676922641615, 0.37951786483213573, 0.3769225166998271, 0.37757503675718246, 0.3746135713001744, 0.37794332614351267, 0.37592399723015185, 0.37686466729842205, 0.3737547539710446, 0.3750440077948799, 0.3750850756085, 0.3766603599879092, 0.3747301560565013, 0.37528217379936823, 0.3751645204000202, 0.3733552631480297, 0.37553352706771337, 0.3741450068546812, 0.3754063511625521, 0.373879786291684, 0.3751073138957761, 0.3751662216703748, 0.3736785350007748, 0.3743735600978247, 0.3745457116100306, 0.3745688310568668, 0.37479512429362816, 0.3745972965502574, 0.3741491226594987, 0.3747926782632292, 0.37478713519927764, 0.3740547576789157, 0.37513615552504787, 0.375196714751436, 0.3741547389694451, 0.3747138664207684, 0.3746415639205671, 0.3744841261378218, 0.3753926386362067, 0.37441489587022964, 0.3749548879278103, 0.37409563229996334], "medianabsoluteerror": [0.37940502166748047, 0.37728646993637094, 0.38102757930755615, 0.3246148467063905, 0.3185829520225525, 0.33189996480941775, 0.33596584796905515, 0.3312408351898194, 0.31242984533309937, 0.31332869529724117, 0.35321059226989737, 0.32684149742126467, 0.31709088563919063, 0.3329500198364258, 0.3028036451339722, 0.325584819316864, 0.3132039022445678, 0.3060866045951842, 0.3048281145095826, 0.30288480520248406, 0.29602893590927115, 0.3021878814697265, 0.3164276838302613, 0.30748100280761714, 0.30184174776077266, 0.2954104185104369, 0.302777636051178, 0.2920724868774415, 0.29234690666198737, 0.2996937417984009, 0.2982182502746582, 0.29881495237350464, 0.292697548866272, 0.29960127115249635, 0.295348584651947, 0.29924206733703596, 0.29141634702682484, 0.29471844673156755, 0.29630635976791386, 0.298341977596283, 0.29393651962280276, 0.29600052833557133, 0.2954186797142029, 0.2899991512298584, 0.2956588625907899, 0.29537470340728755, 0.29555678367614735, 0.29525990486145015, 0.29644260883331297, 0.29613226652145386, 0.29381325244903567, 0.29539115428924556, 0.29450755119323735, 0.29532663822174077, 0.29579246044158936, 0.2946413040161131, 0.29424901008605975, 0.2951785206794739, 0.2952378129959108, 0.2951633095741272, 0.2956725001335144, 0.2957124829292299, 0.29432133436203, 0.29542520046234144, 0.2958768939971923, 0.2951472163200378, 0.2964464902877808, 0.2950740098953246, 0.2960485458374025, 0.293753538131714], "mape": [0.25863009578593205, 0.25638070591122153, 0.24965153024784217, 0.21178142655077897, 0.20954156103205288, 0.22118924966656242, 0.224860840926093, 0.21910551556346344, 0.2074608894298134, 0.2030984930107946, 0.23583234768674952, 0.22321336807975115, 0.21555126315492426, 0.22858198606306734, 0.20085461116203887, 0.2216453466904861, 0.20450901680905337, 0.20692249361877948, 0.2057223416536616, 0.20314676358729372, 0.19854601396154353, 0.20125714150215426, 0.21331956945661845, 0.208394881163688, 0.20603375079424266, 0.2008721530431418, 0.20318851609612637, 0.19699973565483694, 0.1964728953664507, 0.20176496953565756, 0.20109648060893456, 0.20237735447686597, 0.19839244748210594, 0.201733962869451, 0.20029368684611695, 0.20153489840740918, 0.19703388411959855, 0.19872289167131138, 0.19926015800619676, 0.20101651119883132, 0.1995545881051762, 0.19890785780290157, 0.19912770096305324, 0.19619844107286596, 0.19969225330660048, 0.19872557002481797, 0.20030566269685574, 0.1987582841005838, 0.19971987107577563, 0.20013961678432254, 0.19837205766748436, 0.19941840218490367, 0.19948997779321723, 0.1995029767436551, 0.19963498663210189, 0.1994616023577945, 0.1991953991836275, 0.19953378878639177, 0.1994729703284587, 0.19917560811563198, 0.1997625300520684, 0.19970488550222226, 0.1992406787336759, 0.19964832233070387, 0.1993957063484222, 0.19935742872365836, 0.1999205530740833, 0.19927745065978159, 0.19958564082386696, 0.1991746785865713], "mse": [0.3565608757801766, 0.336916067440291, 0.32765057014900856, 0.30543471460163774, 0.3128697079980238, 0.2904114530351828, 0.2870771829973365, 0.2876077963788133, 0.2947840684368656, 0.30820568934392567, 0.2939107382524345, 0.2847163323775901, 0.2767813700600407, 0.28600611708015317, 0.2777256644849386, 0.28002999426979797, 0.2880988124689779, 0.25919157917107355, 0.25897859868457435, 0.261288730270821, 0.25877568389943606, 0.25711686026987024, 0.2602169860739367, 0.25466287841508695, 0.25417182768813296, 0.2530412335675771, 0.25385041652873336, 0.2546316116358248, 0.2531382969584867, 0.25344034021316225, 0.24984717975632892, 0.24907506735849602, 0.2496665994544092, 0.2494901943919581, 0.24929143076302815, 0.24826731499359095, 0.24869538608657196, 0.2485564338914784, 0.24819048865547277, 0.24846258129197993, 0.24856363813148788, 0.24824328735465673, 0.24832994026321653, 0.25058359818782927, 0.2485993132381301, 0.24721335499402347, 0.24771195909472282, 0.2469316275557574, 0.24759117510872722, 0.24698895310155233, 0.24681514935792073, 0.2470450356828513, 0.24742543954055346, 0.24724867172095877, 0.24732041134921032, 0.24755190870524466, 0.24699904803731088, 0.247481244653768, 0.24751172140412575, 0.24688870946303618, 0.2477145371072339, 0.24791085119081505, 0.24703001825350107, 0.24770626833869483, 0.24761138247708422, 0.24729004468592172, 0.24772421637576336, 0.24742056899631967, 0.24784680056400205, 0.246879877584827], "recauc": [0.8925580256724328, 0.8946540037836601, 0.8951973924449375, 0.9036671926274481, 0.9035476939029582, 0.9043087053184145, 0.9041548849895799, 0.9047134387890913, 0.9059148613348046, 0.9044026440709435, 0.9014353684107338, 0.9051493027095088, 0.9073172121586708, 0.904476566303572, 0.9088232622592513, 0.9059323623430972, 0.9066808391237157, 0.9104834776640311, 0.9105953980587327, 0.9106289799002367, 0.9116625313923873, 0.9110426217900498, 0.908935409458033, 0.9107186554779423, 0.9113623890471791, 0.9121477130121559, 0.9113976581414659, 0.9124707254753284, 0.9125193760103406, 0.9117333790519488, 0.9123371219746704, 0.9121843885037056, 0.9128737934197811, 0.91210046569491, 0.9125691319502854, 0.9123510248528138, 0.9130733672324461, 0.9127739317952821, 0.9127649030851964, 0.9123980729216155, 0.9128471354617129, 0.9127180510853427, 0.9127455547894664, 0.9131676414218507, 0.9126607205250219, 0.912983482867807, 0.9126896995154986, 0.9130449743291486, 0.9127594470692885, 0.912745021693895, 0.9130918644829598, 0.9129298627798433, 0.9128901010570728, 0.9128847149900867, 0.9128312517572813, 0.9128780475860311, 0.9129824262151534, 0.9128326719323621, 0.9128337137473657, 0.9130045046385017, 0.9127523514930442, 0.9127383691274896, 0.912980925492829, 0.9128515899362392, 0.9128685493703032, 0.9129044130304261, 0.9126928196613481, 0.9129200974864135, 0.9127952206436785, 0.9129946672764856], "f1": [], "aucrecauc": 0.9968057448419613, "aucloss": 0.26149700363785466, "convergence_rate": 0.858515239600187}