{"bestEpoch": 2, "lastEpoch": 12, "mae": [], "medianabsoluteerror": [], "mape": [], "mse": [], "recauc": [], "f1": [0.1465216658389069, 0.2031359848894571, 0.19941956119345142, 0.19547299324988904, 0.19496049487996325, 0.19389680837898085, 0.19534421314440323, 0.19317335784300563, 0.19493652220585136, 0.19387425369807373, 0.1945514918511998, 0.19434108489539204], "f1auc": 0.9528758230422456, "convergence_rate": 0.8309152832895295}