{"bestEpoch": 28, "lastEpoch": 38, "mae": [], "medianabsoluteerror": [], "mape": [], "mse": [], "recauc": [], "f1": [0.2304763572286386, 0.23464421019161194, 0.21697725956303124, 0.23297353545165897, 0.22701361896390027, 0.22565754089894852, 0.2314309160640925, 0.19760165703913582, 0.1840111243379273, 0.2413832069470606, 0.21819244595645854, 0.22544409888808525, 0.22462926393704155, 0.22740984519035387, 0.2168417126127951, 0.2223761372640911, 0.2331958548424957, 0.24055650271512524, 0.2444041904725016, 0.2315078456394878, 0.20720098951779728, 0.23605812868848045, 0.23580941646616482, 0.23613500110113872, 0.22363830102402363, 0.22369701818769003, 0.23486843533755414, 0.22967585758827994, 0.23482239189109066, 0.23803363510133657, 0.2317318184255109, 0.23956404928175962, 0.24000976971450602, 0.23418672756327172, 0.23859671955327047, 0.23264147775486507, 0.23565579422720803, 0.2333560075930534], "f1auc": 0.9355893771877024, "convergence_rate": 0.7393371932600558}