{"bestEpoch": 33, "lastEpoch": 43, "mae": [1.015152088259138, 0.8746483564044168, 0.8332482964127708, 0.6955337366147056, 0.8154148444921808, 0.7030404958712444, 0.5741430758735352, 0.5686277998093066, 0.548042945096821, 0.49837908801702785, 0.4990304176329356, 0.4932918404914177, 0.47652143784135237, 0.4965122391035813, 0.49381255392072165, 0.520914959638928, 0.4766559803633436, 0.4708057119616804, 0.47563781618508744, 0.46928540723572487, 0.47524465330335885, 0.4676867663831023, 0.47439915169131325, 0.46838357121089674, 0.4688729593425439, 0.46963095031536956, 0.4674951944316893, 0.46724498698115813, 0.46753525975279053, 0.46618233853277735, 0.46652560638612145, 0.46603961554838896, 0.4660433136242819, 0.466835085961577, 0.46668761212868, 0.46664912155462557, 0.46646034327953806, 0.4666048729704412, 0.4665619234539259, 0.46650357755856386, 0.46646028118341615, 0.46644442680987913, 0.4664012725260548], "medianabsoluteerror": [0.9688448190689087, 0.8080849647521972, 0.7599591970443726, 0.6108497571945191, 0.745739405155182, 0.6159368085861205, 0.4856408190727235, 0.4836922883987427, 0.46697893142700186, 0.4208362102508545, 0.42420473575592055, 0.4191065669059755, 0.40102157592773446, 0.41927458047866817, 0.41381608486175536, 0.4426452875137329, 0.39647097587585445, 0.39483164548873895, 0.40051757143182387, 0.39304723739624015, 0.40052071809768686, 0.3927553987503052, 0.3976811170578003, 0.3933130502700807, 0.39361593723297106, 0.3943433165550232, 0.39114952087402344, 0.39098864793777466, 0.39155778884887704, 0.3904030919075012, 0.39080892801284794, 0.3894631862640381, 0.3894239902496338, 0.39045536518096924, 0.39031864643096936, 0.39061783552169793, 0.3904770970344543, 0.3909027457237243, 0.3907553195953368, 0.3905993103981018, 0.39054946899414045, 0.39033582210540774, 0.39047576189041133], "mape": [0.45749709494772967, 0.38760709338252924, 0.37358353653338483, 0.32279194836943437, 0.3558892820863778, 0.3131139142075196, 0.2793927906818387, 0.2771729507128368, 0.27913328983253366, 0.2585533736652996, 0.27514970138662836, 0.27453116949881123, 0.2648426774002145, 0.2557320802804386, 0.28694117436697525, 0.26961845113314786, 0.26171605960730554, 0.261824510841429, 0.26079926783516927, 0.2628047986887431, 0.26265465225209295, 0.25801584694388546, 0.25795873784250173, 0.25372296199553834, 0.2565128251383481, 0.26392391369946155, 0.2597067228491884, 0.2569807464095906, 0.25639974330847803, 0.25795504601360203, 0.25752462054294756, 0.25827068270869397, 0.2576874046140952, 0.2577135726443495, 0.2582179037860136, 0.25884466388132105, 0.25915669323783314, 0.2592100395592091, 0.2595189631142302, 0.2593566568924703, 0.25930921718499456, 0.2593560086581051, 0.2591643173919655], "mse": [1.410422962066366, 1.0979936732469748, 1.0092668104006357, 0.7377559553490961, 0.9781615579406843, 0.7620763152738749, 0.5239457983369298, 0.5120546859527095, 0.47289032584307644, 0.3986737065832095, 0.3946681582342644, 0.38414272711050246, 0.3634802736735136, 0.3939707501636878, 0.38770571739085025, 0.430211517582015, 0.36810247254358514, 0.3559594090660983, 0.3625657110958796, 0.35412958751193885, 0.3616505501821714, 0.3520891950788664, 0.36205639041574794, 0.35383922791084815, 0.35328213499407307, 0.3539499094289023, 0.3517173856759272, 0.3519211024765613, 0.3518544267794032, 0.3501964338736542, 0.3507077897149671, 0.35031019608336117, 0.35017892335737266, 0.351237115047111, 0.3510007891735059, 0.3508278531000156, 0.35061495288936684, 0.3507048851159097, 0.3506684873551484, 0.3506359993326962, 0.35060171925618827, 0.35059743115727776, 0.3505663717482663], "recauc": [0.7639186304285974, 0.7965921311303696, 0.8062163942857767, 0.8382399963746957, 0.8103620814160599, 0.8364939578820754, 0.866470215967381, 0.8677527045443301, 0.8725396717324228, 0.884089142244732, 0.883937780196569, 0.8852722969935922, 0.889172310262267, 0.8845243427102237, 0.8851506521089988, 0.8788488885555081, 0.8891412391631262, 0.8905023370803868, 0.8893783596493683, 0.8908554720929258, 0.8894694818979589, 0.8912268807313948, 0.8896660712232896, 0.8910648122588529, 0.8909513211929053, 0.8907741156676814, 0.8912711668776135, 0.8913295371332735, 0.8912622409712464, 0.8915766581956825, 0.8914968676724399, 0.8916099199678775, 0.8916086428701366, 0.8914248573770098, 0.8914589013053312, 0.8914678335706913, 0.8915118282630689, 0.89147838208008, 0.8914881897667958, 0.8915018563023697, 0.891511723339686, 0.8915155101199579, 0.8915255838245433], "f1": [], "aucrecauc": 0.9848404836060461, "aucloss": 0.4504498266334742, "convergence_rate": 0.8941516423558178}