{"bestEpoch": 6, "lastEpoch": 16, "mae": [], "medianabsoluteerror": [], "mape": [], "mse": [], "recauc": [], "f1": [0.2240354701775564, 0.25733332816762855, 0.24055516424384843, 0.1976142377671989, 0.25909793823423255, 0.30308302773064205, 0.3284934091780065, 0.3030666183287457, 0.2953455837351743, 0.31133830590334854, 0.29633976268240897, 0.31684017913904367, 0.31149087003294706, 0.30958916547859655, 0.30973974969218837, 0.3051604023340684], "f1auc": 0.8735893742568726, "convergence_rate": 0.682722185974536}