{"bestEpoch": 107, "lastEpoch": 117, "mae": [4.9493824726266675, 3.891655324484131, 3.166675262467746, 2.6724492010743277, 2.338136310775154, 2.1844347845129937, 2.071560409727004, 1.9348299765746453, 1.8853322769097351, 1.8232721200860573, 1.8365155619073887, 1.778638593988078, 1.742892831543488, 1.7069038376340004, 1.677387346373855, 1.667720980228651, 1.6230815815001758, 1.618953261738007, 1.5964868624074084, 1.577056557200964, 1.5725382533508847, 1.5547812260889409, 1.540105312456493, 1.535435254682064, 1.5299087775467681, 1.522239324259177, 1.512479897344231, 1.5177566399903302, 1.5071010696102245, 1.499841124274622, 1.4942157966085738, 1.4955207917889164, 1.497703332744265, 1.4897214724534245, 1.486752625903926, 1.4879409745310002, 1.4837180781755257, 1.4763623914904214, 1.4745712825984345, 1.477076937857257, 1.4764885408922115, 1.4746519765246582, 1.4776575907814187, 1.4731721544809002, 1.4714753644581189, 1.472040010887939, 1.473922902597335, 1.475808865030402, 1.465375360634742, 1.469239394714077, 1.4662476641039974, 1.4653922938477981, 1.4701869447887905, 1.4664605361921985, 1.4613518503945675, 1.4676546797570682, 1.4675109993949036, 1.4657165126173595, 1.4703101357397164, 1.4632423101853065, 1.4717751842284996, 1.4663639718310513, 1.4713127056205146, 1.4648567371318482, 1.4699734666074955, 1.4671177238614708, 1.4683702571558617, 1.471678345418451, 1.470362236230307, 1.4666072522759068, 1.4693721791098218, 1.468650885056762, 1.4727940903704804, 1.4750194830498333, 1.4681951692331054, 1.471085956031786, 1.4752344501476864, 1.4703517088233669, 1.4709724373846909, 1.4718163117863572, 1.474142658420948, 1.4691070750498951, 1.4732121977196744, 1.468273535386173, 1.478575765687577, 1.4738452191814049, 1.4667883707287792, 1.4702394276632298, 1.4663111443653412, 1.4613562698549232, 1.4653521946158516, 1.4646907828842861, 1.4592942300630196, 1.457375697113786, 1.4643759161305518, 1.4669154168218834, 1.4644998925946808, 1.4516758369521672, 1.459224947129395, 1.4420361893256015, 1.458414590263076, 1.4378772858150464, 1.4379330071650376, 1.4193933637044784, 1.426401778845864, 1.4329770184283481, 1.4061114660733105, 1.4041202811084987, 1.4030734674498013, 1.3957123995604812, 1.4034312019336277, 1.4020684426269947, 1.4023310549165882, 1.403175391540714, 1.4029874040924557, 1.403392744727287, 1.403357041616682], "medianabsoluteerror": [4.178467035293579, 2.885627269744873, 2.1116719245910645, 1.6713571548461914, 1.3342652320861816, 1.2336575984954834, 1.1193652153015137, 1.036736011505127, 1.0095696449279785, 0.9607155323028564, 1.0236291885375977, 0.960660457611084, 0.9637913703918457, 0.9435691833496094, 0.928016185760498, 0.9140844345092773, 0.8818004131317139, 0.8907666206359863, 0.875246524810791, 0.8801014423370361, 0.8751988410949707, 0.8554658889770508, 0.8414292335510254, 0.8537540435791016, 0.8616533279418945, 0.8439993858337402, 0.846348762512207, 0.8471174240112305, 0.8464384078979492, 0.842745304107666, 0.8395061492919922, 0.8322353363037109, 0.8421473503112793, 0.8279829025268555, 0.8328366279602051, 0.8355224132537842, 0.8249926567077637, 0.8227992057800293, 0.8209137916564941, 0.8252372741699219, 0.8280715942382812, 0.8279638290405273, 0.8254563808441162, 0.8373336791992188, 0.8265380859375, 0.8285732269287109, 0.8470911979675293, 0.8335022926330566, 0.8290748596191406, 0.8310751914978027, 0.8377659320831299, 0.8308939933776855, 0.8334722518920898, 0.8316588401794434, 0.825984001159668, 0.8400802612304688, 0.842566967010498, 0.8391447067260742, 0.8387508392333984, 0.8423562049865723, 0.8463873863220215, 0.8391447067260742, 0.8447890281677246, 0.8388748168945312, 0.8546500205993652, 0.8546600341796875, 0.8405275344848633, 0.8490252494812012, 0.8393287658691406, 0.8466238975524902, 0.8424422740936279, 0.8581433296203613, 0.8622405529022217, 0.8618850708007812, 0.8461818695068359, 0.8656759262084961, 0.8594880104064941, 0.8516368865966797, 0.8551149368286133, 0.8664019107818604, 0.8625407218933105, 0.8587436676025391, 0.8676443099975586, 0.8509058952331543, 0.8597702980041504, 0.857879638671875, 0.8578128814697266, 0.8480091094970703, 0.854583740234375, 0.8672776222229004, 0.8633990287780762, 0.8531765937805176, 0.8516714572906494, 0.8496456146240234, 0.8472683429718018, 0.8504300117492676, 0.8528470993041992, 0.8455133438110352, 0.8638114929199219, 0.8411436080932617, 0.8484015464782715, 0.8335556983947754, 0.8459553718566895, 0.8271784782409668, 0.8380289077758789, 0.8442673683166504, 0.8133432865142822, 0.8222155570983887, 0.804377555847168, 0.8140435218811035, 0.8146264553070068, 0.8199634552001953, 0.8195397853851318, 0.8219847679138184, 0.8199958801269531, 0.8210415840148926, 0.82391357421875], "mape": [0.94471072850663, 0.7468268619077262, 0.6204454439568394, 0.5341885254903942, 0.4705790101095365, 0.441359916746379, 0.4256959584466151, 0.39552302452277127, 0.38642742575545863, 0.37435275503572807, 0.3752775088107079, 0.36525718396412465, 0.35735454534052175, 0.3511471550334765, 0.34331769766426196, 0.34420966707462686, 0.33360173492056483, 0.33300070230926077, 0.32836490030484994, 0.3234292481704294, 0.32339015047146524, 0.32099619609962793, 0.31668926063579, 0.3163518319768063, 0.3153606873650836, 0.31230591458228973, 0.31083464455289134, 0.3134894364330039, 0.3099462589874438, 0.3091402093641902, 0.3069270997908336, 0.30756551847987285, 0.3091233366434299, 0.3066971285704325, 0.30649071727879906, 0.3063501342193852, 0.30531259553756684, 0.3030946311894344, 0.30348438367502717, 0.3040822946103346, 0.30351365781286105, 0.30321586734829253, 0.3049032140755311, 0.3029833248572066, 0.3027945657694642, 0.3025566379621847, 0.30227652518078707, 0.30386882555559996, 0.30122597409521645, 0.30223037054734975, 0.3019275651811937, 0.3011963630427582, 0.3032098594275144, 0.30204957367757834, 0.30035945823338994, 0.30257112939046965, 0.30228509822120536, 0.30167328073567024, 0.3033422458132262, 0.3012001853813339, 0.3029985882899258, 0.3015072440130995, 0.3029310522346981, 0.3011926308563462, 0.302201136005156, 0.3020849630061835, 0.3021632956704631, 0.3030395988271684, 0.30243273418933236, 0.3019215746071934, 0.30257825571780433, 0.3022985089709703, 0.30247202306626075, 0.3033622628649481, 0.30175915665789005, 0.30254779696338985, 0.30355781396882375, 0.302842074373225, 0.3021287959257533, 0.30251846778733965, 0.30317927038917225, 0.30195321345052334, 0.3028637480813703, 0.30196875828146463, 0.3048749789342953, 0.3034719798400371, 0.3026744456381214, 0.30333004069816516, 0.30254872179653525, 0.30006362371245504, 0.3004568540595092, 0.3015221077866772, 0.3005033028028108, 0.2995043587149205, 0.3016555376215554, 0.30141564533529785, 0.301579082545943, 0.29804045044441513, 0.2996319861400094, 0.29705497047030477, 0.3009501840493557, 0.2953249048965529, 0.2959575209783127, 0.2911455378974689, 0.29339526006447486, 0.2941037267183652, 0.289077147243987, 0.28802929263163946, 0.288488732460355, 0.2860897109078795, 0.2883291249674562, 0.28796969256182514, 0.28803157402244683, 0.28822855856017243, 0.2882186095883811, 0.28827216180535803, 0.2882634974964048],