{"bestEpoch": 43, "lastEpoch": 53, "mae": [0.7560366789178506, 0.7690547502338605, 0.7724782119658891, 0.6858265778184495, 0.6174906434099783, 0.5857699438706518, 0.5619718772694772, 0.5884634614351927, 0.5462640547671017, 0.524737304168611, 0.5371066293718063, 0.5073139144648435, 0.5179236913371094, 0.524584020973261, 0.5087020491706771, 0.500627144359437, 0.4759282577484811, 0.4979073204014703, 0.4968523555399627, 0.49657806362790063, 0.4709972637625142, 0.5001479058730526, 0.45874368138003185, 0.46893423725214683, 0.4463605868606355, 0.5217196156887473, 0.4882737715687779, 0.4705249143297185, 0.5235961690429173, 0.4743677575269027, 0.4545077232315283, 0.45246657832618487, 0.4545056066048076, 0.44480689271002394, 0.4400578813673739, 0.4409063743443891, 0.44292112616474794, 0.44258282223867973, 0.4416834359878212, 0.4374009872656951, 0.43584898696200897, 0.43591597712834135, 0.4361749839071477, 0.43692490749785917, 0.43816898091678114, 0.4386731405104024, 0.4388972605405493, 0.43859097464222513, 0.43890679549916284, 0.4389332225274573, 0.4389612089588801, 0.438801248415188, 0.4388452037805047], "medianabsoluteerror": [0.6137490463256836, 0.6570478224754334, 0.6778057146072387, 0.5359935069084167, 0.5437948846817018, 0.5115105783939361, 0.48522151470184327, 0.4757941722869873, 0.46427636861801147, 0.4583243012428284, 0.4666552495956421, 0.4314979195594788, 0.4367107725143432, 0.4644627737998963, 0.4401800322532653, 0.44193167448043824, 0.4060397148132324, 0.43487320899963383, 0.4365334033966064, 0.42928447961807253, 0.4025865268707275, 0.41861413955688476, 0.37313424348831176, 0.40165049791336066, 0.37799313783645627, 0.45332725644111627, 0.4148170804977417, 0.38662153720855713, 0.4255795478820801, 0.4096598088741303, 0.38685297369956967, 0.3853804540634155, 0.3700689625740051, 0.369807255268097, 0.36822673916816717, 0.37161920070648197, 0.37403117179870604, 0.3754706501960754, 0.36974713802337655, 0.3634058022499085, 0.36162251234054565, 0.36292962551116936, 0.3633880734443665, 0.36457517862319955, 0.3668516445159913, 0.3685994017124177, 0.3685652601718904, 0.3683661580085753, 0.3690418994426728, 0.36904645800590513, 0.3685033559799194, 0.36884485244750964, 0.3692530632019042], "mape": [1.064460256199317, 1.1627296830762144, 1.2068894483228843, 0.8562033058874804, 0.9976230018042339, 0.9514920124220266, 0.8500867741745318, 0.6816946046538851, 0.7864746874028918, 0.8278374591253064, 0.8485761039820126, 0.7807947740668737, 0.7762363461612538, 0.8703321826058217, 0.7893106900558098, 0.8440915453825255, 0.7769161684895732, 0.8074189556870466, 0.8283281873773324, 0.7183898714143504, 0.7379076665003487, 0.766569900172303, 0.6341667322800983, 0.758217304171795, 0.7265621520306801, 0.7949046896253139, 0.777755384553695, 0.6918730815470605, 0.6155140520397755, 0.7508600844264971, 0.6986756208256515, 0.7083160289900637, 0.6078858974102435, 0.6688198290542163, 0.6824858175806996, 0.6844842064153255, 0.6866782909361785, 0.7027773880765087, 0.6895003100598399, 0.6663747027086132, 0.6578137048894983, 0.662008731731778, 0.6621784201082437, 0.6612017060793235, 0.664893416206522, 0.6762029216126275, 0.6729477148212947, 0.6743625621386954, 0.6747040634469812, 0.6759496778128261, 0.6774460337102621, 0.6767614607031865, 0.6770206933626297], "mse": [0.9660409982296468, 0.9470847686553608, 0.9280935759252588, 0.8293916799233936, 0.5893980368281055, 0.5305663610196768, 0.5015506289052237, 0.5808623845698989, 0.4827331589274336, 0.4290221821144265, 0.44645128760372543, 0.40722326078342086, 0.4343486763780823, 0.42108064440400983, 0.4016194631106855, 0.3828391063899135, 0.35689811445760344, 0.3834747369119415, 0.37885139814916674, 0.3871348748580877, 0.3485320905112939, 0.40158993627608125, 0.3468524249814854, 0.34295346721979925, 0.3142948070916259, 0.42779213803856925, 0.38260106822906836, 0.3605108782155074, 0.45289796697907436, 0.35169695764484715, 0.3265299934556425, 0.32479312805144683, 0.3408526439412349, 0.32030769112227236, 0.3113528557239451, 0.311423909602279, 0.31394910578863816, 0.3116520821750974, 0.31319823816415526, 0.3093744318306947, 0.3079492086606505, 0.30727855597408926, 0.3074335001155087, 0.3085774030913573, 0.3097094540058774, 0.3090905934936968, 0.3096660780341345, 0.30890528871392064, 0.30926535651447706, 0.30931036608559376, 0.30927697490352585, 0.30898286277208187, 0.3091541312122265], "recauc": [0.8241828398337361, 0.8211488017898478, 0.8203471549460065, 0.8404967087614917, 0.856383128395922, 0.8637608314602474, 0.8692957756618374, 0.863135179694497, 0.8729491858518738, 0.8779557888082427, 0.8750790058396742, 0.8820082924395963, 0.8795404549176637, 0.8779915378640056, 0.8816853213754179, 0.883563288170198, 0.8893078433474864, 0.884196031402657, 0.884441474783324, 0.8845052666469857, 0.8904548078882417, 0.8836750155188144, 0.8933047834262837, 0.8909345013035538, 0.8961847627399671, 0.878657638223864, 0.8864366040702633, 0.8905646828169178, 0.8782211830165741, 0.8896709015028232, 0.8942899464833102, 0.894764743617385, 0.894290433656186, 0.8965461829864974, 0.8976507983774228, 0.8974532672214671, 0.8969849480651811, 0.8970635489504787, 0.8972726249405787, 0.8982685781660745, 0.8986296759997864, 0.898614130403776, 0.8985537901017887, 0.8983793692898937, 0.898089950480712, 0.8979728364473933, 0.8979205054225528, 0.897991799360831, 0.8979183493272124, 0.8979123171707556, 0.89790577135059, 0.8979429476807331, 0.8979328663035698], "f1": [], "aucrecauc": 0.9841773439454494, "aucloss": 0.4052850646546928, "convergence_rate": 0.8183817299139655}