{"bestEpoch": 104, "lastEpoch": 114, "mae": [1603.2367761856433, 1489.2118133475765, 1373.719908191688, 1312.2656743230539, 1255.9982861620656, 1196.8289472541883, 1142.988094168299, 1089.3775369039884, 1038.0958623263616, 985.6278273598392, 942.564703826963, 896.8239451830461, 856.9220535998853, 819.9013896444989, 785.0917745907533, 756.0058164578519, 729.804769509889, 705.0414414195578, 684.7176241847268, 666.9395538166099, 650.2665824065717, 636.6560250081968, 624.5498676901864, 613.4335432008311, 604.3497409363449, 597.088915453405, 590.3931959426967, 585.0791316354259, 580.1046331185694, 576.4470283548854, 572.8400846882963, 570.1274103726817, 567.8689175706517, 565.9514754406053, 564.5149782263506, 563.4470598776412, 562.6521216548634, 562.0916729415139, 561.7995505811458, 561.6309124877384, 561.4447503599735, 561.4711170960649, 561.5322204672916, 561.6857299977257, 561.9083632619213, 562.1930307243518, 562.5286688539744, 562.8820876185208, 563.2584214412142, 563.6184126332245, 563.9554167027211, 564.2808155739016, 564.6071778059642, 564.9199824216586, 565.150606426632, 565.4246129732546, 565.7024466138807, 565.9188804068704, 566.0787093636875, 566.2399344071644, 566.4165349027488, 566.5348859046296, 566.649091001015, 566.7499399594873, 566.8155423719584, 566.9387425476909, 566.9935788287962, 567.056822336941, 567.2222386962408, 567.2426292850671, 567.3325071783403, 567.3123724491295, 567.42455318553, 567.4227614826943, 567.4812886273437, 567.5757690239965, 567.5210431667222, 567.448657659633, 567.5692325294294, 567.5648775670776, 567.5312931486377, 567.5732737078472, 567.5677956264536, 567.5936293393901, 567.6320814699143, 567.6855109400533, 567.7370205610023, 567.662891383485, 567.7298340375648, 567.7449764167604, 567.7315067806204, 567.8470576341018, 567.8654736678113, 567.790323132478, 567.7850724633519, 567.8234160325069, 567.7958879834617, 567.8442561294398, 567.8178944577095, 567.822240992721, 567.8482709948912, 567.8579356541794, 567.888282948772, 567.9151602990613, 567.8672796573622, 567.876997828691, 567.8593951991736, 567.8378689585775, 567.8405073411006, 567.8408661193125, 567.8543562451805, 567.8461905550763, 567.8457886091852, 567.8451518361817], "medianabsoluteerror": [1406.09732835791, 1298.4506379970703, 1192.6130372890625, 1140.4133296640625, 1093.323699779297, 1041.1094669667968, 996.1696169335937, 950.579986861328, 904.2973021289063, 855.6029666054687, 815.3065795273437, 774.0176389804687, 737.2931521523437, 698.4965212851562, 658.9413456210937, 622.0322263750004, 590.2404781093751, 566.3996578515626, 545.6390992929687, 526.4910886328123, 510.5667115976562, 500.89001446875, 493.2846066992188, 480.2807620078124, 471.9344481796875, 462.1478885351562, 457.3865969687499, 450.80493134375, 441.02746587499996, 436.19836408593756, 434.96899419531246, 435.79321265625003, 435.0915525546875, 439.08142054687505, 440.8587647109375, 447.45703171874993, 450.8392336874999, 453.467956515625, 454.07800251562503, 457.93414324609375, 464.94921916406247, 464.89977992187505, 463.97021490625, 467.18835443750004, 468.4112551796875, 467.1916500468751, 468.88623029687506, 473.7478024453126, 475.35406500390627, 475.265624640625, 476.0602419335937, 475.9674070390629, 477.08831742968744, 477.8128665546874, 476.8796383125, 476.9620361953125, 477.20745855859377, 478.07336449218747, 479.52355980468747, 478.5501709609375, 478.2545168984375, 478.37023890625005, 478.4399409921873, 477.9151608437501, 477.7369381875001, 477.86376999999993, 478.134765625, 478.6011962890625, 479.7230221640625, 479.77648902343753, 479.42926055078124, 479.80285621093753, 479.31323236718754, 479.49816889062504, 480.0888671875, 479.78686506250006, 480.06262201562504, 479.42773432031254, 479.84265183593743, 479.7960205078125, 479.947265625, 479.793212890625, 479.78137253906243, 479.779418828125, 479.81372053125006, 480.5883791953124, 480.8847659140624, 480.4172365625002, 480.7427981406249, 481.2080081015624, 481.0626223593749, 481.93164039062503, 482.0151365390625, 481.5249026328124, 481.54772936718746, 481.73193335937503, 481.6602786093749, 482.02319312500003, 481.57446265625003, 481.68505835937503, 482.0327146640625, 482.01794415625, 481.8842774609375, 481.6816407421875, 482.0085447421875, 481.988159296875, 482.0893552890625, 481.95581031250003, 481.98535132812503, 481.98388648437503, 482.051879703125, 482.07104468750003, 482.06469703125003, 482.05224585937503], "mape": [0.973209354098527, 0.8967088350595009, 0.8192266237138544, 0.7779730321622491, 0.7402032003811915, 0.7004894094916262, 0.6643874869298649, 0.6285497946831479, 0.5944861089258364, 0.559893618762811, 0.5319017179372353, 0.502616251242446, 0.47757667082791555, 0.4548345568673177, 0.43405322351171505, 0.41722543101349624, 0.4025200334732863, 0.3891329848302841, 0.3786720232622678, 0.3699670793959677, 0.36224081459690327, 0.35634050169923237, 0.3514276498645645, 0.34721459527427795, 0.34406338967951444, 0.34186733117426377, 0.3401485719070242, 0.33909265336235667, 0.3383001595572981, 0.33802157312636644, 0.3379437459488394, 0.33816010428925736, 0.3385752665120209, 0.33919026315601286, 0.3399283443935057, 0.34084284609672505, 0.3418789146105671, 0.3429859602367951, 0.34409476363991554, 0.3451275745437112, 0.3463815310963231, 0.34741774530114666, 0.3484575350860412, 0.3494451927433759, 0.3505660457663948, 0.3514393516472096, 0.3523547621934635, 0.3532986516418767, 0.3541383704703056, 0.35497130938854077, 0.35564782352452473, 0.35630512547012255, 0.35691683848225836, 0.3574949947376876, 0.35794606203846174, 0.35842397700174383, 0.35893753268512324, 0.35928904426122904, 0.3595644708080681, 0.35984385511630285, 0.3601425341759924, 0.36035303508249267, 0.36053428313196423, 0.36070032694705584, 0.36078386842661053, 0.36100987281552394, 0.36108895711092387, 0.3611882814864139, 0.36146316996492733, 0.3615310305220563, 0.3616722595220102, 0.36158151826502927, 0.36177987058390754, 0.3618011901876667, 0.3619087188395506, 0.3620357885500017, 0.36191389674557, 0.3618076415405404, 0.3620161295511803, 0.3619837153702194, 0.36194578425964413, 0.36198828212037854, 0.36202155157303395, 0.3620697690688042, 0.3620650275508679, 0.3622127609193082, 0.36227638576676274, 0.3621827612519377, 0.3622387321408301, 0.3623013998127783, 0.3622759638255235, 0.3624640596221252, 0.3624835924471996, 0.3623569925756903, 0.36238010507246454, 0.36242135851687757, 0.36236521301160207, 0.36245507886400435, 0.3624019570014258, 0.36241538591017536, 0.36246007295967664, 0.36247205199230653, 0.36252506138009266, 0.3625704273506963, 0.3624820594190597, 0.3625057945821791, 0.36246703198564784, 0.3624418781684096, 0.3624455407277026, 0.3624451488555925, 0.36246953292351686, 0.36245495744503575, 0.3624541838848054, 0.3624528223622629],