{"bestEpoch": 85, "lastEpoch": 95, "mae": [0.6307205212549993, 0.5024972360362676, 0.46002500772877486, 0.4807346997268332, 0.4326785707598237, 0.5519283140187717, 0.4231952793006161, 0.42708512916433294, 0.42521336159933387, 0.42688238081786456, 0.4279824564139853, 0.4142937882880909, 0.40265393899685753, 0.4069664265133376, 0.3974185240761544, 0.40963545180890565, 0.3993962688607616, 0.41151921674084296, 0.40620649761889793, 0.3891050536102407, 0.38795990311103157, 0.38596789152428634, 0.3919563761560529, 0.38837023794452047, 0.3888360059033955, 0.38673566244346697, 0.38502049904740826, 0.38312131354643586, 0.391129649332381, 0.38741833466057957, 0.3897849425273258, 0.3836788350135023, 0.383126427948527, 0.3830135440727278, 0.3822043479335337, 0.3843066513231534, 0.38219410026971884, 0.38192542947485275, 0.38223807331209747, 0.38212691213151373, 0.38185830603813037, 0.3819786864165738, 0.3818582581408972, 0.3818641023673044, 0.3817569236483042, 0.381850507582257, 0.381750375134109, 0.3817766720180803, 0.38166812357077046, 0.38172148166351433, 0.3817997102772047, 0.3816941515602256, 0.38172411911959014, 0.3817446502725221, 0.3817083628283555, 0.38165455315191343, 0.3817158606742493, 0.3817051808775439, 0.38168266399916, 0.3817139547364944, 0.3816849189630727, 0.38169709807240665, 0.38158146918188596, 0.38166735779839894, 0.381638320385047, 0.38154097192604153, 0.3816453740685321, 0.3817019993204063, 0.3817215789556746, 0.38169222607904585, 0.3816891093043762, 0.38172750564227453, 0.3817658810889814, 0.38179118664814116, 0.3816706827370756, 0.3816502406862185, 0.3816900492017758, 0.38166879337721316, 0.38163391482129905, 0.381744070127577, 0.38170337852367614, 0.38177237932000585, 0.38166978495859355, 0.38164052093675, 0.3816936097448108, 0.3816800202200522, 0.3816812969453164, 0.3815894484803476, 0.3816618266375617, 0.3816594510120402, 0.3816913581136063, 0.3815806923875476, 0.38165279081587294, 0.38168194958782775, 0.38159344075974405], "medianabsoluteerror": [0.5080410361289979, 0.395115053653717, 0.3368635034561157, 0.3806822526454925, 0.32636376380920407, 0.4337794163823128, 0.3192916971445084, 0.3271152973175049, 0.326198251247406, 0.31371156513690945, 0.3289635014533997, 0.30915335774421693, 0.29541391134262085, 0.30468722581863394, 0.2921839463710785, 0.30857913732528675, 0.29922118186950675, 0.29457273364067077, 0.3036298054456711, 0.28667668342590336, 0.2867270803451538, 0.2841219782829285, 0.2893145322799682, 0.2884437373280525, 0.28666097521781925, 0.2868291574716568, 0.2843683075904846, 0.28165055513381965, 0.2887443661689758, 0.28584704399108884, 0.2888051962852478, 0.28215723037719725, 0.2820780038833618, 0.28189971208572373, 0.28032004833221436, 0.2829952502250671, 0.28014381647109976, 0.2799158692359924, 0.2804525470733643, 0.27996304035186764, 0.2799731707572937, 0.279787061214447, 0.27999150514602666, 0.2798838376998902, 0.27988215088844304, 0.28012628316879273, 0.2798847842216492, 0.2798923957347869, 0.27964943647384644, 0.2796339273452759, 0.27992274761199953, 0.27976726293563847, 0.27980630278587343, 0.2797248858213425, 0.27975485086441043, 0.27961470842361447, 0.27964565753936765, 0.2797672021389008, 0.27981588661670687, 0.2797314047813416, 0.27974427700042725, 0.2798118981719018, 0.2794962680339813, 0.27978979349136357, 0.27965190410614005, 0.2795388686656952, 0.2795820474624634, 0.2797890639305115, 0.27990671992301935, 0.27971429884433746, 0.2798645049333572, 0.279927134513855, 0.2799169754981995, 0.27965107202529915, 0.27963603496551515, 0.27968359231948847, 0.27963766574859616, 0.27967337369918827, 0.279668128490448, 0.2799004292488098, 0.27964601516723636, 0.28003460228443144, 0.2798029589653015, 0.27954635620117185, 0.27983806729316707, 0.27974953651428225, 0.27965579509735106, 0.2795523381233216, 0.2796255445480347, 0.27968003153800963, 0.2799213111400604, 0.2794666886329651, 0.2797758793830872, 0.2798093193769454, 0.27958366870880125], "mape": [0.8570424878161842, 0.7026944139128373, 0.5540277538098217, 0.717530489546437, 0.563060550029784, 0.5047437640095277, 0.549888578364145, 0.5748462005091506, 0.5797970103445385, 0.4576497503091741, 0.56324568110557, 0.4740010083570302, 0.47517394546397423, 0.5505684195722346, 0.5206752172503472, 0.5586644930956586, 0.4726343046372568, 0.4607495649463491, 0.5693400857771458, 0.46612296600731856, 0.4957585772339837, 0.4792815544093283, 0.45973692996448395, 0.4932225811819196, 0.500017829170013, 0.49301147432050335, 0.5062318912160436, 0.47882302559310624, 0.5200062127386247, 0.4723477848346239, 0.50800664322807, 0.47886662452602485, 0.49056610019588304, 0.4786889461368623, 0.47988088576247423, 0.4819881813856411, 0.4730141939617692, 0.4764211309873416, 0.48186952113283754, 0.4749827385604798, 0.47747480529340647, 0.47615216924622505, 0.4751038086339754, 0.47609057716150704, 0.47571090118364134, 0.4782438816837196, 0.4764959677965142, 0.47706277202354647, 0.47688385328518257, 0.47521348074293635, 0.47820570474016827, 0.4778125578035907, 0.4761122676587155, 0.47611125224890083, 0.47565575263928095, 0.4778907030452809, 0.47630538064295797, 0.477582358673226, 0.4749314907048342, 0.47548435999117755, 0.4755680599915853, 0.4736758708586927, 0.4756287481547188, 0.4776865032707476, 0.47466218563387474, 0.47532022313511785, 0.4757458341154818, 0.47759347224949467, 0.4739408757182081, 0.47544730753075204, 0.47650469824228414, 0.4787086248197353, 0.4738296087050109, 0.47237965549069705, 0.47397764859512254, 0.47501183752169884, 0.4752749903542717, 0.477689627142607, 0.4745443691506346, 0.4769893052659468, 0.4749685685560322, 0.4789911415056313, 0.4756979896285362, 0.47593068045509646, 0.47793191024746856, 0.47703313877497905, 0.47714027564682354, 0.4750795757200104, 0.47630862710679067, 0.476676014551124, 0.47768490864260954, 0.47560077342774854, 0.47420235497040286, 0.4744018050783468, 0.4737756180926606], "mse": [0.6847163359131144, 0.4366105071451403, 0.3967843627545309, 0.3932875077881704, 0.33848844473299655, 0.5240907384712067, 0.32289059608975273, 0.32307414034051996, 0.3193513239394777, 0.3398541826989205, 0.32539408248641694, 0.31576746604294803, 0.30183868948722076, 0.2976917158943501, 0.29196332452929136, 0.30039646833896116, 0.2915121828623595, 0.3238049105618762, 0.2964625422980522, 0.28204182133084105, 0.2770505117970532, 0.2766436674053842, 0.28556679205721974, 0.27666877308075666, 0.27790926240650593, 0.2749130611539658, 0.27297187485637536, 0.27330070102420606, 0.2789366671888619, 0.2782586014640078, 0.2775901244004677, 0.27271353477405585, 0.27107110475834356, 0.2715932471679724, 0.2718239349655418, 0.27279903186317156, 0.2717639507784662, 0.2712819699743228, 0.27097374084330395, 0.27150979910791273, 0.27095276277037467, 0.2712869335541013, 0.2712297881265545, 0.27124231095686413, 0.2710919711905256, 0.2708587903238185, 0.270950945809145, 0.2708992990070061, 0.2708924052631897, 0.2710821732661134, 0.27084840278256705, 0.2708386136235153, 0.27101197329713167, 0.2709901647838698, 0.27099163476058974, 0.2707179291342462, 0.27093533002855563, 0.2707853793807456, 0.27097111263214574, 0.27097353186498746, 0.27100101421136913, 0.2711383542656082, 0.2708625889812766, 0.2707113548747995, 0.27098050199633156, 0.27074993753441756, 0.270866663693111, 0.27078266643709104, 0.27105368069986496, 0.27094497121375366, 0.27070656807492466, 0.270673582259212, 0.2711242005557815, 0.27147667722659763, 0.2711085779032495, 0.2710105016913235, 0.27095893671570165, 0.2706549225720522, 0.2709263938650828, 0.27077988490690375, 0.2709705186714939, 0.2706729716210255, 0.2709138232867459, 0.2708266665495243, 0.27064350527456865, 0.27075795067065317, 0.27079075274536774, 0.2708901144150128, 0.27086511807329466, 0.27075139186177155, 0.2706602092381189, 0.2708283296734962, 0.27102545221292085, 0.2710471309219559, 0.27097250369565734],