{"bestEpoch": 76, "lastEpoch": 86, "mae": [0.998131678266892, 0.8143196772346594, 0.7416515378763423, 0.7191608555433268, 0.6508158715973593, 0.6194856761564259, 0.5804453748789243, 0.5582390679812678, 0.5242853249999198, 0.7571208454293475, 0.524741323469526, 0.5060438314737832, 0.4901254745611231, 0.4704035021041175, 0.6533301231270903, 0.4499678761653296, 0.4891932084097382, 0.46309305054851707, 0.5278375861416524, 0.4657740680788898, 0.4405516151626381, 0.4408088651059743, 0.4386851027537997, 0.43744611440200365, 0.43545902082544047, 0.4331339075491436, 0.4382117275003832, 0.43209271444989145, 0.4315103546534196, 0.4342037943342535, 0.43291479315022025, 0.43266287342629334, 0.4358315936124426, 0.4302523195064448, 0.43115555152419244, 0.43049587998799715, 0.4303154647330875, 0.43074724559684346, 0.4319667534992593, 0.43097361142934404, 0.4316083931770701, 0.4304578269670535, 0.43079193704014884, 0.4308634612769731, 0.43114780271152947, 0.43086438801687216, 0.4306031155223794, 0.4306203470574079, 0.4304263299513764, 0.4304334038978053, 0.4303172614086697, 0.4304307600857107, 0.43047545357020117, 0.43052303145056364, 0.43050957319070376, 0.43046336069295366, 0.4304703305562391, 0.43043678920960615, 0.43048731102066645, 0.4305383296318724, 0.43050980301053654, 0.43054651025104496, 0.4304964629583341, 0.4304507038307651, 0.4304661136957673, 0.4304603382246578, 0.43049068442394756, 0.4305161156688716, 0.4305453824784279, 0.43055339034647383, 0.430582795476431, 0.43055283111497383, 0.43057642906251664, 0.4305383978340918, 0.43053359634183663, 0.4304513285864161, 0.4304394142925519, 0.43054718621143884, 0.43066123866740363, 0.4306405639882916, 0.4306475889461326, 0.43065776845201587, 0.4307333660638251, 0.43069308826234465, 0.4306046135174152, 0.43059342594535344], "medianabsoluteerror": [0.7497871953248978, 0.5564018034934998, 0.5158680665493012, 0.5016426002979278, 0.4947263884544373, 0.4657172298431397, 0.45659881830215454, 0.4247355365753174, 0.3984825444221497, 0.6432705450057983, 0.4328408741950989, 0.3742733836174011, 0.37619943961501123, 0.3540339469909668, 0.5020487236976624, 0.3391510128974914, 0.3706724107265472, 0.3569226574897766, 0.4046870338916778, 0.3582246208190917, 0.3279028701782227, 0.3282934546470643, 0.32618190646171574, 0.32366979122161876, 0.32244687974452974, 0.3211446845531464, 0.3245811343193054, 0.31903748273849486, 0.3180222463607788, 0.3214475870132446, 0.3195997834205627, 0.32008375525474553, 0.32137541532516484, 0.3179061722755432, 0.31889258146286004, 0.3180969953536986, 0.3184142279624939, 0.31906774759292605, 0.32081980109214786, 0.3186842036247254, 0.32077470064163216, 0.3182725930213929, 0.3190161406993865, 0.3191114497184753, 0.3192495143413544, 0.319160795211792, 0.31885185122489934, 0.3184473550319672, 0.3183016514778137, 0.31834941148757934, 0.31827561378479, 0.3181998932361603, 0.3184657692909241, 0.318585729598999, 0.31854381680488586, 0.3184683454036713, 0.31848320960998544, 0.3184910607337952, 0.31860465049743647, 0.3186113488674164, 0.3185778021812439, 0.31860915184021, 0.31857856512069704, 0.3185535418987274, 0.3185332250595092, 0.31852428197860727, 0.3185049891471862, 0.31857141852378845, 0.3185907483100891, 0.3186174666881561, 0.31865645647048946, 0.3186394762992859, 0.31873285174369814, 0.3186611104011535, 0.3186000633239746, 0.3185645627975463, 0.3185505938529969, 0.31866774201393133, 0.31885263681411746, 0.31879177570343, 0.3189027965068817, 0.3188421934843063, 0.31909551620483406, 0.3188854789733887, 0.31873823642730714, 0.31866031169891357], "mape": [0.6844167884469857, 0.6785354135022891, 0.7315467027753849, 0.7166576575553957, 0.8081688512064322, 0.751329517815267, 0.7823541623543023, 0.6978225763692484, 0.6712213410756428, 1.1523264196054597, 0.7685960896144892, 0.539141070197024, 0.5648317641592849, 0.5631180982043993, 0.5241226306031126, 0.5887571289503822, 0.5759201189086516, 0.6068707738243044, 0.5118570665460119, 0.6509342400333323, 0.5643146903330684, 0.5759832697762933, 0.530735594680629, 0.5320071906796237, 0.5535476599925526, 0.5423474382455246, 0.5180792255258952, 0.5393120662358539, 0.5367820616599982, 0.5321263426381302, 0.5694616194606461, 0.5496468055026472, 0.5320149938744099, 0.5557643456123212, 0.5347134774693689, 0.5405819486616289, 0.5505586250739795, 0.5576477445507548, 0.5689998375539684, 0.5386979761220778, 0.5713103706877501, 0.5484305553094376, 0.5588378971838028, 0.5637747865875694, 0.553832229419606, 0.5568294670713676, 0.5555464636570596, 0.5590459145139692, 0.5579192688041572, 0.5579415972653445, 0.5561037916424056, 0.5575684082975088, 0.5583661579753527, 0.5591481662001392, 0.558991505048528, 0.5582562385173737, 0.558329841820608, 0.5583318035192529, 0.5592112622559494, 0.5595319696687406, 0.5588511394668776, 0.5593944038844669, 0.5590836001941251, 0.5587440401287702, 0.5588772502693042, 0.5587355853551421, 0.5591516755738747, 0.5592847608537868, 0.5596772029156991, 0.5595819214207176, 0.5600344556390794, 0.5597538774782391, 0.5600797013931191, 0.559906952679924, 0.559946824147101, 0.5589729940668571, 0.5589530649299856, 0.5600552296540798, 0.5608999308538797, 0.5610430834946998, 0.561083722243006, 0.5608818765166826, 0.5614752893432942, 0.5611381158185434, 0.5605424788821409, 0.5604908930169763], "mse": [1.7573892698006268, 1.2697065795729061, 1.0638918173194687, 1.0027726003647854, 0.7781190114807045, 0.7111431118698148, 0.5977962150215024, 0.5704509701451759, 0.5006456329438596, 0.8728602658919483, 0.45454829447091055, 0.47462157667891053, 0.4275339854103623, 0.4031505759209778, 0.7503085358284618, 0.3664650358200747, 0.432996428952843, 0.3781900055166481, 0.49541697855447814, 0.38404345320532873, 0.3560458005353152, 0.35639821650059567, 0.354794041583867, 0.35560877603351876, 0.3508772519783439, 0.3468305963970442, 0.3565790110078237, 0.3462035458309642, 0.34526542800913856, 0.34761009533873477, 0.34630856123943743, 0.3468413614755393, 0.3537726995445548, 0.34258166450037975, 0.3450485113588796, 0.34399819811157634, 0.34268238174193827, 0.34169670448333067, 0.3426403641017708, 0.34362387251949167, 0.3414632722864915, 0.34182696348292024, 0.3417940918184752, 0.3417279023812649, 0.342763404198154, 0.34215572768526403, 0.341854564991542, 0.3417015647008277, 0.3414166308574529, 0.3413515486881481, 0.3413524809234223, 0.34133996692449964, 0.3412650624247013, 0.34125481672354757, 0.3412354869199291, 0.34128958961992373, 0.3412755014487852, 0.34124663204897426, 0.3412728604627278, 0.34129211171619495, 0.34127876405657936, 0.34126340410080946, 0.3412269365122802, 0.3411857965028217, 0.3411746027400418, 0.341155713762704, 0.3411496539845964, 0.3411629535376575, 0.34118656455430707, 0.3411939550922837, 0.3411860530077929, 0.3411805271945316, 0.3411558710264422, 0.3411447560580548, 0.34116046855585624, 0.34112573915101785, 0.34114099033518586, 0.3411504813905863, 0.34120397316272816, 0.34117829448212794, 0.3411612362997731, 0.34116722599387217, 0.34121861450733004, 0.34123104253676173, 0.34116470629944984, 0.3411701554576041],