{"bestEpoch": 54, "lastEpoch": 64, "mae": [0.8052989493015811, 0.7451383019450802, 0.7431317847055207, 0.7764780265416239, 0.7122104799061028, 0.6954500619852643, 0.6950189989767247, 0.6793670090570871, 0.6910699766160794, 0.6744564702534924, 0.6431883308645673, 0.6752412008790567, 0.6184315937752265, 0.6131013355602373, 0.6124120661206223, 0.5755037782292346, 0.5530092651698525, 0.5640105672365663, 0.6003284677026618, 0.5991099445047435, 0.551791548285193, 0.5680820463087296, 0.528257822684348, 0.5287623618091702, 0.5284678695078644, 0.5232982061907735, 0.520875928124152, 0.5123234529328285, 0.5180706051289522, 0.5087313030401602, 0.5072721467081468, 0.5071360963193751, 0.507937671304052, 0.5208243883474117, 0.5057732174500659, 0.5094828399741773, 0.5107015720602802, 0.5129755203869035, 0.5049582979787215, 0.4978979227620466, 0.49719983662495343, 0.49449511490953557, 0.4952885795559576, 0.49498110630719777, 0.4935577932708412, 0.4934035711220648, 0.49425598166491097, 0.4939402349250393, 0.4950535183103935, 0.4962320761252432, 0.49859719485666754, 0.49359822405945153, 0.4924206323747066, 0.4924420820757357, 0.49258676144606417, 0.49253704969184775, 0.4919270663279312, 0.49278760901793994, 0.49200790758884505, 0.4925826407377346, 0.49251912292379774, 0.4920179529075216, 0.4922389099859358, 0.492470969517018], "medianabsoluteerror": [0.7230342888832093, 0.6409980821609498, 0.6466633081436157, 0.711168863773346, 0.5696106815338134, 0.5507981395721435, 0.5739925026893615, 0.5677923369407654, 0.5953969478607178, 0.5842921018600463, 0.5414971661567688, 0.5507293617725373, 0.5099221301078796, 0.5158938646316529, 0.5133971655368805, 0.4667488479614257, 0.4373280644416808, 0.47715817213058465, 0.5169988870620728, 0.5111972093582153, 0.44238798141479485, 0.477725670337677, 0.42635264754295354, 0.41909224987030036, 0.4320594310760498, 0.4266335844993592, 0.42224359035491943, 0.4160042238235474, 0.4202823281288146, 0.4023919248580933, 0.40755228281021116, 0.4040581774711609, 0.40226065158843993, 0.43072114586830135, 0.4107795906066895, 0.4120922005176544, 0.3989772319793702, 0.41671917915344237, 0.4059942483901977, 0.3952238416671753, 0.3961512053012848, 0.3897292947769165, 0.3954046607017516, 0.3940811061859131, 0.39306379795074475, 0.39063375949859624, 0.3933868157863617, 0.3932070577144622, 0.3957920587062836, 0.3989291954040527, 0.4019925045967102, 0.39390466809272767, 0.3924729108810425, 0.3909691739082336, 0.39326004862785335, 0.3932637119293213, 0.39128892421722405, 0.39286717414855954, 0.3907604837417602, 0.3910780942440033, 0.3918610262870789, 0.3915533208847046, 0.3913467252254486, 0.3923320293426514], "mape": [1.3054061667830832, 1.1310069533792149, 1.1500577235432161, 1.3234153445107266, 0.9223844264796572, 0.8837577343200461, 0.9553867587138892, 0.9682704977610008, 1.053348828371728, 1.0561165587821033, 0.9374003547762235, 0.881037260935008, 0.8592985987314098, 0.9240864881999873, 0.8979422520036433, 0.8011699822584915, 0.7031632261035078, 0.8798069745730691, 0.9518373972255141, 0.9692953330277984, 0.7291457255356798, 0.8709289664834026, 0.7152658011266159, 0.6894418634726335, 0.7712729424713819, 0.7506330495024998, 0.7465801396382513, 0.7195448034780392, 0.7327476469254307, 0.667989603333461, 0.7022427207944358, 0.6885215293529765, 0.6756785937100994, 0.7982251038428373, 0.7316194972098639, 0.7222914139625867, 0.6395920500589665, 0.7288257952908759, 0.7134868213313464, 0.687258922764575, 0.6895008290682662, 0.6554968683142911, 0.6823183421670763, 0.6757907221994415, 0.6776273166880468, 0.6662268398729343, 0.6803163278470714, 0.6838024315121755, 0.6874554659015861, 0.7005354724971274, 0.7089689355578357, 0.6868119247600799, 0.678548889440705, 0.6777804164095875, 0.679737667440891, 0.6768015733082893, 0.6776321591023853, 0.680298765080296, 0.6783769632272489, 0.6782634581084264, 0.6784295943469587, 0.6774495482893704, 0.6782969223806384, 0.6766810472616362], "mse": [0.9750323743355566, 0.8844834382292641, 0.8671397453527924, 0.8823851076989333, 0.8758023698476016, 0.8470971468531648, 0.8050278923059765, 0.7661829307595855, 0.7623638569270702, 0.7137079228565717, 0.6705390994876945, 0.7661111038078103, 0.6393679362770662, 0.608070672078351, 0.6140346416998284, 0.5539044246598719, 0.528503862783355, 0.5089797001159065, 0.5628849795514491, 0.560835068774682, 0.5196599959670051, 0.5244046563534354, 0.47256562097383276, 0.48238558936441, 0.46263627242416366, 0.4549187844387102, 0.4514908856575655, 0.44013394087013735, 0.4494467578971232, 0.4460690653144148, 0.4355748564700735, 0.4384220705521232, 0.44298832064994575, 0.4422398214258336, 0.42844313178825466, 0.43449707770679746, 0.45504388131630585, 0.43999993738088466, 0.42946107093882946, 0.42253791902261756, 0.4211867221402239, 0.4218175662671395, 0.4171389992402362, 0.41806111247222205, 0.4158917110374318, 0.41728965007437746, 0.4160697621113295, 0.4148699193058144, 0.41618382601755427, 0.4149015995339494, 0.41762116754559553, 0.41409191914173354, 0.41281455891159846, 0.4138293575627695, 0.4133004248659195, 0.4128883603373155, 0.413009714402288, 0.41367998433614817, 0.4129734809839797, 0.41422300159020736, 0.4134283376990305, 0.4132059980336162, 0.41327259497478724, 0.4142089720129977], "recauc": [0.8127112182746707, 0.8267042088675163, 0.8271689882670384, 0.8194077754783605, 0.8343716021105295, 0.8382676599291989, 0.8383635053774523, 0.8420004069327895, 0.8392747173364501, 0.8431351869827066, 0.8504088605467476, 0.8429552415399436, 0.8561659723787686, 0.8574049822255105, 0.8575665695211646, 0.8661488440265732, 0.871380566402873, 0.8688215742484409, 0.8603748798251448, 0.8606581802211336, 0.87166521880051, 0.8678749295083786, 0.8771374162340969, 0.8770209941930195, 0.8770884411454855, 0.8782906206582051, 0.8788540671027292, 0.8808430039959794, 0.8795069159080833, 0.8816786973749899, 0.8820178478768116, 0.8820496368761346, 0.8818631685503904, 0.8788658303247145, 0.8823671472751141, 0.8815039997015867, 0.8812202554226194, 0.8806915132612586, 0.8825562062104677, 0.8841983212443969, 0.8843604522482404, 0.8849899238628526, 0.8848051260748677, 0.8848766222480401, 0.8852076148656045, 0.8852434601929305, 0.8850452480287373, 0.8851187174458922, 0.8848598277061823, 0.8845856320801928, 0.8840358255070142, 0.8851982144966787, 0.8854725894203779, 0.885467569730627, 0.885433835916508, 0.8854454014264244, 0.8855870472631231, 0.8853870188615905, 0.8855682000047845, 0.8854347466196493, 0.8854493265924993, 0.8855665401279703, 0.8855151114067383, 0.8854614161040102], "f1": [], "aucrecauc": 0.9839337196767043, "aucloss": 0.519630349179984, "convergence_rate": 0.8047641808589189}