{"bestEpoch": 56, "lastEpoch": 66, "mae": [0.7499505785159946, 0.7561478811019645, 0.759379818396817, 0.7645969569306469, 0.7335585024918656, 0.7461206063060785, 0.7137616821069841, 0.7082424678256357, 0.698903785618086, 0.6922970642213506, 0.6897014690242915, 0.682146288997504, 0.6813608994503417, 0.6879631507613959, 0.6817649435178258, 0.655955523317962, 0.6507555206172279, 0.7773716117489768, 0.6388045306508372, 0.6455211878170313, 0.6180155535063444, 0.6110988052279978, 0.6020288676890818, 0.6417298962227553, 0.5935595247217857, 0.5792815346747898, 0.5692254198944178, 0.5921908673280412, 0.5765177278943928, 0.574366163514972, 0.5574621849854939, 0.5564752811223964, 0.5944467398990415, 0.560507900912755, 0.560252961536411, 0.5394442048850868, 0.5489808120190302, 0.5444940578914509, 0.5608707644824206, 0.5267884323911203, 0.5556098665075897, 0.564031493536431, 0.5208167790631962, 0.5277536732461247, 0.5114744404032072, 0.5136063711122097, 0.5235711803202675, 0.5121541998574499, 0.5108122811639533, 0.5182285747776352, 0.5110895148864396, 0.5143275465304601, 0.5176060125316146, 0.5167455767267184, 0.5138723227243002, 0.5129754841783043, 0.5132238076015256, 0.5127153435484088, 0.5135366500438339, 0.512752108899317, 0.512979982938052, 0.5130278000305293, 0.5130237331070688, 0.512952163274805, 0.5129334520145836, 0.5130002242117252], "medianabsoluteerror": [0.6116735291481018, 0.6413006424903869, 0.6554570221900939, 0.6688267350196838, 0.6132994318008422, 0.6523395586013794, 0.5886496067047119, 0.5889072918891907, 0.5495675921440124, 0.5494572901725769, 0.5433742046356201, 0.5598503828048706, 0.5479569506645203, 0.5843242859840393, 0.5725050067901611, 0.5283526372909546, 0.5195932865142823, 0.7133148264884949, 0.5228144168853759, 0.5539814949035644, 0.5039582109451295, 0.4977576327323914, 0.47438309311866755, 0.47880828142166143, 0.4899843668937683, 0.4727659702301026, 0.4626107800006866, 0.4839515876770019, 0.47124395847320555, 0.4405621647834778, 0.4532852721214294, 0.423005313873291, 0.509582382440567, 0.4539209043979645, 0.4738110649585724, 0.42564852237701417, 0.4376238107681274, 0.4389191937446595, 0.4669984912872314, 0.3967628526687622, 0.4246460711956024, 0.4772387981414795, 0.4164616107940674, 0.42369643449783323, 0.3978195786476135, 0.403574242591858, 0.4148681092262268, 0.3899192810058594, 0.396832447052002, 0.4051983952522278, 0.39774817466735835, 0.40536044836044316, 0.4106348967552185, 0.40938089966773983, 0.40448933124542236, 0.4026342451572418, 0.40331011772155767, 0.402226583957672, 0.4037585926055907, 0.4022352933883666, 0.4026059567928316, 0.40270411372184756, 0.40268349289894106, 0.4025896787643432, 0.40260501861572273, 0.40273406267166134], "mape": [1.0725308542225132, 1.1324945894299583, 1.1667487868637476, 1.2026825717753111, 1.0872436479980865, 1.1831013399239616, 1.0330630934323568, 1.0325556320721534, 0.8986524407602628, 0.91142655868997, 0.888160829254166, 0.9781494990100312, 0.929566560381528, 1.073874316764876, 1.032372182631401, 0.8999080938033717, 0.8729041565576745, 1.3504605850543197, 0.8998533688574794, 1.0254384055529677, 0.8688622571234944, 0.8643828588352291, 0.8066906853735257, 0.7071626017029947, 0.8898456000015823, 0.8530678747470357, 0.8256408140005923, 0.8602168650417978, 0.8530706114363983, 0.7300521730712961, 0.7996668056311597, 0.6851248468145577, 0.9287780667486653, 0.7958317382634441, 0.8675654776128362, 0.7512875478001962, 0.8047664258677097, 0.7746693866184882, 0.8369094962845538, 0.6443152154449192, 0.6887599296574521, 0.8875379400265011, 0.7470611492665147, 0.7676816812337203, 0.693866409594871, 0.7089560421080797, 0.7377963207569268, 0.6435865280927985, 0.6850111231386081, 0.708702875733175, 0.6868728021015388, 0.7118706008940366, 0.7271205078559373, 0.7231257995289626, 0.7107544598229737, 0.7056160172840141, 0.7071144096951915, 0.7039441608624616, 0.7089760119193551, 0.7039078016967583, 0.7053150353768458, 0.7057201335159111, 0.7056646962134063, 0.7052811841166544, 0.7052047240812882, 0.705587029902752], "mse": [0.9440962084799608, 0.925521065788058, 0.9129167585156075, 0.9065018226249314, 0.8754545250236438, 0.863274113604201, 0.8448406683136113, 0.8293571005454149, 0.864250121558237, 0.8414476999413174, 0.8443591338456506, 0.7837729944519576, 0.8033831270623092, 0.7588161375760515, 0.7571197764364349, 0.7438511203380593, 0.7393263382430293, 0.8835112673649773, 0.6936206774752326, 0.6603325779183895, 0.6488299566501908, 0.6329612448503358, 0.6284550830913731, 0.7457408489458341, 0.5844059913193481, 0.5598581761098301, 0.5473355992029122, 0.5871034283722185, 0.5537583686755034, 0.5807888206939521, 0.5287650278386, 0.5552209153433922, 0.5611744466745889, 0.5344756613102783, 0.5052037440059699, 0.5046640798738072, 0.5114246018458235, 0.49998574079252645, 0.5147684784177118, 0.5010301062108368, 0.5469871863405732, 0.5106521670358732, 0.46295123548624173, 0.47234519638794403, 0.45920111181511547, 0.4581745804645443, 0.47044208478778, 0.4699723082088544, 0.4587304904736809, 0.46838058836218954, 0.4590734426623731, 0.45865329246346787, 0.4607743689107546, 0.459918611688418, 0.4580653342341708, 0.4577398053883546, 0.45777373449584857, 0.45778085332848806, 0.4578978439476471, 0.45782247036773743, 0.45787655386296927, 0.45783519620979274, 0.45783332393854753, 0.45779740556592213, 0.4577799607418863, 0.4577980078279741], "recauc": [0.8255961570986863, 0.8241498493782292, 0.8233948554753658, 0.8221786216066853, 0.8293992437244577, 0.8264731454862179, 0.8340032244667491, 0.8352856763717021, 0.8374630438506748, 0.8389985487895372, 0.8396031978477265, 0.8413547310049961, 0.8415399962592618, 0.8399989663664723, 0.8414412196972803, 0.8474453543451071, 0.8486549244771104, 0.8191992473962164, 0.8514318770654474, 0.8498662000372378, 0.8562651269197054, 0.8578733227036864, 0.8599827657490854, 0.8507511863948531, 0.8619505623116677, 0.8652711287564351, 0.8676105668272305, 0.862268565375525, 0.8659137772989371, 0.8664138844853695, 0.8703459536836581, 0.870576400991565, 0.8617431000009541, 0.8696377341919326, 0.8696961529393672, 0.8745359986879259, 0.8723172715886451, 0.8733614365144862, 0.8695524337104158, 0.8774793069218154, 0.8707755280586655, 0.8688170242863833, 0.8788680003115892, 0.8772546963197089, 0.8810410226478698, 0.8805451814546901, 0.8782273957629764, 0.8808829163122531, 0.8811950888084299, 0.879470104634538, 0.8811306682720783, 0.8803775513416342, 0.8796150146587283, 0.8798150857040403, 0.8804833615427751, 0.8806918353510179, 0.8806340239543834, 0.8807524592987511, 0.880561291757721, 0.8807438077804396, 0.8806909921671945, 0.8806797813759901, 0.8806806348976995, 0.8806972814785646, 0.8807018857145233, 0.8806860939476037], "f1": [], "aucrecauc": 0.9786342883139405, "aucloss": 0.6026309784950045, "convergence_rate": 0.6962668360153919}