{"bestEpoch": 16, "lastEpoch": 26, "mae": [1548.5735890501592, 1175.262786125897, 866.7923196907118, 620.7860443003484, 440.70436519042016, 309.3987684571944, 216.80400031836456, 156.8947999251852, 117.61064947879052, 93.91850211114583, 81.38963121804281, 74.71739680360069, 71.55495013436806, 69.1486593358588, 69.19325699208795, 67.39771129239237, 68.11436202648379, 68.93016080042477, 68.95783267540394, 68.49932524293982, 68.94031010603356, 69.01725438764352, 68.79665788857639, 68.14792483398033, 68.28034359855903, 68.19700986725579], "medianabsoluteerror": [1357.3590928295898, 1029.135009703125, 763.2890013476563, 550.7817993710937, 397.47521990625, 282.1656498203124, 199.682128609375, 148.38476545312506, 111.4349365234375, 88.04260224218751, 76.65368687499995, 70.30285685937497, 66.71520955468759, 64.19189458593746, 64.36108433593745, 62.47473173437493, 63.203491382812444, 64.2032474843752, 63.94189488281245, 63.513915843750056, 64.12609892968749, 64.09155285156248, 63.76416034374961, 63.051513500000056, 63.266845882812504, 63.11437982031248], "mape": [0.9377658030269971, 0.7102304147208552, 0.5222340344294479, 0.37213332385236586, 0.2628197024189033, 0.18411140754028607, 0.12909408583837695, 0.09410562648972086, 0.07162401943420742, 0.05822755046394191, 0.05123873652503752, 0.047538586344412055, 0.04580333248811971, 0.0444824389707734, 0.04448180089158621, 0.04350274050354794, 0.04393509312256726, 0.04434893132655815, 0.04432063727993512, 0.04413889220703184, 0.044327555099841126, 0.04437758428902896, 0.04426993588852393, 0.04389891909875636, 0.043965127666608976, 0.043926335952490916], "mse": [2668135.478935702, 1541437.398842834, 842778.2429109002, 436613.1277494864, 222906.10752671128, 111339.96575032712, 55960.4399456376, 30289.1609947179, 17607.011172919825, 11616.464493206066, 8983.934570539968, 7763.502601538654, 7235.015726232146, 6845.104578625467, 6849.980332440732, 6583.6003496285675, 6695.153612750161, 6810.4298573546885, 6803.201873526267, 6762.472224248668, 6803.6698469169105, 6816.2591580972585, 6791.893714711469, 6685.771311095071, 6698.851617597443, 6693.487805354147], "recauc": [0.2513529130690847, 0.4026503539242813, 0.5577148381504817, 0.6832409611331504, 0.7751284609942476, 0.8421281387397999, 0.8893740485159627, 0.9199445129698155, 0.9399890063080382, 0.952076970660029, 0.9584707359624851, 0.9618753727224575, 0.9634879191622866, 0.9647163086679038, 0.9646932545106363, 0.9656096720783188, 0.9652442133102199, 0.9648273716260515, 0.9648136813681368, 0.9650481937082597, 0.9648219784941457, 0.9647842265708052, 0.9648960007111822, 0.9652276190582022, 0.965159612257522, 0.965202016497946], "f1": [], "aucrecauc": 0.9127580865656775, "aucloss": 188523.64976530292, "convergence_rate": 0.8873138405035311}