{"bestEpoch": 55, "lastEpoch": 65, "mae": [], "medianabsoluteerror": [], "mape": [], "mse": [], "recauc": [], "f1": [0.020633745213280843, 0.13749595127036943, 0.2018246724339632, 0.18440773227470483, 0.27215845144812745, 0.23656136120611726, 0.23230497720071042, 0.3081518569619686, 0.2285908615720458, 0.31020146316147407, 0.28485597394686185, 0.3509571275841337, 0.2772949267280858, 0.3679224740273343, 0.37732137293803664, 0.37032945083729235, 0.3631277857471098, 0.39485851036658787, 0.4219485787230592, 0.38027162457636465, 0.4250667012386135, 0.4256103854389483, 0.44951157043531476, 0.4531705345326625, 0.43742397276857425, 0.42520469436749603, 0.4288125627450659, 0.4432521720395932, 0.5156788287142092, 0.5154445598299102, 0.5188946990682464, 0.5156574276245626, 0.5273324696056195, 0.5263894112068921, 0.532176906925319, 0.525296094755613, 0.5259016521286254, 0.5295950268578692, 0.5275305373379571, 0.5362493987680977, 0.5383294420968382, 0.5392702102691753, 0.5387598398648668, 0.5383999570422311, 0.539490454372671, 0.5373118389481101, 0.5395910479437745, 0.5363406849176657, 0.539356277584744, 0.5390106622310363, 0.5409476281486341, 0.5406492731351229, 0.5411663815303969, 0.5403906720578843, 0.5418200647324823, 0.5417546500999593, 0.5412513099755841, 0.541146971768272, 0.5403993600557179, 0.541520885678849, 0.5404487348164791, 0.5416743766188886, 0.5408967272898104, 0.5416501106543057, 0.5414791628174409], "f1auc": 0.8284409300803304, "convergence_rate": 0.8216489134728809}