{"bestEpoch": 85, "lastEpoch": 95, "mae": [1.1594503394852707, 0.8240439021787895, 0.7760942496264713, 1.008264114653741, 0.7220972743265169, 0.7445782839208381, 0.6618119492753445, 0.6659594940803651, 0.6468529288317795, 0.6542758829316199, 0.5973955257279415, 0.5936015225004391, 0.5541540268070707, 0.541465984147785, 0.5361598877206194, 0.5278110507130112, 0.5147645099953692, 0.5076548936151779, 0.49616121365939714, 0.4914735735915512, 0.49526772827902404, 0.4958665308328662, 0.47933759600936937, 0.4756840815709458, 0.4786024023598099, 0.4710381466050022, 0.47344993575103006, 0.4689951867857546, 0.47629927983203785, 0.4674985514364822, 0.4629723031292492, 0.4639276539260401, 0.5151342404408427, 0.46701616942984847, 0.46816996438700514, 0.45592333187649353, 0.45668886420328186, 0.45288674822387276, 0.475579328566452, 0.45619968822883894, 0.4544596087879387, 0.46809418595127744, 0.4663340406977676, 0.46866457846170434, 0.4460983631069047, 0.463764875973781, 0.459680608814212, 0.4614391210477785, 0.45512550473827046, 0.441801911484037, 0.4438812717145716, 0.45555241779899663, 0.44789893701646977, 0.44292705909435665, 0.4487288204452405, 0.4385363446696288, 0.4416527625338302, 0.46656209277484656, 0.44072048745120956, 0.4386140179724125, 0.4324549586757368, 0.4436107614463521, 0.4386395136187914, 0.44072184397353364, 0.4396296824289277, 0.4393745027699914, 0.442532989768445, 0.44037306869394216, 0.4434963351379667, 0.4433151448751044, 0.43827982158379336, 0.44273229395037783, 0.45033194688927297, 0.4440487819236863, 0.43835074853291434, 0.44484183054137305, 0.4495000514917017, 0.44462929204121676, 0.44552821250375996, 0.443438249797785, 0.44606626471661226, 0.44960033439337654, 0.43946724935695963, 0.4475252912333443, 0.4427052246431612, 0.4461650033198474, 0.44243007568898907, 0.44295174225146855, 0.4443804637451905, 0.44249026471709946, 0.44408593994622536, 0.44017192006233913, 0.4455876118777505, 0.44616912353951377, 0.4445010667971799], "medianabsoluteerror": [0.867271900177002, 0.48676013946533203, 0.476884126663208, 0.7145235538482666, 0.4619307518005371, 0.5306415557861328, 0.44417834281921387, 0.4575381278991699, 0.4557332992553711, 0.4726710319519043, 0.44384336471557617, 0.4372220039367676, 0.4128541946411133, 0.4026188850402832, 0.39723682403564453, 0.38289356231689453, 0.39217710494995117, 0.38654613494873047, 0.39229440689086914, 0.37866926193237305, 0.38092041015625, 0.3833160400390625, 0.3720741271972656, 0.37663936614990234, 0.36803627014160156, 0.36570119857788086, 0.3643016815185547, 0.3638787269592285, 0.3756985664367676, 0.36779165267944336, 0.35707998275756836, 0.36077451705932617, 0.4149899482727051, 0.37055397033691406, 0.3714175224304199, 0.36364221572875977, 0.3574800491333008, 0.35633039474487305, 0.36854982376098633, 0.3514065742492676, 0.36153268814086914, 0.3715353012084961, 0.3675808906555176, 0.35794878005981445, 0.35039234161376953, 0.35780954360961914, 0.34833717346191406, 0.36078667640686035, 0.3629798889160156, 0.34307336807250977, 0.3439464569091797, 0.3713676929473877, 0.3452143669128418, 0.3415098190307617, 0.3458981513977051, 0.3416910171508789, 0.3416557312011719, 0.3622622489929199, 0.33687925338745117, 0.33757829666137695, 0.3357548713684082, 0.3446376323699951, 0.3403310775756836, 0.34341859817504883, 0.3444647789001465, 0.3336153030395508, 0.339510440826416, 0.33614158630371094, 0.33930015563964844, 0.3441886901855469, 0.3347945213317871, 0.34662437438964844, 0.3523125648498535, 0.3432011604309082, 0.33843517303466797, 0.3440086841583252, 0.3499410152435303, 0.34273529052734375, 0.3497123718261719, 0.33832430839538574, 0.3410978317260742, 0.3496546745300293, 0.33664846420288086, 0.3416438102722168, 0.34061622619628906, 0.34241628646850586, 0.34488916397094727, 0.3390669822692871, 0.34401702880859375, 0.33854007720947266, 0.3478736877441406, 0.34175682067871094, 0.34598398208618164, 0.3429880142211914, 0.34396934509277344], "mape": [0.24581255874301136, 0.1717890036216993, 0.15429084659011313, 0.20152551482447215, 0.14108025786739686, 0.1579416075854593, 0.13972367485336673, 0.13743615810069212, 0.12707660023740608, 0.13332171472686674, 0.1236620339444346, 0.12533578849468, 0.1125147906811244, 0.10911235830714414, 0.10847866546512568, 0.10873416127244556, 0.1060977846634007, 0.100697754361838, 0.10114839282911964, 0.09971063510602861, 0.10013764145765222, 0.1027627635373727, 0.09675510913818632, 0.09636639805296505, 0.0945957095085661, 0.09596026290471225, 0.09351564832357981, 0.09514334056364662, 0.09663658275198225, 0.09539477001813962, 0.0948053829559902, 0.09308954293411965, 0.10480759852631785, 0.09424339154211742, 0.09684149502051895, 0.09232531621452877, 0.09399500011353733, 0.09246282649859981, 0.09382727127447067, 0.0929689149833483, 0.09343151261872601, 0.0972131355253131, 0.09169388342156384, 0.091952707104996, 0.09086212584041839, 0.09177868232498311, 0.09151147252611672, 0.0929419232199494, 0.09319415865837023, 0.09070014616043649, 0.08957130739290224, 0.09446646980318457, 0.09087176924452468, 0.08997393889784017, 0.09005735320594954, 0.08922662978127906, 0.09061950351872444, 0.09319868068637034, 0.09017789722889541, 0.08918696584169478, 0.08850061317483553, 0.09024674374532579, 0.08950437419373498, 0.09031600032509081, 0.09000210614730114, 0.08955301664627899, 0.09024297459246453, 0.08982870043101486, 0.09029914718761983, 0.09125702397267393, 0.09005770906429962, 0.09050008742088454, 0.09271798199293856, 0.09103358360239923, 0.08918535203659794, 0.09076517682918481, 0.09181147837751909, 0.09049967421937304, 0.0915913533201839, 0.0907403148854702, 0.09121880793081721, 0.091440686621792, 0.08997735922608273, 0.09130515988485319, 0.09051658965365017, 0.09127874547320117, 0.09043522769092448, 0.09066240066618743, 0.09071613267798437, 0.09041669121041417, 0.09063158616276953, 0.09002076082647073, 0.09109600601910363, 0.09127348228673118, 0.09086183984045954], "mse": [28.045560118602253, 22.51668975779157, 18.006316179209232, 15.89031075784918, 11.159285092894489, 9.035540893461038, 6.856312601647309, 5.32105216341073, 4.246562963784572, 3.469922590847305, 2.4776756908743036, 2.148377789734825, 1.5707963595495364, 1.2618654163144867, 1.0628594189105551, 0.9298376653551592, 0.8087541612355414, 0.7262424590248575, 0.6388010239050046, 0.6285572154942024, 0.6036687087656971, 0.59741881087943, 0.5443227518691836, 0.5229090632878572, 0.5257557988501917, 0.5077456901550514, 0.5029160980430537, 0.4910276877360339, 0.494976762565592, 0.47213247259516705, 0.4713302267499069, 0.46736038082509856, 0.5356093960400841, 0.45759475509880565, 0.4631044108055746, 0.43696909329797473, 0.43557479301606183, 0.43904567198994005, 0.46672655779568767, 0.4338895805025454, 0.4313929712822562, 0.4356416465806796, 0.4424300800028645, 0.4500282839566378, 0.4135460206445419, 0.439378332148134, 0.4337854394114839, 0.4428814905977222, 0.4158290304544108, 0.39946112813748935, 0.40082448791084857, 0.4117909897089622, 0.40971927177345097, 0.39909242288799124, 0.40266179560704013, 0.39412027951312006, 0.400993974371999, 0.4259945701424079, 0.39720226450978696, 0.39277329936864036, 0.3825881760298542, 0.3953997691117912, 0.3892138039391553, 0.3894420505527412, 0.387350969027642, 0.3928183544940693, 0.39434611923214763, 0.39491832444640523, 0.39419812824396105, 0.3937624494274873, 0.38778243090357095, 0.3923111042271404, 0.40044166079607996, 0.3948202351323897, 0.3892758470976848, 0.3936963521045651, 0.40828558644107615, 0.39460633807025464, 0.3941941685256115, 0.39787192171997726, 0.3959294300843763, 0.39808575838781163, 0.38659185887326875, 0.39479860258375477, 0.39122218818662446, 0.3975956163295212, 0.38860792554329493, 0.3964562497669709, 0.3923643882923317, 0.3926956379406339, 0.3926987774615339, 0.383698568501492, 0.3934807873371641, 0.39836182961573485, 0.39749661167324885],