{"bestEpoch": 50, "lastEpoch": 60, "mae": [0.7200814135290945, 0.7542218679253441, 0.6932474537185073, 0.6697283607226562, 0.6448722858396111, 0.6420595631763371, 0.5891139124016237, 0.6668756400458207, 0.6571127381109784, 0.552180678597436, 0.533216614250226, 0.5711121222481997, 0.5444440227936105, 0.5226015192272285, 0.5417023565223829, 0.5056317669944057, 0.5172429511356704, 0.5001723429851439, 0.5396435179992538, 0.4986882755913233, 0.5264322776360716, 0.48995992919287434, 0.5052940365803562, 0.49146943106273316, 0.5339862327004415, 0.5169606497665203, 0.500421663609936, 0.4972390348577795, 0.4793357221967838, 0.4748265565609134, 0.47236539962513696, 0.48592564952870904, 0.47798295720184447, 0.4769322298111203, 0.47918939708048985, 0.4706421218226734, 0.470176406521781, 0.47458986523498875, 0.47052261517239713, 0.47089927517850694, 0.47136421917835364, 0.47173171193699104, 0.47073549608303206, 0.47053930116167075, 0.47028668686447334, 0.47014534223572707, 0.47009507300616327, 0.47000967354445483, 0.4698100204078145, 0.4698858990831564, 0.4699582299292266, 0.4703624002159338, 0.47034102408309864, 0.4702280737300228, 0.47012718233658135, 0.47001640099604175, 0.47003457497437545, 0.4700880444243784, 0.47006217331334943, 0.47008156951935876], "medianabsoluteerror": [0.5867248344421386, 0.6657636642456055, 0.5981179356575013, 0.571743619441986, 0.5351304197311402, 0.5422237157821654, 0.47515056371688835, 0.5782378959655762, 0.5671165204048156, 0.4348114252090454, 0.4136381411552429, 0.4664090085029602, 0.44051259756088257, 0.3984977245330811, 0.42713987350463867, 0.38747595071792595, 0.38763619184494014, 0.3864948141574859, 0.4461007356643677, 0.38209101438522347, 0.393652515411377, 0.3683199107646943, 0.3897016453742982, 0.37639626741409304, 0.4408189535140991, 0.4140601158142091, 0.38897704839706415, 0.3704046511650084, 0.36421043157577515, 0.3552508056163788, 0.35611319243907924, 0.3775501692295075, 0.36411207914352406, 0.35844098925590506, 0.3568749988079071, 0.35142139434814457, 0.35186600923538214, 0.35962708801031107, 0.3517505133152009, 0.3519756507873536, 0.3540146219730378, 0.3548548328876495, 0.3527444887161254, 0.35236166954040526, 0.3519766974449158, 0.3517360055446625, 0.35170218348503113, 0.35155183970928194, 0.3512152874469757, 0.35131010770797727, 0.35155152320861816, 0.35231531858444215, 0.35224672079086294, 0.3520869052410126, 0.3516786575317382, 0.35150641083717343, 0.3515534162521363, 0.3517635381221771, 0.3516459774971008, 0.3516480398178101], "mape": [1.0538512988382571, 1.2282698198082855, 1.0852726610443784, 1.0252473407197364, 0.9519481056502939, 0.9876907953379032, 0.8442874646501133, 1.0661791160324254, 1.0415838393262817, 0.7520174519518392, 0.741485039553673, 0.8451275515319653, 0.8019843553470892, 0.6564518110350951, 0.7651398597766007, 0.6879205818399794, 0.6331526970769756, 0.7026966586330873, 0.8125794743690172, 0.6836423945967048, 0.6165173842683398, 0.6043225747937317, 0.6614834198204478, 0.6662902270842713, 0.7995864327000239, 0.7283694507089518, 0.7121316381276832, 0.6184699417864651, 0.66703855617912, 0.6107973604328749, 0.6302266267670296, 0.6877818943588575, 0.6571153474339024, 0.6181617821234066, 0.5835782369080821, 0.6158049037883441, 0.6261450570184038, 0.6490183325541008, 0.6255741491910521, 0.6298251358371723, 0.636704818264076, 0.6397226311670741, 0.6332512308942573, 0.6318082264250411, 0.6297440067890723, 0.6293048300049869, 0.6293890792218874, 0.6280610548923174, 0.6270486701923754, 0.6286158722747939, 0.6287835146437466, 0.6318366630901371, 0.630696437714528, 0.6293681238956773, 0.6285577309868954, 0.6277863889831248, 0.6280037169774458, 0.6283954638314148, 0.6283653532048679, 0.6287951777990485], "mse": [0.8620022648990611, 0.8661150806038737, 0.7583544506623977, 0.7182779635082502, 0.6843782756514405, 0.6611516061139793, 0.5894326832513561, 0.6823709941184491, 0.6673451643128314, 0.5314097980949779, 0.5030167169762715, 0.5379339685667319, 0.4966187826262871, 0.48917568475551904, 0.5100350423044318, 0.45318899380637384, 0.4934197002384503, 0.4409272866114996, 0.4762957454987041, 0.44439023066600636, 0.5100905003151754, 0.4401817112463407, 0.45117505057799867, 0.4294058738141171, 0.46687180419308755, 0.45418255080826003, 0.4348037005643194, 0.4562650028099566, 0.41166199662843805, 0.41287545478156196, 0.4049179370964796, 0.41363344538628694, 0.41091526024664504, 0.41498975808504707, 0.4239566007070406, 0.4063754217997446, 0.4038327119110296, 0.4064125450596196, 0.4047844564686173, 0.4055677707356417, 0.40465561995354166, 0.404364389150047, 0.40372828717456927, 0.40356479831637476, 0.4036381539750992, 0.4034887416191689, 0.40335469579487193, 0.4034808861902939, 0.40338742482850565, 0.4030190395910876, 0.4032064738077216, 0.40330763910244916, 0.40313683782184023, 0.40330164934889373, 0.4032107223198864, 0.4032897069262261, 0.4033255681867316, 0.4033586056612208, 0.4033560741498775, 0.4033130082789317], "recauc": [0.8325463620877871, 0.824593496523557, 0.8387725141436398, 0.8442419762372139, 0.8500217571147888, 0.8506731263102149, 0.8629877262273022, 0.8448975607056396, 0.8471680289241437, 0.8715758710366406, 0.8759861314261878, 0.8671707123938137, 0.8733728191730444, 0.8784543317433057, 0.8740124509912002, 0.8824009437626668, 0.8797023316741246, 0.8836700872547425, 0.8744892675666853, 0.8840158087753266, 0.8775648781267206, 0.8860465507871578, 0.8824791866986628, 0.8856941813597844, 0.8758053641214909, 0.8797655294324026, 0.8836121395272368, 0.8843538414932289, 0.8885163676911927, 0.8895651326532263, 0.890137597611014, 0.8869837832051136, 0.8888310971988493, 0.8890754389485438, 0.8885506781655127, 0.8905382801792383, 0.8906465414285281, 0.889620066886975, 0.8905660784315222, 0.8904786367153765, 0.8903704184329253, 0.8902850468784427, 0.8905166827201759, 0.8905623535619878, 0.8906211670874424, 0.8906539788913576, 0.8906656684559053, 0.8906854584002196, 0.8907321371859125, 0.890714440017387, 0.890697448409578, 0.8906035132088145, 0.8906085561588087, 0.890634671597094, 0.8906583027121598, 0.8906838573201317, 0.890679773855178, 0.8906672585519894, 0.890673418639785, 0.8906688887073816], "f1": [], "aucrecauc": 0.9879581823585308, "aucloss": 0.4722978080018754, "convergence_rate": 0.8378377372165589}