{"bestEpoch": 18, "lastEpoch": 28, "mae": [1351.9774582043472, 1022.0005015031395, 747.2995623393663, 512.9068768200393, 341.2169698276354, 216.6644230438102, 138.08332732367938, 93.90949516609722, 72.41123507331713, 62.19437716371875, 57.853077252605324, 56.46750415516782, 55.207840291085645, 56.136722361651614, 56.07617243114583, 55.919824991875004, 56.10170681017013, 56.00791373238773, 55.817217100136574, 55.65304430275347, 55.502103294075226, 55.68138870323495, 55.833515818509255, 55.777693137531244, 55.73661206497917, 55.78479904102431, 55.764425704674764, 55.75299918159259], "medianabsoluteerror": [1180.4666743359376, 893.315551703125, 658.227416875, 458.59069782812503, 310.12768571874994, 200.054077328125, 131.40319782812503, 88.54736351562497, 67.46679675781252, 56.41064411718753, 50.79406703125005, 48.544189632812504, 47.27941905468742, 48.2730717031252, 48.11718714843755, 48.06726032812503, 48.429443187500056, 48.12487786718748, 47.87768525000001, 47.71569835937498, 47.45031709375007, 47.53271472656252, 47.97985834374981, 47.79772978124993, 47.82653796875002, 47.93310546875, 47.86950689843752, 47.965942210937556], "mape": [0.8178628628550125, 0.6162876196374979, 0.44970998232117143, 0.30659067832168285, 0.20318410780106627, 0.12905766124275264, 0.08323866471558786, 0.05821276789682693, 0.046248279071055026, 0.040681547298093305, 0.03838931115492583, 0.03769967460240032, 0.03700530678238329, 0.037553809574982465, 0.03749247360573878, 0.03738313754923056, 0.03749767521533768, 0.03743015754745957, 0.037350181276044794, 0.03727639095338715, 0.03718382342243469, 0.037265270385435555, 0.03733690257568627, 0.03732464420629594, 0.03729101480397551, 0.03732515553529357, 0.03730440324680373, 0.03730530333849412], "mse": [2036385.4846269144, 1169823.338013864, 627658.925271502, 299998.7518020742, 134736.15320748935, 55825.09232154092, 23830.13283652578, 11606.052367990767, 7382.495029663055, 5884.299831276869, 5358.60603116151, 5235.706375311438, 5085.8218798415255, 5203.697632221574, 5185.616374611664, 5155.110395312392, 5179.16490220494, 5161.469266029552, 5155.582200640974, 5140.800280536846, 5122.912651749184, 5140.107399247514, 5149.282704075718, 5147.864257638237, 5140.371501797139, 5144.273615067842, 5145.160462805271, 5144.346370467212], "recauc": [0.3262051686650146, 0.4785186518651865, 0.6186863871572342, 0.7382864656836055, 0.8258927374218903, 0.8894459668189041, 0.9295427468672792, 0.9520814155489624, 0.9630518459253332, 0.9682643375448656, 0.9704799665151701, 0.9711875039355787, 0.9718299385494106, 0.9713553429417016, 0.9713870498160927, 0.9714670874494857, 0.9713735077211425, 0.9714213347260652, 0.9715195075063062, 0.9716027750923241, 0.9716790197538272, 0.971588136591437, 0.9715093731595381, 0.9715393317109489, 0.9715607264430147, 0.9715354794738733, 0.9715464435332423, 0.9715522811540412], "f1": [], "aucrecauc": 0.9347478985070091, "aucloss": 127605.98904114337, "convergence_rate": 0.9037133897751918}