{"bestEpoch": 25, "lastEpoch": 35, "mae": [], "medianabsoluteerror": [], "mape": [], "mse": [], "recauc": [], "f1": [0.01616678898703674, 0.0170574139545418, 0.016897205617005064, 0.014356832243194067, 0.016024392022592364, 0.014637800246384973, 0.02065837202849629, 0.013722403305136825, 0.015608443192322598, 0.020007057471710443, 0.015196154750516135, 0.012813327061705421, 0.0216567345721659, 0.024053652497406895, 0.028438311147451732, 0.02533638691599173, 0.023039364229188623, 0.027147666000448545, 0.028397158198689276, 0.02351733024419959, 0.021588418733642346, 0.033216546647893884, 0.029432648337473218, 0.026696720976177292, 0.028451599131621548, 0.028577929049248836, 0.029511206442611418, 0.030012188364442072, 0.03122932242042338, 0.031263805071877086, 0.03211841192330519, 0.031030924655802927, 0.03157612383375435, 0.032463688882463045, 0.03171703052279939], "f1auc": 0.7257876788776464, "convergence_rate": 0.5535809278770076}