{"bestEpoch": 13, "lastEpoch": 23, "mae": [], "medianabsoluteerror": [], "mape": [], "mse": [], "recauc": [], "f1": [0.3162631227100025, 0.3114798591602227, 0.3392171147883497, 0.35308195482715393, 0.3620059585631088, 0.3635514062414427, 0.3431221704835501, 0.3638582964223581, 0.37433829600303015, 0.37524156252587143, 0.3887027767031254, 0.3659611000299747, 0.3796954848187587, 0.3734982515079887, 0.36338278784630573, 0.36798084521769103, 0.3555538919597734, 0.370799075841821, 0.3677804837757501, 0.3648455127161311, 0.36231692854100866, 0.36293831246269637, 0.3619804784417581], "f1auc": 0.9294872291075056, "convergence_rate": 0.6450728525801092}