{"bestEpoch": 60, "lastEpoch": 70, "mae": [], "medianabsoluteerror": [], "mape": [], "mse": [], "recauc": [], "f1": [0.01888836739750618, 0.10250417488358107, 0.16095030160687404, 0.13385204773908888, 0.24567246739003046, 0.2530095773991942, 0.24194141641680814, 0.2570104158814001, 0.23691172718979314, 0.21526418383611315, 0.18571618794758185, 0.30115071993954934, 0.2692691146259785, 0.27941001903555746, 0.317901623285078, 0.33158759385283915, 0.20982135036049904, 0.3320126571540246, 0.32814385864873014, 0.23171649388981388, 0.4138151938223286, 0.41402043935380006, 0.41967003317661733, 0.4235913378844075, 0.41473736559181473, 0.42300299810662206, 0.42095234119850716, 0.4266150444079461, 0.4241883047238411, 0.4322277336272791, 0.43441913802332555, 0.4268456062516765, 0.4286194578290059, 0.41695488409270226, 0.42902300316121367, 0.42478647760785154, 0.4414409069052521, 0.43058505324739677, 0.421294223366071, 0.4389546275042152, 0.4355638444168828, 0.4263907187060257, 0.44643521872752145, 0.4173842083478272, 0.45039179641344973, 0.45535229637728913, 0.45767054325910445, 0.4502403623657135, 0.45545647005717543, 0.45476873709328414, 0.4581061430810494, 0.457648755381782, 0.4583962747667325, 0.4560406279365721, 0.4556129478518295, 0.45854837856505376, 0.45775338479437117, 0.45768004999339057, 0.45789740044227356, 0.45756780118272167, 0.4577979786248721, 0.45800402366663967, 0.45788316933168466, 0.45850214745812845, 0.45735723169096276, 0.4575222116456668, 0.4575411633263989, 0.45783437376386493, 0.45688432317213024, 0.45807640960175844], "f1auc": 0.8382566614432364, "convergence_rate": 0.8313079567051219}