{"bestEpoch": 32, "lastEpoch": 42, "mae": [555.8128937641377, 561.092405573449, 554.8630175330729, 555.7971302537408, 562.6504713829432, 557.3666117537281, 550.3618486429051, 552.167145481456, 549.9854939343982, 553.4498518975278, 556.0094958503796, 540.6729460641794, 550.9344634072177, 549.4919946936643, 545.9275184375706, 538.9526134549571, 538.4857135715544, 542.8842360340846, 545.9623677243785, 546.3942897255532, 550.004727677522, 553.5309744051158, 554.7226237829607, 557.852585480618, 557.6784402624352, 561.5591149943913, 563.8796842216135, 561.856821735618, 566.6651606570034, 565.3997070617883, 567.9431971701874, 565.5262236083148, 568.9609729392489, 565.9977909735197, 567.5048573250625, 564.792845824618, 569.4980988447651, 568.6251286654514, 569.2460562560949, 568.6306609635926, 568.911934419941, 569.1769186692245], "medianabsoluteerror": [424.7183226992188, 428.11608933593743, 423.8338623046875, 425.4753422031249, 431.52038609374995, 426.8721926718749, 423.5411377578125, 423.5891724179687, 421.4493409375, 426.0694581953121, 427.45776361718754, 420.0001221250002, 424.60376023437493, 422.7755129843749, 423.93963641015625, 431.65942388281246, 432.6744992226563, 444.639404296875, 445.67138666406254, 446.1083982031248, 452.8790280312501, 461.63513165625, 461.8859867343749, 467.99963384374996, 466.33264165624996, 471.805908140625, 474.90563941406253, 469.177490171875, 474.87683140624995, 474.29345726562497, 477.12457316015616, 472.98022414062507, 476.8131106484375, 474.17016624999997, 474.8341063828125, 471.5323489296875, 479.089355765625, 477.8099368203125, 479.1492917031251, 477.0643313515625, 478.77087385156256, 478.85021984375], "mape": [0.3200643139730679, 0.32253966792888944, 0.32107633748094994, 0.32165406081174713, 0.324231550859779, 0.32252737651975594, 0.3208793795692579, 0.32200398417994397, 0.32144673135595453, 0.3233386817491717, 0.3241441931291865, 0.32088544141047737, 0.3244133733028924, 0.32458936722002435, 0.3240625554818441, 0.32528035778581776, 0.32970643984048453, 0.33944988729007575, 0.3392136035858612, 0.3403861140380623, 0.34534826596002144, 0.3504544845381369, 0.3510139190734368, 0.3549214379401476, 0.35430102092365384, 0.35955594327269363, 0.36219809138409126, 0.3585260472636693, 0.365316604916411, 0.3632198695540199, 0.3667439558416861, 0.36228168773863306, 0.36723176407780367, 0.363692211501775, 0.3653150139436638, 0.3621675528027202, 0.3680783483472256, 0.3670699916603573, 0.367920835661602, 0.3669222070298006, 0.367375034367409, 0.3677573003091937], "mse": [507687.4264458019, 516256.9981303003, 504900.7516469022, 506310.28629736265, 518015.907659033, 508768.9635393432, 496255.5680685244, 499099.41983372316, 495357.80308002135, 500666.6398528164, 505042.6968603927, 478511.3737844522, 495330.8546616666, 492725.71567871753, 487048.6855728665, 474635.99838793196, 472696.99998356984, 478951.25311057566, 484402.96903834265, 484771.01124784077, 490774.8284266958, 496664.85512513766, 498893.8642132088, 504039.2244816707, 503884.6665663875, 510627.5915103685, 514785.9460633225, 511471.4338627302, 519703.6449892495, 517677.5856681435, 522079.2707490306, 517898.3506844348, 524009.15168343746, 518778.3241325642, 521483.7257543985, 516623.6657277973, 525024.2161302638, 523473.55693869194, 524554.6447374396, 523509.4055735902, 523992.11828439403, 524451.8693865873], "recauc": [0.7165319494912454, 0.7138677423297884, 0.7170080563611917, 0.7165360091564711, 0.713080937723402, 0.7157451152522659, 0.7192756757157196, 0.7183645179332747, 0.7194666281442958, 0.7177151344764107, 0.7164255981153671, 0.724168046434273, 0.7189789941957159, 0.7197068743911428, 0.7215125660714219, 0.7250333033303331, 0.7252587036481426, 0.7229979886877577, 0.7214401143818086, 0.7212132028017616, 0.7193671367136714, 0.7175658899223256, 0.7169594589088539, 0.7153616991328761, 0.7154511006656221, 0.713470132198405, 0.7122904734917936, 0.7133220877643319, 0.7108765395058025, 0.7115198630974209, 0.7102290969837723, 0.7114571012656822, 0.7097136972956556, 0.7112174032218037, 0.7104545121178786, 0.7118301756101537, 0.7094423812751645, 0.7098854774366326, 0.7095693865682865, 0.7098830179314226, 0.7097395961818402, 0.7096055383316109], "f1": [], "aucrecauc": 0.9867116662114416, "aucloss": 505506.5759915496, "convergence_rate": 0.3890577196693895}