{"bestEpoch": 37, "lastEpoch": 47, "mae": [0.3902418875118718, 0.37472365047892403, 0.3705144317432916, 0.3635254915348983, 0.3533030168899574, 0.36565907009592163, 0.35776013729767187, 0.3556047384093266, 0.3516487365766435, 0.34096974539166314, 0.33983298270603324, 0.3437238062862093, 0.3387888635742131, 0.34606522019957364, 0.3555672255728985, 0.34124159177627067, 0.3398997591150066, 0.3358994416666722, 0.34095414211754066, 0.33517074654264917, 0.334777290205531, 0.3344761318243775, 0.3321216961285154, 0.34106466567565374, 0.3350667493479849, 0.3355294734995919, 0.33540832469704895, 0.33647240397056355, 0.33247929379076796, 0.3357802794984251, 0.3315030213129519, 0.33371225198104487, 0.3315427429526026, 0.3329933739000535, 0.3315924825287102, 0.33175505476269274, 0.3315971546363624, 0.33082615867697324, 0.3328178124194756, 0.3342972979291208, 0.3318854485177888, 0.33257030738450705, 0.33246694888606515, 0.3318895635639184, 0.3318778156932743, 0.33235765138338386, 0.3317395788393331], "medianabsoluteerror": [0.2989989757537842, 0.2879244089126587, 0.2953233957290651, 0.27319592714309704, 0.2667765140533447, 0.29635718584060666, 0.28038005828857415, 0.2841292715072632, 0.2743935346603392, 0.26114474296569834, 0.2588269233703614, 0.2546925783157348, 0.2574898433685304, 0.27404381990432747, 0.281031322479248, 0.26387423276901245, 0.2603347778320311, 0.25890812873840335, 0.2674639034271241, 0.2590169906616211, 0.25826216936111457, 0.2575059843063354, 0.25242278575897215, 0.2659769773483276, 0.25751559734344487, 0.25803943872451773, 0.25878012180328364, 0.2616429328918457, 0.2536758661270142, 0.25623062133789065, 0.25248175859451294, 0.2540269732475281, 0.2501142835617066, 0.25629360675811763, 0.24996350288391112, 0.2524138951301575, 0.2530796766281129, 0.2509429860115052, 0.25664885044097896, 0.2570535945892335, 0.2519637823104859, 0.25465728759765627, 0.2544565796852111, 0.25347409009933475, 0.25403753519058225, 0.2554023027420045, 0.2532157897949219], "mape": [0.20343318737045593, 0.19978220030146074, 0.2003164950548351, 0.17985122691530703, 0.18084201455427518, 0.2004782499153534, 0.1854816099642578, 0.19172987855489743, 0.18754130710822461, 0.17395986058703414, 0.17572621274127695, 0.17230303182744225, 0.17464488648029025, 0.18113555377106555, 0.18767467114264608, 0.18085486737461873, 0.1759221610422502, 0.1748482239972187, 0.1801677670715541, 0.17534409711126547, 0.17376137105445033, 0.17253378855581494, 0.17022101158435377, 0.180657897949021, 0.17294242331269172, 0.17308437986425726, 0.1760416407267985, 0.17607235238444507, 0.17174572721800227, 0.1751046268849775, 0.16873329812880705, 0.17161295410026464, 0.16917243035519106, 0.17173056266814257, 0.16677119500034152, 0.17055359630960024, 0.1702308053068515, 0.16861114587647122, 0.1731962471440087, 0.17337438908199257, 0.1706672716282579, 0.1721161850511006, 0.1716492380237314, 0.1709461238087877, 0.17104109649248855, 0.17152417653911275, 0.17094648291820116], "mse": [0.28036681404578206, 0.2566835590178767, 0.23984005247041276, 0.24733923946918673, 0.23100668392637175, 0.22963833738075837, 0.22953059046573554, 0.22130036830393437, 0.22025997017468324, 0.21419908577419008, 0.21435834231187892, 0.22158051539279675, 0.21020596798125876, 0.21168743633299714, 0.22153214985807274, 0.21015691629931138, 0.2125486954511703, 0.20572506025073092, 0.20733455819628457, 0.20430674041847313, 0.20481833042695344, 0.20485585407188758, 0.20442917419303833, 0.20828719477953422, 0.20557446242195063, 0.2054721176838726, 0.20404697303270558, 0.2047346366559306, 0.20362185005151362, 0.20565767622047246, 0.20397892076592092, 0.20705985983980577, 0.20495994517852692, 0.20223043821478107, 0.20475388789045976, 0.2025991137566618, 0.2019565878533209, 0.20322918441519316, 0.2016386846231882, 0.20369657118959597, 0.20338137734389422, 0.20244232071794363, 0.20277752737099478, 0.20261961523751942, 0.20237961072151778, 0.20244744996571426, 0.20196192442532931], "recauc": [0.9092369910553008, 0.9128462632198534, 0.9138252333562803, 0.915450756215463, 0.9178282437628698, 0.914954701777668, 0.9167916325353023, 0.9172928568343248, 0.9182128049183198, 0.9206967822804916, 0.9209610418885982, 0.9200561752160974, 0.9212039723746864, 0.9195118019707528, 0.9173016703984841, 0.9206348557580525, 0.9209461719136179, 0.9218768974307461, 0.9207015817303827, 0.9220465352245029, 0.9221381163804142, 0.9222084637992009, 0.9227561129857209, 0.9206756751933088, 0.9220718599137265, 0.9219635323500134, 0.9219912925335177, 0.9217445371132, 0.9226742621487785, 0.9219046046226427, 0.9228991044795632, 0.9223863968991957, 0.9228913804228545, 0.9225537401563478, 0.9228794011400632, 0.9228411952508888, 0.9228780117001144, 0.9230573946504904, 0.9225948478659488, 0.9222504395113329, 0.9228115941389401, 0.9226518127841778, 0.9226762885478493, 0.9228103276395209, 0.9228129692711546, 0.9227011702272342, 0.9228449597746854], "f1": [], "aucrecauc": 0.9974650719446365, "aucloss": 0.21204452181162126, "convergence_rate": 0.8307059221043919}