{"bestEpoch": 4, "lastEpoch": 14, "mae": [515.3482677520752, 521.6668224577453, 514.8706838401238, 511.46888461414, 542.3164610570209, 555.6026989947188, 532.3757654919143, 524.2099938985093, 547.7086093137824, 540.6463914860915, 542.8802999245394, 535.3000789319399, 540.0147079106505, 541.9959315252025], "medianabsoluteerror": [434.11462385156256, 440.09790056249994, 432.64306664062497, 429.88415574218743, 457.99621599218744, 468.7797236523438, 444.64971923828125, 437.28039556249996, 458.63940435156246, 453.55944829687496, 456.0407718906249, 448.82952898828125, 453.19751011718745, 455.0323486328125], "mape": [0.2939091577249501, 0.2980212442294961, 0.2938063156042559, 0.2919761023612289, 0.31190802957189045, 0.3207766679339059, 0.30595438064225594, 0.3007669605310684, 0.3159386542592444, 0.3114780142605442, 0.3130063972383652, 0.30815182224781845, 0.3111520349760661, 0.31239543589595065], "mse": [340350.4927395656, 346844.6217647019, 338690.72787760955, 333572.97701577266, 367015.3831021432, 381027.6903276418, 353579.6232079424, 344108.0128690042, 370650.70043748326, 362250.49636564567, 364515.39727517107, 355734.28108663333, 361215.5835775077, 363581.85698550416], "recauc": [0.737041333763006, 0.7338165372092765, 0.7372849136765528, 0.7390200797857563, 0.723280283583914, 0.7165011464109373, 0.7283525537738958, 0.7325193408229711, 0.7205289862319566, 0.7241323984250277, 0.7229934400847492, 0.7268607008849033, 0.7244549491986235, 0.7234437369662893], "f1": [], "aucrecauc": 0.9846706390935832, "aucloss": 356243.9745976763, "convergence_rate": 0.4969181068511592}