{"bestEpoch": 10, "lastEpoch": 20, "mae": [], "medianabsoluteerror": [], "mape": [], "mse": [], "recauc": [], "f1": [0.330429699009531, 0.3475851889211274, 0.34772159974881617, 0.36152660292906785, 0.3499803154147263, 0.367783184985176, 0.36104098432524073, 0.36559624539469265, 0.3697506346905617, 0.35293195266582245, 0.35585619385198464, 0.3581223515149534, 0.35986088183508547, 0.3699711787081126, 0.36782658035572197, 0.36927823755596434, 0.37208707606002506, 0.36854758252044156, 0.37235784020191576, 0.3741645874233856], "f1auc": 0.9663804879650905, "convergence_rate": 0.7123753756753026}