{"bestEpoch": 13, "lastEpoch": 23, "mae": [1159.6520236475983, 845.9846544415735, 659.9046318794699, 584.7122002240728, 559.5428742503402, 555.8095939947511, 558.8219750377951, 561.8895403052269, 564.1666712545984, 565.1867488196413, 565.6575029794908, 565.690148504971, 565.5494409674249, 565.9074132440765, 565.7010252593379, 565.6957058151389, 565.9499227020196, 565.9003058765937, 565.9920907614746, 566.0439025744028, 566.0089195557396, 566.05628339747, 566.0415012432084], "medianabsoluteerror": [1014.4988707871094, 737.1177977421876, 526.8628538867188, 451.41577183593745, 436.2702634921875, 450.9691159140624, 464.216430484375, 470.06835978906247, 472.93139631250006, 473.18865960546873, 472.3205568750002, 473.2883303125002, 472.5065920312502, 474.10546892187494, 473.2459719765625, 472.4519045312502, 474.25769060156244, 473.85754411718744, 473.9627681406248, 474.9747315625, 474.8778688242187, 474.2189937265623, 474.4647212656248], "mape": [0.6759831682461394, 0.4715383806329101, 0.36542843009744985, 0.3358581230022435, 0.33505088793167387, 0.34320449711455514, 0.3516264007630964, 0.3573744626813937, 0.36085291083231413, 0.3622820886059634, 0.3629317599454599, 0.3629309897976388, 0.3627915944000732, 0.3632556152438451, 0.3630030455505422, 0.36297843287026055, 0.3632836065659048, 0.36325516624836995, 0.36340267591822745, 0.3634728064960531, 0.3633697177905385, 0.3634566091725257, 0.36343469822322044], "mse": [1635680.3434022567, 1019640.1021619857, 691828.6614202362, 553613.5993783417, 506742.7870430839, 499923.67821264255, 505317.78632332425, 511318.1869142346, 515478.676108387, 517302.99557292246, 518147.5069900732, 518213.724659059, 517946.5535167591, 518594.7868905313, 518265.7643043648, 518249.41160701076, 518672.5889510261, 518601.2351613336, 518750.32590915763, 518868.27149112447, 518785.4889328909, 518870.5785360442, 518836.78269161104], "recauc": [0.42179551288462175, 0.5719246739488764, 0.6641346356857908, 0.7019619147099895, 0.7145981264793145, 0.7164331544265536, 0.7148724205753908, 0.7133033303330334, 0.7121453775007129, 0.7116277553681295, 0.711388827771666, 0.7113720260914981, 0.7114440925574039, 0.711261852111137, 0.7113671070810784, 0.7113689146692447, 0.7112400128901779, 0.7112647264726473, 0.7112199219921991, 0.7111928674348917, 0.7112090468306089, 0.7111867334881636, 0.7111947935534294], "f1": [], "aucrecauc": 0.9721780345872131, "aucloss": 573654.148778703, "convergence_rate": 0.9336666771500534}