{"bestEpoch": 17, "lastEpoch": 27, "mae": [871.6395413884837, 599.0072065543993, 397.8110854602165, 320.6950056529051, 240.05650181909954, 185.22477408165622, 148.17281938252316, 122.6983771454051, 105.09232034147107, 94.12340024187154, 86.22653073992707, 83.52840031487386, 76.8855039379757, 76.1678749587419, 77.66493521564006, 71.30412443359954, 68.39247308320718, 73.227712938375, 69.30712177365163, 71.73595496239237, 67.48375010018866, 68.57043640734838, 68.32694414692709, 70.5989649094132, 70.37827259886458, 70.12617015029862, 70.19518322538542], "medianabsoluteerror": [766.5110477773437, 532.4551388085938, 361.6198727578126, 291.9744870156251, 221.6829838046874, 174.126342953125, 141.49682664062493, 116.82714796875007, 99.3251953125, 88.76074235937494, 80.26354939843759, 78.86352545312502, 70.99182100000007, 71.03540079687491, 73.38134806249991, 66.17065412500006, 62.66845697656231, 68.38244599218751, 64.52587907812494, 67.06347685156243, 62.44995106250008, 63.49316370312499, 62.71630864843769, 65.67724650781247, 65.33288533593759, 64.71960472656247, 65.00988792968747], "mape": [0.5260209415493946, 0.3584655973291549, 0.23443922717465318, 0.19114862208762712, 0.14316309861790463, 0.11062020930055197, 0.0890169161749118, 0.07441762091524023, 0.06440328736193628, 0.05832500330742144, 0.05367689007552853, 0.05237959248613328, 0.048368973944322845, 0.04820897766916492, 0.04927714312302369, 0.04524892321861069, 0.04375059728569876, 0.046723957468610605, 0.0446491159995772, 0.04585527431643834, 0.04357210053711365, 0.044160815335050035, 0.043899477495103215, 0.04525292765241654, 0.045124957154558464, 0.04495314343665098, 0.04499862506980031], "mse": [849584.0663184472, 407994.39232732065, 186780.50050086697, 119048.23021034793, 67767.26174244074, 41385.9252830709, 27198.480635636988, 19066.392065513417, 14291.038017040357, 11669.647122871178, 9961.227219009197, 9429.87359213299, 8192.210474094265, 8039.111990861771, 8267.022608494799, 7211.728239213853, 6801.666105141585, 7523.286411933188, 6894.900297523015, 7301.04905928687, 6623.656565220985, 6784.357705182821, 6765.034554104582, 7093.8270816670865, 7069.838886915165, 7039.761007443859, 7048.21039549471], "recauc": [0.5552409611331504, 0.6943538353835383, 0.7970146496131094, 0.8363631177932608, 0.8775104028921411, 0.905488667385257, 0.9243942616483871, 0.937392391090961, 0.9463760746445015, 0.9519729602589889, 0.9560019261185377, 0.9573788638123072, 0.9607687139084279, 0.9611348245935705, 0.9603706296555581, 0.9636172654302467, 0.9651028954747327, 0.9626350635063505, 0.9646356487500602, 0.96339656187841, 0.965566971511966, 0.9650120123123422, 0.9651367358958118, 0.9639772421686613, 0.9640890459416313, 0.9642183625769984, 0.9641820626507095], "f1": [], "aucrecauc": 0.9573339309850023, "aucloss": 55558.32915616562, "convergence_rate": 0.8996010405812769}