{"bestEpoch": 40, "lastEpoch": 50, "mae": [], "medianabsoluteerror": [], "mape": [], "mse": [], "recauc": [], "f1": [0.004963859118212882, 0.0028142993806663202, 0.002462141241489679, 0.010118644047704371, 0.013033861875922838, 0.007383296889905996, 0.018366233629953526, 0.019367725726855294, 0.022414722258611543, 0.026541784767217788, 0.024415974358670885, 0.029896314096636394, 0.028815473598171076, 0.032133006858013215, 0.03100186033065726, 0.03734723964355548, 0.035217925009466626, 0.033705464281255294, 0.04160033926085221, 0.044058240967916086, 0.04599117488548222, 0.0455375373268118, 0.04747460171853911, 0.05266901571127733, 0.05280700028381171, 0.05387117309354192, 0.05614546391171293, 0.0594276168786269, 0.06354751037830322, 0.06066939018419849, 0.061988925845349374, 0.0654372664210248, 0.058335831686761846, 0.06368304236132158, 0.06449372233150039, 0.06335067476564683, 0.0656018751442741, 0.06564624208849248, 0.0654319379742633, 0.0654054013670138, 0.06573724494528616, 0.06522341262453625, 0.06562486142469318, 0.06548486653288704, 0.06570497879686946, 0.06542395397409699, 0.06525050232327662, 0.0652620802665418, 0.06526091709726778, 0.06549748423642239], "f1auc": 0.7023674773923531, "convergence_rate": 0.6907860928378315}