{"bestEpoch": 10, "lastEpoch": 20, "mae": [], "medianabsoluteerror": [], "mape": [], "mse": [], "recauc": [], "f1": [0.22776931009483292, 0.26374520385281797, 0.27501886034778633, 0.29052441210301616, 0.2721881017809256, 0.31876029443984805, 0.307831680255699, 0.2758744891576, 0.3023850718383239, 0.30930555504430923, 0.33489749315760015, 0.30253607208216954, 0.25506211189650985, 0.2580120677314462, 0.3092441055615846, 0.28681885103523114, 0.2916349666294006, 0.273943222308047, 0.2881189611628042, 0.29829949446925197], "f1auc": 0.861054664346882, "convergence_rate": 0.5656376943413035}