{"bestEpoch": 32, "lastEpoch": 42, "mae": [], "medianabsoluteerror": [], "mape": [], "mse": [], "recauc": [], "f1": [0.012278678263560789, 0.012916493139099384, 0.015450202771188495, 0.013444689052174889, 0.012940151414888091, 0.012942754886099892, 0.0341171608987339, 0.04829263956194939, 0.046486639992196245, 0.06680957706523565, 0.07213882340816324, 0.07878197853228604, 0.08701829741527671, 0.09840821424885811, 0.09270651713538697, 0.09867685830257258, 0.10643194578116744, 0.12001207484893772, 0.1253170787104234, 0.12037630197058047, 0.12680083813147466, 0.1374478769538949, 0.12165621053236839, 0.14263853031105433, 0.14499782637677855, 0.14830559735037283, 0.1536557355998244, 0.15374484718736442, 0.1470729918980541, 0.1552891370707228, 0.15265102174159773, 0.1527597956719379, 0.15103258450570808, 0.1504426354491781, 0.15036152297932126, 0.15176761190704205, 0.15206989355033598, 0.15253938825541746, 0.15234120256863082, 0.15229563903958515, 0.15265177099121183, 0.1531023729045396], "f1auc": 0.6986937582786001, "convergence_rate": 0.6728240251712586}