{"bestEpoch": 52, "lastEpoch": 62, "mae": [1372.3664124551071, 1271.0667915828922, 1183.3283963689526, 1110.4373399905526, 1047.902510292202, 987.0012462857638, 932.0513368167245, 875.0959980309173, 825.2766316120081, 774.3025619505497, 726.2995073625144, 680.2966457088686, 634.2155853699653, 588.4030902349549, 549.7666823937489, 509.73980997963884, 470.4994723230984, 438.4063100869769, 402.8856622824873, 372.2342346743773, 343.54736014551395, 318.8192366099363, 293.4531463506806, 270.77822856242824, 247.9993403249815, 229.46721053264469, 210.30917671490857, 192.61756006993173, 176.2218567637303, 162.48231629115858, 149.62628910875, 137.40788508530673, 127.92916074789815, 119.0223796949132, 110.28362665674652, 103.09304048463889, 96.29994085803125, 90.9991529180868, 86.21057873489931, 81.86995706435995, 78.11805694296528, 75.20601457048265, 72.52147004506367, 70.18844215932292, 67.73784178957061, 65.88996364278357, 64.70618237528703, 63.510939193603015, 62.53549140325463, 61.355610706491895, 60.415016233410874, 59.83696950293172, 59.32629929300579, 58.78639139721065, 58.534182087805554, 58.11323798629977, 57.87074082602547, 57.84438772657755, 57.853310053467595, 57.65544156371297, 57.66855542409954, 57.66959662027084], "medianabsoluteerror": [1203.0896449169923, 1113.145385625, 1035.4790644726563, 971.296875, 916.3349609375, 863.5227051328125, 815.6815184375, 766.2942504335938, 725.5966798671875, 681.0339963476563, 641.5375972500001, 601.5122676523438, 562.2454833984375, 523.5000004062499, 490.1060178320313, 456.5881349453125, 422.3068844765626, 395.9637454140625, 364.30908179687503, 337.21789597656243, 311.9907228906252, 290.2557376015625, 267.38989274999994, 247.81347679687497, 227.86865228124998, 211.53295928125, 195.425659359375, 180.19958454687503, 165.52783238281245, 153.54541044531243, 142.433227359375, 130.55664109374993, 121.31396513281243, 112.75793451562504, 104.00659173437498, 97.27246122656243, 90.40991170312509, 85.48364210937507, 80.89331025000001, 77.01062053124997, 73.49609363281252, 70.55749500000002, 67.83105421875007, 65.33276337500001, 62.61828642968749, 60.6949462890625, 59.10278314062498, 57.7945556640625, 56.58630329687503, 55.09729045312497, 54.09387235937493, 53.40869169531243, 52.64965832031248, 51.90466302343748, 51.69677704687501, 50.948119945312556, 50.56872587499993, 50.52502453124998, 50.61584484374998, 50.28930657812498, 50.39013713281247, 50.23938029687497], "mape": [0.8327926786467315, 0.7699346311621957, 0.7157065992188493, 0.6708482334969132, 0.6325051656459134, 0.5953087064936403, 0.5620846974641345, 0.5271456796964967, 0.49699516544719047, 0.4659030304104459, 0.43678880146253324, 0.4087699512140358, 0.38064227463892397, 0.35256185351426944, 0.3292405905739657, 0.3047882829747827, 0.28082400839037835, 0.26158785833657794, 0.24001471413625783, 0.22168177001650732, 0.2045788357229576, 0.18990466925596108, 0.1747286246944087, 0.161273066882919, 0.1476611548519767, 0.13675640795928268, 0.12541602668047866, 0.11497967999916398, 0.10535047809048928, 0.0973393566609584, 0.08989417276589363, 0.08283210272572317, 0.07747231593755859, 0.07242821244037795, 0.06745977493217371, 0.063403651489325, 0.059551233733518866, 0.05657596210467167, 0.05388783398357181, 0.051504391819268865, 0.04942355539494481, 0.04781035928500117, 0.046331919631659134, 0.04506019787691261, 0.04371335545734911, 0.04271641922413115, 0.0420896157816813, 0.041425772490335154, 0.04090888188536359, 0.040260997052341055, 0.03978727745056558, 0.039445498528955104, 0.03922160973917031, 0.038918665899046204, 0.03880988758285501, 0.03855110175092388, 0.038427188776831676, 0.03842416321684907, 0.038427366537787847, 0.038320095537133156, 0.03832976898626958, 0.038329425003521725], "mse": [2086054.2490669503, 1795102.2688689716, 1559965.1474465071, 1376475.5060542033, 1227728.2666818355, 1090571.4272199092, 972687.8964143979, 859205.328129095, 764500.5875321242, 674025.0075519576, 593662.0140942488, 521727.2738314163, 454513.4531190828, 392615.5047065537, 343255.4544059352, 296153.0450701011, 253440.4193071946, 220364.62540411658, 186932.5341229592, 159935.18555063452, 136545.9253822939, 117810.50262515679, 100232.83938452681, 85680.12014439213, 72352.09105672452, 62224.68458013546, 52645.52213198432, 44558.61654908531, 37672.492205165465, 32343.393216382214, 27701.352193781957, 23620.545488537657, 20621.562520856514, 17998.05925875575, 15605.641032254907, 13768.339841551016, 12159.732314105613, 10962.85588938268, 9953.998669302982, 9079.138872356216, 8381.513233125997, 7859.742138011021, 7404.051778105134, 7026.348394547398, 6654.788272225358, 6386.13575548707, 6224.002296867813, 6056.765656623849, 5922.8803144375115, 5774.685768360211, 5663.566127079169, 5587.560417294342, 5545.8837263696405, 5475.3008372438835, 5453.647478010345, 5392.569477236275, 5371.879572009256, 5370.979325658772, 5372.733567439071, 5352.840593812808, 5354.3656228821455, 5354.388690312571], "recauc": [0.3163460642360532, 0.35921023213432457, 0.39866432569182847, 0.43376177617761774, 0.46530218947820706, 0.49637762294747995, 0.5244157156456386, 0.5534782070799672, 0.5788980527682399, 0.6049083575024169, 0.6294023328258752, 0.6528745467139306, 0.6763885721905523, 0.6997640356628255, 0.7194778885295937, 0.7399030125234747, 0.7599247776629514, 0.7763012893881981, 0.7944260055635193, 0.8100653769080611, 0.8247036407344438, 0.8373203098087586, 0.8502645671974605, 0.8618341389694525, 0.8734572272042019, 0.88291292832987, 0.8926890170498532, 0.9017161716171617, 0.9100816303852607, 0.9170920203131424, 0.9236530023372708, 0.9298865145773836, 0.9347240057339068, 0.9392678082623077, 0.9437273949617184, 0.9473959692265523, 0.950862360310105, 0.9535671641238198, 0.9560107269986257, 0.9582257040518867, 0.9601402955110326, 0.9616261329836687, 0.9629953662032871, 0.964186211213714, 0.9654359361862113, 0.9663789045571224, 0.9669836168802066, 0.9675924185011094, 0.9680907794483152, 0.9686933285921184, 0.9691726654146896, 0.9694677764072703, 0.9697280098380209, 0.9700045411948601, 0.9701325836287332, 0.9703467680101343, 0.9704709582069317, 0.970485330014483, 0.9704804110040632, 0.9705809840243284, 0.9705742277931497, 0.9705731906523987], "f1": [], "aucrecauc": 0.8585353553789418, "aucloss": 259339.91669015467, "convergence_rate": 0.7948641204786414}