{"bestEpoch": 70, "lastEpoch": 80, "mae": [0.5614015378884094, 0.5095815108561491, 0.49544451926690053, 0.4829610990078393, 0.48282127457306717, 0.6248123530788271, 0.4714953426209013, 0.46552492370729875, 0.4596568788403381, 0.45329127891179094, 0.4520491691868288, 0.4517555911230787, 0.4499852902038868, 0.4492111501520211, 0.44884254332469414, 0.451950125623887, 0.4475104664757699, 0.44772294301819726, 0.44821017745267144, 0.4456303021443737, 0.44540263842848865, 0.44461976168207235, 0.4434475244789896, 0.4441965399760787, 0.4428646712625636, 0.4442550557362759, 0.44398280479962826, 0.44399258503584854, 0.44311466038615854, 0.4414135416144159, 0.44190100268158683, 0.4418723336045291, 0.4411848784720738, 0.44222534787315215, 0.4409760424577613, 0.4402865709572611, 0.4411057176927173, 0.4403962132204778, 0.44094047749365806, 0.44040778261912145, 0.4417108080045816, 0.4408209652087143, 0.44155276644242164, 0.44125693007265215, 0.4407065295289154, 0.4404465454859788, 0.4395362004110832, 0.4395508502628891, 0.43957396524287234, 0.4393820779003558, 0.4394669598253003, 0.43994361528448334, 0.43899266170628737, 0.44000601825786134, 0.43945255313916504, 0.43913833038364125, 0.4389588947440192, 0.4402512075808545, 0.43909322867637396, 0.43940968362891386, 0.44000701678400794, 0.4396049683338745, 0.4390110385160122, 0.4393611312771924, 0.43961471836877125, 0.4386583148021285, 0.43906922697243395, 0.4395921803241, 0.4402345569936672, 0.43953100013601953, 0.43955982635817575, 0.43996020890657245, 0.43918349175693816, 0.4401267624949001, 0.4393180443010419, 0.4401361440572794, 0.4392646739788167, 0.43991549392357093, 0.4399710301472238, 0.4398080832844455], "medianabsoluteerror": [0.4574575424194336, 0.4073958396911621, 0.4049551486968994, 0.40133190155029297, 0.3779311180114746, 0.48604488372802734, 0.3730902671813965, 0.37284016609191895, 0.37096738815307617, 0.3658475875854492, 0.36088037490844727, 0.3654630184173584, 0.3628263473510742, 0.3606414794921875, 0.3648715019226074, 0.3670072555541992, 0.35944509506225586, 0.3603992462158203, 0.36307764053344727, 0.35754871368408203, 0.3544120788574219, 0.35651636123657227, 0.3566865921020508, 0.3599820137023926, 0.35613059997558594, 0.36127376556396484, 0.3600344657897949, 0.3587069511413574, 0.35773134231567383, 0.35535573959350586, 0.35594797134399414, 0.3541126251220703, 0.3568735122680664, 0.35735630989074707, 0.35381460189819336, 0.3577728271484375, 0.3531064987182617, 0.3544955253601074, 0.35624217987060547, 0.3527688980102539, 0.35846996307373047, 0.35804176330566406, 0.3571171760559082, 0.3576531410217285, 0.3551006317138672, 0.3546881675720215, 0.35709476470947266, 0.3576164245605469, 0.35699892044067383, 0.35666561126708984, 0.3563504219055176, 0.35672855377197266, 0.35666465759277344, 0.356778621673584, 0.3547804355621338, 0.3565559387207031, 0.3550834655761719, 0.3557887077331543, 0.35611820220947266, 0.35698366165161133, 0.3566112518310547, 0.3576087951660156, 0.3568120002746582, 0.35558605194091797, 0.3575310707092285, 0.35234498977661133, 0.3562912940979004, 0.35749149322509766, 0.357180118560791, 0.3567924499511719, 0.3564162254333496, 0.3594703674316406, 0.3561215400695801, 0.35808849334716797, 0.35636138916015625, 0.3577539920806885, 0.3567667007446289, 0.3589940071105957, 0.35881948471069336, 0.3576364517211914], "mape": [0.1166736648507385, 0.10496728832929404, 0.10039836550239466, 0.09866483906543437, 0.09793750476083822, 0.11666692074600968, 0.09584607522479797, 0.09620191553093319, 0.09491098283340495, 0.09277198343342628, 0.09235159680025862, 0.09125020009914608, 0.09167956222914177, 0.09134653607907, 0.09118008969035767, 0.09295129751657202, 0.09171349671167431, 0.09189162833392879, 0.09212993849724606, 0.09125282358426655, 0.08964388851494427, 0.09066434267687033, 0.0907150137083213, 0.09119417166976959, 0.09055507513620892, 0.09128643424051071, 0.0911346503999888, 0.09108555186036994, 0.09077919712385636, 0.0900850618354013, 0.09031233202686625, 0.0900596043712307, 0.09025222924362439, 0.09052332648412126, 0.0898081972849566, 0.08989907724800877, 0.0898242551595602, 0.08986004883963351, 0.09013313245571457, 0.0898253577283947, 0.09067708614291331, 0.08999610742330341, 0.09067400009604432, 0.09045554675723873, 0.08990927579740651, 0.09022034472257814, 0.08983454725298545, 0.08979137145868427, 0.0898522562068909, 0.08970377576892127, 0.08983368610949528, 0.09005044863407423, 0.089509724455587, 0.09013442744774135, 0.08985487768382812, 0.08966700115112934, 0.08949256457078571, 0.09021805594012716, 0.08963650699379971, 0.08980804700574822, 0.09005315918933375, 0.08991254651422012, 0.08951804128287776, 0.08977714008863753, 0.08991242920733963, 0.08939252592163399, 0.08961272033720279, 0.08990864353488065, 0.09023190513396555, 0.08988043539279947, 0.08989600194760981, 0.09005863489797797, 0.08970359750150202, 0.09016022718164873, 0.0897427806946716, 0.09018043757717877, 0.08968199092695318, 0.09004602539391539, 0.09009095902631511, 0.08993790557061447], "mse": [0.5413295327827502, 0.4359361729391545, 0.4077640064488423, 0.38942720401077086, 0.49775192180050953, 1.071649785196084, 0.40848939647517296, 0.3644137100929788, 0.35274379566468456, 0.34570478975877433, 0.3442137565986327, 0.3455783713930816, 0.341381396298397, 0.34117364701087044, 0.34196555316098065, 0.3435290432009426, 0.338356772770354, 0.33741620599938943, 0.3378044970548352, 0.3345198526453385, 0.3401436608808994, 0.3377943455784337, 0.3327790066218157, 0.332863493475438, 0.3326890538497658, 0.33273201659941115, 0.3315768981232171, 0.3318349608700778, 0.3317075082208483, 0.33108027561274034, 0.3313745410167241, 0.3325345198494663, 0.33074316327211484, 0.33145882860512765, 0.3311295266197341, 0.32982235707756685, 0.33196500083896263, 0.330050368205717, 0.33021080014482596, 0.33042615613839127, 0.3294807426931478, 0.3295644973917297, 0.329359897491208, 0.3291525915771599, 0.32970421293251695, 0.328783153354803, 0.32851972075956754, 0.32857149652522366, 0.3285499283976391, 0.3286170634041717, 0.3281113134147877, 0.3286131645267148, 0.32831811763167845, 0.3285255118393218, 0.3282150094526206, 0.32832965222450944, 0.32839039859192626, 0.328673785743601, 0.3280431074979691, 0.32820113369521564, 0.32874639398950567, 0.3282763546162985, 0.3283518264341682, 0.32823977297551865, 0.3282618637653059, 0.32811942370527575, 0.328187184373231, 0.32817506225992055, 0.3285456516837693, 0.3281549060294423, 0.32806521318994575, 0.328588183963904, 0.328003104043255, 0.32855610591455575, 0.328182163909389, 0.32856638518440917, 0.3281795153373729, 0.32860472052184625, 0.3283068333330604, 0.32877556640476213],