{"bestEpoch": 25, "lastEpoch": 35, "mae": [1.5280535586953286, 0.6199514236476387, 0.5812864829861254, 0.5391888052910576, 0.5264591563415003, 0.5744013365625394, 0.5354206490835863, 0.5192251300386166, 0.5238698066569996, 0.5606572715596894, 0.5382684535109379, 0.5166067359294426, 0.5422667578819319, 0.6081235978817596, 0.5536896663021272, 0.5003704982977571, 0.4865319099043228, 0.5007227040057407, 0.5098510703555996, 0.5126515115776547, 0.5798190284994841, 0.4964371141681874, 0.4810033146556693, 0.47719589116194383, 0.4795833159426091, 0.48078281348241875, 0.48310388390894327, 0.487317935650266, 0.48739962368293027, 0.4869726485007823, 0.4888541586326235, 0.49044193969409655, 0.49061768643437814, 0.4905205030765396, 0.4907371862786683], "medianabsoluteerror": [1.4012565612792969, 0.5014438629150391, 0.4719085693359375, 0.4393281936645508, 0.43151283264160156, 0.46160888671875, 0.4385547637939453, 0.4175276756286621, 0.4266667366027832, 0.46753501892089844, 0.44111061096191406, 0.41385364532470703, 0.4473147392272949, 0.48913097381591797, 0.4338722229003906, 0.4038572311401367, 0.387481689453125, 0.4086751937866211, 0.4042835235595703, 0.4032292366027832, 0.45549440383911133, 0.40065813064575195, 0.3852357864379883, 0.38436126708984375, 0.38761472702026367, 0.39226293563842773, 0.38640594482421875, 0.38634157180786133, 0.38805246353149414, 0.3880887031555176, 0.38775110244750977, 0.3885483741760254, 0.38843679428100586, 0.38619136810302734, 0.3876156806945801], "mape": [0.2790912585995465, 0.12396479526536279, 0.12057221893594637, 0.11001510086224794, 0.10686830795534279, 0.11186467101116873, 0.11189674116238013, 0.1044825960035803, 0.10561724586480865, 0.11642484076471203, 0.11034895737104987, 0.10550914631129563, 0.11234892170293306, 0.12498415568624659, 0.11045133165925698, 0.10556001405323011, 0.09800118919409133, 0.10136427214648902, 0.10264316988762957, 0.10441217722826815, 0.11769927264439453, 0.10221572271249325, 0.0981001702433306, 0.09726728096709737, 0.09727727033530777, 0.09754281653990181, 0.0976377380259701, 0.09967469281856522, 0.09849467262770552, 0.09931336541490378, 0.09970859671448065, 0.10031357172309223, 0.10034685553737115, 0.09994037134298836, 0.09989814218050991], "mse": [4.2657228698367105, 0.6632084034119053, 0.5484614047343823, 0.48137268310111136, 0.4589812124260838, 0.5463812093356012, 0.46742518271125494, 0.4540479870260227, 0.46036414633691963, 0.5053435247535143, 0.4756075278263203, 0.4439054963605483, 0.48763677844877884, 0.6215525940358924, 0.6765933677430631, 0.41750373843109106, 0.40465976495671785, 0.4109950696521364, 0.5042137705713111, 0.7765374026508367, 0.6604347214590267, 0.42764508852729194, 0.38976980709234604, 0.3861307182842674, 0.3880828878479838, 0.38922883586695656, 0.3947439223996184, 0.39942655499255275, 0.4005975256668552, 0.3984578744342493, 0.4004966648273122, 0.40237052861075406, 0.40336599555057556, 0.4031949552746916, 0.40353959927655436], "recauc": [0.6527883135035097, 0.8562516052497801, 0.8648037992951373, 0.8745946170312192, 0.8775553319149285, 0.8664049892802532, 0.8754710520828946, 0.8792378894600754, 0.8781574861914616, 0.8696007774481535, 0.8748089879362122, 0.8798473565173202, 0.8738785825029466, 0.8586647370538633, 0.8732350921326255, 0.8836225709766308, 0.8868416021142107, 0.8835419243949799, 0.8824458827619803, 0.8842316603785337, 0.8665584375121343, 0.8847176513051237, 0.8881266602458392, 0.8890132919917464, 0.888457383328446, 0.8881785363568968, 0.8876391415317295, 0.8866590229225463, 0.8866395221739819, 0.8867392918488555, 0.8863013489814482, 0.8859328603646497, 0.8858914212739503, 0.8859141835913767, 0.8858637837693828], "f1": [], "aucrecauc": 0.9855371321127473, "aucloss": 0.528922605291312, "convergence_rate": 0.9458613675608661}