{"bestEpoch": 9, "lastEpoch": 19, "mae": [0.8228445652690017, 0.7684870873382532, 0.7331099773050187, 0.7252735491279938, 0.7042638074302295, 0.7203255393512018, 0.6812794814885539, 0.6833896273236081, 0.6709078515786112, 0.6702987749840461, 0.6791071553242477, 0.691132517566822, 0.6738997683529118, 0.6665654827742457, 0.6697260951620553, 0.6681346718975799, 0.6732065775860356, 0.6726776918192972, 0.6705874799413256], "medianabsoluteerror": [0.6525971746444702, 0.5848527526855469, 0.5735705852508545, 0.5822196006774902, 0.5595338642597198, 0.5929586625099182, 0.5285249781608581, 0.5352750658988953, 0.5236207032203675, 0.5159985673427582, 0.5390069842338562, 0.5478504419326782, 0.5140771627426148, 0.5092315006256104, 0.5165768790245057, 0.5108331632614136, 0.5211412954330444, 0.5205246210098267, 0.5163971233367921], "mape": [1.1466459881949664, 0.8600355361392013, 0.9352816234833425, 1.0200130892482955, 0.9684057624429996, 1.1046439200684661, 0.8763590777951551, 0.9162341220197036, 0.8897239776144726, 0.856433478330704, 0.9524249437848443, 0.9764519978655487, 0.855746585890039, 0.8614025289541462, 0.8894679146296471, 0.8680973596664321, 0.9054985619317101, 0.9043261349018048, 0.889028910921161], "mse": [1.1937496728959534, 1.0768090302511373, 0.9594256237382537, 0.9133807884826141, 0.8733594264908855, 0.8783220464607774, 0.8460643108164478, 0.8428668172817931, 0.8210065481970534, 0.8289219691715016, 0.8271097576774487, 0.8575545791666184, 0.8532717298950764, 0.833126922946224, 0.8338506261113021, 0.8387703093689373, 0.8408759979492944, 0.8400663213073958, 0.8395942558119206], "recauc": [0.8093002541244912, 0.8217488330436031, 0.8298213447770939, 0.8315670037537265, 0.83648624382033, 0.8327215233507639, 0.8418753175435125, 0.8414135836205822, 0.844335903684563, 0.8444884175469348, 0.8424627307613374, 0.8397077232434782, 0.8438163153981596, 0.8454890380048821, 0.8447535374782295, 0.8451514407704256, 0.8439611288277277, 0.8440862734600828, 0.8445818261616325], "f1": [], "aucrecauc": 0.9922480573992374, "aucloss": 0.8767474872037054, "convergence_rate": 0.8221404862902373}