{"bestEpoch": 59, "lastEpoch": 69, "mae": [1532.7095764181424, 1429.371783991927, 1338.598045339945, 1263.5838027817128, 1193.448121330975, 1132.3198395384404, 1072.5960623936198, 1017.3451573643229, 968.0827434826679, 917.8472009660301, 868.6874675223813, 818.8620250853154, 770.8557834493923, 723.6687656180845, 677.8765841583044, 634.7878971104167, 593.5860638315984, 555.1160497440093, 515.0257503371112, 479.179638339059, 449.39531243815276, 416.7805208803773, 385.08113795823846, 356.78934180690044, 333.54782014244444, 307.11360714345136, 284.9032436996863, 264.011099854985, 243.88409956591087, 226.80911795842593, 210.00503263573844, 195.03635868142246, 179.41965837699422, 167.06878238257872, 154.50489050926737, 145.25921091237268, 135.22250834953357, 126.28667997041552, 118.20536567957177, 111.80102874748957, 105.51326538286344, 100.57029225700926, 95.40455298279747, 90.99789874055324, 87.2191852717176, 83.57761514122453, 80.73404175356944, 78.31466286410995, 75.66564038391667, 74.24815108842361, 72.69871461937848, 70.68178003146065, 69.78589685719214, 68.30547125618519, 67.00116651441552, 66.00089987610997, 65.42972109337848, 64.60417948099769, 63.29996537919792, 64.11617714871413, 62.93473698960186, 63.02879247360185, 62.10963965968057, 61.9073036851088, 61.80604477070024, 61.88593707728473, 61.86930847860533, 61.84997120240857, 61.830745454474545], "medianabsoluteerror": [1345.50264704834, 1252.9228211621094, 1170.0899662265624, 1104.5368655859374, 1042.5796204785156, 989.8840025683594, 937.3446354785156, 889.6294559804687, 847.0563358554687, 803.7775270898437, 762.2721557617188, 719.4895021328125, 677.4525141796876, 635.7770996640625, 597.2224729726563, 561.3715824374999, 525.2861938476562, 494.2191161484375, 459.4259645273437, 429.10162394140616, 403.981933890625, 375.81781035546874, 347.56872575781244, 322.7019041796875, 302.96704078125003, 279.2358401328124, 260.60424834375, 241.95178210937502, 224.29882835937497, 209.05590808593752, 195.0888667812501, 181.9733882656251, 168.18151849218748, 157.61669968749993, 145.90844696875, 137.78967267968756, 128.16955583593744, 119.84631306250003, 112.03601079687496, 105.62976068750004, 99.49731415625001, 94.84716808593748, 89.70935035156253, 85.53442399999994, 81.86132835937497, 78.82067830468759, 75.73291045312499, 73.682373046875, 71.27307146093744, 69.49121100000002, 67.89611781250005, 65.68676769531248, 64.90332002343757, 63.395019765624966, 61.976440195312534, 60.77819830468752, 60.174316585937504, 59.315063242187534, 57.70434541406257, 58.50317418750001, 56.840210132812444, 57.37597627343757, 56.31616252343747, 55.99121105468748, 55.801757632812496, 55.9617919921875, 55.77710001562491, 56.02429158593759, 55.999755687500056], "mape": [0.9308271664015949, 0.8667306578553697, 0.8106191127231106, 0.7643902812909315, 0.721286112544386, 0.6838332797880573, 0.647307435313887, 0.613575745126831, 0.583569671514019, 0.5529712559419528, 0.5230757374309868, 0.49280990301749944, 0.46368659587469613, 0.43503556348277095, 0.4071392947421533, 0.38089471923736584, 0.35578244398895387, 0.3323659262080477, 0.30785472601168573, 0.28606358300756773, 0.2682714796588599, 0.24849412203284518, 0.2292637030482192, 0.21229513321981291, 0.1985998841406994, 0.18266890304616767, 0.16944577332077024, 0.1570203639507387, 0.14505734156745045, 0.1350344775818841, 0.12515055509478548, 0.11636883694167534, 0.10713043885101955, 0.09989834217733683, 0.09258206710957018, 0.08733219404481735, 0.0815208124216107, 0.07646594442089766, 0.07184815477127103, 0.06824659526434165, 0.0646888860642835, 0.061922531280025866, 0.05903968239191119, 0.0565232226705613, 0.05439074400818151, 0.052366019788126224, 0.05081889248306748, 0.049487142263823225, 0.04799364758950875, 0.047266304119901834, 0.04640739454609882, 0.0452989488372791, 0.04481952823275011, 0.04402521152937064, 0.043308329967156514, 0.04275660449916428, 0.0424601132813196, 0.04198554933389772, 0.04124235527738165, 0.04172058381605548, 0.04108992350342737, 0.04117739437169729, 0.04069104225742318, 0.04054417812662211, 0.04050436826315134, 0.04053045180849488, 0.04052714068612659, 0.04052025587786162, 0.040521415475297744], "mse": [2599007.1891833474, 2266414.3961684373, 1992238.9343452165, 1778433.6874868888, 1589057.3641238813, 1432266.5306727968, 1286719.1390917401, 1158829.9219562283, 1050229.3511719191, 945009.4151488788, 847297.2366973337, 753633.1896962264, 668482.9591435452, 589862.3217778085, 518522.2432952935, 455616.90254446777, 399335.8981956802, 350114.13305206446, 302504.99907731503, 262716.4548866424, 231278.43904875487, 199600.70010167753, 171123.50865270704, 147290.99851477446, 128815.57662226976, 109768.9493696448, 94824.81395764355, 81757.86788222771, 70178.81055624766, 60934.89544393377, 52547.1870247369, 45615.55335957683, 38999.199977916614, 34095.53323220822, 29469.79424441221, 26190.50073013383, 22911.972458818385, 20145.763312967036, 17788.718243092626, 16020.115446715377, 14400.934927330169, 13159.741792522213, 11941.640849533, 10974.884580747603, 10158.557400668202, 9418.350729458554, 8870.405071547179, 8401.120778009108, 7934.061359292116, 7686.707617214311, 7428.563478435428, 7105.303689208987, 6948.155630489232, 6741.643112132822, 6540.639208953767, 6395.68823000255, 6318.227926017413, 6196.526948124309, 5999.769099107514, 6114.189296893051, 5970.922201714837, 5992.341793911413, 5873.454221224354, 5830.516150779381, 5828.9202964606375, 5827.20214021405, 5822.703797372759, 5825.498406546619, 5821.26499928096], "recauc": [0.25434693098939526, 0.29427775370129605, 0.3310378741577862, 0.3629473021376212, 0.3942140584428814, 0.4230951984087298, 0.45272786537913057, 0.4808945635304271, 0.506031566119575, 0.5316645294159046, 0.5567470376667296, 0.5821717134676431, 0.6066665481362952, 0.6307451041400437, 0.6541104925307346, 0.6760962170291103, 0.6971195341756398, 0.7167495860697181, 0.7372057946535394, 0.7554968978379318, 0.7706934989795275, 0.7873364373474385, 0.8035106177284395, 0.8179460760890904, 0.8298055138847218, 0.8432937664136784, 0.8546267811966383, 0.8652875213447271, 0.8755567556755676, 0.8842687083523167, 0.8928431361654684, 0.9004815592670378, 0.9084496153319036, 0.914752052983076, 0.9211639534323802, 0.9258808695684384, 0.931001500150015, 0.9355619858282125, 0.9396853611287055, 0.9429541028176892, 0.9461612087134639, 0.9486838906112833, 0.9513183762820726, 0.9535677271430847, 0.9554966904097818, 0.9573536761083515, 0.958804754549529, 0.9600388927781667, 0.9613901093813084, 0.9621137669322487, 0.9629050164275686, 0.9639346305000871, 0.9643906761046476, 0.9651466331818368, 0.965811618198857, 0.9663226618958192, 0.9666138317535456, 0.9670355035503551, 0.967701644238498, 0.9672858100624877, 0.9678874702285043, 0.967839257999874, 0.9683091420253137, 0.9684111374100373, 0.9684635278342649, 0.9684226941212639, 0.9684310208798658, 0.9684400884532898, 0.9684513192059947], "f1": [], "aucrecauc": 0.842826540948563, "aucloss": 320070.0716843831, "convergence_rate": 0.7958639297931107}