{"bestEpoch": 20, "lastEpoch": 30, "mae": [2.081100405958298, 2.1898798766289223, 2.0306815888938567, 1.8758067383510506, 1.5883572841382214, 1.9465753683597207, 1.5999617859378452, 1.7713627183085408, 1.6908724061656235, 1.44165349136584, 1.3467594383100934, 1.498912109712371, 1.2943002843453717, 1.2612391239511078, 1.302450392071709, 1.2029191080827382, 1.154386090149881, 1.173728550363868, 1.1702640975131393, 1.2546653232847012, 1.1437884872767101, 1.157438216148436, 1.1396473289953037, 1.1200762828099045, 1.1235961979462894, 1.1236742448369907, 1.124048864065455, 1.1219469300694085, 1.1224643391583573, 1.1225314938040931], "medianabsoluteerror": [1.1891732215881348, 1.1721491813659668, 1.198026180267334, 1.0761322975158691, 0.8275365829467773, 1.0755047798156738, 0.8484482765197754, 1.0500383377075195, 0.7965073585510254, 0.7860980033874512, 0.704348087310791, 0.8334469795227051, 0.7320408821105957, 0.6735095977783203, 0.6709742546081543, 0.6166539192199707, 0.6007270812988281, 0.592393159866333, 0.6059694290161133, 0.6411480903625488, 0.5872173309326172, 0.5918369293212891, 0.5813074111938477, 0.5662136077880859, 0.5734419822692871, 0.5679969787597656, 0.5690097808837891, 0.5675501823425293, 0.5688276290893555, 0.5682182312011719], "mape": [0.41971596861227556, 0.46669840859827044, 0.41152037252444773, 0.3633157463438588, 0.32655935612350556, 0.4198498162893004, 0.3311708598687202, 0.35850859134408813, 0.3636831161458516, 0.30165153196422967, 0.27293348349175145, 0.31986595202027984, 0.2710056994463066, 0.25859432160822354, 0.2751895706088254, 0.2529289778395051, 0.2388353800450212, 0.24537208410600497, 0.23707042007530651, 0.25855400206926904, 0.2363594768997307, 0.2428160314411329, 0.23855293992771034, 0.23180625918487796, 0.23409249672851518, 0.23358131442426694, 0.23405106581208704, 0.23266672254333598, 0.23348110382007115, 0.23353640521765587], "mse": [258.0715237219961, 228.67244202866712, 212.00659468360107, 198.88321255343158, 174.16939154473212, 158.45644779492474, 138.15760174735868, 131.91966561470264, 111.73135649496226, 126.28181263546564, 113.77701318713332, 101.47676297415587, 89.06681482146205, 86.45188533807527, 83.60377350551786, 87.21923959056855, 89.55282449967933, 82.39989162211147, 85.51597085005372, 77.25281396115552, 81.45205920118568, 79.3565811675009, 79.69290604980606, 79.84384671532023, 79.53901091023252, 79.38328616329791, 79.34593886134884, 79.44490442660549, 79.39375837733957, 79.39506096971134], "recauc": [0.6801382850265801, 0.6613078746940949, 0.6833472911314475, 0.7053754294069984, 0.7615511122001317, 0.6794012906268313, 0.7505275587634287, 0.7060161731930145, 0.749438452255799, 0.7753718557574948, 0.7917682087467243, 0.7544687699116635, 0.7932944513126219, 0.8010481789682573, 0.7951778356689084, 0.8141263147941983, 0.8243792453395701, 0.8190828694953258, 0.820031831538801, 0.8021166174289931, 0.8246527708040285, 0.8212211368751019, 0.8244344173517935, 0.8290698448492292, 0.8282690610290002, 0.8282538518184123, 0.8281738575505337, 0.828657634043528, 0.8285400802352807, 0.8285233947356286], "f1": [], "aucrecauc": 0.9434517654643825, "aucloss": 112.50969309193962, "convergence_rate": 0.739202518191416}