{"bestEpoch": 64, "lastEpoch": 74, "mae": [1453.1160260324905, 1353.6522379352502, 1268.823487153096, 1193.7935918532553, 1131.0650423288773, 1071.0415157718026, 1016.0317959548177, 962.5242071057147, 906.260074709158, 854.9052915874132, 801.4573928243924, 753.4121117914062, 708.1728883032697, 662.5704347080729, 617.397349747397, 577.8085233946771, 536.8641114843913, 497.09397252276386, 462.99794458145715, 431.96746049582526, 400.1517203332164, 367.8682592873692, 342.68188763317136, 315.3367333003889, 290.6954583081458, 267.7375790941123, 247.10622832748493, 227.4437313300984, 209.92493682389352, 193.22231104649424, 178.02928905550348, 164.3623254959676, 151.7762402813727, 140.98836021903008, 130.36175961577894, 121.97203713861688, 113.84269845239237, 106.75836548015623, 100.80530524209492, 95.06022395428356, 90.02818152761228, 85.763971892022, 82.68279396028935, 79.10624162221761, 75.92895876204744, 73.63528996072338, 71.81791597232292, 70.20325080711805, 68.58039595355092, 66.96036406988311, 65.90374681091319, 65.03118463632292, 64.4164670979838, 63.697726049908574, 62.954824646859954, 62.313559419040516, 62.25770518084838, 61.66009705246759, 61.835217134222226, 60.82719221376158, 60.74622547030671, 60.743883728342595, 60.72828124366782, 59.736160638787034, 60.512160167895836, 60.11948326501852, 59.45987003858681, 59.88140052892708, 59.64955484434027, 59.74206504347917, 59.67681614676273, 59.74322440428473, 59.74536139367246, 59.722215488487265], "medianabsoluteerror": [1275.4097898671876, 1184.640915323242, 1109.978424126953, 1043.4961238535157, 989.40954578125, 936.6629033007812, 889.1249386132813, 842.5997924179687, 793.7849727304688, 749.5319215664063, 703.9125361523438, 663.1534425625, 624.7542111367188, 585.6049800000001, 547.0524904140625, 513.9746708789062, 478.6116939296876, 444.3582760703125, 415.79571526953123, 388.80139178125, 361.2008060703124, 333.23327631250004, 311.0607908984375, 286.9428714999999, 264.9158934375, 245.0355221640625, 226.68823213281257, 209.21313471093754, 194.474853515625, 180.31909144531255, 167.1611328125, 155.04602021875007, 143.8776857265625, 133.95202678124997, 123.66162092187506, 115.65197760156252, 108.05602985937503, 100.56652820312502, 94.99133307031252, 89.46081502343759, 84.76391560937509, 80.88415521093748, 77.78833048437491, 74.49401826562507, 71.24707060156243, 69.08593767187494, 67.01770042968747, 65.32580572656252, 63.51489217187509, 61.957885562499996, 60.94335943750002, 59.88330090625004, 59.041137875000004, 58.23791480468731, 57.234863046875034, 56.36108357031253, 56.350341617187496, 55.763061343749996, 55.73474074218757, 54.55065924218752, 54.52465826562502, 54.41552687500007, 54.32580537500007, 53.32153332031248, 54.122070140625056, 53.61572236718757, 52.79748494531259, 53.488830800781216, 53.18505901562503, 53.1240234375, 53.05908173437501, 53.218749828125056, 53.19799845312491, 53.18164049999996], "mape": [0.8820886804427087, 0.8203962650986475, 0.7679950606955596, 0.7218142384904448, 0.683346719636868, 0.6466356400268987, 0.6130356505656919, 0.5804609220783797, 0.5461851115448877, 0.5150840200606827, 0.48225122568102646, 0.4531864792149079, 0.42576910624312864, 0.3979448690531822, 0.37027708361946715, 0.34621267203710065, 0.32128954027308526, 0.296927155419262, 0.2763333450531787, 0.25772746760861215, 0.23850859189243614, 0.21904924990727573, 0.2041248041567176, 0.1877373460011274, 0.17302907038955392, 0.1593769781417451, 0.14710549599358283, 0.1354446981373613, 0.12513241895107216, 0.11531431606613204, 0.10640759315653055, 0.09841335537437233, 0.09112803426836896, 0.0849288573237113, 0.07884090260921707, 0.07408820055104762, 0.06948709222124173, 0.06546868164356465, 0.062101845264725196, 0.05885426594599356, 0.056042105371798295, 0.05364265653471449, 0.051946014026021496, 0.04995370101913476, 0.048210202773906044, 0.04694206151955032, 0.04595063512932699, 0.04505828284573799, 0.04418235854855314, 0.04329550434150887, 0.042700273916162865, 0.04224529904802143, 0.041929192337087154, 0.04151844386166023, 0.04114283679453862, 0.040807350600081824, 0.04076273952930155, 0.04041675030129861, 0.04056659713913395, 0.039998729650759526, 0.0399324369953891, 0.039966317150139125, 0.03997920621614419, 0.039375874768019924, 0.039858190703023495, 0.03962904923888514, 0.03925068199789459, 0.039482733808382214, 0.03937738309060648, 0.03942298132071708, 0.03940501274563416, 0.039431615265632915, 0.03943322053662015, 0.03942095387535415], "mse": [2337696.1737129926, 2034282.613265174, 1791315.8004628008, 1588648.1250019637, 1428020.3241824233, 1281997.9123065546, 1154937.6447138123, 1037379.3934872723, 920666.2654187774, 819639.486303214, 722129.323171829, 638556.2465567787, 564740.7099808931, 495348.12482996116, 431388.4236225099, 378649.9676904837, 327798.4252124474, 282253.48005903576, 245457.93221398877, 214004.15708776846, 184221.19327836376, 156270.36449451276, 135774.61499812966, 115421.10303627249, 98470.30803556823, 83910.78235239361, 71870.33747089517, 61267.49955826982, 52533.770050490275, 44861.146227472236, 38422.345176774164, 33057.70022385061, 28456.321172866137, 24764.31353995121, 21370.89529304735, 18844.357440723405, 16558.202082500902, 14686.78700277767, 13214.230185925975, 11873.995219960434, 10757.74930166383, 9857.080348092888, 9239.982604016584, 8558.916219773993, 7986.958144833254, 7585.448215643134, 7283.995627437521, 7024.065745022102, 6777.083064326077, 6532.671969479506, 6373.982774063044, 6258.523200188577, 6177.1357756683665, 6066.643051042057, 5975.620720193856, 5894.970726739647, 5881.4842216519955, 5797.035297173707, 5836.315809287739, 5703.1109062266705, 5678.975911553658, 5693.185207867823, 5699.707785390064, 5553.9281137666285, 5666.545807516563, 5613.053228813942, 5527.770255645699, 5570.857343300678, 5560.490438808386, 5569.636857080121, 5568.713806412725, 5575.802399451356, 5571.340843772012, 5568.325904750431], "recauc": [0.2843625844065888, 0.3245296529652965, 0.36047231389805645, 0.3939449796831535, 0.4236602326899357, 0.4535092620373149, 0.48156396380378785, 0.508866486648665, 0.5375763502276154, 0.5637793557133491, 0.5910522459653372, 0.6155678530816044, 0.6386511391879929, 0.6619207550384669, 0.6849694895415467, 0.705170976356895, 0.7260631989124838, 0.7463560430117085, 0.7637525382167846, 0.7795865067988279, 0.795820219058943, 0.8122937775259008, 0.8251444551862593, 0.839097939423572, 0.8516710189537473, 0.8633853459420016, 0.8739142210517348, 0.8839455056616772, 0.8928850959169992, 0.901407459264445, 0.909159908583451, 0.9161337615243006, 0.9225554110966653, 0.9280594281650387, 0.9334816296444459, 0.937762887399851, 0.9419119837909716, 0.9455253821678464, 0.9485635230189685, 0.9514960236764417, 0.9540620580576576, 0.956238216414234, 0.9578105514255129, 0.9596354746585769, 0.9612572368347946, 0.9624272204998278, 0.9633551058809585, 0.9641791290240136, 0.9650065302826579, 0.9658333981546303, 0.9663719705303864, 0.9668176150948428, 0.9671307427039, 0.9674976831016435, 0.9678774840447008, 0.9682037981575935, 0.9682327195682531, 0.9685375796838943, 0.9684481188859626, 0.9689632518807436, 0.9690042041241161, 0.9690048856737526, 0.9690133309627259, 0.9695192185885254, 0.9691241864927232, 0.9693234953124942, 0.9696605660566056, 0.9694457593907538, 0.9695637267430447, 0.9695162553292366, 0.9695494734658652, 0.9695155737796002, 0.969514566271442, 0.9695268341648979], "f1": [], "aucrecauc": 0.8667316851068574, "aucloss": 259850.89936903026, "convergence_rate": 0.8175106261733436}