{"bestEpoch": 13, "lastEpoch": 23, "mae": [0.5314083858768173, 0.4961796834563153, 0.4734579465057802, 0.45910788295534805, 0.4561068451629825, 0.44719336084697914, 0.44381634195950004, 0.4460730721210683, 0.45476371449453207, 0.4470543139503242, 0.4487177305568539, 0.4475401014375667, 0.4451565823195155, 0.4422668918923391, 0.44522589142948593, 0.45087328800487664, 0.44749036547004983, 0.44943734816350883, 0.4497434255473145, 0.45026621246671045, 0.4499414862936367, 0.4502213906486, 0.4497939452878939], "medianabsoluteerror": [0.4304571390151978, 0.41083098649978644, 0.3863730788230896, 0.375042450428009, 0.36034179925918586, 0.35978522300720206, 0.35406157493591306, 0.3657399702072144, 0.37842645645141604, 0.3522390484809875, 0.35128982663154606, 0.3612577676773071, 0.3641965389251709, 0.3562412190437316, 0.3618610119819641, 0.3701891970634461, 0.36242687702178955, 0.36679153442382817, 0.36632595062255857, 0.36658246517181414, 0.36606013774871826, 0.3662560105323791, 0.36549184322357176], "mape": [0.266434908520275, 0.2794509206167453, 0.25460894166864256, 0.24529286442082146, 0.2313038998437088, 0.23347323422802754, 0.22812465922191263, 0.23983010701477392, 0.2511201488861068, 0.22720963509421443, 0.2241774082153923, 0.2390931540956313, 0.23859158545810213, 0.23275247244730804, 0.23614655954221414, 0.24335353309331356, 0.2354344901506862, 0.238955818838699, 0.2385017157157013, 0.23800887448756708, 0.23729073074089424, 0.23796513498687746, 0.23711078815279546], "mse": [0.47689313169368225, 0.40337932576816465, 0.37602172489412106, 0.352850190017668, 0.3630357887211421, 0.3421392484383441, 0.34074365528152134, 0.33226808904650357, 0.33861655996905876, 0.34919143435422484, 0.3552916083952132, 0.3395680765370061, 0.3305104450726628, 0.33268058216724444, 0.3331927690201822, 0.33805001375990545, 0.33859940765920377, 0.3379427165078365, 0.3386385831422243, 0.3398320182973692, 0.33973451688329825, 0.3398923785681034, 0.34001726918387065], "recauc": [0.8764053835335635, 0.8845977896081328, 0.889882784641484, 0.8932202257570506, 0.8939180616378792, 0.8959912130842603, 0.8967764999551119, 0.8962515756895514, 0.894230433386266, 0.8960234531782626, 0.8956366027853686, 0.8959104930882219, 0.8964647980206438, 0.8971370898269938, 0.8964486896317965, 0.8951353403323885, 0.8959220823527819, 0.8954693093403275, 0.8953980070127737, 0.895276332982796, 0.8953519329297179, 0.8952868931503383, 0.895386398671235], "f1": [], "aucrecauc": 0.996919976313915, "aucloss": 0.3486651969518079, "convergence_rate": 0.8667269875464941}