{"bestEpoch": 20, "lastEpoch": 30, "mae": [0.4056514334912924, 0.38740730106739296, 0.38484888224685626, 0.397014088060608, 0.3857338593361472, 0.36948559632530753, 0.37036992516345324, 0.363111013146697, 0.3804436407109058, 0.3676930879617165, 0.36342248761097035, 0.35197453815847995, 0.3892735889081819, 0.35822921800244056, 0.35449789803806886, 0.35142891741660554, 0.3655062225003542, 0.34943476451995636, 0.3536232455985587, 0.34679884607767925, 0.3463798002833347, 0.3516973624037606, 0.35424884788767147, 0.35556359420714095, 0.3487100255206719, 0.3491434381103722, 0.3491103017934937, 0.34959929322228456, 0.34926418326966896, 0.35001882787517996], "medianabsoluteerror": [0.3132690858840942, 0.2935373091697693, 0.3117350816726684, 0.331165075302124, 0.30773012638092045, 0.2891172170639038, 0.29037489891052237, 0.280684232711792, 0.2995319128036499, 0.28488967418670663, 0.2738097143173217, 0.26234085559844966, 0.3116901755332947, 0.2824690580368042, 0.2768709659576416, 0.2627543449401855, 0.2914008378982542, 0.26305491924285884, 0.27094252109527583, 0.26723318815231323, 0.2658655881881714, 0.2746051311492921, 0.2774645352363586, 0.27640377283096307, 0.26741893291473406, 0.26790343523025517, 0.2682808113098144, 0.2685336470603943, 0.26740292072296146, 0.2686028647422791], "mape": [0.20712805186090988, 0.18966166472072346, 0.20623789118478572, 0.22214006020959975, 0.21087743882479337, 0.19298155329708913, 0.19725422554266303, 0.18396896514909578, 0.20297185473419943, 0.19254955843421118, 0.1807309932865939, 0.17612795678209242, 0.2051533989770578, 0.18773895450876252, 0.18393918794533784, 0.17663612494602793, 0.20023026406393304, 0.1778353842257758, 0.18384469954683413, 0.17930800182002113, 0.1787082813474188, 0.18272401028956858, 0.18508187895982203, 0.18480942569313183, 0.1786593239573491, 0.18040500666755274, 0.17961206235062666, 0.18017376871883206, 0.17900651599725784, 0.1801661519482763], "mse": [0.2986882158073588, 0.2788023366990252, 0.2546798640096774, 0.26040502630066586, 0.2562238035490793, 0.2477884467972136, 0.24545308490827358, 0.24048397675504607, 0.2516010510191026, 0.24170975755260676, 0.2436945713510238, 0.2346798068385329, 0.2563725900318976, 0.22625305185897968, 0.22595325738690794, 0.23193219584356972, 0.23216203489486983, 0.22845656039889023, 0.22909379642198863, 0.21906450518366524, 0.2201204217368697, 0.22235043029707507, 0.22438761754672415, 0.2279385198391115, 0.22331434066593717, 0.22287822218951997, 0.22286108298859747, 0.2233429439896561, 0.2237062164855084, 0.22399996465734828], "recauc": [0.9056547462003205, 0.9098983030005767, 0.9104922700315473, 0.907662517661202, 0.9102867346630386, 0.9140666085386886, 0.9138594272508511, 0.9155478659857846, 0.9115168558736253, 0.9144824241442414, 0.915475596031478, 0.9181386500525344, 0.9094628185000688, 0.9166831338086969, 0.9175514352121914, 0.9182652183873806, 0.9149916167912836, 0.918731156104886, 0.91775733781254, 0.9193440803535231, 0.9194424783498231, 0.9182071422351425, 0.9176128710323452, 0.9173066918832107, 0.9189012051135171, 0.9188011908731883, 0.9188078879525442, 0.9186943878780232, 0.9187719363263528, 0.918596427062485], "f1": [], "aucrecauc": 0.9958390660353255, "aucloss": 0.2371397794404265, "convergence_rate": 0.7225893479831855}