{"bestEpoch": 14, "lastEpoch": 24, "mae": [1.1258470133698932, 1.0271647762196439, 0.9751511687650085, 0.8896301070409176, 0.8268428459390103, 0.7317001903912393, 0.7213165103222879, 0.7687761237786637, 0.6619885935228468, 0.6648655539724453, 0.6612148754659323, 0.627431891472365, 0.6134014687421925, 0.6222014751296824, 0.684521116098914, 0.8663734024511429, 0.7300370925486885, 0.6997006125274983, 0.6750576919270184, 0.6757675206747163, 0.6781411381304735, 0.6878844696428618, 0.6543091036714396, 0.6533311033756349], "medianabsoluteerror": [0.9482197761535645, 0.8168540000915527, 0.8119168281555176, 0.6834535598754883, 0.6471290588378906, 0.5733718872070312, 0.580237865447998, 0.6026167869567871, 0.5389995574951172, 0.5569915771484375, 0.5714168548583984, 0.5216217041015625, 0.5004177093505859, 0.5277376174926758, 0.5741162300109863, 0.7629055976867676, 0.6031031608581543, 0.5746135711669922, 0.552177906036377, 0.5571479797363281, 0.558774471282959, 0.5669970512390137, 0.5207514762878418, 0.5275993347167969], "mape": [0.24363122874248244, 0.20605887489779431, 0.20327877634671704, 0.19591164596304964, 0.18010354541013704, 0.15488049812997232, 0.1492665312790043, 0.1685476735641844, 0.14142115527063612, 0.13323160241194965, 0.13220656732320507, 0.13003379870963644, 0.1254253397465207, 0.12725814137720032, 0.14446455958908128, 0.19602164244573675, 0.14384043152892326, 0.14041033449633017, 0.1402297262002543, 0.14161723283664937, 0.13575032912533408, 0.13578504382274384, 0.13637504179694093, 0.13527318080335882], "mse": [9.774907589283393, 6.62264735045421, 5.375178022580523, 3.294141769572943, 2.192903705087644, 1.7370519548749526, 1.2743233795998536, 1.1361118367051104, 0.7927255999630513, 0.7445317702877773, 0.7163912008898903, 0.6697426128774945, 0.618747406904488, 0.626408938598085, 0.750230818271974, 1.1605865088134477, 0.8547790297880118, 0.784973607505802, 0.7529763346042534, 0.7489463114602155, 0.7608540315115035, 0.7831704929204296, 0.7224530093347643, 0.7128777289900421], "recauc": [0.7636245601903134, 0.780911939460338, 0.7903653908130257, 0.8047692342183069, 0.8156021403719499, 0.8367002508695772, 0.8366408559839851, 0.8232872892507239, 0.8472367662444239, 0.8460691932564351, 0.8465498970082386, 0.8543059935928369, 0.8573337422997365, 0.8552876743218435, 0.8407932622991101, 0.7984973059612861, 0.8302073770713838, 0.8372624938429304, 0.8429947182840495, 0.8428285499336065, 0.842276486488333, 0.8400104857722298, 0.847819162280114, 0.8480478497557961], "f1": [], "aucrecauc": 0.9698210135357691, "aucloss": 1.6679899283366582, "convergence_rate": 0.7518435787830876}