{"bestEpoch": 24, "lastEpoch": 34, "mae": [1238.398207593996, 808.0111945391578, 600.9453625557142, 562.1531627780208, 563.6915706908634, 565.5633156104965, 565.3647900572499, 565.5937994610463, 565.9947796945914, 565.9873566440995, 566.0213705691574, 565.6141940104502, 566.1714499779711, 566.1045127313391, 566.3427234148136, 566.3260002708056, 566.8631374772766, 567.120069913508, 567.0816447651458, 567.0536998144097, 567.1187657865578, 567.4131448921863, 566.3874901978461, 568.3059496884757, 567.7393230606216, 567.9209900703703, 568.1007882114652, 568.2550368377014, 568.2134400133056, 568.0015124231527, 567.7975752669294, 567.8763321204282, 567.8683082671608, 567.8765065091724], "medianabsoluteerror": [1085.1574708828125, 687.938476859375, 466.24713116796875, 458.0443111093748, 475.0821531328129, 477.1822512734375, 477.816100984375, 477.163086234375, 477.23828078125007, 477.146240296875, 477.18334914062507, 477.09899949218743, 477.68066429687497, 477.6219485312499, 477.75158709375, 477.90942399999994, 478.267822265625, 477.53772019531243, 477.701416015625, 477.3741455078125, 477.7132568359375, 479.544555546875, 477.8450925390623, 479.5845946718748, 481.53259259375, 480.882202265625, 479.78308082031253, 479.6463620703123, 479.68994140625, 480.5673829296875, 481.51208478125, 481.09204124999997, 481.115112125, 481.08593773437497], "mape": [0.7283546874619824, 0.4485043092510789, 0.3442764566758777, 0.34504606918456787, 0.35543706442887457, 0.3591079285323192, 0.3587207259155614, 0.35912223134885235, 0.35982554415347384, 0.3597917087715042, 0.35983217643912907, 0.35907492734112423, 0.3600584138985206, 0.3599202908537815, 0.3603183869680803, 0.36027200390259195, 0.3611790989730883, 0.36159264289873305, 0.36151171972082496, 0.3614493167463172, 0.36154194742234425, 0.36201107069188637, 0.3602594671797871, 0.36338513335413136, 0.36249568048582864, 0.36276968659882725, 0.36303849661138143, 0.3632649955868386, 0.36319895807405816, 0.3628692593268241, 0.36254717956361443, 0.36266916650932124, 0.3626561597019062, 0.3626685566348679], "mse": [1826005.5378695067, 956140.216329995, 579627.7192673681, 512031.9681692839, 517100.8712909364, 520745.71845688886, 520351.2583669052, 520799.8150504943, 521585.26281236194, 521567.94156714575, 521631.8933055805, 520827.5379290681, 521919.63139612565, 521786.85356445354, 522246.9756369671, 522212.72976470186, 523255.2724557377, 523750.41953623324, 523674.77828596084, 523619.30150456924, 523742.7232671259, 524301.6169928273, 522317.3296990748, 525952.7496812075, 524912.501461536, 525248.854962173, 525580.6898514591, 525861.0433763831, 525785.7449360752, 525396.9875370688, 525018.8870851003, 525165.1210268309, 525150.2792552526, 525165.4053879483], "recauc": [0.38637404481188864, 0.5908629529619629, 0.6936493204876043, 0.7131632718827439, 0.7123739188733689, 0.7114179417941794, 0.7115202927700176, 0.7114033921910711, 0.7111983346482796, 0.7112033721890708, 0.7111838739429498, 0.7113920725405875, 0.7111080441377471, 0.7111427142714272, 0.7110214280687327, 0.7110299918880777, 0.7107558607712622, 0.7106267515640453, 0.7106466646664666, 0.7106601771288241, 0.7106277887047965, 0.7104791516188655, 0.7109981072181293, 0.7100262470691514, 0.7103130905683159, 0.7102213184281391, 0.7101303167353771, 0.710051968159779, 0.7100724146488722, 0.7101803069195809, 0.7102843765858068, 0.7102446392787427, 0.7102473358446957, 0.7102446689113355], "f1": [], "aucrecauc": 0.9840301274392458, "aucloss": 557421.0959227764, "convergence_rate": 0.9658951950240962}