{"bestEpoch": 84, "lastEpoch": 94, "mae": [1504.999662113762, 1401.6503019091363, 1316.5023827965422, 1242.0208089259188, 1176.6227173144098, 1114.728052637037, 1059.1558476402922, 1003.6405541742188, 951.3050305558738, 899.9511188624422, 849.5291796353732, 798.933281523394, 751.3413059645833, 703.3992234902634, 664.110866131684, 617.523513773728, 579.6743078998854, 540.7848880144086, 504.79710039847566, 469.0814051757361, 436.69359218694797, 405.07718398375346, 376.27531543979865, 352.24462045325697, 325.83378551039937, 302.0534231699803, 279.79050458634146, 259.6894771885301, 240.15862105056368, 221.7319539322662, 204.41095657222684, 189.1403616104317, 175.95463103298263, 162.84734696274884, 150.60997308233217, 139.66053690450462, 130.25706665488076, 121.59003762663194, 114.5515624384514, 107.79118544953702, 101.49964358431366, 96.79382707079513, 91.3710615554757, 87.5188194578588, 83.96198836835649, 80.76248847682176, 77.99006860748264, 75.8478283006956, 73.69644970077084, 70.9407870478125, 69.87060350880672, 68.58440779864699, 67.59637984004978, 66.42657122693288, 65.82530999622801, 64.69156887668055, 64.17424162007177, 63.47538311392361, 63.197865915103, 62.667622895434036, 62.452905248363436, 62.44302160342593, 62.103297301936344, 62.047232107041665, 62.040957711741896, 61.85609217024074, 61.72785101281366, 61.84659336308102, 61.74732068532176, 61.79288994915509, 61.69839208354861, 61.62115354788658, 61.5608821721088, 61.53091020341667, 61.56298013669792, 61.42581978120834, 61.434630545525465, 61.51396959285185, 61.190061969259254, 61.494945179409726, 61.327699591918986, 61.10999511078588, 61.624803034708336, 61.1890865269838, 61.18143432808565, 61.23869387725232, 61.303059563711805, 61.42469159824768, 61.410180169074074, 61.402333073651626, 61.400480064290505, 61.374868844427084, 61.36392626275464, 61.3519722878206], "medianabsoluteerror": [1320.7865295410156, 1227.8610687802734, 1151.2804875292968, 1085.7365112851562, 1028.5475459726563, 974.6016541699219, 926.2362673867187, 878.0317993710937, 832.8095090976562, 788.309081796875, 744.9710085351562, 701.38769525, 660.884643671875, 619.6238402773438, 586.7413938710938, 546.8736568125, 515.760620171875, 482.2747803359375, 452.1983028085938, 420.9681393593751, 392.6495361328125, 365.1992189296875, 340.58703630468744, 318.85876453125, 296.0751951328125, 275.30493158593754, 255.2856447109375, 238.096557796875, 220.692749203125, 204.65216105078116, 190.08349567968753, 176.91577113281255, 165.06127976562493, 153.42895460937507, 142.86975144531243, 132.74206507812505, 123.63415532812496, 115.03784145312511, 108.3287353515625, 101.7189939609375, 95.7036134609375, 91.3124995859373, 86.15576142968757, 82.39489752343752, 78.85815423437498, 75.95544457031247, 73.57824677343751, 71.16686977343761, 69.13745087500001, 66.35632283593759, 65.11975085937502, 63.6900634765625, 62.73181122656251, 61.368042171875004, 60.736938656250004, 59.351318539062504, 58.65356433593752, 57.909423828125, 57.50585942968746, 57.042724437500056, 56.536742992187556, 56.6995849609375, 56.160766773437444, 56.13012654687509, 56.11157207812539, 55.9746707617187, 55.59802199218757, 56.12866246875001, 55.73413097656248, 55.94775349218753, 55.64892531250007, 55.542358164062534, 55.33373982812509, 55.52294950781243, 55.52648914062502, 55.35131824218752, 55.39440929687498, 55.53295886718752, 55.09326142187501, 55.546386539062496, 55.262573421875004, 54.91369669531241, 55.75891072656259, 55.04492181249998, 55.0809326171875, 55.07153296874981, 55.20678751562491, 55.256225757812444, 55.33081013281253, 55.32251006249999, 55.33154256250009, 55.31103562499993, 55.42553664062507, 55.30126946874998], "mape": [0.9141820353641342, 0.8498227662594047, 0.7971697215369551, 0.7512762990503341, 0.7111324235515736, 0.6732526055401015, 0.6393705171650159, 0.6055151928493809, 0.5737020509137393, 0.5424828507524022, 0.5118117963949761, 0.48102757074805486, 0.4519702558608516, 0.42262599769747816, 0.39879176678366424, 0.37035869058711174, 0.34730107169642466, 0.32365748728160487, 0.3018074352599327, 0.28010084608316194, 0.2605215959306121, 0.24141744097266707, 0.2241258651298475, 0.2097893524402599, 0.1939945115101049, 0.1798180832856653, 0.16656109306502148, 0.15462050274120895, 0.14299546015833425, 0.13208289547865465, 0.12185658789885635, 0.11287881051789732, 0.1051984915348313, 0.09754839105879327, 0.09046098444313506, 0.08417609580448657, 0.07879765811646419, 0.07387739808739682, 0.06989140183498611, 0.06606628887399134, 0.06251054970150446, 0.05985563745841968, 0.05680469081853294, 0.05463829604343797, 0.05267548053071433, 0.05089628820788674, 0.049371039752059906, 0.04817125704523314, 0.04700069533328236, 0.045463051423324505, 0.04488680098705378, 0.0441701570208638, 0.04365196644809028, 0.043011376473342244, 0.04269660237703869, 0.0420630627152789, 0.04176095873635908, 0.04139362825012318, 0.04125544861813701, 0.04095281207511521, 0.04087258935733509, 0.040845458457242294, 0.04067323238427155, 0.04064020123835447, 0.040630603755143005, 0.040529877032225055, 0.040463799719556465, 0.04052187902473545, 0.04046605544936747, 0.04049233169487229, 0.040448593315815455, 0.04040361837510901, 0.04037885147101818, 0.04035327089584081, 0.040373406370197866, 0.040306232439051924, 0.040300055686544226, 0.04035358692360466, 0.04017485544683938, 0.04033229772455327, 0.04024840467613721, 0.04013998641283036, 0.040409102353247024, 0.040174624532947054, 0.040172696567768826, 0.04020038760432288, 0.040246329831480375, 0.040301010471504535, 0.040293432859397064, 0.04028934628304277, 0.04029057424159291, 0.040272318912790914, 0.040267647440798957, 0.040259737616738914], "mse": [2504771.4622048456, 2179701.8737686514, 1927229.8716119248, 1718469.1222580909, 1544443.2248875375, 1387880.3556207514, 1253988.6952175326, 1127065.3737343112, 1013281.5820516143, 907528.0495321482, 809457.9181229153, 716718.671849177, 634950.5369475012, 557781.1169504179, 497826.822493873, 431520.7319476199, 381120.6249624254, 332500.3827983527, 290467.31792700023, 251613.21973741523, 218651.4898152766, 188740.72149267572, 163273.17127361702, 143346.66460747403, 123018.53954745934, 106065.66981360989, 91315.88615414912, 79033.76581806269, 67970.73918112752, 58308.76168545273, 49902.64508170502, 43081.288016064325, 37549.78091541632, 32443.680498126847, 28017.663360974686, 24305.908788451496, 21313.44952276849, 18721.67837243715, 16734.24461925668, 14941.09599656091, 13363.556791616502, 12246.323633993194, 11038.216096677663, 10209.07307952201, 9484.57790744062, 8863.329410039434, 8350.631966086135, 7960.555515550784, 7596.275091691673, 7142.104375649987, 6976.55129924278, 6762.053056128091, 6628.306706610406, 6455.41341561583, 6370.592845097855, 6206.169120835079, 6135.420682324853, 6043.027703205792, 6009.260759012193, 5931.149277961598, 5912.09962075782, 5903.394084999703, 5862.577424103326, 5853.988465921119, 5853.682069153338, 5831.102565420829, 5817.365881617057, 5828.179237141228, 5815.791413017026, 5821.468483767231, 5812.083375530265, 5801.7215546697225, 5795.690034163422, 5790.752996142475, 5794.447637179617, 5777.838697753226, 5774.513237124756, 5789.382954152891, 5745.943284416786, 5784.102197051611, 5765.467970906217, 5740.835706590538, 5800.337319314524, 5748.76388817019, 5746.781180635647, 5754.421865812187, 5768.975901764936, 5777.818993379221, 5775.704257902168, 5772.59211504995, 5773.85072063922, 5770.05926807885, 5770.401721882542, 5768.006667274458],