{"bestEpoch": 30, "lastEpoch": 40, "mae": [581.201400709492, 290.48555563866665, 141.71395282929976, 82.80760362027664, 63.420326055140045, 58.72816845134722, 57.100503485393524, 56.76721812921644, 56.122182069940976, 53.93866951928125, 54.27259801324653, 53.11350974215277, 54.40192369625695, 54.621815749658566, 55.14446245192246, 55.60026934629051, 54.56308750530093, 55.21223247124074, 54.519816527500005, 55.10204370557176, 55.064467135939815, 54.1145158193426, 55.17297744413658, 54.975528822105325, 55.17719467503935, 54.966902917672456, 55.10066617419213, 54.65193856192593, 54.64385588015278, 54.72261365613658, 54.53811343919213, 53.67344805654746, 54.78193883371644, 54.36840100096181, 54.312569403980326, 54.30529180728819, 54.51824449749653, 54.38082676374305, 54.2939275313912, 54.309575589116896], "medianabsoluteerror": [516.4000240625, 265.20581025, 135.22375493749996, 78.16589314843759, 57.4979248046875, 51.428100351562534, 49.33605950781248, 49.03747593749995, 48.091430429687534, 45.30334519531243, 45.905883960937444, 44.12463372656248, 46.06237839843743, 46.223266773437444, 46.73535203124993, 47.40234356250039, 46.11804204687496, 47.010986328125, 46.10717802343743, 46.75854485937498, 46.8134765625, 45.52368152343752, 46.924926937500004, 46.76867664062502, 47.02770960937505, 46.73767136718743, 46.927734203125056, 46.21301227343747, 46.2987060546875, 46.504028500000004, 46.16125458593751, 45.09973115625007, 46.48376471093752, 45.92773432031254, 45.923095531250056, 45.91601515625007, 46.12817371093752, 45.9765622031249, 45.87463384375019, 45.894408945312534], "mape": [0.34823991047545255, 0.17289302083329958, 0.08539833706019975, 0.05207924657134062, 0.041477342495120376, 0.038993580025225995, 0.03813264847860513, 0.03795052966290059, 0.03761803976358716, 0.036475734369439974, 0.036644838030594144, 0.03602878532568716, 0.036690620186346556, 0.03680041955456274, 0.03706791561974779, 0.037308616663799275, 0.03676374963075575, 0.037103161102939756, 0.03673387357602727, 0.03704363532138921, 0.037016775110120984, 0.03651798654645891, 0.0370653589143426, 0.03696346937242073, 0.037071459868131644, 0.03695612505886509, 0.0370202517632109, 0.03679419155615283, 0.036771439555473066, 0.03680481627022496, 0.03671321515522926, 0.03627195261227261, 0.036833595172210694, 0.03662146769903103, 0.0365910945792697, 0.036584895632178434, 0.03670172630700959, 0.036625781975487756, 0.03658041870794961, 0.03658887649631852], "mse": [383225.1630317824, 98417.41686043389, 25018.492201701793, 9280.14870384638, 6071.975859487292, 5507.541492991464, 5330.3029738439045, 5289.033757178814, 5232.727957779301, 5029.641103726244, 5046.609657239609, 4957.4760450131025, 5056.2868868316455, 5074.581500878622, 5115.002869945579, 5153.368258185633, 5064.619174029487, 5113.310816471312, 5060.562791292351, 5110.521810009658, 5100.64876062436, 5020.825341689079, 5106.225905040022, 5092.168925176072, 5108.6115593364275, 5089.319434757177, 5094.175508290249, 5064.986749915467, 5052.684753957696, 5049.0329875268035, 5040.674907689069, 4977.129434204395, 5063.855755699749, 5030.535452707443, 5021.8857792993185, 5020.0523825219625, 5040.193514441475, 5026.450653838575, 5020.306439371047, 5021.620684938194], "recauc": [0.7034398106477314, 0.8517787630614914, 0.9276885762650339, 0.9577465746574657, 0.9676398306497317, 0.9700344404810851, 0.9708638271234531, 0.9710336811458924, 0.971363758598082, 0.9724774107040334, 0.9723066380712145, 0.9728983713186132, 0.972241120408337, 0.9721281609642446, 0.9718613194652799, 0.9716295629562957, 0.9721586232697343, 0.9718272716160504, 0.9721804328581006, 0.971884492152919, 0.9719032792168105, 0.9723868238675719, 0.9718483107570016, 0.9719482318602229, 0.971846621699207, 0.9719526767491563, 0.9718848773766265, 0.9721135817285431, 0.9721180858826622, 0.97207734106744, 0.9721721060994988, 0.9726125353276067, 0.9720478270049226, 0.9722577146603549, 0.9722869323969435, 0.9722906661036473, 0.972180877346994, 0.9722522326306705, 0.9722959110725887, 0.9722881769658448], "f1": [], "aucrecauc": 0.9906978188428233, "aucloss": 12976.225046803405, "convergence_rate": 0.9664135176939757}