{"bestEpoch": 53, "lastEpoch": 63, "mae": [1.0655635936853893, 0.8606553326140792, 0.7767603629586904, 0.73845333001537, 0.7091678759423296, 0.7116155465153915, 0.6694247342915898, 0.6657316906010812, 0.6661180218722903, 0.548033479958365, 0.5510582386353697, 0.5294681039167459, 0.6656148436736121, 0.5035628889910876, 0.5177269900086143, 0.5286330233127718, 0.5350370953309488, 0.5262263513205699, 0.48489122145144287, 0.5221662802993693, 0.47324991093336616, 0.49618252184506456, 0.47748939457028294, 0.46570516864571576, 0.4634192542409953, 0.49137333944145073, 0.6894169403093934, 0.5061366915429588, 0.47645438557667863, 0.45960645013096135, 0.44950715389908413, 0.44919275337267317, 0.45550167272913133, 0.4485253956999498, 0.4538055125596272, 0.4542457404537204, 0.45057712040254577, 0.44631170883238924, 0.44726728388800335, 0.44639618336055426, 0.44552588790295233, 0.44629312485309847, 0.44521928499797087, 0.4476636774205014, 0.4477755520554886, 0.4478655697021714, 0.44878481447130575, 0.4482227534181491, 0.4473741178096255, 0.44704341997391644, 0.4464756075053301, 0.4462381270369356, 0.44573356214220783, 0.4459974488935422, 0.4459777331043368, 0.44602061056810804, 0.4461472312519159, 0.44594721977682755, 0.4461878590522716, 0.44608419313298947, 0.4463060146851211, 0.4462217923290641, 0.4461671927929775], "medianabsoluteerror": [0.8236116379499435, 0.5811937928199767, 0.5504477143287658, 0.5461533141136169, 0.5481370449066162, 0.604469814300537, 0.5601080536842346, 0.5752241826057435, 0.5901255321502685, 0.45019205570220944, 0.45554393291473394, 0.42797651290893557, 0.5752103900909424, 0.3891614317893982, 0.42359371662139894, 0.42999615311622624, 0.4400696301460266, 0.4351297092437745, 0.3821498990058899, 0.42599054574966433, 0.3703467237949371, 0.3724524784088135, 0.3704761970043182, 0.35699615836143495, 0.35649461746215816, 0.388508005142212, 0.5982960820198059, 0.39959529876708977, 0.3636575138568878, 0.35821509599685675, 0.34005564689636236, 0.3423989963531494, 0.354052574634552, 0.33917382955551145, 0.34943873405456544, 0.3484173464775085, 0.3466030383110046, 0.33965205788612374, 0.3408388686180115, 0.337911286354065, 0.33730394840240474, 0.3386897146701813, 0.33749204874038696, 0.34178632020950317, 0.3413208335638046, 0.34075535893440245, 0.3428671658039093, 0.34148249626159666, 0.3401687836647035, 0.3399346590042115, 0.3390368747711182, 0.33862007856369014, 0.3377918457984923, 0.3379725337028503, 0.3379647970199584, 0.3379250288009643, 0.3381110572814941, 0.33799285411834723, 0.338222713470459, 0.33813483119010923, 0.33858219146728513, 0.33841477394104, 0.33832449913024903], "mape": [0.6977717670012402, 0.7166306994772502, 0.8042450176908272, 0.852971289749359, 0.8977904237270703, 1.0639980770358382, 0.9818197080454703, 1.0396554612721138, 1.080089735515018, 0.7789126845969241, 0.815159258658028, 0.7610484255561251, 1.033492571852614, 0.6303963073120353, 0.749961083517545, 0.8017238288354762, 0.8358478779888322, 0.7739821267750302, 0.6878100973066507, 0.7328105874345027, 0.6542579194004216, 0.5957236495251956, 0.6384258156834874, 0.607538180939701, 0.6186114084434533, 0.6708397993873737, 1.0159111544775887, 0.7263051819149416, 0.6001879729796537, 0.6395913076571256, 0.5887859116947214, 0.6032969137979611, 0.6325540871551709, 0.59574676171851, 0.6412164042794202, 0.6029504556671398, 0.6219308934484107, 0.5941188367720721, 0.6064025148332666, 0.59790709069775, 0.5940517049821812, 0.5987175486371487, 0.5930807630194194, 0.6115852048211311, 0.6056333476404333, 0.5999318092588182, 0.6118138980543961, 0.6107177897519671, 0.6053835678209943, 0.6040012611862248, 0.6008529658627983, 0.5995062996611407, 0.5962958498776725, 0.5974954749719288, 0.5971026695905015, 0.5971795605854517, 0.5980876999650204, 0.5969173924867508, 0.5984393595977312, 0.5978686018749438, 0.5990802790380075, 0.5985024932723743, 0.5983622370567777], "mse": [1.9890616885155221, 1.4279603351597623, 1.15535967328051, 1.0157695276114687, 0.8976686237004283, 0.817271053094168, 0.7334638706732657, 0.692649459584941, 0.6697858491216369, 0.5007810271070041, 0.4994373194765378, 0.4725878608333281, 0.6884240178156287, 0.44800198817074416, 0.4463223314123395, 0.4654090140294708, 0.47025921422093925, 0.45344589436836613, 0.4090374378180534, 0.4539118232779306, 0.3932396810296969, 0.44967989601794156, 0.4024642744295326, 0.3892925588090842, 0.3811665549074686, 0.41684825958238186, 0.724917418626339, 0.4375591102395396, 0.40901829745443746, 0.371142624158696, 0.36511211147226236, 0.36123938684874657, 0.3648358511114232, 0.3631840275893397, 0.36370963045252136, 0.36688705321515525, 0.35959575758591245, 0.35760399158212114, 0.3574058109020252, 0.35790958801971096, 0.3571249119754035, 0.35752179074873486, 0.35644267880926717, 0.35759109190335414, 0.35838315570845714, 0.35929266521853404, 0.35915541408805396, 0.3587033831168169, 0.3581043004707559, 0.35776007431038864, 0.35713401333884986, 0.3569872131254748, 0.3566685275462892, 0.3568923846747483, 0.3569166862994262, 0.356980253319726, 0.35705392275706843, 0.35694617100728876, 0.3570581162839776, 0.35698000699686644, 0.357121711031833, 0.3570769406486293, 0.3570148019395046], "recauc": [0.7524189625815916, 0.7999293268517734, 0.8193971529774792, 0.8282844891288192, 0.8350788663169808, 0.8344978360976175, 0.8443075161727794, 0.8451631749171067, 0.8450733144587055, 0.8725376917932901, 0.8718342038227443, 0.8768557056111332, 0.8451919820824484, 0.8828809741284492, 0.8795865751344559, 0.8770518582746082, 0.8755733964982302, 0.8776113495085763, 0.8872265913940379, 0.8785553761790197, 0.8899307752800528, 0.8846005777557586, 0.8889470152679864, 0.8916877771789944, 0.8922186237462659, 0.8857173059184383, 0.8396593073698853, 0.8822832572689131, 0.8891857461300766, 0.8931041651191335, 0.8954542644578827, 0.8955274857657746, 0.8940595760634299, 0.8956833946545069, 0.8944561703208167, 0.8943529688205857, 0.8952063968429586, 0.8961983124778695, 0.8959767127850484, 0.8961794619889417, 0.8963820483711313, 0.8962035828613548, 0.8964533268025806, 0.8958856612083494, 0.8958595128180527, 0.8958383043219496, 0.8956250508567455, 0.8957562567208616, 0.8959534008522118, 0.8960304885294521, 0.8961623149897845, 0.89621780294655, 0.8963350229431999, 0.8962736759895675, 0.8962782272438606, 0.8962682557067356, 0.8962388831882554, 0.8962854379193169, 0.8962294362988429, 0.8962535565251382, 0.8962018412506297, 0.8962214800033619, 0.8962342414774601], "f1": [], "aucrecauc": 0.9824800728117548, "aucloss": 0.47979503005481156, "convergence_rate": 0.8911092400248318}