{"bestEpoch": 8, "lastEpoch": 18, "mae": [], "medianabsoluteerror": [], "mape": [], "mse": [], "recauc": [], "f1": [0.11983065058665635, 0.19040058294556023, 0.24206722221901444, 0.26356861934476566, 0.2298914465122887, 0.1661227315499798, 0.25704838125242385, 0.2805165905790479, 0.24624106962399953, 0.22819907608761675, 0.21067119900016082, 0.28546333577474803, 0.22795332870874963, 0.22879676509448268, 0.22884920758851698, 0.22510576129552484, 0.22663762675968152, 0.27427601151963155], "f1auc": 0.8107740031320186, "convergence_rate": 0.6738742463790017}