{"bestEpoch": 27, "lastEpoch": 37, "mae": [], "medianabsoluteerror": [], "mape": [], "mse": [], "recauc": [], "f1": [0.005964883773626301, 0.012531868512556006, 0.01153146635357312, 0.014865239844342525, 0.015554282658717772, 0.01907274179586734, 0.015703306277662452, 0.018743599596119598, 0.020850975551822058, 0.01771312219101396, 0.01982582949218919, 0.01994037494891491, 0.01956383065964652, 0.022351801213587184, 0.022140676379928503, 0.023502015940294923, 0.02306352531170899, 0.022515698109145103, 0.02372621922910593, 0.023862950281835684, 0.025225874636499838, 0.024065736621303624, 0.02366014373766459, 0.024233481390846065, 0.023843632229437767, 0.02376799689195288, 0.025213933968370798, 0.0239779774673302, 0.023766558494873878, 0.024234796318171353, 0.02314612183561562, 0.02459167320775766, 0.024463967220426115, 0.02446092054381237, 0.024911954641356846, 0.024647715873946905, 0.02375243384914343], "f1auc": 0.8480387249382089, "convergence_rate": 0.8009782517627178}