{"bestEpoch": 10, "lastEpoch": 20, "mae": [], "medianabsoluteerror": [], "mape": [], "mse": [], "recauc": [], "f1": [0.00977288310672807, 0.014146001713690846, 0.011248979847563814, 0.017923695892562843, 0.0157245034126979, 0.01797962036056757, 0.019169664355646533, 0.020734045938011526, 0.020912247364810926, 0.020296912639772645, 0.0217467450329182, 0.021737359495319283, 0.02284423876835189, 0.023637591394697826, 0.023796169398033962, 0.024010821517834586, 0.024921486806978574, 0.024558710153712162, 0.023988659835733905, 0.024377619081535424], "f1auc": 0.8161477768713419, "convergence_rate": 0.6975384105494312}