{"bestEpoch": 9, "lastEpoch": 19, "mae": [437.7764417059005, 190.71219107406827, 90.72574334064237, 63.10537152099653, 57.38465638907755, 56.102258549425926, 56.40503813586112, 55.571635955033564, 53.07742284594329, 54.76763244570949, 51.25321411470255, 53.307672267040516, 50.8852330490301, 50.066316871734955, 49.31990682382061, 48.98037593543635, 48.60337387442939, 48.40794160091205, 48.32912119881598], "medianabsoluteerror": [393.463745234375, 177.78930634375, 85.068969546875, 57.31567342187509, 50.251342953125004, 48.24121057812499, 48.4755858203124, 47.652832210937504, 44.80786179687493, 46.53930634375001, 41.31591838281247, 44.820922671874996, 41.04931628124996, 40.068481679687466, 39.07397450000008, 38.42431681249991, 37.81286632812498, 37.614990234375, 37.452636484375034], "mape": [0.26111547621292724, 0.11372683538628209, 0.05632888692431929, 0.0411695868002129, 0.038056056726087736, 0.037407881892355346, 0.03762470972981724, 0.03714947696825989, 0.03568602188521292, 0.03676928402893201, 0.03499160006920633, 0.0358884634686162, 0.03478721283392824, 0.03434603148522193, 0.03396131679012887, 0.033809498055169564, 0.033631498121797034, 0.033530481279918214, 0.03349819960059815], "mse": [219840.05997759724, 43799.2709976689, 10893.100222549083, 5987.842078824556, 5261.819317460334, 5148.931535903966, 5213.707783719117, 5090.152509721644, 4751.121156623212, 5054.9362327839435, 4809.97243203367, 4831.726737026821, 4754.8990093502925, 4663.258578601246, 4610.394681264172, 4612.007704730597, 4601.232103665173, 4588.619442994335, 4590.600336340095], "recauc": [0.776622240001778, 0.902687676175025, 0.9537063187800262, 0.9678001429772607, 0.9707194571308982, 0.9713742189033717, 0.9712187070558908, 0.971644675578669, 0.97291659536324, 0.9720547906642515, 0.9738480366555174, 0.972799754049479, 0.9740354924381327, 0.9744531934674949, 0.9748344760401967, 0.9750068192004386, 0.9751998755431099, 0.9752997670137384, 0.9753393265252451], "f1": [], "aucrecauc": 0.9868691227712149, "aucloss": 13382.684593438316, "convergence_rate": 0.9355490373612794}