{"bestEpoch": 40, "lastEpoch": 50, "mae": [0.5467228415411602, 0.48696338498176467, 0.5074316190148759, 0.5124176015653481, 0.46903648632369943, 0.5132259598365408, 0.531927365354589, 0.5244325808711298, 0.4455315245375451, 0.44241953438682285, 0.4734071624031333, 0.44461190419255364, 0.4481437050104265, 0.4771438724513084, 0.43229040729802026, 0.5297534887408364, 0.4335362242800858, 0.4319609981016785, 0.41556648088655657, 0.4457941643658012, 0.4178169987678113, 0.4206782461125943, 0.42483023648967017, 0.4572914766515243, 0.48271852090461076, 0.4017933986793937, 0.3976247749432332, 0.4146732990358915, 0.3947544339073021, 0.39443106237448483, 0.3955476258057506, 0.4045218226207385, 0.3935845938338473, 0.3958278250178313, 0.39853661068913726, 0.3927438490268231, 0.39275528829002465, 0.3934302742189587, 0.39148885319469623, 0.39185037782239956, 0.3927967025745858, 0.39252899027475235, 0.3944655757483575, 0.3957594237963071, 0.3915486712593735, 0.39220145859648603, 0.39176446985331037, 0.3917554674929633, 0.3919399592538105, 0.3919164109091053], "medianabsoluteerror": [0.4609523415565492, 0.40212944746017465, 0.429692678451538, 0.43128371238708507, 0.3847669291496276, 0.4346824049949647, 0.4569254922866821, 0.4393891572952271, 0.3717515754699706, 0.36733996868133545, 0.3853413677215576, 0.37295312881469733, 0.36948957443237296, 0.4038660192489625, 0.36025065183639526, 0.43872953653335567, 0.35040018558502195, 0.35469362497329726, 0.3387073874473573, 0.36531157493591304, 0.34472058534622196, 0.3373839044570922, 0.3441853046417237, 0.3890497040748596, 0.41135880947113046, 0.32345361709594733, 0.32466731071472155, 0.3450813293457031, 0.32176980972290037, 0.3178814482688903, 0.32404050827026354, 0.33570311069488534, 0.3206246328353881, 0.3228110408782958, 0.32358690023422243, 0.32090248584747316, 0.32053602933883685, 0.32208715438842783, 0.3185961818695069, 0.3195979571342469, 0.3205268383026123, 0.32006134986877455, 0.3229241919517517, 0.3237434267997741, 0.3189340591430665, 0.32022638320922847, 0.3196065664291382, 0.31937462091445923, 0.3199984669685365, 0.3201111435890197], "mape": [0.27739432359955424, 0.2777026127385974, 0.2584632000192017, 0.2532415914944115, 0.25719829857288495, 0.31925225895660375, 0.3242775809826412, 0.24939263690506683, 0.23694392352305668, 0.23365508618063738, 0.23671143223677688, 0.25009594974862137, 0.2242870134034402, 0.291919273536815, 0.23064142444935504, 0.244040541018316, 0.22834225058860633, 0.23496522507079193, 0.22680159673384392, 0.25878664958150405, 0.2338860461299272, 0.2224911242913221, 0.2147132652243145, 0.2610481162099032, 0.289102607763134, 0.21021368002312324, 0.21641924718475286, 0.2342448073584319, 0.2133054110621351, 0.21040228871307462, 0.21629459209204469, 0.22674315771822146, 0.21203566329122558, 0.21406275559581076, 0.2233055305231342, 0.2136712292826846, 0.21578880332118286, 0.21673748631237566, 0.21193701063894443, 0.2140249110443483, 0.21257478651662476, 0.21235120670806323, 0.216611674056937, 0.22031971511560242, 0.2132456489309465, 0.21425385460376561, 0.21315928429823708, 0.2122541231865563, 0.21326540989084192, 0.21359970776893647], "mse": [0.48034567434823555, 0.3863383132292608, 0.41569421447384364, 0.4277385757441538, 0.3626401078921472, 0.4129819403663878, 0.4384083281711756, 0.448903640371303, 0.32451319020541797, 0.3216184031668063, 0.38067634382439497, 0.3177810614557821, 0.3331540760743809, 0.3589507174803319, 0.30576967881820855, 0.4584894560709286, 0.3200652391664749, 0.31101855457145183, 0.2898448414360173, 0.3245532121733364, 0.2871554192425651, 0.30333202039090457, 0.3053655247626458, 0.3305056748679124, 0.3656730167549843, 0.27464440144837343, 0.26328204949984363, 0.28082505191501844, 0.26046573540010076, 0.2639251528297206, 0.25962833244428857, 0.2679405403816647, 0.259597920980422, 0.26217277181569326, 0.26605946116749807, 0.25723426144185124, 0.2571535389868561, 0.257362688543832, 0.2567260729466438, 0.256532518860014, 0.25784108466242317, 0.2575297268065187, 0.2582066723440394, 0.2596999217574615, 0.25657162351225965, 0.25681258637376336, 0.25662888740464707, 0.25686228616379947, 0.25672669464465847, 0.2566403071781439], "recauc": [0.8728457772232228, 0.8867434404624813, 0.8819841645688031, 0.8808241899388108, 0.8909130268077463, 0.8806334540664443, 0.8762835240329595, 0.8780299583728878, 0.8963786829490461, 0.8971018890918806, 0.8899016443545927, 0.8965922899992089, 0.895771298972973, 0.8890252945857512, 0.8994585572965332, 0.8767937420676067, 0.8991699109506559, 0.8995453856351682, 0.9033482488598993, 0.8963166769391958, 0.9028234676716792, 0.9021583440400757, 0.90119265466032, 0.8936437044789638, 0.8877325743892265, 0.9065507802316836, 0.9075200327671273, 0.9035557041143476, 0.908187291960513, 0.9082626900094104, 0.9080030359019116, 0.9059157886879359, 0.9084595278653803, 0.9079378085322416, 0.9073077075839499, 0.9086551304869794, 0.9086523971798648, 0.908495608791094, 0.9089469944832641, 0.9088629932468896, 0.9086428502118576, 0.9087049616750068, 0.908254694105755, 0.9079537028349947, 0.9089330757076386, 0.9087812102392046, 0.908882919151141, 0.9088849656870227, 0.9088421760237998, 0.9088475779882681], "f1": [], "aucrecauc": 0.9898515471660354, "aucloss": 0.30938968415929385, "convergence_rate": 0.7444778274913071}