{"bestEpoch": 11, "lastEpoch": 21, "mae": [0.7624883627741674, 0.6316217363762557, 0.5885608786999519, 0.5900646966673966, 0.5543596388853621, 0.5563629521705517, 0.5618961127047419, 0.5602859752941071, 0.539286775047227, 0.5391849578510922, 0.5383934566689149, 0.5388782399598776, 0.5463126172671192, 0.543427069839858, 0.5547513781522825, 0.5456021816717974, 0.5525467052039359, 0.5506842347047363, 0.5501155804130037, 0.5504011867125527, 0.5517896524061099], "medianabsoluteerror": [0.6209962129592894, 0.5183517742156982, 0.48140828609466557, 0.4877612829208374, 0.45118905305862433, 0.4517114520072937, 0.46417787075042727, 0.4641216158866882, 0.436169376373291, 0.4374388837814329, 0.4406159019470215, 0.4372089624404908, 0.448360776901245, 0.4446297883987427, 0.45691670179367055, 0.442682695388794, 0.4543214702606202, 0.45256568193435665, 0.4448716640472412, 0.44966042041778564, 0.45254923105239864], "mape": [0.4183260921831002, 0.3386015285215842, 0.310564315109611, 0.33450900837401215, 0.2908138727955318, 0.28598486977992266, 0.311298915656147, 0.31406206730041275, 0.27869006774468913, 0.2807097411655342, 0.2909052166415924, 0.28038076830056663, 0.29638478038384786, 0.2882147507929507, 0.29996294909717786, 0.28410199200511793, 0.29766932491640175, 0.2947982076801219, 0.2838254924029678, 0.29034844598334825, 0.2932006135674351], "mse": [0.9615732523008812, 0.6584409294565507, 0.5742218919703369, 0.567754156354262, 0.5138822949053886, 0.5208908913607975, 0.516821096789282, 0.5106832059553863, 0.48853905068136744, 0.4893480253876237, 0.4804418636377707, 0.4876958478291255, 0.49342479483023505, 0.49081578768911766, 0.5067949091542207, 0.4984770778920379, 0.5041157192724983, 0.5020110588689503, 0.5076512412095948, 0.5041770008506674, 0.5051748599272106], "recauc": [0.8227377901835795, 0.8531196417933514, 0.863124426024053, 0.862776464052238, 0.871075822558306, 0.8706132667651911, 0.8693239401512106, 0.8696990359457293, 0.8745789292167315, 0.874603468040416, 0.8747875518762932, 0.8746741397678405, 0.8729461862510273, 0.8736163451451754, 0.8709838174695347, 0.8731109588852998, 0.8714968027259256, 0.8719294156112233, 0.8720603425057862, 0.8719948114942053, 0.8716720830660489], "f1": [], "aucrecauc": 0.99359668902574, "aucloss": 0.5274780450104629, "convergence_rate": 0.8924548851020698}