{"bestEpoch": 40, "lastEpoch": 50, "mae": [], "medianabsoluteerror": [], "mape": [], "mse": [], "recauc": [], "f1": [0.19050682835925195, 0.19314766764899655, 0.201308768002939, 0.20597045991402205, 0.20897307791118058, 0.20669019498251606, 0.22175955582691056, 0.2195632941251475, 0.22093434978049764, 0.22417863599744473, 0.23645326574996764, 0.23111411197293846, 0.23662136235739661, 0.2381932900457082, 0.23957214408944774, 0.24558638295899982, 0.24286083109359916, 0.2492989179587148, 0.24530068432311147, 0.2529059554194758, 0.2511055593944814, 0.2528148051835709, 0.26134608495832934, 0.2524020940051465, 0.25098926145201633, 0.25486558029304646, 0.25442401776241597, 0.2520378745328505, 0.2536145030808576, 0.2540884991871507, 0.2561969836174273, 0.2575515513461327, 0.257982369983325, 0.2575928597781204, 0.2538889396332503, 0.2536327046410109, 0.25418444291183206, 0.25076400689480727, 0.2517082654484437, 0.2533463899495809, 0.2513903075219144, 0.2531790265699359, 0.2520044604066902, 0.25130260185931025, 0.2515396990200182, 0.2515067319446724, 0.2517674070649207, 0.25197883745397254, 0.2519743493763726, 0.2517634667591663], "f1auc": 0.9286886745726052, "convergence_rate": 0.7369123194062184}