{"bestEpoch": 2, "lastEpoch": 12, "mae": [], "medianabsoluteerror": [], "mape": [], "mse": [], "recauc": [], "f1": [0.29486334700977396, 0.33592707904975855, 0.3137713364058097, 0.3416141098899693, 0.2990167131012667, 0.3441335201358594, 0.33693105278451435, 0.3081399336980704, 0.35038737320653457, 0.34526667648896014, 0.33621676633979797, 0.3423811093770447], "f1auc": 0.941821711126104, "convergence_rate": 0.6328627584761732}