{"bestEpoch": 39, "lastEpoch": 49, "mae": [4.6694463351687086, 2.852430784943748, 1.0126137888967643, 1.014161760030315, 1.0071944185355828, 1.0840974592831059, 1.1014552826820843, 0.9832297016205019, 1.0842439040587688, 1.122916487824086, 1.0576962982712028, 0.983105106121316, 0.9284042408283821, 0.8815364380073923, 0.8558872633278267, 0.8392681534086516, 0.8257057697061735, 0.8199533557629938, 0.8149360514489229, 0.8123929929454998, 0.8095589173523536, 0.8068588821085056, 0.8047467355174868, 0.8021274138429997, 0.8029912380758037, 0.7977802280376263, 0.7961996443853565, 0.795041466266725, 0.7939704709391884, 0.7907898936777479, 0.7900317623735579, 0.7898106741978874, 0.7860957001477552, 0.7847529868673632, 0.7855671726466453, 0.7881828376283524, 0.7863329114105297, 0.7851183956282433, 0.7841764363970823, 0.7835575366323034, 0.7827020685901112, 0.781952123317856, 0.7815774988972605, 0.7814248404550339, 0.7813736620613934, 0.7813065228002243, 0.7811351474764582, 0.7811312131197478, 0.7811146691784268], "medianabsoluteerror": [4.546765565872192, 2.7321183681488037, 0.903954029083252, 0.9694428443908691, 0.952479362487793, 0.9436039924621582, 0.9368696212768555, 0.930997371673584, 0.9317760467529297, 0.9021172523498535, 0.8519015312194824, 0.769324779510498, 0.7550210952758789, 0.7280387878417969, 0.7221379280090332, 0.7181496620178223, 0.6986203193664551, 0.6934041976928711, 0.6897659301757812, 0.6865921020507812, 0.6815500259399414, 0.6613049507141113, 0.6677412986755371, 0.6615548133850098, 0.6534099578857422, 0.6554408073425293, 0.6510624885559082, 0.657477855682373, 0.6472606658935547, 0.6463918685913086, 0.6442937850952148, 0.6475691795349121, 0.6400938034057617, 0.6387577056884766, 0.6387324333190918, 0.6399292945861816, 0.6389026641845703, 0.6365056037902832, 0.6373257637023926, 0.6372981071472168, 0.6374416351318359, 0.6330356597900391, 0.634824275970459, 0.635678768157959, 0.6349458694458008, 0.6353287696838379, 0.6365013122558594, 0.6361908912658691, 0.6364774703979492], "mape": [0.8915129404865937, 0.5230890436587791, 0.20030817613448496, 0.21104088957385392, 0.2086193431988097, 0.22365425600911007, 0.2261688820929488, 0.20153652898324445, 0.22649675358246757, 0.23204287210900637, 0.22076862387967777, 0.20381419589234803, 0.1946933792289228, 0.1825711775147389, 0.17784738706923228, 0.17493299262707868, 0.17045863057524335, 0.1697349127270256, 0.16904900002737688, 0.1694500721334656, 0.1686083751894463, 0.16559658236859703, 0.16652166360594275, 0.1664868731222613, 0.16307422039301156, 0.1650144359938725, 0.164413177886244, 0.16557157434899153, 0.16190350993217584, 0.16356174985299737, 0.16178219896755425, 0.16169046259004896, 0.1627334718224483, 0.16116950450591283, 0.16150849854041227, 0.1614105261047194, 0.1614924567212925, 0.16159409453977305, 0.16132883893205144, 0.1608365302184889, 0.1609720011780309, 0.1611257168703276, 0.16056307446236154, 0.16064333053889548, 0.16057267571997738, 0.16059634290822344, 0.1607161822947935, 0.16069988202637409, 0.16071273941890488], "mse": [23.55824114182678, 9.601163936604735, 1.9837291769061134, 1.652445848885217, 1.8032036614896332, 6.736552373062683, 11.692401132637576, 1.504595284926128, 10.38257209995366, 17.60406662075738, 13.830365304228067, 8.92979722275941, 4.326780395999458, 2.05690564253339, 1.4016697814996975, 1.1686694120777696, 1.08193779020204, 1.0673660317510358, 1.0573083646167298, 1.0529618626659738, 1.0467927628748306, 1.0413779425471072, 1.0360257532085884, 1.031639795491636, 1.0332779802325898, 1.0215981268920513, 1.0193982353455586, 1.0168958598213118, 1.0141028947416972, 1.0086655230118975, 1.005410649345718, 1.005442229974498, 0.9989760556665398, 0.9957680265991251, 1.0030604320013137, 1.0096984597125087, 1.0023660801840963, 0.9984931298140336, 0.9954830395278446, 0.9934300433523869, 0.9917509444857385, 0.990612042083664, 0.9895341912603967, 0.989299180734615, 0.9891392005271332, 0.9889804995738063, 0.9887607920573842, 0.988730022546731, 0.9886981135697389], "recauc": [0.07511362190115341, 0.3524565810511707, 0.7690011191301074, 0.7668238159208987, 0.7695455264716311, 0.7684339151388534, 0.7718309421055392, 0.7730207452602453, 0.7737885014042084, 0.777165804462355, 0.7853495785555212, 0.7970112836893025, 0.7995514450174849, 0.8024008374060887, 0.8042891827802761, 0.805866082660446, 0.8081372332221207, 0.8094799524579991, 0.8106530357807494, 0.811266863040578, 0.8119287555257415, 0.8125343773649594, 0.8130411221692028, 0.8136646311387061, 0.8134259357964633, 0.8146578303556412, 0.8150420774998887, 0.8153119294078395, 0.8155403250589393, 0.816301077412925, 0.8164586455212635, 0.8165170447700452, 0.8173816523430578, 0.8176882569822379, 0.8175566440955802, 0.8169394179376743, 0.8173688463937365, 0.8176485860051849, 0.8178626135871397, 0.8179990844947866, 0.8181981775245839, 0.8183750747199677, 0.818454571169441, 0.8184898991100622, 0.8185011944380157, 0.8185175366146297, 0.8185579972346703, 0.8185592331976074, 0.8185630784156342], "f1": [], "aucrecauc": 0.9637170491204492, "aucloss": 2.9042223221847863, "convergence_rate": 0.9601944748933864}