{"bestEpoch": 102, "lastEpoch": 112, "mae": [0.6789142876771402, 0.6054804093478432, 0.9959373226126486, 0.6380030128336264, 0.5995324546841465, 0.6503253380866792, 0.5614533786138554, 0.547191139270954, 0.5469243028832595, 0.5455244577016939, 0.5434203062767922, 0.5429601249439463, 0.5417910163197123, 0.5383683535965128, 0.5363024397482382, 0.5359673201321655, 0.5385875814852337, 0.5344824869117907, 0.5340134998469511, 0.5527752390277783, 0.5427640532039507, 0.5265564388971823, 0.5250577819416951, 0.5259335888156439, 0.5245270476159548, 0.5256905871652223, 0.5240793571904317, 0.5245813019612054, 0.523091789295368, 0.525204254432597, 0.5241474772989239, 0.5234858080402012, 0.5235345246576584, 0.523231371874012, 0.5233157063283504, 0.5232852155958464, 0.5231530750653116, 0.5231386686247156, 0.523146493468463, 0.5231393098913023, 0.5231108929011734, 0.5231061623426307, 0.5231013791568493, 0.5230975450619856, 0.5230905531691065, 0.5230910903270655, 0.5230884140314533, 0.5230888184345427, 0.5230810669251745, 0.5230798129563965, 0.5230843774485825, 0.5230982829073307, 0.5230558689541723, 0.5230798686937986, 0.5230560364937643, 0.5230346339861225, 0.52310458647194, 0.5230278810847473, 0.5229567527116225, 0.5230261624739254, 0.5230126942386751, 0.5231250385791216, 0.5229936606933929, 0.5230775033326809, 0.523020175982291, 0.5230310111368313, 0.5229390429501021, 0.5230485853607042, 0.5230276907100082, 0.5230866612088341, 0.5230580580999792, 0.5229787693946909, 0.523059166300309, 0.5229114905035541, 0.5230489655372575, 0.5229993335496017, 0.5229691682384058, 0.522992910407394, 0.5229413820385237, 0.5229739379195303, 0.5230308975340204, 0.522939568567718, 0.5230504115177027, 0.5230024987137936, 0.5229013695407478, 0.5229983743097297, 0.5229077272058311, 0.5229198447298521, 0.5229996823789818, 0.5229039283867681, 0.5229909826790062, 0.5228467892831108, 0.5228407695618357, 0.5229495981080893, 0.5229145947740204, 0.522989892975964, 0.5228688188160648, 0.5229063933549614, 0.5228571415438589, 0.5229653965923494, 0.5228929207818516, 0.5229605764119927, 0.5228311707790962, 0.5228792395822542, 0.522839323090312, 0.5228568230794952, 0.522866437085666, 0.5228768786408424, 0.5228557488454235, 0.5227947812943045, 0.5228686949824534, 0.5228545602719235], "medianabsoluteerror": [0.5440802574157715, 0.4932894706726074, 0.45330810546875, 0.5009422302246094, 0.4610772132873535, 0.4376068115234375, 0.43527650833129883, 0.43412208557128906, 0.43554162979125977, 0.43780994415283203, 0.43527889251708984, 0.4349336624145508, 0.4322972297668457, 0.42917442321777344, 0.42920589447021484, 0.4260110855102539, 0.43197107315063477, 0.4231891632080078, 0.42561912536621094, 0.4245471954345703, 0.42160749435424805, 0.4226527214050293, 0.4227743148803711, 0.4218158721923828, 0.4198265075683594, 0.4209408760070801, 0.41982603073120117, 0.42032432556152344, 0.41849422454833984, 0.4206852912902832, 0.41948890686035156, 0.42012834548950195, 0.42164039611816406, 0.4195671081542969, 0.41922855377197266, 0.41920948028564453, 0.41953134536743164, 0.41861724853515625, 0.41893959045410156, 0.419036865234375, 0.4189033508300781, 0.41890859603881836, 0.41887855529785156, 0.41910505294799805, 0.41906213760375977, 0.4191465377807617, 0.4191465377807617, 0.4193425178527832, 0.419156551361084, 0.419374942779541, 0.41941404342651367, 0.41942310333251953, 0.4194340705871582, 0.4194307327270508, 0.4194650650024414, 0.4192643165588379, 0.4194345474243164, 0.4194159507751465, 0.4194755554199219, 0.41944026947021484, 0.41956377029418945, 0.41959142684936523, 0.41950130462646484, 0.4194455146789551, 0.41945552825927734, 0.41947364807128906, 0.41948652267456055, 0.4195575714111328, 0.41959476470947266, 0.41953420639038086, 0.41946887969970703, 0.41954660415649414, 0.41972780227661133, 0.4195222854614258, 0.41956186294555664, 0.4196805953979492, 0.41965246200561523, 0.419677734375, 0.41968679428100586, 0.4196915626525879, 0.4197354316711426, 0.41955995559692383, 0.4197559356689453, 0.41991281509399414, 0.4197869300842285, 0.41979551315307617, 0.41989564895629883, 0.4198741912841797, 0.4198446273803711, 0.41988468170166016, 0.41996288299560547, 0.41989994049072266, 0.4197959899902344, 0.41991662979125977, 0.41979408264160156, 0.41960620880126953, 0.41979217529296875, 0.41954612731933594, 0.41976213455200195, 0.41985654830932617, 0.41967010498046875, 0.4196310043334961, 0.4196968078613281, 0.4195876121520996, 0.41961002349853516, 0.41953229904174805, 0.41974782943725586, 0.41948747634887695, 0.41955137252807617, 0.419583797454834, 0.4196200370788574, 0.41962718963623047], "mape": [0.14114201158729495, 0.1284572825030229, 0.20321584822229766, 0.13365293193733843, 0.12339185536499472, 0.13115128356979128, 0.11391135122317564, 0.11060033972087298, 0.11140235435445288, 0.11098421377185795, 0.11016254441090673, 0.10945586046224835, 0.11058170006532025, 0.10839616172994873, 0.1078210798282954, 0.10824414604103835, 0.1104020138943827, 0.10704782207973762, 0.10861957562076738, 0.11142774125297206, 0.10996853117579512, 0.10632109916487657, 0.1061900634765302, 0.10688134988838094, 0.1056537654235062, 0.10684940745693804, 0.10617694670341421, 0.10612642373347651, 0.10535012377457365, 0.1063558718024457, 0.10607521537178008, 0.10590786094562853, 0.1060995509353216, 0.10587266749770725, 0.10594710224122406, 0.10591358587488456, 0.10581326006646767, 0.10583791859287339, 0.10588105290156827, 0.10587645875492037, 0.10586888159086448, 0.10587475548491605, 0.10587195466843921, 0.10587695449996438, 0.10587378995399702, 0.10587700132961218, 0.10587680281138187, 0.10588287196618797, 0.1058769935778808, 0.10588306711199347, 0.10588532314624398, 0.10588837437511449, 0.10588041369347714, 0.10588428035628042, 0.10588127250745669, 0.10587133956007894, 0.10588853941213422, 0.10587474572671791, 0.1058631884915481, 0.10587353079487101, 0.10587646729820714, 0.10589840906500418, 0.10586806524233086, 0.10588175753054546, 0.10587442038121157, 0.10587305744086427, 0.1058602071743047, 0.10587698467767412, 0.1058773593494028, 0.10589007992038231, 0.1058780249060513, 0.10586542578776437, 0.10588635556300952, 0.10585538294566152, 0.10587647222099092, 0.10586933517030536, 0.10586267601355479, 0.10586875539751289, 0.1058599801491449, 0.10586585597895133, 0.10587491756245607, 0.10585456650345446, 0.10588043166349861, 0.10587757763984629, 0.10585125021692467, 0.10586933366647634, 0.1058556922363631, 0.10585561827095134, 0.10586572451228823, 0.10584867091267028, 0.10587185520450058, 0.10584213652441919, 0.10584301225444309, 0.1058615801521998, 0.10585292581162442, 0.10586471379862565, 0.10584796902147821, 0.10584983784371767, 0.10584776364681871, 0.10586545857177375, 0.10585276614468456, 0.10586430299336454, 0.10584027667723513, 0.10584749284772657, 0.10584021369706946, 0.10584136150140923, 0.1058489118392403, 0.10584383030037953, 0.10584155750292797, 0.10583115736557377, 0.10584601962721449, 0.1058430559511332],