{"bestEpoch": 60, "lastEpoch": 70, "mae": [0.7002175946928078, 0.5797179651718716, 0.5475738927583862, 0.5784730853962399, 0.5287525882190582, 0.5098655413116249, 0.6009899325031944, 0.49121818115242233, 0.47238247311896897, 0.4681921251606704, 0.46477196570978185, 0.46668496239934226, 0.4612545075794695, 0.4623588222512829, 0.46080762317734736, 0.4594324306241843, 0.4573994598722605, 0.4692470060768219, 0.4720396777014531, 0.45406815778992243, 0.45820799898618364, 0.4624858381328327, 0.46503351989416086, 0.44885941252363043, 0.4451072057251909, 0.4425573669018469, 0.4436320079138219, 0.44161706358716124, 0.4434439268383913, 0.4420157815433637, 0.44430956675185396, 0.4397174868434719, 0.4425889251570173, 0.43938509721425323, 0.4393710599827922, 0.43948145236831493, 0.4402332993418009, 0.44161540726145393, 0.44051448577791813, 0.4407900272674508, 0.4396674796718934, 0.4383371206971734, 0.43962627532676124, 0.43844758240660153, 0.4377393174163263, 0.4383068011873496, 0.43769124771285783, 0.4380555261748786, 0.43813562638727693, 0.4377205920227606, 0.4375372140054804, 0.43764807234258946, 0.43789996545911447, 0.43824745984246055, 0.437837810889577, 0.4377171178883881, 0.4381837032932291, 0.4379054327171527, 0.43771380834713697, 0.43762614577241343, 0.43779173840209457, 0.4376023450013988, 0.4374531872936266, 0.4377323933741173, 0.4377692336689104, 0.4378533241391141, 0.4376742909382677, 0.43789218620381487, 0.4376702175245144, 0.43771289158554944], "medianabsoluteerror": [0.5353946685791016, 0.44744205474853516, 0.4277060031890869, 0.46828222274780273, 0.41207265853881836, 0.40564441680908203, 0.46675896644592285, 0.4040055274963379, 0.38598108291625977, 0.3821587562561035, 0.38240528106689453, 0.38030290603637695, 0.3776836395263672, 0.3762340545654297, 0.3806319236755371, 0.37297677993774414, 0.3660907745361328, 0.386019229888916, 0.3915729522705078, 0.3786745071411133, 0.3718876838684082, 0.3842034339904785, 0.3801422119140625, 0.3632488250732422, 0.36078310012817383, 0.36149024963378906, 0.3634462356567383, 0.3626389503479004, 0.36369800567626953, 0.3583498001098633, 0.3672804832458496, 0.36305809020996094, 0.3556666374206543, 0.3583226203918457, 0.35880231857299805, 0.3648238182067871, 0.36420249938964844, 0.3578648567199707, 0.35874056816101074, 0.35328102111816406, 0.35731959342956543, 0.3566441535949707, 0.36098575592041016, 0.36089420318603516, 0.35828399658203125, 0.3593013286590576, 0.35761189460754395, 0.3600430488586426, 0.36050891876220703, 0.35733914375305176, 0.35712671279907227, 0.3598480224609375, 0.35837411880493164, 0.3608851432800293, 0.35724687576293945, 0.3586287498474121, 0.3594241142272949, 0.3592066764831543, 0.35807371139526367, 0.35877418518066406, 0.3596382141113281, 0.3585786819458008, 0.35719728469848633, 0.35861635208129883, 0.3579254150390625, 0.35821104049682617, 0.35823678970336914, 0.3591289520263672, 0.35858821868896484, 0.35860776901245117], "mape": [0.14715791083782662, 0.11519481393784438, 0.108381411344597, 0.11590663293326059, 0.10426214057708234, 0.10528416641102163, 0.11574062825939861, 0.10223725525615933, 0.09693860800234573, 0.09422996108444286, 0.09569542622002782, 0.0959264139463007, 0.09381713478426212, 0.0952778595616415, 0.09479787797846119, 0.09314476584036555, 0.09266404593566807, 0.09880838667296549, 0.0985460191435809, 0.09384335182782817, 0.09367865976291108, 0.09659925959521025, 0.09755065255083417, 0.09241275105776867, 0.09160785243643109, 0.09020587281332453, 0.09035290422501265, 0.09052607837837687, 0.09122985104251796, 0.09022352560175964, 0.09160533771820895, 0.08949051340495397, 0.09055194327608138, 0.08948346450239221, 0.08914153543598727, 0.08946946088332283, 0.09023389259673499, 0.09077115511268412, 0.0907271851012489, 0.0901338827427718, 0.09027172652361215, 0.08959433338150584, 0.09023636169045089, 0.0895732372132188, 0.08938605990425862, 0.08956496360639633, 0.0893649460581782, 0.08967364940954523, 0.08968712748048134, 0.08947307239136712, 0.08930212581789347, 0.08937725922735605, 0.0895661102345864, 0.08977854951589802, 0.08951771012531784, 0.08946621227311226, 0.08969269385389146, 0.08955283786561756, 0.08948933156032238, 0.08948689514828753, 0.08954501334689091, 0.08940571009795183, 0.08931195237082884, 0.08942496688151987, 0.0894574244269741, 0.0895335252091313, 0.08944043752019376, 0.08952752856166858, 0.08945948152821727, 0.08944009235488729], "mse": [1.5227281018844274, 0.7465333532531067, 0.5705792671226063, 0.6465532514663594, 0.5484720149447062, 0.5631086976746573, 0.7795103045679737, 0.44846268013709356, 0.380989773735723, 0.3697358804842098, 0.3615653301657891, 0.3635660007631266, 0.35643996479904216, 0.35705450753531426, 0.3515469092892639, 0.35226464946138597, 0.3513145140743972, 0.35940982407867317, 0.3652235112943216, 0.34089381906162314, 0.3498212202742174, 0.3485523207181167, 0.353579055244337, 0.33831048938391417, 0.3297060869259833, 0.3273390190531957, 0.3278682234287434, 0.32410814230358487, 0.32582139525892706, 0.3260143849183346, 0.3262311897274887, 0.3228602468939875, 0.32750931469178746, 0.32265573133364955, 0.32333913172226175, 0.3217332932868543, 0.3220408155730506, 0.3241300992606974, 0.32248095398801985, 0.32515292052175615, 0.3219688730212346, 0.32070017462432665, 0.32179118336665163, 0.32061949791078953, 0.31986918532787956, 0.3206919114062984, 0.3200472261600343, 0.3201153888146178, 0.320040094371478, 0.31983956614852105, 0.3197907630958216, 0.3198321882266215, 0.3197602948282792, 0.3198205518348071, 0.319840104946609, 0.31979224622275254, 0.32018519078273217, 0.31987668476542697, 0.3198281548959876, 0.3195100929204021, 0.3195783925449044, 0.3196297791437185, 0.3197551605065313, 0.31995536836769173, 0.3198879642894713, 0.3197962635950952, 0.3197427586835735, 0.32006476843046017, 0.31959977418086616, 0.3196955741652508], "recauc": [0.8433778667945752, 0.8672181498960058, 0.8735227110077983, 0.866745685897117, 0.8781245786782592, 0.8830336861355206, 0.8624715029003759, 0.8865406623051595, 0.8901492620940777, 0.8911062235643407, 0.8919029046742641, 0.8914584043368292, 0.8927206314864236, 0.8924633795339713, 0.8928240747178048, 0.8931448757646104, 0.8936167046158786, 0.890861708896602, 0.8902128970191905, 0.8943915160482749, 0.8934289412463389, 0.8924348493895047, 0.8918418275057852, 0.8956034120404832, 0.8964770318432461, 0.8970693670808894, 0.8968200115583135, 0.8972875832039092, 0.8968622402920005, 0.8971949889805322, 0.8966614649793163, 0.8977300922677232, 0.8970619169709625, 0.8978074086159045, 0.8978111165047161, 0.8977857792645039, 0.8976109935058044, 0.8972884758438082, 0.8975448351563615, 0.8974796037791215, 0.8977415592571959, 0.8980518889513394, 0.8977507603146172, 0.8980252127512786, 0.898190385464911, 0.8980586180828862, 0.8982014061344342, 0.8981160903594652, 0.8980987868783445, 0.8981942306829379, 0.8982378327087773, 0.8982117058255775, 0.8981525512661119, 0.8980716643583343, 0.8981678291413075, 0.8981943680121532, 0.8980869765658338, 0.8981509033155289, 0.8981950546582294, 0.8982165810127185, 0.8981783691585774, 0.8982221085136322, 0.8982566124789617, 0.8981917244247597, 0.898183004019592, 0.8981641555847999, 0.8982049423617269, 0.8981550918565939, 0.898205800669322, 0.8981966339442047], "f1": [], "aucrecauc": 0.9949865639091844, "aucloss": 0.36819738738922764, "convergence_rate": 0.9232036007190831}