{"bestEpoch": 67, "lastEpoch": 77, "mae": [0.5208326989928186, 0.4752172690070129, 0.43645288890583794, 0.440410183432134, 0.4040121528433499, 0.4211150345322361, 0.41575339545773476, 0.38723280762516077, 0.39110773751673394, 0.3988883085702658, 0.39648040112943284, 0.38161525969773946, 0.38609691529505313, 0.3945537641849763, 0.38250516402946566, 0.3851599529554732, 0.37473945702868455, 0.368688878835274, 0.36997444634277793, 0.36641906785455586, 0.3657992260185267, 0.36054563430698644, 0.3676372926869237, 0.36355358868378723, 0.36555896158633455, 0.3651533810854792, 0.3576963948202251, 0.3574019462454087, 0.3569059366384754, 0.35749661322699694, 0.3564567101347154, 0.3556453149549798, 0.3557844910456036, 0.355403856141604, 0.35495099388749063, 0.3570414041467304, 0.3549800134237991, 0.357410202153183, 0.35685111586523816, 0.3531119634730677, 0.3532710882022829, 0.3530582805829503, 0.3531928597665193, 0.3531299894965311, 0.35259455926585304, 0.35309207657313546, 0.3541199304475591, 0.35285697511389047, 0.3531430116770298, 0.3534514456207512, 0.3526533789873542, 0.35220960075816315, 0.3525653745116583, 0.35265687174010224, 0.3525941780338735, 0.3525366827967374, 0.35286949689017016, 0.3525831787621339, 0.3522263156368314, 0.3526049247680716, 0.3527108793804965, 0.35292500613030303, 0.35244449020672597, 0.3528147952104103, 0.35263725770101095, 0.3522880793954268, 0.35293064478111735, 0.3527641230893676, 0.35260749885420456, 0.3524440417185933, 0.3522305592605929, 0.3526349765712786, 0.35241358101499654, 0.35244224626800114, 0.3525842256122428, 0.3527494733316112, 0.35253056210581096], "medianabsoluteerror": [0.44660131931304936, 0.39214273691177365, 0.3543109667301178, 0.3637972807884216, 0.32558498382568357, 0.334582667350769, 0.3345339703559876, 0.30152820348739606, 0.3049656343460082, 0.31534026145935057, 0.3124402284622193, 0.2965653181076049, 0.30511491656303413, 0.3113191151618957, 0.29687242507934564, 0.30040154218673704, 0.2937806057929993, 0.28636925339698793, 0.28766014099121096, 0.28645159244537355, 0.2848374247550964, 0.27824797630310055, 0.2862276673316956, 0.27975950539112093, 0.2851121258735657, 0.2874751377105713, 0.276766060590744, 0.2772485959529877, 0.2762438297271728, 0.2772634148597718, 0.27638944864273063, 0.2749253821372986, 0.2750020384788513, 0.2750760865211486, 0.2743048143386841, 0.2767539274692535, 0.27385238170623794, 0.2776690912246704, 0.27563017249107363, 0.2728351354598999, 0.2727216362953186, 0.27265510559082035, 0.2727440857887268, 0.2724133038520813, 0.2716753840446472, 0.272637391090393, 0.2736550021171569, 0.27199644148349766, 0.27300268888473506, 0.27313557028770447, 0.2720195233821869, 0.27152025222778325, 0.2714587438106537, 0.27291473627090457, 0.2727283835411071, 0.2726444244384766, 0.272375271320343, 0.2717906141281128, 0.2723758941888809, 0.27217010259628294, 0.2714945673942566, 0.2723448586463928, 0.2716782045364379, 0.2732077610492706, 0.27215084314346316, 0.2712941646575928, 0.2723026800155639, 0.2726855516433716, 0.27265347719192506, 0.2722284340858459, 0.27110212564468394, 0.2722226738929749, 0.2714709615707397, 0.2723396277427673, 0.2724044799804688, 0.27247130513191226, 0.27295648813247675], "mape": [0.7977461143796891, 0.6816677031654886, 0.6145252369756673, 0.7014341830978127, 0.5933028971326756, 0.6012271738909465, 0.4943544711395438, 0.507628130994963, 0.5569312417736891, 0.5913392751924351, 0.5560978944533342, 0.47210058373073643, 0.5760121596960042, 0.5316506342429658, 0.519436404941884, 0.49064803472472573, 0.5299697485016319, 0.4950215377459895, 0.5293109904766782, 0.5129091631584196, 0.539348456611868, 0.48802830845169104, 0.5071885117842069, 0.49475367919334207, 0.4635700754040075, 0.5354145661232904, 0.4802467468613704, 0.48393650342976846, 0.49072445294477396, 0.5020419663841337, 0.4860863834991039, 0.49263926682042064, 0.49307171955578255, 0.47390863299933117, 0.481733319001278, 0.503828762192343, 0.4747741411261022, 0.5146014444307206, 0.46322584970020114, 0.48163681506741574, 0.482169427782849, 0.47434043745801396, 0.48946566476718745, 0.48682378765480544, 0.4785938194512261, 0.4891798022734472, 0.491028484969244, 0.47968046760168803, 0.4873956094319395, 0.48375881627941436, 0.480063080941524, 0.48523840588770445, 0.4825491866894707, 0.4858109202571986, 0.48271440770863966, 0.4845110920400215, 0.48350407031381504, 0.48372835946099946, 0.4830950780945424, 0.4835959838349024, 0.4840718245418922, 0.4824148355046136, 0.48272368754222733, 0.4829430625340678, 0.4825772450144799, 0.48377632405395193, 0.4835702568673139, 0.48314918490235403, 0.4832508810755788, 0.4841611687712296, 0.48352565240083706, 0.4833187546094661, 0.4826607903095156, 0.48316365920194637, 0.4837879568078076, 0.48524639881893616, 0.48322434777354734], "mse": [0.43120210887384686, 0.3738444771774109, 0.3157137636540381, 0.31856306630693537, 0.2755921412548327, 0.2968026138248904, 0.2898129171686332, 0.2622635584379606, 0.266772412696066, 0.26901232778548756, 0.27081220902068803, 0.25360137217231016, 0.25425580169833306, 0.26733783035972897, 0.25574340570099524, 0.25565602899670636, 0.24120458531077907, 0.23705294016917192, 0.23585860365475964, 0.23313402975878517, 0.23202023648628176, 0.2266920364200138, 0.2343475018656973, 0.23321291109525094, 0.23150344690037036, 0.22935927729232067, 0.22490437349866493, 0.22238829485932698, 0.22261470728271238, 0.22209538872728857, 0.2219413733812225, 0.22122839704935748, 0.2208225070107862, 0.22080176079209912, 0.22040022088818162, 0.22169721613564958, 0.2207074086679214, 0.22199977277931046, 0.2239185108501624, 0.21805109096850317, 0.2183834648826647, 0.21853003555504083, 0.21791189330764196, 0.21793460778439555, 0.21834579128037318, 0.21816638498668856, 0.21904910955513504, 0.2186089735609127, 0.217985749711549, 0.21783095985157455, 0.21780618348565517, 0.21724441612959614, 0.21764842833915996, 0.21750875490934948, 0.21743934451840027, 0.2171289520155025, 0.21787392366139474, 0.21757658602786473, 0.21710337180826966, 0.21740938521823472, 0.21772116782532108, 0.21794464424501045, 0.2174120651346748, 0.21804428050248453, 0.21732196536598308, 0.2172232141149792, 0.2175410547730559, 0.21742526218911956, 0.21732080153685404, 0.217180493364988, 0.21733002761601047, 0.21749679748918344, 0.2174240456279281, 0.21733632023737803, 0.2172429547930878, 0.21732418961066985, 0.21697000931575128], "recauc": [0.8788639236308731, 0.8894731093152471, 0.8984892564948096, 0.897568816357299, 0.9060342126624121, 0.902056409948878, 0.903303518237033, 0.9099368641139693, 0.9090357099488328, 0.9072259131124178, 0.9077859939289448, 0.9112433409428315, 0.9102010332828149, 0.9082342071892768, 0.9110363344682768, 0.9104189371814055, 0.9128425886403972, 0.9142497726314438, 0.9139508965949636, 0.9147775960131902, 0.9149218217985535, 0.9161437793024066, 0.9144942856023744, 0.915444119580255, 0.9149777781907763, 0.9150721656740507, 0.916806536002275, 0.916874768634074, 0.9169903255233203, 0.9168530125530739, 0.9170949778812337, 0.9172833826222414, 0.9172511154956928, 0.9173397757901461, 0.917445103987354, 0.9169587549118382, 0.9174383707930055, 0.9168729788875675, 0.9170030417691674, 0.9178727842678187, 0.9178356337823903, 0.9178852045916801, 0.9178537929251946, 0.9178684908145565, 0.9179930655709481, 0.9178773975494277, 0.9176383255371008, 0.9179319602653998, 0.917865641434739, 0.917793844816756, 0.9179793446118093, 0.918082426257175, 0.9179999163587492, 0.9179785046585752, 0.9179931676575719, 0.9180064208273708, 0.9179290889175747, 0.9179957269304644, 0.9180786968648152, 0.917990604507972, 0.9179659990471545, 0.9179161439460009, 0.9180280386391462, 0.9179418445766121, 0.9179832090428043, 0.918064457073025, 0.9179149150298075, 0.9179536284743691, 0.9179901334880429, 0.9180281633398957, 0.9180777722701399, 0.9179838415922014, 0.9180351575658645, 0.9180284928600106, 0.9179953508898627, 0.9179569630887088, 0.9180078752387016], "f1": [], "aucrecauc": 0.9962681979920444, "aucloss": 0.23453423918698116,