{"bestEpoch": 44, "lastEpoch": 54, "mae": [1.7271343544509212, 1.1988482650227454, 0.638625979218907, 0.5973976787897144, 0.5595846677865927, 0.5482342501010757, 0.5179878022717398, 0.5189630025201674, 0.5023247428747374, 0.5073310061905583, 0.499973122786297, 0.5022328449122242, 0.5179542631698645, 0.4780108124130254, 0.48303406966170453, 0.4628709144212518, 0.46272608835264206, 0.46117824997396106, 0.4691069760029561, 0.48716491827062836, 0.46543162874941396, 0.4410898783671009, 0.43920005992479516, 0.4330418292411283, 0.43682335284907836, 0.4356256744274764, 0.434610009725422, 0.4315502996343213, 0.44593369743891936, 0.43538958896200886, 0.43980264369049227, 0.4314205489369794, 0.4264374481539034, 0.42744701660829354, 0.4271929674937559, 0.42695346076669377, 0.42836725470375614, 0.42637627353137847, 0.4264541458846203, 0.4263421997269363, 0.4278345450968665, 0.42642742303323794, 0.428522665395059, 0.42572418144794416, 0.42618407017989046, 0.42563665572041054, 0.4256585344104394, 0.425697751524847, 0.4258605155427555, 0.42554094666187353, 0.425835514739744, 0.42548488326552314, 0.42556584679380627, 0.42525391917518435], "medianabsoluteerror": [1.4781432151794434, 1.0151238441467285, 0.49248743057250977, 0.4706892967224121, 0.4449038505554199, 0.4489164352416992, 0.41953182220458984, 0.4256119728088379, 0.3998441696166992, 0.4025290012359619, 0.4063565731048584, 0.40378665924072266, 0.41274166107177734, 0.39202260971069336, 0.3941617012023926, 0.3661985397338867, 0.3808612823486328, 0.372403621673584, 0.3800926208496094, 0.40076732635498047, 0.36522531509399414, 0.35852766036987305, 0.35721921920776367, 0.35178613662719727, 0.35098743438720703, 0.35186767578125, 0.3482522964477539, 0.3501625061035156, 0.36476945877075195, 0.3537721633911133, 0.3614692687988281, 0.34587812423706055, 0.3471508026123047, 0.34936070442199707, 0.34863710403442383, 0.3469810485839844, 0.3515443801879883, 0.3444838523864746, 0.3503556251525879, 0.34181690216064453, 0.34959983825683594, 0.34702634811401367, 0.3517584800720215, 0.34533166885375977, 0.3475151062011719, 0.34380531311035156, 0.34566831588745117, 0.34499263763427734, 0.3466038703918457, 0.3458285331726074, 0.3450744152069092, 0.34575891494750977, 0.34502124786376953, 0.34340524673461914], "mape": [0.33796344713420895, 0.2279836503993321, 0.1326713211866251, 0.12376936577660197, 0.11545737159347295, 0.11544786494294722, 0.10705394441968086, 0.10836483144551738, 0.10076740348325057, 0.10017633139937397, 0.10470908123095321, 0.09889436153552017, 0.10518428281068871, 0.0997233820836781, 0.09706547732562454, 0.09285460432780676, 0.09639946762494142, 0.0921085616721702, 0.09690538663665045, 0.10380128644319521, 0.0955720174183053, 0.09182314572148743, 0.08833747365116684, 0.08842802570913864, 0.08973147626203248, 0.09002169203317062, 0.08826061965731395, 0.08768254235819392, 0.09389064364781123, 0.0881323567351589, 0.09184630957523893, 0.08691100581903093, 0.08767131690789376, 0.08753276842761577, 0.0878524818877385, 0.08715977059398634, 0.08830052558296905, 0.0873584142455913, 0.08737621131260392, 0.08726043415248809, 0.08821950627623311, 0.08754039845317597, 0.08858113825766588, 0.08718254587298745, 0.08759530697022684, 0.08713556736974533, 0.08727078350657809, 0.08735752687768862, 0.08749651609727636, 0.08731062441268628, 0.08745320586440274, 0.0872845252623076, 0.0873238290869941, 0.08712782591754983], "mse": [13.011654294742723, 5.101131583305833, 1.6528795904619034, 0.8150856247871793, 0.557044017766288, 0.5052158904500501, 0.4494123001354333, 0.4498700788735836, 0.4336359931153715, 0.43766015183812185, 0.41704539818479747, 0.4335363736672289, 0.44504659135982455, 0.3778993140374309, 0.38816163986062796, 0.36554057214160934, 0.35889453433233576, 0.3675008336645514, 0.36549990471341215, 0.3883228312472936, 0.44336892157177077, 0.3261753189582386, 0.3267318094776265, 0.3161897306282031, 0.32066911766546496, 0.31986385809943335, 0.32086356142538336, 0.316135862049362, 0.3281955985213177, 0.32193731292510097, 0.3203995162165207, 0.3164818162397461, 0.3068790338100961, 0.30686318304706844, 0.30739700433518885, 0.3083356130264096, 0.30779111745471777, 0.30705381023871936, 0.3063798462175985, 0.30662174897181826, 0.3075092694290351, 0.30674836984661336, 0.30902837648749126, 0.3060734469188593, 0.3064656196214869, 0.3054673604077085, 0.30549254797436304, 0.3058782884348131, 0.3055699285592069, 0.3055258033551445, 0.3055372037604383, 0.3052345116107582, 0.3053824611623429, 0.3052521084911219], "recauc": [0.6261027922222363, 0.7355535759549179, 0.8588666110002693, 0.8637347085206288, 0.8703313517070896, 0.8724910767767473, 0.8795253538398811, 0.8792992069546811, 0.8831683202649137, 0.8820046268272553, 0.8837157488491726, 0.883189262970238, 0.8795326666205927, 0.888822919367117, 0.8876546254007481, 0.8923450017504325, 0.8923782354205212, 0.8927376603091136, 0.8908942559206146, 0.8866933208940531, 0.8928840017541061, 0.8974102525254243, 0.897850461324883, 0.8992821527260861, 0.8984043100499547, 0.8986822987139086, 0.8989163076966812, 0.8996287030007498, 0.8962848052742111, 0.8987370930707901, 0.8977103511930321, 0.8996591900865335, 0.900819209967684, 0.9005837246958476, 0.900643806227516, 0.9006983602582709, 0.9003688731386011, 0.9008336638675883, 0.9008141631190238, 0.9008404616637428, 0.9004932934076106, 0.9008205489275326, 0.9003337511918029, 0.9009845200105318, 0.9008777808779848, 0.9010048790666915, 0.9009993858980817, 0.9009916611297245, 0.9009534836078871, 0.9010269204057378, 0.9009580154719901, 0.9010397263550591, 0.9010219422216853, 0.9010942117212064], "f1": [], "aucrecauc": 0.985365840483731, "aucloss": 0.5921147810190159, "convergence_rate": 0.9539599260840896}