{"bestEpoch": 45, "lastEpoch": 55, "mae": [], "medianabsoluteerror": [], "mape": [], "mse": [], "recauc": [], "f1": [0.02093247151168557, 0.10851035191462265, 0.1578694322428541, 0.16709862809810805, 0.21930345233161813, 0.20979401367507888, 0.24163437055581752, 0.22441893813005273, 0.2227659983592315, 0.24987278755421324, 0.2387235553569909, 0.22266731976501958, 0.2883644972395519, 0.23581651243384671, 0.2828071573367299, 0.22166853114180216, 0.288868974162072, 0.27843294136580615, 0.30217119441794554, 0.3167482082313607, 0.3307005237824247, 0.3252076918177576, 0.31810683501713627, 0.3191470152871232, 0.32356260544440585, 0.3344810751064974, 0.33474096670116904, 0.3342491849014642, 0.33276754211491455, 0.33209049795245066, 0.33177262364536386, 0.33497704327189043, 0.3316352176412371, 0.33445742676686413, 0.33524969629733514, 0.3349813135623159, 0.33478125228344735, 0.3345137416303215, 0.3344322541293858, 0.33446204229594884, 0.3356300267901723, 0.33465442835964, 0.33468811250186675, 0.3358521877258615, 0.33510597933968805, 0.33530037541005697, 0.3346492785545137, 0.3343315269355557, 0.3351352856349669, 0.3352804046972065, 0.334407054458464, 0.3332187789689359, 0.33420110359881944, 0.3341528589005145, 0.3342000886180534], "f1auc": 0.8804593695874886, "convergence_rate": 0.872513595754462}