{"bestEpoch": 16, "lastEpoch": 26, "mae": [], "medianabsoluteerror": [], "mape": [], "mse": [], "recauc": [], "f1": [0.0025828153920757556, 0.005622789549652448, 0.0056016016809806906, 0.007193226405300788, 0.006203680403426705, 0.010159857650520571, 0.010394815053934282, 0.011558378627245727, 0.013016625738249146, 0.005940532958257325, 0.0057230665291956445, 0.008424363051568434, 0.008928311060609477, 0.013176654749532222, 0.012795467513155237, 0.012863748551068045, 0.012953571079498558, 0.013123152046094495, 0.013063525953062151, 0.013115274378079847, 0.013056504120681985, 0.013140667063709737, 0.013123154370186414, 0.013089930518130186, 0.013063450175546514, 0.013109702336092294], "f1auc": 0.7989238940972134, "convergence_rate": 0.7499008304296646}