{"bestEpoch": 74, "lastEpoch": 84, "mae": [1793.7050170060695, 1687.1456191002956, 1594.896401831599, 1510.8533783590603, 1438.0255216673465, 1370.8227183180989, 1307.5119587242766, 1249.7176404010709, 1196.4869609079788, 1149.4581846176504, 1087.7119286588108, 1038.7837585741754, 985.3198536985966, 941.8909122561777, 897.1297825632523, 847.0335469404224, 805.9437507797599, 762.0144163342303, 721.006635111357, 681.6692885401765, 642.2081907302083, 606.3315361623274, 573.2313842706898, 539.6262311675509, 508.51192383959255, 478.0728136137836, 450.0574483069317, 419.7411617043067, 392.7147028093449, 369.54644315238653, 345.0051713974063, 321.6799091905092, 299.75028343112035, 281.7156914897616, 262.1554265695174, 243.9645633607604, 226.8828330373762, 212.7935781366597, 198.1206634415382, 184.39455587390395, 171.906152915522, 161.000973770353, 150.2673211190347, 140.4657408062928, 132.1413332929016, 123.52159638388311, 116.65116503204514, 110.79885976561921, 105.30674818442245, 99.50136562659375, 94.73358595072223, 91.4365165065162, 87.96655775707755, 84.66363157948032, 82.06556824720947, 79.10710640535069, 77.26662631483796, 75.02594364226042, 73.92609602222338, 71.57287222549074, 70.39350525534722, 69.1661929547743, 68.1849338575301, 67.48808723195255, 66.25812611350116, 65.8056746336875, 65.35847301045717, 64.68370971804862, 64.04073881701736, 63.17044948369907, 62.783686914684026, 62.71903212984954, 62.5494253408669, 62.12043924788194, 62.15382793784606, 62.26257672607407, 61.87381368727893, 61.69826458793518, 61.48573888944328, 61.26863436120718, 61.15784907825926, 61.219812420927084, 61.22789886496412, 61.17858466558681], "medianabsoluteerror": [1574.1623155405273, 1479.7593250274658, 1397.5057178249513, 1322.4604336083985, 1258.2049406240235, 1197.5356447109375, 1141.3676761875, 1091.0512698828124, 1044.24182134375, 1004.5706180273437, 950.8241576601563, 908.1382445742188, 861.7269284218751, 824.760131484375, 787.1845699609376, 743.6915891835938, 708.52697759375, 670.5982661875, 635.7638549257813, 602.3755492617188, 568.2858277539062, 538.5971068164063, 510.9835204531248, 482.40863037109375, 456.38055449609374, 428.58911091406253, 405.57580584375, 379.15405226562507, 355.30358839843757, 334.7984618515625, 313.33300734375007, 292.80029320312497, 273.61828596093756, 257.5942385703124, 240.57067853125, 224.47509765625, 209.21545428125, 197.6351314296876, 184.68212867187503, 173.42297386718747, 162.31713855468752, 152.50048874999993, 142.78204325000002, 133.6007080078125, 125.80322225000009, 117.08727980468757, 110.36621082031252, 104.61596674218731, 99.13671910156245, 93.62121570312502, 89.13671868749998, 86.05041510156252, 82.66662627343749, 79.60778761718757, 77.09851115624997, 74.3398435703125, 72.84973138281248, 70.55627482031241, 69.20373577343753, 66.66052240625004, 65.53930669531246, 64.08886689062501, 62.96179240624997, 62.33007782812501, 61.04162555468747, 60.61865246875004, 60.08605992187495, 59.45642118749993, 58.439941578124944, 57.47778314062498, 56.98303192968751, 57.03405755468748, 56.72827107812509, 56.220458804687496, 56.48400832031257, 56.502441226562496, 55.84729045312497, 55.68151849218748, 55.4173583984375, 55.06848103125003, 54.84814423437501, 54.90148896093751, 55.25146484375, 55.26232939062493], "mape": [1.0907099468776618, 1.024577624909262, 0.967491001783263, 0.915609529575754, 0.870762986467121, 0.8294718562216643, 0.7906316490163607, 0.75529907212089, 0.722880225268323, 0.6947144515694273, 0.6567683976182891, 0.627109945828627, 0.5942483782581399, 0.5680490249696614, 0.540982322497463, 0.5101681235188125, 0.48525911210276057, 0.45837028243560635, 0.4333879790120855, 0.40940024062892727, 0.3851873284518386, 0.3633690920816286, 0.34327252993783514, 0.32282800208640744, 0.3039397618363791, 0.28545603448509305, 0.2686215765568344, 0.2501704304716807, 0.23389108890730043, 0.2201190022377347, 0.2054080484959034, 0.19142603801454236, 0.17836845684621958, 0.16768934907332464, 0.1560193878525815, 0.14518850650013074, 0.1350301350969651, 0.1268081425383605, 0.11814687301180421, 0.11007758721575182, 0.10278070070783278, 0.09645095188958935, 0.09026018207553561, 0.0845770991741184, 0.07982471745009308, 0.07486506673235466, 0.0710059894108292, 0.06771774178800839, 0.06462228504138791, 0.061298909970927365, 0.058602133321360626, 0.05676542585444625, 0.05487486250216383, 0.05300866221263378, 0.05157523747957052, 0.049938832074707784, 0.048928319780393546, 0.04768598778793429, 0.047118129409702336, 0.04579347162029788, 0.04514810748319052, 0.04447161407287117, 0.04396112622929495, 0.04361875449361354, 0.042925649202005894, 0.04267277031062957, 0.04245164409220659, 0.04207609685162714, 0.04171494881137392, 0.04122577135725093, 0.041037390262380714, 0.04101959323447242, 0.04096029584767331, 0.04068190885857477, 0.040701277625441366, 0.04079686051370907, 0.0405905864869788, 0.04050922406066276, 0.040372006900030837, 0.0402657463220829, 0.04020624329346041, 0.040222673955359826, 0.04023214786565536, 0.04020869545824442], "mse": [3552838.199650211, 3150292.6811495572, 2820526.141226333, 2535363.0373947225, 2300027.5484691868, 2092636.690523196, 1905960.5399006358, 1742651.8711531886, 1598219.8252341438, 1473903.0705060514, 1322055.542032641, 1206114.7019464683, 1087060.4003855935, 993305.7102335334, 901244.112718464, 805152.2262675909, 729373.5124070616, 653194.6058247378, 585629.2917432728, 524349.9420002142, 466651.2138117379, 416722.04774547473, 373124.7953394523, 331431.10887154785, 294983.7903260827, 261418.89457035495, 232042.35848484412, 202588.36490580277, 177805.58285373545, 157597.4250173222, 137722.0265003003, 120114.48049454176, 104604.26151155963, 92622.53626675313, 80560.4691938625, 70146.0418764093, 61018.69916552529, 53879.04672939855, 47023.19503499158, 41057.21080592502, 35948.141775122094, 31769.64205283734, 27887.25437996059, 24605.637138822636, 21916.878991822137, 19327.690864347554, 17355.134126251487, 15744.6078091767, 14321.044241634701, 12910.288199809263, 11812.262954000222, 11067.67678471435, 10317.58945271663, 9637.269592847275, 9125.407297530937, 8569.899874151266, 8216.947017424227, 7823.519206134503, 7633.699948334259, 7247.397136561929, 7059.659203767535, 6869.192421604054, 6726.3141491098295, 6621.348586918098, 6430.810182835947, 6365.542583934471, 6308.389185502379, 6218.169432988847, 6130.47658165127, 5999.525214235639, 5961.038938189343, 5949.6880072882395, 5939.88528646745, 5874.507383609866, 5867.43745447838, 5881.592446814259, 5845.715879299919, 5824.595727474387, 5795.4205265279, 5771.652513234372, 5761.494829887185, 5762.888918565161, 5765.928525064953, 5757.3352153397445],