{"bestEpoch": 30, "lastEpoch": 40, "mae": [0.5371171453151005, 0.5065491973662927, 0.49005662336527617, 0.47206776385881927, 0.469054028248457, 0.4867195627650713, 0.4641050962287748, 0.45227157496005255, 0.4613406037469781, 0.4499637265433987, 0.4624204296603576, 0.43985663114132, 0.44746470135053285, 0.4431021772223392, 0.4271524641609934, 0.42331822291257226, 0.44051689393381577, 0.44042851365300467, 0.432560281239235, 0.42729715109011973, 0.42791331453962234, 0.4288938641654141, 0.42509649990958914, 0.4340892710764213, 0.4216058564954059, 0.425657750362161, 0.42462833889501767, 0.4324249944328279, 0.4261834072524257, 0.4164348595397097, 0.42232109137827256, 0.41556782882188653, 0.41635236964272476, 0.41520268624823636, 0.4188704906863891, 0.41572618268192113, 0.41614125344859515, 0.41612386357046965, 0.4164517108368838, 0.41656974341075936], "medianabsoluteerror": [0.43452730417251584, 0.41682013511657723, 0.4046140670776368, 0.3845360493659975, 0.38633402347564694, 0.39391763210296626, 0.38819839954376234, 0.3610160470008851, 0.38469116210937493, 0.35527707815170295, 0.38202260971069335, 0.3508210539817811, 0.369635784626007, 0.362184739112854, 0.3279002070426942, 0.3320864915847779, 0.34053742647171026, 0.3571600818634032, 0.3523930311203003, 0.3426992893218993, 0.3406791830062865, 0.34914370059967037, 0.32944045066833494, 0.3550437211990356, 0.34053897380828846, 0.34681673049926753, 0.3352748584747314, 0.357996666431427, 0.33130859136581425, 0.3347133159637451, 0.34314014911651614, 0.33128356933593744, 0.33557662963867185, 0.331472861766815, 0.33908835649490354, 0.3319244956970214, 0.3326352834701538, 0.33244022369384774, 0.33325643539428706, 0.3329931139945984], "mape": [0.3179477926513739, 0.29639979091408397, 0.2855575764246404, 0.25690738244763367, 0.2618016193615471, 0.2633234309275986, 0.2647610664033271, 0.22713285576869008, 0.2693356367327051, 0.2288710663375752, 0.24078478695975294, 0.24779038886568022, 0.2429355648952654, 0.2543362377207039, 0.21710845330234566, 0.2160773797653908, 0.22561021570595183, 0.2338512115408333, 0.23785127332694142, 0.22943236116003124, 0.23085488296780687, 0.23212147321476745, 0.21172236288673332, 0.22881361143262402, 0.22036474331650213, 0.2378637786502727, 0.21577112107607416, 0.24212836449520417, 0.21781207127419006, 0.22331412823706534, 0.22419836348950822, 0.21994697630799312, 0.22198397244591278, 0.21894590162761438, 0.22307495223551826, 0.21903633217114943, 0.2196930540596137, 0.21903896461685146, 0.21934384000676307, 0.2198404232113067], "mse": [0.47455694627070744, 0.41821660692311585, 0.39293356356114156, 0.3763881276295501, 0.36473275561734275, 0.401186294452604, 0.3502476469612451, 0.35545932739061586, 0.34698040732485186, 0.3566866949326955, 0.35580688424987506, 0.3329058296426212, 0.33303188432228825, 0.32925088751381654, 0.3311040967106146, 0.3183582614604669, 0.3479234833896168, 0.3299010676931878, 0.31548137598225945, 0.31465727945362754, 0.3177522675666125, 0.31252705102506545, 0.325329087470715, 0.31779687139878093, 0.3046873196620371, 0.3059267617659475, 0.3179178910553191, 0.3097574265431188, 0.3232270522080372, 0.29844624339217246, 0.303578872260185, 0.3005223117996508, 0.2980388094496158, 0.29984493336760715, 0.30056735449074146, 0.2997641397907047, 0.3001802412636552, 0.300199308790862, 0.3004557319769519, 0.29999592280699855], "recauc": [0.8750770174724225, 0.8821861691065042, 0.8860220657096017, 0.8902063990893175, 0.8909067907553757, 0.8867992978561133, 0.8920583423693562, 0.8948111403272921, 0.8927007394902519, 0.8953481026963279, 0.8924499010665765, 0.8976978915304952, 0.8959287169020408, 0.8969430520475641, 0.9006531179589919, 0.9015444569339306, 0.8975450446574902, 0.8975656954869324, 0.8993945842382128, 0.9006186246618388, 0.9004762600587133, 0.9002474253402196, 0.9011310132327294, 0.8990400364694178, 0.9019423237521073, 0.9009999623378048, 0.9012400763199546, 0.8994259399022858, 0.900878974019228, 0.9031450037886668, 0.901776541627712, 0.9033472764639018, 0.9031659338838804, 0.9034320799932141, 0.9025791376772369, 0.9033106566135397, 0.9032138589637863, 0.9032185126867569, 0.903142044737304, 0.9031139491169243], "f1": [], "aucrecauc": 0.9938223487137888, "aucloss": 0.3306422714109787, "convergence_rate": 0.8031680099611272}