{"bestEpoch": 37, "lastEpoch": 47, "mae": [], "medianabsoluteerror": [], "mape": [], "mse": [], "recauc": [], "f1": [0.01788644027679622, 0.019340051148249715, 0.020701057308686724, 0.02263209530137227, 0.027801183129002607, 0.050723630702708564, 0.07510983802905143, 0.0767672811255813, 0.10172395838652667, 0.1246621794989735, 0.17520995241609655, 0.19060978518876337, 0.20837378722644434, 0.22287532062439036, 0.2245063657957097, 0.24137111762884642, 0.2600760672153073, 0.2518776084000919, 0.26023017009193733, 0.2566993262473035, 0.27365905216823705, 0.2804652083685486, 0.29179288736362535, 0.29887846010924973, 0.30379307853900545, 0.3033802531625559, 0.3120733513219188, 0.31880762367497917, 0.31685869512372117, 0.30919704194335346, 0.30820051738104737, 0.3182831761556543, 0.3340268361261209, 0.3352537757124733, 0.3363260129760727, 0.3372193955143141, 0.33334782582203976, 0.33460182546701756, 0.3324612822718854, 0.3352626686858311, 0.3311699897970433, 0.3341523891944881, 0.33288759497522646, 0.33394792511683646, 0.33252898403457837, 0.3326762088059867, 0.3323601945301809], "f1auc": 0.7283134996644091, "convergence_rate": 0.7130958270673234}