{"bestEpoch": 7, "lastEpoch": 17, "mae": [1368.270286641305, 997.4798440143519, 748.7848849759849, 627.6771620486968, 600.8443406326841, 594.1395836340556, 590.2633886830695, 592.9481759732894, 599.267567918772, 591.8833646305742, 596.8355552053217, 594.9780916634792, 594.2176471105278, 591.5843381185879, 590.6209856882246, 590.8923252787918, 589.6000073715289], "medianabsoluteerror": [1187.0799864550781, 858.241088984375, 641.0172729492188, 534.2341303906251, 510.5065920859374, 504.3881838828124, 499.93542497656244, 502.4638063242187, 508.1602172304688, 501.06652849218744, 505.55425995703126, 503.729003609375, 502.81304901953126, 500.2742916953125, 499.29937773828124, 499.48529082421874, 498.2590335], "mape": [0.822912004551534, 0.5901362553142288, 0.43671920454676, 0.3612320561698506, 0.34448472782188466, 0.3402484530209017, 0.3375978043221915, 0.3394271880635892, 0.3435653270223684, 0.3388261511082616, 0.34200381832815124, 0.34084685701860307, 0.3403584121617197, 0.3386620243512228, 0.3380228549391085, 0.3382007494681737, 0.33736826691526084], "mse": [2110551.158888014, 1159762.217732544, 674424.2006080888, 489210.45830802777, 452579.83175590064, 443837.6683016937, 439520.79849535826, 442506.225269911, 450208.6573734221, 440871.1064882681, 447079.0489087214, 444614.48718436505, 443658.80527462706, 440367.4029776904, 439225.97317432036, 439556.0989317031, 437945.4404842846], "recauc": [0.3235565482474173, 0.4912279672411685, 0.6179288891852147, 0.6797244020698365, 0.6934156378600823, 0.6968355057727995, 0.6988149037125935, 0.6974452556366748, 0.6942208146740599, 0.6979894878376727, 0.6954611757472043, 0.6964087371700134, 0.6967963907501861, 0.6981414141414142, 0.6986326040011409, 0.6984933604471558, 0.6991539302078356], "f1": [], "aucrecauc": 0.9531960099174006, "aucloss": 557604.4550294244, "convergence_rate": 0.9159021224602175}