{"bestEpoch": 51, "lastEpoch": 61, "mae": [0.6313754106911835, 0.6979040186157623, 0.6955666461265527, 0.5984178331624296, 0.5582591079848299, 0.705590860838868, 0.6066907730227442, 0.562381924063663, 0.5697857641684159, 0.5536063934289152, 0.5358177894185491, 0.5347609864353284, 0.5585609530314627, 0.524131882293551, 0.5346158380610075, 0.5241524026206873, 0.5129106309054636, 0.5057940225251092, 0.507435418056192, 0.5079901492691171, 0.5038972824337649, 0.49904411078621114, 0.4953403997695035, 0.4907637026083535, 0.4892975829504273, 0.4987700257266593, 0.49299666734411757, 0.48270543475907246, 0.48514205679013217, 0.49024417272501214, 0.5112656980417417, 0.4891963802014572, 0.48848522602652844, 0.47607080627295933, 0.4757135315286703, 0.4742811671269734, 0.4737136848301579, 0.4730754698828726, 0.4741005031131893, 0.4763924887657337, 0.47476923486173117, 0.4728712749157625, 0.4712459266660061, 0.4709461009939464, 0.47141544487633374, 0.4700814925746009, 0.471041215673088, 0.4704935906467907, 0.4714744367920319, 0.47006240649011083, 0.4708045842789603, 0.47128108149240094, 0.4700033781873118, 0.4705622848309339, 0.4709012906010975, 0.4706848921301199, 0.47052476290418555, 0.47038500257885135, 0.4707370436149576, 0.4705146780365946, 0.47056219322118076], "medianabsoluteerror": [0.5310162067413331, 0.5970399832725525, 0.6268340468406677, 0.48418799638748156, 0.45099403858184817, 0.6353925514221193, 0.49897839546203615, 0.4564520597457886, 0.46278155565261847, 0.46769895672798156, 0.43757420778274536, 0.4470810484886169, 0.4753426122665405, 0.431741054058075, 0.4439452588558197, 0.43634614944458006, 0.42453798055648795, 0.4154516530036926, 0.4210594689846039, 0.4228683686256409, 0.4131231820583344, 0.4122192776203155, 0.40692510366439816, 0.4025593888759613, 0.4015864086151123, 0.408991916179657, 0.3973537158966065, 0.39256687641143795, 0.39999045729637145, 0.40705460906028745, 0.4175849211215973, 0.4067818546295166, 0.3950825595855712, 0.38606489419937134, 0.38703178167343133, 0.3855145728588104, 0.3862848210334778, 0.3841194415092468, 0.38387350082397453, 0.3862327075004578, 0.3855208897590636, 0.38310653686523444, 0.3817759394645691, 0.3813476657867432, 0.3819045472145081, 0.3809512424468994, 0.38108926653861996, 0.38030171394348145, 0.3820511758327485, 0.38063368320465085, 0.3815121960639954, 0.3822053325176239, 0.3797754991054535, 0.38166886568069464, 0.3814897799491883, 0.38065574169158933, 0.3808362364768981, 0.3806055784225464, 0.3802411341667175, 0.38091845691204074, 0.3800917363166809], "mape": [0.9260672178400903, 1.055920756069261, 1.1461003869478925, 0.7691119084372654, 0.7484257064657048, 1.1722899522821888, 0.8331924678918791, 0.7193392444931559, 0.727272185351364, 0.8053025454280541, 0.694203637416176, 0.7575755602546084, 0.8581016236197906, 0.6934729139103664, 0.7168246869726271, 0.7383188948815851, 0.6980906055039852, 0.6677081288039765, 0.7159173543959881, 0.7277116449866321, 0.6659659873401746, 0.6816974223161144, 0.6676294188595605, 0.6642115078723869, 0.6576776334452823, 0.6728895242297201, 0.5937464901521823, 0.6401529040077394, 0.6830921193662733, 0.7196165430069457, 0.6960666252148114, 0.7248463703820704, 0.6345102278213288, 0.6527032387722576, 0.6591868195745962, 0.6528339098000888, 0.6545373621346955, 0.6463329371527938, 0.6485382769517551, 0.6579593708355382, 0.6651889179269913, 0.6548887589438898, 0.6450449200964482, 0.6454088270744207, 0.6484573827968264, 0.6404707570121521, 0.6426631365967952, 0.6397695790651055, 0.6488557002423815, 0.6465624524737814, 0.6464970803541189, 0.6488682447945157, 0.6415214681990142, 0.6452903090685519, 0.6475495382813317, 0.6464495624225103, 0.6454226863680861, 0.6441063746376404, 0.6418677741670781, 0.6431100139577326, 0.6427566024278267], "mse": [0.6388248755149594, 0.7525446309206631, 0.7203966342576599, 0.6088014422240788, 0.5277147873891469, 0.7387851205553462, 0.6118445831213214, 0.5318343783166126, 0.5390797261518316, 0.49051130015119804, 0.4768110015668647, 0.46245597212018547, 0.4901350735829003, 0.4509550060809298, 0.4627214546473778, 0.4454515012693466, 0.4304585728386129, 0.4231738152084605, 0.4194739311226179, 0.4187440862676388, 0.42044751639546873, 0.4111076439578438, 0.404550049195067, 0.39913789449950365, 0.3961092691860078, 0.40958097357351814, 0.4115004563451226, 0.38976883470976326, 0.3860819661066903, 0.38935215325056144, 0.43028918103621705, 0.3887758980526447, 0.3993115756045083, 0.3769071537001221, 0.3752067043884711, 0.37321123348902296, 0.37255095454103565, 0.3724241910254679, 0.37399021632928076, 0.3764249544795867, 0.3737521603499373, 0.37161869976930456, 0.3698656720220544, 0.3695444328443091, 0.369925572503434, 0.36842833595587876, 0.36966367271231776, 0.36934390998041955, 0.369592342123561, 0.36806291092798715, 0.36869415391071897, 0.3693240081261046, 0.3680284744979672, 0.3689174843638299, 0.36912385198746406, 0.3691682846810637, 0.3688367471400825, 0.3683624865027218, 0.36952762937082817, 0.36900450141713326, 0.3691749518646559], "recauc": [0.8531538422535805, 0.837680758759788, 0.838224521223329, 0.8608199745975658, 0.8701593403044515, 0.8358927516025025, 0.8588963695899263, 0.8692010735191592, 0.867478500980226, 0.8712414359030518, 0.8753786236194718, 0.8756245044219383, 0.8700890258808679, 0.8780965313721558, 0.8756582718341867, 0.8780919109832502, 0.8807065070726059, 0.8823617854659499, 0.8819798916823963, 0.8818508884341072, 0.8828029715483015, 0.8839316299544365, 0.8847931024673797, 0.8858574976668652, 0.8861984030248282, 0.8839953097166474, 0.8853381991643274, 0.8877316846720915, 0.887164983085726, 0.8859782499899235, 0.8810890657114503, 0.8862220283248331, 0.8863873556737918, 0.8892747110691068, 0.889357830902804, 0.8896909718622942, 0.8898229026706632, 0.88997153691827, 0.8897329695240014, 0.8891998828660663, 0.8895775910980422, 0.8900190252896569, 0.8903968885899224, 0.8904666389526035, 0.8903576692350665, 0.8906677915992341, 0.8904444725867544, 0.8905719115836745, 0.8903437893309314, 0.8906721270501581, 0.8904995612426748, 0.8903887811028592, 0.8906859559109813, 0.8905559544105793, 0.8904770466192924, 0.8905275562378508, 0.8905647719811842, 0.8905972012833188, 0.8905153394411193, 0.8905670702224565, 0.8905559350270433], "f1": [], "aucrecauc": 0.9899622052600869, "aucloss": 0.42919011804226037, "convergence_rate": 0.8368308880692388}