{"bestEpoch": 45, "lastEpoch": 55, "mae": [0.6866891892172581, 0.5587980006382255, 0.621199399730722, 0.5335502451138378, 0.530312330243349, 0.5486356296049266, 0.5558165196824286, 0.5109766824693942, 0.5225657808868627, 0.5368220740215126, 0.500845964098571, 0.4998361366054067, 0.4937053016028021, 0.49628980482913837, 0.5016793787609404, 0.48718027442647893, 0.4906429957444923, 0.48555132600086426, 0.4799802657081115, 0.4973646580079179, 0.483327463045816, 0.49486416594433824, 0.4894750920580091, 0.4694353124847829, 0.46679211666111003, 0.4687942192551889, 0.4681853302401756, 0.46899123018398964, 0.47170718008761586, 0.46801695747552896, 0.46648835292410246, 0.47237914682416243, 0.46405158728114115, 0.4631918761206063, 0.4651715636000855, 0.4633672152137797, 0.4641128166929769, 0.47358122311091516, 0.46444079467343075, 0.4773396474309841, 0.46311098185309313, 0.46122506433213317, 0.46112984631283666, 0.46129753842039345, 0.4613996152173035, 0.46293956563197247, 0.4623749849314923, 0.4626991781240068, 0.4624551497539053, 0.4622406506459529, 0.46208542487109955, 0.4618771660119624, 0.46187036242811813, 0.4619103778865396, 0.4619398773844608], "medianabsoluteerror": [0.5879960298538208, 0.4674586296081543, 0.5209815979003907, 0.44307029247283947, 0.44347771406173697, 0.46137197017669673, 0.45524066805839536, 0.4267119646072388, 0.44179857969284053, 0.44770162105560307, 0.41587722301483154, 0.4182150483131408, 0.40785171985626223, 0.4147206783294678, 0.4158648610115052, 0.40335586071014395, 0.4062907934188844, 0.4070534825325012, 0.3963586449623109, 0.40991063833236696, 0.3992221117019654, 0.4124087572097779, 0.4042470645904541, 0.387517955303192, 0.3842596411705017, 0.3875662183761597, 0.38703685998916626, 0.3835329484939576, 0.3874831676483155, 0.3850190162658692, 0.38607150554656977, 0.39109647274017345, 0.38243730068206794, 0.38210178136825546, 0.3806208992004395, 0.38084322214126587, 0.3828005933761598, 0.390515387058258, 0.3808287858963013, 0.394330940246582, 0.3779002571105957, 0.3781216263771058, 0.37846971273422236, 0.3795498967170715, 0.379914996623993, 0.3825095415115356, 0.38127402067184457, 0.3815922737121581, 0.3810798764228821, 0.3805028200149536, 0.38056578636169436, 0.38042596340179446, 0.380285382270813, 0.38028731346130384, 0.3805508732795716], "mape": [0.3334287867971405, 0.29070438390656106, 0.2900660401222842, 0.28865083281087983, 0.2839460587082268, 0.2855551371663155, 0.274622971099156, 0.28780699534596477, 0.28474083667346073, 0.3216371623565595, 0.285892164391818, 0.28820362767479746, 0.27555872964470896, 0.2600653881544915, 0.2759368259476943, 0.26587461597309076, 0.27842362505156976, 0.2680964670508177, 0.2570823505740534, 0.261520771438739, 0.2503255930990902, 0.2820352271854452, 0.2534768838100693, 0.26154249722988326, 0.25296771412848196, 0.25949046725905217, 0.2582364329666021, 0.2503367496585931, 0.2547174230278118, 0.25316789502973536, 0.25717639356191885, 0.26519730386204005, 0.250858521211077, 0.25346575398427307, 0.2526996932284196, 0.2526133822386965, 0.2561264089223041, 0.26009481364938075, 0.24796232560007564, 0.2700389019424341, 0.24706559829112762, 0.2499923286579989, 0.250754786362039, 0.25194028667237145, 0.2520813099407113, 0.2560208178679259, 0.25416186101567256, 0.2545898124285445, 0.2540532746708356, 0.2530772014909847, 0.25276691884092745, 0.2522723107539201, 0.25231289210359775, 0.2522512840751132, 0.2524366585938059], "mse": [0.747759001883641, 0.5102012972770046, 0.6271072029291218, 0.4674376411361799, 0.4584904882782376, 0.4839276622520856, 0.513868150132176, 0.42346744690707394, 0.43758777810875044, 0.45885457333273316, 0.40717379969724554, 0.4022208544909629, 0.39924154759879676, 0.4012714263879461, 0.41210173884797163, 0.3885551782703912, 0.3915335828199168, 0.38185447206602846, 0.3787648144741801, 0.41039407653541626, 0.38716277603185795, 0.3963833521166352, 0.39722151574567766, 0.36225820899062233, 0.3601559817591611, 0.36117225327221797, 0.3594889508838403, 0.36729273097978377, 0.36903619245656816, 0.3618475508462064, 0.3567423718227794, 0.36433674833316687, 0.3575974373350746, 0.35481951248995064, 0.3605322372866182, 0.35633462995091153, 0.35521958655789654, 0.36841324123949487, 0.3601343931764577, 0.3720492150366179, 0.3593843612183869, 0.3539965029236116, 0.35354379419267035, 0.35286314554053816, 0.35271368752541976, 0.3529775955521487, 0.3528927991974356, 0.3535403093323384, 0.35326224728415956, 0.3533258492992843, 0.3532215115222491, 0.353038633654844, 0.35302806971829714, 0.35313528105230374, 0.353070921733366], "recauc": [0.8403004817670525, 0.8700393734850574, 0.855535662718067, 0.8759093423436701, 0.8766621183334052, 0.8724002555823384, 0.8707339000399976, 0.8811583878704942, 0.8784631843710844, 0.8751451620300854, 0.883513065180453, 0.8837482106694837, 0.8851745942471827, 0.8845733949216208, 0.8833264917988555, 0.8866914927896502, 0.8858859133126231, 0.8870696891231236, 0.8883657822354657, 0.8843273633666618, 0.8875883068574757, 0.884903809782445, 0.8861593568962254, 0.8908180833343391, 0.8914327510068627, 0.8909672949830695, 0.8911087454809657, 0.8909217762520604, 0.8902898889566799, 0.8911480684332262, 0.8915035032815308, 0.8901333406198912, 0.8920705622340455, 0.8922702748847222, 0.8918100973549519, 0.8922293802013833, 0.8920558655416218, 0.8898538480442932, 0.8919801097993738, 0.8889798161283637, 0.8922895346844676, 0.8927275278076745, 0.8927496947270074, 0.8927105810915965, 0.8926869330568341, 0.8923287945767151, 0.8924601554725436, 0.8923847399364159, 0.8924416550425337, 0.8924914459569394, 0.8925276752591541, 0.8925760767336112, 0.8925775255241604, 0.8925681428301365, 0.8925613959386699], "f1": [], "aucrecauc": 0.993163364512211, "aucloss": 0.39228872903103607, "convergence_rate": 0.883632101878608}