{"bestEpoch": 3, "lastEpoch": 13, "mae": [], "medianabsoluteerror": [], "mape": [], "mse": [], "recauc": [], "f1": [0.29803406475895117, 0.09966750155858643, 0.30722218910856947, 0.22108342190266014, 0.28916491001337824, 0.2994981752359297, 0.28269573494230193, 0.2593194722521581, 0.2510248537170555, 0.26140423916941696, 0.2823230872822158, 0.27186036847701617, 0.2694249888015296], "f1auc": 0.843307544902201, "convergence_rate": 0.7680640237992736}