{"bestEpoch": 50, "lastEpoch": 60, "mae": [], "medianabsoluteerror": [], "mape": [], "mse": [], "recauc": [], "f1": [0.2328151672731427, 0.23709640828076936, 0.24007291887244575, 0.25166693617329194, 0.253166887872318, 0.2379347989221073, 0.23613265421395382, 0.2295808849538092, 0.2047673434213628, 0.22104493244469195, 0.22248394047873588, 0.2322480224170321, 0.23154322494560656, 0.2340891884582678, 0.2387809766999794, 0.22997775713509663, 0.24854351365218566, 0.23435213805007274, 0.21998179194287398, 0.23855646349130072, 0.20578385287658268, 0.2353608623385116, 0.24198531933600864, 0.2222095495301814, 0.23662993801916, 0.2441121486305011, 0.24326152807753643, 0.24865420058733528, 0.243391673049024, 0.2461466380930566, 0.23996403298777821, 0.24786312748018993, 0.23192534536313983, 0.24827062992365184, 0.24901347507980126, 0.2507254343873864, 0.25160143093998816, 0.24894101972087757, 0.24804005241340915, 0.24767838419242505, 0.23580943222099435, 0.25431441456232073, 0.24463024853546558, 0.24861727721626226, 0.24703721777256163, 0.24970925669186722, 0.2503390541882066, 0.24658866336941743, 0.24922532510305556, 0.2509761138931842, 0.24864864892019461, 0.243892982656206, 0.24449975633566548, 0.24618589759361206, 0.24643269809972998, 0.24018418804767175, 0.24842647040474813, 0.25211828879949155, 0.2501645713656241, 0.25483436884750627], "f1auc": 0.9454598842336006, "convergence_rate": 0.7223982080041281}