{"bestEpoch": 32, "lastEpoch": 42, "mae": [0.6943840070595758, 0.6908015988153472, 0.5894096886091968, 0.5635880427195511, 0.6349235394583791, 0.5512723608197281, 0.5119403718985633, 0.5181299320701779, 0.5099510555599043, 0.4940714072209716, 0.48943806254188715, 0.512190395097223, 0.506661396487355, 0.4997158231151683, 0.49940997982726754, 0.4751968280387067, 0.47183923762928714, 0.47249202261284934, 0.46986769485931273, 0.47626829816087174, 0.4736037517118336, 0.4742192392651674, 0.4712496308295378, 0.4702975814132154, 0.4699257697975167, 0.47025023164138174, 0.4702391900856537, 0.4696746294583331, 0.46968856614944515, 0.4699330870389817, 0.4701927635342002, 0.469576883862964, 0.4699661162950445, 0.4700906293476161, 0.46963775633805077, 0.4695300798633291, 0.46942331766231193, 0.46929693337183664, 0.469521671799222, 0.4693540772775786, 0.4693661859003246, 0.46941392084485084], "medianabsoluteerror": [0.5861336469650268, 0.5776980900764466, 0.48130872249603274, 0.4597965717315675, 0.5181706309318542, 0.4493766880035399, 0.41826584577560433, 0.435952126979828, 0.4219079661369325, 0.40695265531539904, 0.40441241264343275, 0.42471035480499264, 0.4143063068389893, 0.4138806700706481, 0.4201403379440307, 0.39074227809906015, 0.3883965015411377, 0.3916174077987671, 0.3842693448066712, 0.39374457597732526, 0.39266214370727537, 0.3922534227371216, 0.3903706789016723, 0.3877256155014037, 0.3871694684028626, 0.38797472953796386, 0.38844325542449953, 0.3871407866477965, 0.3872271442413331, 0.3873914957046509, 0.38813070774078373, 0.3873525977134705, 0.3883194327354431, 0.3888620138168334, 0.38747914791107185, 0.38625351190567025, 0.386631691455841, 0.3861786222457886, 0.3868054866790771, 0.38634727716445916, 0.38650161027908325, 0.3866005754470825], "mape": [0.32218544265453125, 0.30781443055672686, 0.28664083265389856, 0.2839455144063968, 0.28755852847502655, 0.267845491344726, 0.26316177511946237, 0.28295535455271265, 0.27285167001181865, 0.2562882045972237, 0.2551510135584226, 0.27572807034478647, 0.2581780660792767, 0.26158857708840894, 0.2944253856175014, 0.25564346884117495, 0.2582681895873257, 0.2645488474591223, 0.2556232969997172, 0.2683492398100453, 0.2675307787303658, 0.26704787132343716, 0.2635129678147067, 0.2600269879516478, 0.2601588884247415, 0.261097422532232, 0.26071584603662223, 0.25936300536362533, 0.2602357387848823, 0.26023126546885544, 0.26199756923528483, 0.2609248645032172, 0.26126805804923575, 0.26131050946541623, 0.2596794275107011, 0.25849461565226145, 0.2587224465237701, 0.2587759731512654, 0.2595906938462228, 0.25944022544674183, 0.25955204180212954, 0.2598121734408643], "mse": [0.7789624260169908, 0.777269387485207, 0.5823151608646183, 0.535971319613757, 0.6712096399549822, 0.5115632293902183, 0.44077185460275253, 0.4330289545070666, 0.4284257273290443, 0.4053547091064384, 0.3977151549410094, 0.43142502658251125, 0.4308799254859149, 0.41323024278106535, 0.4002239757629096, 0.37717488993468684, 0.37066431896161967, 0.3679852963512818, 0.37000862826178205, 0.3730784541505269, 0.3689186678881902, 0.37038116736466337, 0.3662512168302892, 0.3663958897819511, 0.36598737824834876, 0.36582039897744845, 0.365975940624796, 0.3659631666697756, 0.3656390192020037, 0.36602086437309633, 0.3658066183797228, 0.3652180862680176, 0.3652501708218536, 0.36529413541433936, 0.3656041936659889, 0.3664018117546767, 0.3660837303624952, 0.36592505210008874, 0.365766063672368, 0.36568706712154153, 0.36564882329515375, 0.3655998509291476], "recauc": [0.8385106631980649, 0.839346057873135, 0.8629215280478495, 0.8689260007345316, 0.8523392269708935, 0.8717900906067039, 0.8809358792901035, 0.8794940173937702, 0.8813969947713266, 0.8850918663991362, 0.8861689409583576, 0.8808792445095893, 0.8821879120004747, 0.8837866014993683, 0.8838565912248042, 0.8894896966064714, 0.8902694002815568, 0.8901181495157697, 0.8907289742369175, 0.8892355552159006, 0.889858156791899, 0.8897154122389475, 0.8904034001594385, 0.8906246634370528, 0.8907103052935958, 0.8906344870212509, 0.8906386913753899, 0.8907698975357244, 0.8907666491501848, 0.8907100562330406, 0.8906497380058892, 0.8907915477868842, 0.8907014662934649, 0.8906727575601866, 0.8907781631666623, 0.8908033299408954, 0.8908281395516943, 0.8908577597406216, 0.8908054156905665, 0.8908444874626074, 0.8908412804105217, 0.8908304393874595], "f1": [], "aucrecauc": 0.9926590600762448, "aucloss": 0.4141613779843237, "convergence_rate": 0.8750694288233156}