{"bestEpoch": 4, "lastEpoch": 14, "mae": [], "medianabsoluteerror": [], "mape": [], "mse": [], "recauc": [], "f1": [0.005081678423639606, 0.014067565623807038, 0.009793222739568525, 0.006628016865267023, 0.006055173010935144, 0.0028391829870408423, 0.008039495015086143, 0.010039212702767844, 0.0083588672674683, 0.01042716365685611, 0.011833599630850058, 0.011569896364914836, 0.01202348119320545, 0.011822871793132047], "f1auc": 0.6568691708101261, "convergence_rate": 0.570105899190298}