{"bestEpoch": 58, "lastEpoch": 68, "mae": [0.7073207831542864, 0.6953989086468687, 0.687509602343058, 0.7108091921013244, 0.5753502808114813, 0.8785366190286015, 0.5709832049381925, 0.6345366703207617, 0.5511785809051691, 0.564632758871616, 0.5204688712437866, 0.5089870345907608, 0.5036295978547453, 0.5031339753990807, 0.5049867240313685, 0.4876458834750604, 0.4901965375090644, 0.4826554179478052, 0.48330413742733297, 0.4808549654266902, 0.4809537551839287, 0.47476332203203403, 0.4949701216226585, 0.49387984696508397, 0.4691239671121133, 0.46678260475182265, 0.4692788991247138, 0.465926501990756, 0.4642981066148878, 0.4639046055485692, 0.46606729478615894, 0.46453199029183656, 0.4653950354670725, 0.46090116306060047, 0.4632640329374712, 0.45906178524843655, 0.46484486180157175, 0.47233240657805414, 0.4683624438064188, 0.4595422125173687, 0.46001018102159624, 0.4583839433855344, 0.46522380771237554, 0.45482260387786017, 0.4547246611490718, 0.45771787201789416, 0.452367173082592, 0.4530822838699126, 0.4533198379054333, 0.45342642279617407, 0.45345049112308816, 0.45303931917229184, 0.4525843798561764, 0.45346603023608933, 0.45180481175070075, 0.4534461706968832, 0.4518328854770051, 0.4528654643935188, 0.4521352477062211, 0.4519974346468631, 0.4530497395292492, 0.45191724505819, 0.45122556403212805, 0.4517502096400734, 0.4517000436864683, 0.4517828968845607, 0.45176380981172926, 0.45177955984291734], "medianabsoluteerror": [0.5100245475769043, 0.4973740577697754, 0.48717451095581055, 0.48070192337036133, 0.44466352462768555, 0.8293161392211914, 0.42857933044433594, 0.4159712791442871, 0.4236774444580078, 0.4094867706298828, 0.40154194831848145, 0.39123964309692383, 0.3904085159301758, 0.38620710372924805, 0.3954639434814453, 0.3772907257080078, 0.3801250457763672, 0.37591981887817383, 0.36824941635131836, 0.3815474510192871, 0.3695225715637207, 0.3659038543701172, 0.3669133186340332, 0.37317848205566406, 0.3726835250854492, 0.3709077835083008, 0.37036991119384766, 0.3597393035888672, 0.36537647247314453, 0.36353397369384766, 0.3645014762878418, 0.364687442779541, 0.37388181686401367, 0.35622644424438477, 0.3557300567626953, 0.3594508171081543, 0.37355899810791016, 0.3810570240020752, 0.359163761138916, 0.3559117317199707, 0.35910463333129883, 0.3672780990600586, 0.3818397521972656, 0.3630218505859375, 0.3571176528930664, 0.3680298328399658, 0.35899972915649414, 0.3592548370361328, 0.35776448249816895, 0.3571305274963379, 0.3561108112335205, 0.35649585723876953, 0.3562746047973633, 0.3591499328613281, 0.3539919853210449, 0.3573932647705078, 0.35839223861694336, 0.3552565574645996, 0.35821056365966797, 0.3573150634765625, 0.35759592056274414, 0.3600034713745117, 0.35715293884277344, 0.3568229675292969, 0.3579392433166504, 0.3577537536621094, 0.3582882881164551, 0.35816001892089844], "mape": [0.14385009669337556, 0.14180156429476298, 0.14200527894177972, 0.14164806247916073, 0.11794324972504047, 0.19020893048996818, 0.11680861436930656, 0.12767470999968317, 0.11292372753073467, 0.11276874211909227, 0.10345174883873491, 0.10214372326004896, 0.10158083039809884, 0.10130686045005581, 0.1027540920236486, 0.0969789387574517, 0.09876597543696666, 0.09696508480349676, 0.09596579596317169, 0.09732938310254458, 0.09591584606781643, 0.09414910355413621, 0.09690214939061877, 0.09500122695238167, 0.09457624026186735, 0.09380033945465235, 0.09443942302138109, 0.09273414310874001, 0.09293049606473014, 0.0931173823776978, 0.09382358561567493, 0.09294812921094177, 0.09425128263643742, 0.09166823346706958, 0.09197344202473486, 0.09163081608676045, 0.09445452274093084, 0.09636823939290952, 0.09141768495930624, 0.09180740793771323, 0.09196632366808923, 0.09261735642512502, 0.095031908346085, 0.09161170552256709, 0.09121458687922009, 0.09260814666877268, 0.09050559149377424, 0.09100494390952069, 0.09092788264410769, 0.09101456250423912, 0.09107796224736994, 0.09091848474203217, 0.09069483640088359, 0.09059708544680495, 0.09029832492464365, 0.0910080676284834, 0.09049026217146365, 0.09068218055171935, 0.09071780341240981, 0.0908343219996313, 0.09035249031893673, 0.09094781144180858, 0.0903498272814703, 0.09057402280691179, 0.09050210826920123, 0.09050394393057223, 0.0904855502182277, 0.09051512264481258], "mse": [3.577037518109166, 5.226159540733943, 5.8981911446863995, 8.618451903333316, 0.9507364186953043, 1.1492684386692138, 1.7664670203537456, 7.739313645645557, 0.8662155465230723, 1.4919261462784785, 0.5078231897780501, 0.4850255119339326, 0.45272557445448264, 0.4805380167742062, 0.4787014331826214, 0.4256662752179156, 0.4374152686944788, 0.40940415103571376, 0.4209121089691098, 0.4139729918151704, 0.430602863470134, 0.40111159038190675, 0.6200606960188128, 0.45826826954693267, 0.3837270880907898, 0.3825091655299821, 0.3875458815001289, 0.3832080175916947, 0.37783807588357393, 0.3753032300569655, 0.38492511900900167, 0.38605578975105387, 0.37104856498202626, 0.37096268282949524, 0.3801881699412591, 0.36672789275376466, 0.372490971973861, 0.40455852423945854, 0.38647364698067616, 0.3742942404678069, 0.3812106885722979, 0.36198939232372107, 0.3650793276524822, 0.35853320178766235, 0.35983131067259594, 0.3644729741680807, 0.35481139948854273, 0.35506712000601215, 0.35658919759358654, 0.3567002276901345, 0.3563278865509211, 0.3560322054992077, 0.3558795582522767, 0.35911929567571754, 0.35551680159373017, 0.35789624751055343, 0.35458890948519656, 0.358082388549934, 0.35421802242602884, 0.3531533719680895, 0.35955601019823286, 0.35263134410495683, 0.35365127666106855, 0.3541462016701405, 0.35434858825787247, 0.3547057122287639, 0.354741084693854, 0.3546458694465694], "recauc": [0.8496008886848176, 0.8564627489182149, 0.8598347648015746, 0.8598198474155689, 0.8703526205693004, 0.7969310319291456, 0.875630439803335, 0.8760869049486482, 0.8753670423685006, 0.8755769157416943, 0.8792212726250312, 0.8819779506271946, 0.8828649943607475, 0.883525753879885, 0.8831280999709995, 0.886582805208087, 0.8861496001986054, 0.8877438893906555, 0.8875988525732078, 0.8883890105454075, 0.8885055343845405, 0.8895796720077088, 0.8870402659902105, 0.8855014578011182, 0.8908899643826381, 0.8914350927025418, 0.8908541901220676, 0.891634391726162, 0.8920129740402809, 0.8921053279375312, 0.891601226720681, 0.8919577333634496, 0.8917578850229686, 0.8928036813293414, 0.8922524418593593, 0.8932307751887445, 0.891885738522359, 0.8904175003837494, 0.891068114707111, 0.8931191265367525, 0.8930097438168121, 0.8933879828078929, 0.8917978821569078, 0.8942162153050184, 0.8942396299362173, 0.8935902859080965, 0.8947875735050335, 0.8946216111484132, 0.8945662674746706, 0.8945417885420537, 0.8945361923765326, 0.8946306062120115, 0.8947371736830395, 0.8945316605124297, 0.8949191005609315, 0.8945373253425583, 0.894912302764777, 0.8946721482996223, 0.894842196200396, 0.894874090910636, 0.8946288552645174, 0.8948921497024402, 0.8950539578502992, 0.8949315631872148, 0.8949424465275226, 0.8949230144435659, 0.8949290912613405, 0.8949248340556679], "f1": [], "aucrecauc": 0.9911086521386375, "aucloss": 0.8633065111467697, "convergence_rate": 0.9013856953216459}