{"bestEpoch": 8, "lastEpoch": 18, "mae": [], "medianabsoluteerror": [], "mape": [], "mse": [], "recauc": [], "f1": [0.012638171101201624, 0.01942983443360353, 0.01617805578298664, 0.017854237975898503, 0.020616182562282617, 0.020578949376434785, 0.024075259492470538, 0.020913098619734862, 0.016386606557273056, 0.021071354057131616, 0.02133358687930404, 0.021204262048844017, 0.02447128937176886, 0.02528098832844973, 0.024266820731996368, 0.024321079824703072, 0.025166957040406085, 0.02519721033367686], "f1auc": 0.8424518318964229, "convergence_rate": 0.6849615613827772}