{"bestEpoch": 66, "lastEpoch": 76, "mae": [0.6629662682435473, 0.5778840307126007, 0.5423426322096028, 0.5553138882248738, 0.5343155230802805, 0.5393176316019299, 0.5343910329353391, 0.49958640873064397, 0.4776800901860816, 0.4788017120001333, 0.46106141260829936, 0.4911634507590441, 0.4707680848520822, 0.4634721668632709, 0.45346480438874454, 0.4450780403729241, 0.4484321115420789, 0.43491571327059053, 0.44506643905358345, 0.4472066818158243, 0.42967504655615607, 0.42888538622053096, 0.42556395569474975, 0.4272468910360631, 0.4174957495142223, 0.43141777952741817, 0.43259581019139715, 0.43159715821592887, 0.4294837049025291, 0.41111951976314765, 0.4130632946418708, 0.4212917181809388, 0.41111075778245476, 0.40869719499238055, 0.410713961100993, 0.4107361508850123, 0.4103573508131743, 0.40677098436217185, 0.40617936658970805, 0.4072226298558192, 0.408482677538478, 0.4063760098188423, 0.40635122761591363, 0.40665710118042736, 0.40793940345814916, 0.40561434412004527, 0.40584553929336986, 0.40618851706254877, 0.4052675329413769, 0.4060018970055827, 0.40625818503917394, 0.40665794503767866, 0.4064025645621643, 0.40614391525008803, 0.4055332749335456, 0.40578479568616915, 0.4056753781866869, 0.40553846213282285, 0.4055886113586665, 0.405696044302967, 0.40543398551838605, 0.4055278676173769, 0.4055139775854159, 0.40562825625529686, 0.4054444086513303, 0.40549636252262466, 0.40545545111182024, 0.40566477045575583, 0.4052798409918785, 0.40566299418271345, 0.40563275570032814, 0.40532511409538297, 0.40544473653461316, 0.4056735444565553, 0.4056024542299753, 0.40561428561100843], "medianabsoluteerror": [0.5121905481815339, 0.4801440310478211, 0.42067287802696224, 0.4341945290565491, 0.4221108055114746, 0.42562552928924563, 0.3920421051979065, 0.38043738603591926, 0.35350961327552793, 0.3622610449790955, 0.34511012673377994, 0.3836840677261353, 0.3583662939071655, 0.3566465878486633, 0.3341024708747863, 0.33603178262710576, 0.3310701382160187, 0.3264908528327941, 0.3304787135124207, 0.33867291688919066, 0.3186359786987305, 0.3203830808401108, 0.3162632739543916, 0.31513757228851325, 0.309731832742691, 0.3231445169448852, 0.32044631719589234, 0.32519108057022095, 0.3202790904045105, 0.3051940703392029, 0.3081213009357452, 0.3158081483840942, 0.3053713655471802, 0.3025716912746429, 0.3054511797428131, 0.3052187383174896, 0.30499318361282346, 0.30113972187042237, 0.3006830871105194, 0.30168776988983154, 0.3032752215862274, 0.30075383186340326, 0.30090300083160393, 0.3011881458759308, 0.3026148986816407, 0.3003482627868652, 0.3005123329162598, 0.3008335113525391, 0.30022287368774414, 0.3004886436462402, 0.300996378660202, 0.30173160910606384, 0.30138955473899837, 0.30099741220474235, 0.30076451063156134, 0.30055938482284544, 0.30082157135009774, 0.3003650736808776, 0.300420958995819, 0.3006498217582703, 0.3000896751880646, 0.3002640056610107, 0.3003828352689743, 0.30073009133338924, 0.300324022769928, 0.30038424611091613, 0.3001884388923645, 0.3007461190223694, 0.3000987255573273, 0.30071265935897823, 0.30075993537902823, 0.3000123453140259, 0.30030075788497923, 0.30069828033447266, 0.3005784642696381, 0.30068855404853817], "mape": [0.8290244422899441, 0.889932246148681, 0.7379054974921594, 0.7994360390941193, 0.7935256607293786, 0.8037165980607589, 0.5757582590316185, 0.7228456459256319, 0.6126526874235741, 0.5804573095869675, 0.5915088721087757, 0.732747497792871, 0.617696096931016, 0.6750758404560888, 0.5500762326086867, 0.5532343422466517, 0.5355421903114667, 0.5695593009637935, 0.5380756933821789, 0.6332892387628325, 0.5582162564472255, 0.5774392574137992, 0.544390325890269, 0.5538034315425633, 0.5453634378243721, 0.5514727714090732, 0.5393653575522115, 0.5043003823313912, 0.5847616635431526, 0.5553257116372122, 0.5431950372806149, 0.594441565129777, 0.5614605643405018, 0.5131364093738322, 0.5555356491082095, 0.5370512998039052, 0.5094477830541773, 0.5377763027375343, 0.5279818682566676, 0.5432116466386218, 0.5521662765995189, 0.5407370272425099, 0.5392706804320151, 0.5404994212911777, 0.5500447920857632, 0.5323203194620864, 0.5378812597211436, 0.5424101112427764, 0.5340154793540617, 0.5432463749191532, 0.5412421782195005, 0.5404895859147548, 0.5374607195611765, 0.5418024909813463, 0.5382177880792839, 0.540067928110222, 0.5399474687120309, 0.5389521040969703, 0.5391000060555946, 0.540124379053976, 0.5379417901612548, 0.5385245541879498, 0.5386616694801908, 0.5390003296443108, 0.5378877587265899, 0.5388477459470683, 0.5380844702057085, 0.5401576010360855, 0.536245611887336, 0.5396074984628545, 0.540188776042094, 0.5365055220273782, 0.5382326750516289, 0.5403537532281798, 0.5393020231884214, 0.5395851834418948], "mse": [0.7779865670439379, 0.5412811961610544, 0.5179661339158336, 0.528717118640185, 0.4843293542854954, 0.4939508506407186, 0.5366717163155771, 0.4367879466920168, 0.4175773351162803, 0.4135548175303107, 0.38771511668050324, 0.4134902038539569, 0.39678048280276085, 0.3762636014334355, 0.38122397744042114, 0.3574024767262502, 0.373444001219957, 0.34147840779896477, 0.3657990335361774, 0.3535782300156362, 0.33603150076740546, 0.3344492613399284, 0.3321613037415973, 0.3372458642106287, 0.3193036709079365, 0.3397175504716448, 0.3455031518118515, 0.33887038744776926, 0.3331994935191076, 0.3077980919616827, 0.3105073085269118, 0.317793971350911, 0.3066624806483034, 0.3073459284601867, 0.30666438265276164, 0.3069586304746337, 0.3089182165902233, 0.3026852583264372, 0.30275919849159816, 0.3025962700347674, 0.30364460966970364, 0.30230618228287015, 0.30213140112909276, 0.3018722652911551, 0.30275604814544804, 0.3016260971499369, 0.3014337527365049, 0.30144050859920374, 0.3006128045066975, 0.30096550191122745, 0.30118045064576887, 0.3013202109456239, 0.3013827162256735, 0.3009222286159158, 0.30054806087122843, 0.30074574013155814, 0.30054749176494866, 0.30050609146725415, 0.30058488814599277, 0.30054106471514364, 0.3005064346194033, 0.3005459060851055, 0.30044310316150913, 0.3005611735164833, 0.30052006384691154, 0.3004155786732733, 0.3005090399005212, 0.30054579984555835, 0.30044986642740995, 0.3005687734841097, 0.30051880936232284, 0.3005043468245877, 0.3004455601459873, 0.3005834276239015, 0.30055545680366585, 0.3004863931682062], "recauc": [0.8458259174023821, 0.8655957273915342, 0.8738637014115531, 0.8708444649589454, 0.8757281598199745, 0.8745649431533157, 0.8757142291955863, 0.8838055639579955, 0.8889012452470811, 0.888640569314513, 0.8927662535483323, 0.8857647807213499, 0.8905087590536476, 0.8922049367083156, 0.8945327126745728, 0.8964830569473032, 0.8957031603694009, 0.8988467018241887, 0.8964859722311435, 0.8959878919164771, 0.9000654248619725, 0.9002491794926524, 0.9010217154957519, 0.9006302339690896, 0.9028981464683494, 0.8996602320679395, 0.8993861992636537, 0.8996185122369175, 0.9001101058512038, 0.9043812816152986, 0.9039290249493208, 0.9020154622287135, 0.9043832257839768, 0.9049446492334424, 0.9044755334138198, 0.9044703024435246, 0.9045584975331097, 0.9053925807863823, 0.9055301651261349, 0.9052875698330496, 0.904994530179311, 0.9054843818598133, 0.9054903403588327, 0.9054191989043723, 0.9051208998511522, 0.9056616843574192, 0.9056077619442586, 0.9055281350237799, 0.9057422875620034, 0.9055715851584643, 0.9055118011639651, 0.9054188952289721, 0.905478452436098, 0.9055384231586623, 0.9056805968736629, 0.905621915802372, 0.9056473650931307, 0.9056793828181805, 0.9056675349547539, 0.9056426141884149, 0.9057036309758145, 0.9056818981550578, 0.9056848502676168, 0.9056585287177304, 0.9057012196639146, 0.905689199933134, 0.905698568642284, 0.905649906274723, 0.9057395867892967, 0.9056503436965226, 0.9056574038265144, 0.9057290389150295, 0.9057011130544658, 0.9056479239850904, 0.9056644516802668, 0.9056616430058754], "f1": [], "aucrecauc": 0.993092789287565, "aucloss": 0.3411888247722612, "convergence_rate": 0.8956144653988003}