{"bestEpoch": 32, "lastEpoch": 42, "mae": [1740.2825317664044, 1667.0261715148717, 1593.5829245310258, 1526.8227562028462, 1457.7224161375611, 1397.8948987674078, 1345.0843289454497, 1276.2915609378183, 1241.958346311082, 1201.070617750246, 1156.0270395076968, 1114.1913026912905, 1027.9478151334201, 1031.8442088960792, 1034.2323751468027, 1017.340189500463, 966.1515731719762, 957.2830680631076, 907.9821439817997, 900.3885526279947, 880.5529243004485, 893.8190386305989, 859.0449761667679, 839.1490951446325, 836.9941789481626, 813.9771983437789, 800.5486321726273, 788.7433918749566, 763.3061489188657, 740.02462799511, 748.3121501305266, 708.0464286045573, 727.8683580298322, 720.5210217668114, 709.8883107479311, 709.89610455761, 698.1591572829427, 695.4373631658275, 692.3496570568866, 691.0033854187934, 695.4439896306712, 694.0002755645544], "medianabsoluteerror": [1530.963165220703, 1466.3096196691895, 1401.9098659189453, 1341.8209380478515, 1278.9464721054687, 1226.2875210107422, 1180.386840875, 1121.4833065332032, 1091.540069751953, 1057.7013547460938, 1019.1535648593749, 981.9401860156249, 905.1172485898437, 909.5374447714844, 914.1432797402344, 896.5612788828125, 854.0627446093749, 846.6057741054688, 802.0214236914062, 794.2625120273437, 776.3428340039063, 789.6311647226562, 758.8723148593749, 744.5505979726563, 743.4463505117187, 722.1997683007812, 709.3415522656251, 701.2429203906249, 676.9537355859375, 656.5043330820313, 667.7216183554688, 623.4885866601562, 649.9469602148438, 640.4373171914062, 633.8391725429688, 630.9937742421876, 621.7366336523437, 619.7896724375, 616.7627562851562, 615.7534179140625, 619.2984006445313, 617.2048945507813], "mape": [1.0592256097045814, 1.014249603248424, 0.9690782186511087, 0.9281452959564565, 0.8855029615600878, 0.8488386294644423, 0.8167592735931165, 0.773476602888087, 0.7532699313328362, 0.7283249748661556, 0.7004079040789715, 0.6746931681861402, 0.618577849053735, 0.6231358976952259, 0.6260704551937193, 0.6159389044492545, 0.5827478634345353, 0.5780782747410946, 0.545929842456701, 0.5418784166908236, 0.5299460511744122, 0.5397536693456737, 0.5173018831381385, 0.504546249611431, 0.5045375394337746, 0.4898906457659623, 0.48184968985951787, 0.47478804987089174, 0.45808851005757395, 0.4434361060653792, 0.44976316699234664, 0.423944637903857, 0.43747795669501366, 0.4332335149000461, 0.42668615283830236, 0.4270409791862465, 0.41957498311199165, 0.4178085394699882, 0.4159267861299142, 0.415086996521646, 0.4180979199157217, 0.41719588317310735], "mse": [3338265.745842395, 3064975.5453750375, 2803176.979545877, 2574745.9728792994, 2349968.54544252, 2162456.3395786514, 2001543.8418739997, 1808973.9717867204, 1710210.851024445, 1599491.5541510163, 1484192.0993407262, 1380250.9669999403, 1189751.2074393183, 1191120.258265192, 1189947.9968771324, 1150669.9199967857, 1045688.1659817009, 1024206.3234928264, 930051.5919003111, 912273.7595876518, 872625.2775663639, 892778.1117314966, 829387.6767766563, 793772.0264460684, 786020.7894545082, 745586.5346930531, 720894.9725495608, 699840.4426915119, 659480.6325478456, 622070.4059981671, 632016.9757456764, 570403.8459965616, 597553.4602953796, 584954.9422229346, 568550.5748441231, 567327.2459763209, 550017.906072546, 546021.798633679, 541294.4497912157, 539254.135336463, 545273.0568827697, 543086.4739879802], "recauc": [0.19108527149011195, 0.21136352153733895, 0.23345583447233614, 0.25576985846732825, 0.2822031684649947, 0.3059594255721868, 0.3270043893278216, 0.3569534434924974, 0.37153568690202354, 0.3898861441699726, 0.4112392868916522, 0.4317149640890015, 0.47548516333114793, 0.473496431124594, 0.472278087067966, 0.48089654891415073, 0.5070168498331314, 0.5115416282368977, 0.5366966770751149, 0.5405726498575782, 0.5506933952654526, 0.5439238294199791, 0.5616679149396422, 0.5718203079567216, 0.5729202994373511, 0.5846642293859016, 0.5915163516351635, 0.5975394724657651, 0.6105195556592696, 0.6223985509662077, 0.6181703059194809, 0.6387160641990125, 0.6286010675141588, 0.6323497090449787, 0.637776385045912, 0.6377708733836347, 0.6437609538731651, 0.6451493890129754, 0.6467257540568871, 0.6474112151955936, 0.6451463961210936, 0.6458831512780907], "f1": [], "aucrecauc": 0.7844675239225103, "aucloss": 1155597.494236762, "convergence_rate": 0.727572993953606}