{"bestEpoch": 22, "lastEpoch": 32, "mae": [], "medianabsoluteerror": [], "mape": [], "mse": [], "recauc": [], "f1": [0.21403621025285532, 0.24977014714465318, 0.2722078811287157, 0.2891270763826698, 0.2825218939605773, 0.30775444461310564, 0.29561373029225096, 0.3056411610792008, 0.3063282299782779, 0.33291945125253153, 0.31794244624031853, 0.31059297068552355, 0.3370809726817194, 0.3075594522753346, 0.3179389230391566, 0.3410109458734035, 0.34286113747762637, 0.2375782615064106, 0.31832799270774204, 0.33257841377708947, 0.33854474178288246, 0.3450375589562961, 0.3215013283896526, 0.3360237161433944, 0.33206720793311956, 0.32955085803393486, 0.33703336771466236, 0.3322286011250958, 0.3447177478499071, 0.32278093619958764, 0.33092753364989624, 0.33809036308702384], "f1auc": 0.9117130326186377, "convergence_rate": 0.7674656023436855}