{"bestEpoch": 75, "lastEpoch": 85, "mae": [0.5014603565934537, 0.49630080038846747, 0.46098265293142543, 0.4847456461297681, 0.4527942541825788, 0.5034413672253318, 0.44064143409932616, 0.4521254545264496, 0.4427417223968038, 0.4313508378138382, 0.4439294139308353, 0.4289971450886004, 0.5154495356952273, 0.4485735911191777, 0.45159488019390276, 0.43370719540625935, 0.4351208190907815, 0.42457974955693933, 0.4232269681416264, 0.4242969809387251, 0.41928985140120545, 0.42590546332057916, 0.42071161238575555, 0.4199821762419834, 0.4205799069181743, 0.420441098268438, 0.42146619801908713, 0.418799323053206, 0.4217875589420395, 0.4172733799335875, 0.4198513782601045, 0.41293007497392287, 0.411335846721796, 0.41123357083049145, 0.4081446111893322, 0.41741510705776697, 0.41157395260118756, 0.4241612742076837, 0.40666475223101384, 0.4060201581803414, 0.40487873767968646, 0.4030330464688443, 0.4040700587099394, 0.403490011350251, 0.40222901819501833, 0.4018578762034325, 0.40424549108137653, 0.4030701385811052, 0.4023628766362077, 0.40340774515415667, 0.40300658190570277, 0.4057589073271379, 0.40805411408876524, 0.40013608649424237, 0.40572631995544955, 0.4017788550468588, 0.401426570278253, 0.40173479841571397, 0.40159292623178894, 0.4028934276456493, 0.4014225040963903, 0.4021428027117291, 0.4013226351579877, 0.4018992396363076, 0.402167542523757, 0.4020429508756862, 0.4022593647895474, 0.40162471243285847, 0.4016812501768616, 0.40207813316210567, 0.4022780896026812, 0.40200369760005655, 0.4021691248659913, 0.401764486474775, 0.40210889921841364, 0.40184349140737496, 0.40205958324508356, 0.4021222463992908, 0.401822246875993, 0.40182317464366374, 0.40222451419976085, 0.4020544672747314, 0.4014158742658362, 0.4015870344989071, 0.40205315591751745], "medianabsoluteerror": [0.4006194186210632, 0.3972266674041749, 0.37614633560180666, 0.3900438618659974, 0.36881202459335327, 0.39957693576812736, 0.3563254714012145, 0.3777581095695496, 0.3706640720367431, 0.34742802381515503, 0.3412474274635314, 0.3461253046989442, 0.40324018001556405, 0.36339122295379633, 0.3755955457687379, 0.3518876075744629, 0.3584929943084718, 0.34315035343170164, 0.34021316766738896, 0.3439789533615112, 0.3347809076309204, 0.3526735663414001, 0.339087438583374, 0.3415753364562988, 0.34459284543991087, 0.3451636910438538, 0.34619588375091537, 0.34285535812377943, 0.34954341411590584, 0.3428901910781861, 0.34655400753021237, 0.32537171840667733, 0.3299066543579101, 0.33286062717437737, 0.32404720783233654, 0.34533655643463135, 0.3288413643836974, 0.3552863717079162, 0.3281797885894775, 0.3285401844978333, 0.3264308691024781, 0.32211356163024907, 0.32512032985687256, 0.3248899698257447, 0.32126459598541257, 0.3193351936340332, 0.3272022724151611, 0.3248741507530213, 0.3221739053726198, 0.32529758214950555, 0.3242639350891112, 0.32879397869110105, 0.3349756956100465, 0.3190115571022034, 0.33034308195114126, 0.32364182472228986, 0.32235717535018915, 0.32196720361709597, 0.323278295993805, 0.3256672143936157, 0.323254680633545, 0.32384831905364986, 0.3236513257026673, 0.3235553455352784, 0.32371287345886224, 0.3237265348434448, 0.3233709812164305, 0.3225365972518921, 0.3232191085815429, 0.32450933456420894, 0.3238613080978394, 0.32405969142913826, 0.3232881307601929, 0.32387317657470716, 0.32380807399749745, 0.3237926244735718, 0.32272446155548096, 0.32351427078247075, 0.32321154117584217, 0.3236921358108521, 0.3244660997390747, 0.3238569116592407, 0.32370255470275877, 0.3226104140281678, 0.32264349460601816], "mape": [0.2753824920126466, 0.2627853311590772, 0.25699825840996354, 0.25318495176850936, 0.26123780617330167, 0.26544393172732156, 0.24428834205277378, 0.2601296687471562, 0.2484246652423451, 0.23967338354952578, 0.2251184251144644, 0.22662275834989418, 0.2702583548714878, 0.24272308602608939, 0.2483050730796854, 0.23540165466891852, 0.243260900894467, 0.22791687463144036, 0.22833545943223682, 0.230223594038361, 0.22445347497801466, 0.23360381524504165, 0.22416902795352872, 0.22839421397904633, 0.22900962370585096, 0.22608723135965533, 0.23106817944337482, 0.22274036179500298, 0.22682506981320158, 0.22825629971450992, 0.23028821869200897, 0.21488895639764102, 0.22333696610489331, 0.21929044341514273, 0.21519905116078797, 0.22977681713916484, 0.22255053157058569, 0.23201373814818713, 0.21766679719306606, 0.21789520812661842, 0.2181340266927382, 0.2156046379282589, 0.21623391871332107, 0.2146841527489105, 0.21242509830962628, 0.21450016390371382, 0.2170984096267951, 0.21556884816286306, 0.21465103760460008, 0.21619330199202313, 0.21546862041456954, 0.2189898311515767, 0.22215795962221596, 0.211784064437251, 0.2193720931296787, 0.21345892160148855, 0.213349476998248, 0.21336233841194474, 0.21443788862043964, 0.21636264915634246, 0.21399186233315423, 0.21514960066971728, 0.2140604287597935, 0.21450534372697672, 0.215100163475503, 0.21464168353782176, 0.21493303865291363, 0.21458100541189354, 0.214231395486614, 0.2147291065327265, 0.2149176629212934, 0.21478674012948185, 0.21504053905027334, 0.2145470056584685, 0.21461249822294007, 0.21447613925840234, 0.2147524787656829, 0.21455831951515478, 0.21447995178215623, 0.21455169427374232, 0.21468099647181887, 0.2146582506921748, 0.2139731715997699, 0.21437467657806666, 0.21458269262406], "mse": [0.4320697255852244, 0.42659578518897306, 0.35935729273632927, 0.4052614349389402, 0.34427549685967007, 0.44016560041671865, 0.3320356125314581, 0.3329426715179598, 0.32068779352698235, 0.3183972732467227, 0.35655377200608257, 0.3201330546225862, 0.46662819608903355, 0.3438846587448202, 0.3389064890361959, 0.3209726804027468, 0.31591095243894307, 0.311548008886093, 0.30863535595661434, 0.30822989809994344, 0.30696898502700204, 0.30379332053046554, 0.3056446351775339, 0.3008792029943866, 0.2997504287975004, 0.29954099188827105, 0.2992968963665354, 0.2995000861053197, 0.2980365432250548, 0.29452459333523107, 0.2952229917049427, 0.3027116113288964, 0.2926431128329525, 0.2914299110166198, 0.29304902104439084, 0.2919735136181542, 0.2941389447744348, 0.29665300644538617, 0.28495731521108786, 0.28350880547940277, 0.283327692409067, 0.28267781816096865, 0.2826157688351733, 0.2823953568936832, 0.2827764565366441, 0.2822564843639744, 0.28095968925239123, 0.2809718631918135, 0.28113671533676865, 0.2807231149056647, 0.28064707622598056, 0.28225305050529825, 0.2817917769632076, 0.2801103339112847, 0.28115996190234377, 0.2798116972197857, 0.27954723775556745, 0.2799878443929669, 0.2792955808134961, 0.2794506622631946, 0.27925741387043873, 0.27950746079558386, 0.27903074871911865, 0.27966405347699846, 0.27959022009764106, 0.2795980681627965, 0.2800519619994345, 0.2791834712177691, 0.2793851267529707, 0.2796941076178131, 0.28007001997430114, 0.279159717099634, 0.27986081639036076, 0.27943585444639585, 0.2795385522413516, 0.2792981093177208, 0.2799255906480248, 0.2798215220582385, 0.27945378134020654, 0.27920163088536504, 0.2799389883341877, 0.2794972040386481, 0.27888894733819264, 0.27958944108198214, 0.2794830261218565],