{"bestEpoch": 20, "lastEpoch": 30, "mae": [], "medianabsoluteerror": [], "mape": [], "mse": [], "recauc": [], "f1": [0.21573288367162677, 0.27213694087253, 0.2991913500927664, 0.3065227502064381, 0.29065852161389705, 0.31766128523539755, 0.3174811479632367, 0.32268604802791045, 0.32191797180448356, 0.33577768089600746, 0.2909316944856202, 0.33468583625306286, 0.335426249056611, 0.33614154174110145, 0.3341748340096412, 0.34116135410161985, 0.3376536149920583, 0.33481542364997174, 0.34517287309368294, 0.3385535644175337, 0.3382632778113073, 0.3384787812814493, 0.3414350453665339, 0.3405771632885362, 0.3406012420360143, 0.3395698413477429, 0.340007367842321, 0.3389216252456797, 0.3394073435116277, 0.3391744364546399], "f1auc": 0.943801544369493, "convergence_rate": 0.8501376392255441}