{"bestEpoch": 18, "lastEpoch": 28, "mae": [], "medianabsoluteerror": [], "mape": [], "mse": [], "recauc": [], "f1": [0.004511764565670478, 0.00402063901443492, 0.004614767392699502, 0.005209081303209451, 0.0031277268962771635, 0.005228414336904162, 0.00860175743926834, 0.009765371003415773, 0.00911967982604656, 0.012524745227565004, 0.009257855035929791, 0.00737127102858258, 0.015012262364931523, 0.012512455508645859, 0.01185161463347526, 0.009985989500523328, 0.01008035000827778, 0.012190493033666103, 0.011780601448493461, 0.011499372974589332, 0.01201483896413145, 0.011330683957931856, 0.011040971190702022, 0.011345490458326762, 0.010671366851065362, 0.010634364151886084, 0.010626917942810529, 0.010733465144970476], "f1auc": 0.6390866791823931, "convergence_rate": 0.5441028824893489}