{"bestEpoch": 38, "lastEpoch": 48, "mae": [], "medianabsoluteerror": [], "mape": [], "mse": [], "recauc": [], "f1": [0.01648705088302615, 0.032127135832452865, 0.04994912682983412, 0.08630516237279383, 0.06968328532361892, 0.11871868602140578, 0.13233650208953943, 0.1392960587082402, 0.14969773771495515, 0.16229205649528924, 0.14805868493201285, 0.16800449285628505, 0.15710965753867984, 0.17325147231945973, 0.15618309118371398, 0.16244794558146872, 0.17326068847546613, 0.15692858896356962, 0.18093366425415053, 0.18326384367567586, 0.18336335374915397, 0.183598652274967, 0.18337749723015281, 0.18375543782252116, 0.18361381995385218, 0.18438550777492146, 0.18473921081693448, 0.18531747330394133, 0.18508070573305907, 0.18553233709737382, 0.1854672473725471, 0.18606088982656113, 0.18578473130108822, 0.18656939705889738, 0.18733262612061272, 0.1869978483414023, 0.1867090941751819, 0.18664471688312514, 0.1867539625995375, 0.1867405203386826, 0.18663627033998506, 0.18675741415532351, 0.18706251964333415, 0.18695084901286768, 0.1868016941527304, 0.18679494546376055, 0.1868199921102853, 0.1869310795637899], "f1auc": 0.8764936921500096, "convergence_rate": 0.864575006055472}