{"bestEpoch": 30, "lastEpoch": 40, "mae": [0.5744764354840828, 0.4742825291716899, 0.4676233643407969, 0.4534061147101083, 0.48983871996399003, 0.4553508566983872, 0.4355203420486975, 0.41710807345195017, 0.41082266347768176, 0.4103287961974364, 0.4082151443595127, 0.44818841523574154, 0.4215015333152018, 0.40145333185984033, 0.41622158641216345, 0.4052643875150344, 0.42079438496533506, 0.4091891846268367, 0.4743451912546194, 0.40414500092458266, 0.40640969277526856, 0.4013513172003179, 0.4013713518670827, 0.41720005737402227, 0.39629702287672236, 0.40412911644294236, 0.3996085897325143, 0.4040215476959599, 0.40038893999889613, 0.3960743622600528, 0.39659513678675884, 0.39588635412892853, 0.3968762763645298, 0.39647158071563793, 0.3969763444043185, 0.3970620975261755, 0.3970953985004705, 0.39691349351707833, 0.3965505869096563, 0.3966317140264278], "medianabsoluteerror": [0.41385233879089356, 0.3662480974197388, 0.3468631815910339, 0.3389592218399048, 0.36254729032516486, 0.34859569072723395, 0.32574857234954835, 0.30689486026763907, 0.30365616798400874, 0.30330510735511784, 0.30221569538116455, 0.3287855327129364, 0.3161806190013885, 0.29322977542877193, 0.31640646457672117, 0.2956994915008546, 0.3186968410015105, 0.30705822348594675, 0.37987797379493715, 0.3016761606931687, 0.30725122928619386, 0.29466277122497564, 0.29631746888160715, 0.3082408428192138, 0.2936750769615174, 0.3015414535999298, 0.2969458711147308, 0.3042652320861817, 0.29707421064376827, 0.2937764167785645, 0.2943031251430511, 0.2935925328731537, 0.29488502264022837, 0.29433306813240045, 0.29451828479766845, 0.29460615515708943, 0.2945778012275695, 0.29440960168838504, 0.29423502206802365, 0.2942115116119385], "mape": [0.6183033740413418, 0.642649235014086, 0.5514908340433679, 0.6260174206118909, 0.500194809652416, 0.65742091295528, 0.49897029640378116, 0.5170657198204508, 0.56489969004415, 0.5665520222105226, 0.5598330868458795, 0.46833257458691685, 0.6002123858253885, 0.49934141866168, 0.586073647318662, 0.49446222004219426, 0.5831503531678568, 0.5766526486510274, 0.7014889432071169, 0.5659339663909873, 0.5599931878030413, 0.5048320952752651, 0.49346629793026314, 0.5284858413718706, 0.519684885400338, 0.5472973416959876, 0.4880115289175278, 0.5322543566682064, 0.4855922367639821, 0.5139737066896007, 0.5146208869603116, 0.505982666003302, 0.5153406669383352, 0.5160521444917343, 0.5201309357594632, 0.52000305478378, 0.5195526845164877, 0.5177669433300468, 0.5148105723368923, 0.5154542089922526], "mse": [0.6292058572098058, 0.3983604502892552, 0.40637357663454515, 0.37227304754916407, 0.44484387194428265, 0.36457837033639356, 0.34787192451720444, 0.32439411269751095, 0.3102853785000011, 0.30832659145790897, 0.3053807849836677, 0.3772364105714441, 0.3197096894274576, 0.302127842911404, 0.30841844157393833, 0.30887550583914325, 0.31819521129923295, 0.30202233827526287, 0.37578704476287156, 0.2970611859788781, 0.2973677785866618, 0.3008838968373584, 0.2995806625458491, 0.32483528901545744, 0.28954620374769663, 0.2960679030167548, 0.2950721124500374, 0.2946104000036178, 0.2959806195656095, 0.28843246125442873, 0.2889402614942759, 0.288962088975897, 0.2887922535691728, 0.28893526694384, 0.28901374293949833, 0.2889593870796432, 0.2890422307924695, 0.2889861660789517, 0.28898702319475283, 0.2889432842920882], "recauc": [0.8663921219431907, 0.8896995061102121, 0.8912481883000234, 0.8945486469104833, 0.8860737116441606, 0.8940960106502555, 0.8987059030480207, 0.9029884491944342, 0.9044508268355553, 0.9045651228257735, 0.9050572078127018, 0.8957596714538173, 0.9019665032930488, 0.906629333097278, 0.9031945866404505, 0.9057430112140206, 0.9021310249330206, 0.9048301409935032, 0.8896761802858408, 0.9060033534267073, 0.905476594201097, 0.9066531742006524, 0.9066485954863495, 0.9029670349097887, 0.9078285860190944, 0.9060070963875425, 0.9070584135151722, 0.9060321244094485, 0.9068770207683748, 0.9078805662019306, 0.9077593467356503, 0.9079241998340906, 0.9076938549358663, 0.9077879180679687, 0.9076707090553228, 0.907650673586217, 0.9076429841374173, 0.9076853720543194, 0.907769665884191, 0.907750855454571], "f1": [], "aucrecauc": 0.9943067935709778, "aucloss": 0.32138954098442274, "convergence_rate": 0.8755400557298378}