{"bestEpoch": 27, "lastEpoch": 37, "mae": [0.43383640749001584, 0.3991042993738877, 0.37807421784989204, 0.3726628041891212, 0.3691522069307945, 0.3712371663125456, 0.3755639779874909, 0.34352418741649593, 0.3435094262660779, 0.3328668795133332, 0.327994456900583, 0.35424953091982564, 0.3403852123166243, 0.3321292261196171, 0.3360865533893916, 0.34037691252060437, 0.3276934995714379, 0.3260949424662937, 0.3332108347922246, 0.3314713676945417, 0.3179842212762054, 0.32422024532199645, 0.3288086861609352, 0.3215003109922931, 0.3233769138449099, 0.31886617191806527, 0.31515512760602443, 0.31394208830128384, 0.31545152626911177, 0.3118659484837755, 0.3128752290598628, 0.3147149852554604, 0.31377331019413063, 0.31303575635861514, 0.31586961869660296, 0.31365575008452506, 0.31382858637526595], "medianabsoluteerror": [0.352888286113739, 0.3211591815948487, 0.2852271938323976, 0.27250916004180914, 0.2987720727920532, 0.29862371683120736, 0.3054937601089478, 0.2619157600402833, 0.26008029937744137, 0.253017783164978, 0.24910185337066637, 0.29714623689651487, 0.2599125862121583, 0.2608410167694091, 0.26601460933685295, 0.2720324277877808, 0.25125310420989977, 0.25434167385101314, 0.268328194618225, 0.26162824630737314, 0.24181749105453498, 0.26032185077667225, 0.2577169060707093, 0.2444876909255982, 0.25663951635360727, 0.24595615863800058, 0.24778792858123788, 0.24497390985488887, 0.24776058197021478, 0.23765027284622187, 0.23980574607849126, 0.24569139242172244, 0.243681902885437, 0.24086277008056656, 0.24661338806152355, 0.24231052875518788, 0.24376465082168586], "mape": [0.22105172643788312, 0.21206411486511142, 0.18869488380864788, 0.17971073575376773, 0.1993542573930456, 0.19979384391715796, 0.20570323508696206, 0.1759610231097661, 0.1778950318376893, 0.17089614955020188, 0.16737939268785307, 0.19219137839048753, 0.17437427688853455, 0.1764854913851697, 0.17942056796712433, 0.178266079474897, 0.16481856748365808, 0.16845853029095179, 0.18016137493519194, 0.17825885235525418, 0.16331730770160774, 0.17147680124573295, 0.1737019426830299, 0.16370106427107126, 0.17251367072009371, 0.16500743199052592, 0.16461293728429827, 0.16327069314473988, 0.16521676242741953, 0.15877724850237854, 0.1600424178270987, 0.1631786919779361, 0.16251684313606668, 0.16009828466255197, 0.16426897351794198, 0.16194164476732983, 0.1621508608875434], "mse": [0.3233175164309613, 0.2777586178550408, 0.26819463804853255, 0.26727862147810405, 0.23390997499804306, 0.2338015072033086, 0.23695405997672048, 0.21743386570715892, 0.22056435960230045, 0.2062176179037423, 0.20062448323275658, 0.20845852569991188, 0.20968998587494156, 0.19862751729586753, 0.19795801916404523, 0.20102379417891902, 0.1982367585188642, 0.19181852614629158, 0.19272720913693453, 0.19532805391515337, 0.18696360550773294, 0.18487029810662237, 0.1956207041226876, 0.1911143842667723, 0.1851352491803929, 0.1856280232062187, 0.17927795216614983, 0.17901089512782875, 0.1797384708078602, 0.18179270809280823, 0.1815120553344747, 0.1803383476940037, 0.1798366681529768, 0.18111136379071682, 0.18058519919815447, 0.18042756108504077, 0.18024605544276867], "recauc": [0.899099278966937, 0.9071781346249584, 0.9120692970912114, 0.9133280194621132, 0.9141429593766888, 0.9136575059099739, 0.9126519747901202, 0.9201037394231562, 0.9201080879144674, 0.9225826380696651, 0.9237156855442232, 0.9176085977891165, 0.9208337571072186, 0.9227539387400654, 0.9218334109278843, 0.9208349351106533, 0.9237853907047269, 0.9241567060779665, 0.9225015476622903, 0.9229073330163757, 0.9260432295613945, 0.9245946859532717, 0.923526365607609, 0.9252291512903569, 0.924789859872766, 0.925840458235133, 0.9267047036609898, 0.926986070549745, 0.9266348766197886, 0.9274684377852392, 0.9272346918045627, 0.9268068449844433, 0.9270260235722187, 0.9271961446494358, 0.9265376741141539, 0.9270519566050963, 0.9270125319089494], "f1": [], "aucrecauc": 0.9940284574505693, "aucloss": 0.20392642799205396, "convergence_rate": 0.8047929094072579}