{"bestEpoch": 62, "lastEpoch": 72, "mae": [1.0715009628040886, 0.9946226305131687, 1.0163274558598014, 1.0361129390469048, 0.9402734738852287, 0.9331154401385002, 0.9605362587191172, 0.9666288113454916, 0.9268538456703026, 0.8740773634774719, 0.8786623243036608, 0.8593176724859173, 0.8530804757354925, 0.8488254951440384, 0.8363566590141194, 0.8323138388742748, 0.8307623419612697, 0.823483317159436, 0.8278911338816629, 0.819692351504613, 0.8110996269909655, 0.809018206768252, 0.8108163238431103, 0.7975228817406447, 0.7975429485967959, 0.8158961813187132, 0.7968240118174057, 0.8077253185511863, 0.8045213714400559, 0.7861465964986826, 0.7950812374812977, 0.782815977424598, 0.7883888208452795, 0.7786776473585209, 0.78478577977556, 0.7747118878192686, 0.7843925479020689, 0.7675428154785282, 0.7652911604617086, 0.7740271485960856, 0.766647630240391, 0.7988731045515072, 0.7602451206931452, 0.7627720052009999, 0.76422568362806, 0.7622879489442961, 0.7610415801779331, 0.7598656891057715, 0.7606463151578841, 0.759522396389496, 0.7599109029426142, 0.7587474941839027, 0.7577737142979956, 0.7579622658265648, 0.7582619002787796, 0.7623900855647466, 0.7579952527107424, 0.7585311800272163, 0.75720547713081, 0.7585326218334948, 0.7570622494406525, 0.7566135522224958, 0.757142842204719, 0.7572123332405025, 0.7587370347043636, 0.7566681384549204, 0.7571866543400219, 0.7568937629676136, 0.7572042328199078, 0.7569982301644594, 0.7569808507350315, 0.7569728513947476], "medianabsoluteerror": [0.9381275177001953, 0.8107538223266602, 0.7888913154602051, 0.9399003982543945, 0.8888816833496094, 0.8568310737609863, 0.7929167747497559, 0.8241887092590332, 0.7699627876281738, 0.7887678146362305, 0.7568626403808594, 0.7626748085021973, 0.7651214599609375, 0.7347302436828613, 0.7326598167419434, 0.7372307777404785, 0.7269115447998047, 0.7125535011291504, 0.6867423057556152, 0.7215061187744141, 0.6996979713439941, 0.670682430267334, 0.7016191482543945, 0.6622066497802734, 0.6710104942321777, 0.6674976348876953, 0.687263011932373, 0.6664834022521973, 0.6652235984802246, 0.6406140327453613, 0.6567850112915039, 0.6348943710327148, 0.6662764549255371, 0.6379494667053223, 0.6638994216918945, 0.6551971435546875, 0.6446900367736816, 0.637117862701416, 0.6301732063293457, 0.6324262619018555, 0.628239631652832, 0.6592578887939453, 0.6227364540100098, 0.620790958404541, 0.6238512992858887, 0.633368968963623, 0.6262130737304688, 0.6259207725524902, 0.6230101585388184, 0.6272130012512207, 0.6237344741821289, 0.6268095970153809, 0.6231403350830078, 0.6225171089172363, 0.6253085136413574, 0.6184077262878418, 0.6231637001037598, 0.6222009658813477, 0.6247920989990234, 0.6213498115539551, 0.6263937950134277, 0.6211166381835938, 0.6262860298156738, 0.6233768463134766, 0.6187973022460938, 0.6253552436828613, 0.6226301193237305, 0.6243019104003906, 0.6234111785888672, 0.6233887672424316, 0.6235966682434082, 0.6234755516052246], "mape": [0.22543222765276885, 0.19190385814255756, 0.1892502125312781, 0.2287369655156748, 0.19651030003825787, 0.18882311640621577, 0.1865472502662824, 0.19748146054376742, 0.18295755448500486, 0.1804475470127717, 0.17322143628006834, 0.17518889890622216, 0.17721555821451723, 0.17037793163184603, 0.1719504669964307, 0.17325244595823275, 0.17188836521387005, 0.1684062034791384, 0.1636966619989158, 0.1718341323813018, 0.16709545338938106, 0.16089898044694248, 0.16876495130235503, 0.16091560553154458, 0.16227695363041428, 0.1587747270436202, 0.16676393190656108, 0.1568267623429648, 0.15593618693036243, 0.15780270942752628, 0.15600367845784394, 0.15656625861656182, 0.16632133498837545, 0.15436112814458736, 0.16535120915759416, 0.16043146287096416, 0.15390106702454082, 0.15752646258853678, 0.15544334117454345, 0.15378386296680135, 0.1542462869821539, 0.15230406143721825, 0.154501038068882, 0.15299107140534574, 0.15263232957811, 0.15767785682446156, 0.15427617396993545, 0.15354331423764514, 0.15325190602650174, 0.15447536900518333, 0.15366964518107373, 0.15428514450036077, 0.15466585418536025, 0.15484388628402057, 0.1539996332006108, 0.15177044495180067, 0.1526817328939594, 0.152786465662513, 0.1536666829920231, 0.15264848111119447, 0.15353385422678067, 0.15398282204509603, 0.15328036526831432, 0.15307382532492786, 0.1522785433006207, 0.15352841430373862, 0.15302783000851244, 0.15321463129414334, 0.15290461358195734, 0.15303641336900228, 0.15305419911694088, 0.15304597690663055], "mse": [1.786780028620736, 1.7096005220137713, 1.6213780909711002, 1.860927129187912, 1.2921092300221984, 1.3256129036594375, 1.7691102220915176, 3.7951509736929143, 2.1099836368975837, 1.140908430897758, 1.1704496050167732, 1.108258113220869, 1.089874574098239, 1.0972301066590295, 1.0658976849106154, 1.0550021387628719, 1.050962938644159, 1.0440647455703718, 1.0728200419379463, 1.030363115913153, 1.0191606907142516, 1.0331985420695815, 1.0168317846703003, 1.0049151518324864, 1.0001603627063782, 1.0684002137679713, 0.9956901924175717, 1.0530430243687279, 1.048118977917907, 0.9879991081436073, 1.0204719926067545, 0.9834921225902111, 0.9830338801273623, 0.9831555521825508, 0.9769668990103564, 0.9555521251411944, 1.0014994841042058, 0.9476140778411338, 0.9447554055502723, 0.9679029416658342, 0.95069154777196, 1.0501170790038743, 0.9352085933598219, 0.9427905181483406, 0.9475237853323338, 0.9343991951623293, 0.9357122294770086, 0.9343953636620225, 0.9372762236991752, 0.9321374830536293, 0.9345484437146666, 0.9310647132204193, 0.9287892461595412, 0.9286031287964213, 0.9302760700529785, 0.9459575129924731, 0.9324327970481572, 0.9330553520715413, 0.9283871570113374, 0.9335828451646174, 0.9284486983629161, 0.9268988837052583, 0.9290411032470052, 0.9295743481263647, 0.9350256663938756, 0.9275473138193208, 0.9295625721189409, 0.9286086292579002, 0.9298705514202757, 0.9291701255298802, 0.9291021334098533, 0.9291111685944052], "recauc": [0.752801696235535, 0.7712761149098089, 0.7638390855906737, 0.7626162204273981, 0.7815333369931569, 0.7837409384604784, 0.7807436768393626, 0.7884602569422751, 0.7911363570273953, 0.7967354064620331, 0.7956378713738178, 0.8001466126701926, 0.8016188505221961, 0.8025852362098551, 0.8055202533641624, 0.8064729747949048, 0.8068070452771333, 0.8085076959463883, 0.8074514969519608, 0.8094113050165298, 0.811399694724021, 0.8118497053962176, 0.8114517253304458, 0.8145458040483075, 0.8145269727796673, 0.810238301550718, 0.8147525360157025, 0.8121390065542772, 0.8128827472517248, 0.8171578915529726, 0.8150793623818271, 0.8179338187852426, 0.8167058037763955, 0.8188934753413549, 0.8175350319103314, 0.8198367553885495, 0.8175646091900642, 0.8214973745915615, 0.8220103163766429, 0.8199750802406023, 0.8216917297634329, 0.8141965415216428, 0.8231855798006852, 0.8225936737168396, 0.8222544705551915, 0.822712308992657, 0.8229965289697524, 0.8232695737819578, 0.8230876469040657, 0.823349774043659, 0.8232586217770421, 0.823529331992588, 0.8237563715176872, 0.8237125978303288, 0.8236427315920745, 0.8226817017438098, 0.8237052163850095, 0.8235793541592401, 0.8238882418966237, 0.8235792168300249, 0.8239207545883321, 0.8240255024472581, 0.8239020434827554, 0.823885804303053, 0.8235311859369939, 0.8240127994948481, 0.8238926364315113, 0.8239605800607523, 0.8238890315396112, 0.823935277152844, 0.8239406329922384, 0.8239428989242901], "f1": [], "aucrecauc": 0.9860243938920183, "aucloss": 1.0959072062323758, "convergence_rate": 0.8363566550836748}