{"bestEpoch": 48, "lastEpoch": 58, "mae": [1.1076096881921456, 0.8294873722549816, 0.7156300969010074, 0.6439474408175583, 0.6145833738166117, 0.6017036719028376, 0.5857513862666174, 0.5705766544549112, 0.5579321439267023, 0.5804653267474916, 0.5498918907936193, 0.5530545203251156, 0.5384877718399368, 0.5494993959879326, 0.5522520032650902, 0.5425183331888646, 0.542291740433195, 0.5258087133403664, 0.5297205652357416, 0.5275219511502885, 0.5765228086511499, 0.5314209059755539, 0.5333346278856516, 0.5199497788786438, 0.5222131792638787, 0.5306436674233936, 0.5303530732340473, 0.520598933351355, 0.5107363519331372, 0.5118104277138361, 0.5132083249509519, 0.5114644189245955, 0.5092976613835375, 0.5097827638009959, 0.5143824384010334, 0.5090308317890947, 0.5124710938630135, 0.5103367545373081, 0.5097963030789261, 0.5086345083313303, 0.5072448026917049, 0.5117424593485798, 0.5136304589182169, 0.5068814422189678, 0.5079319136600252, 0.506907260913109, 0.5057233710735883, 0.507083546284585, 0.5065265998290324, 0.5074233744425173, 0.5084850386250604, 0.5069062330859493, 0.5056320508648512, 0.505649871937483, 0.5057465061877873, 0.5057478787520069, 0.5057751386795017, 0.5057972500588613], "medianabsoluteerror": [0.8192791938781738, 0.6647052764892578, 0.5667810440063477, 0.5192883014678955, 0.49889183044433594, 0.4813666343688965, 0.46820831298828125, 0.4441866874694824, 0.4411430358886719, 0.4788975715637207, 0.44703102111816406, 0.4610300064086914, 0.4421834945678711, 0.4528021812438965, 0.444028377532959, 0.42191028594970703, 0.4602837562561035, 0.4291267395019531, 0.42333459854125977, 0.4337034225463867, 0.44974374771118164, 0.42261552810668945, 0.4200148582458496, 0.4072608947753906, 0.39955854415893555, 0.4331178665161133, 0.40481042861938477, 0.42238283157348633, 0.4082200527191162, 0.4009513854980469, 0.40346813201904297, 0.4004640579223633, 0.39752912521362305, 0.3989558219909668, 0.421201229095459, 0.4048612117767334, 0.41789865493774414, 0.4134531021118164, 0.4055023193359375, 0.41049623489379883, 0.4083127975463867, 0.41565918922424316, 0.4067702293395996, 0.39871883392333984, 0.39618396759033203, 0.40444326400756836, 0.3973274230957031, 0.40545225143432617, 0.3967900276184082, 0.40769290924072266, 0.409757137298584, 0.3983292579650879, 0.395841121673584, 0.39774084091186523, 0.3975186347961426, 0.39716672897338867, 0.3968491554260254, 0.3970041275024414], "mape": [0.21715521128562845, 0.16114385959597427, 0.1370305825964333, 0.12619934391278775, 0.12172046806831407, 0.11524651586252253, 0.11366846771080835, 0.10992727961611422, 0.1091507410884057, 0.11897768964041024, 0.11004432208199472, 0.11344054095372164, 0.10825986468170895, 0.11018575907270484, 0.11137197757038275, 0.10528433673581869, 0.1107950626420176, 0.10481540147937043, 0.10383619536263165, 0.10518263796875782, 0.10894739714012844, 0.10557562993194067, 0.10253824490022437, 0.10126855543053027, 0.10178698826271544, 0.10660432099381631, 0.10389975965213159, 0.10324495597005291, 0.10125958454577312, 0.10085225760014754, 0.10092566945958371, 0.10056200203692595, 0.10031662729303208, 0.10049412094423653, 0.10362259636625006, 0.10100181829280638, 0.10301688811641006, 0.1022356651569757, 0.10117392846356678, 0.10163781880155258, 0.10124670707847784, 0.10284319938146093, 0.09965920818824807, 0.10023960424135282, 0.09962070645258088, 0.10119630362556727, 0.10012115326682047, 0.10133689574965365, 0.1002621563799675, 0.10143091450768905, 0.10182281357402764, 0.09944649380554779, 0.0999586766157869, 0.10020234152866855, 0.10025038963961448, 0.10016762263752935, 0.10022130211257833, 0.10020716711649089], "mse": [7.660169868833844, 1.122663933795599, 0.860286543630671, 0.7032294556093034, 0.6232507910192758, 0.6159714691038318, 0.582864534519358, 0.5703781356122856, 0.5218653325756224, 0.5440708526505563, 0.5044716745047906, 0.49128651112187804, 0.47754384646148884, 0.4957606475632106, 0.5819245357460523, 0.5646104302284796, 0.4696863853202581, 0.4663220430306283, 0.4722600460700121, 0.4538065159435049, 0.5749627037563371, 0.5002701971743939, 0.4881029140322261, 0.45879456626738024, 0.4715802340453922, 0.5020884129033159, 0.560482735376523, 0.45547862076053597, 0.4369441292903307, 0.44096256679348533, 0.4445080351225308, 0.4413807441485931, 0.4385844083887642, 0.4398579275364459, 0.4357652134604712, 0.434880238100532, 0.4351171828341054, 0.43261635602382453, 0.43513253808708774, 0.43159184913482224, 0.43015266611159353, 0.4338822093080326, 0.45211047222340967, 0.43457539820416774, 0.4374749014084108, 0.429038666493547, 0.43114731999046174, 0.42920442866456093, 0.43208736286565885, 0.4295054513685089, 0.4302899065278206, 0.4373814860893755, 0.4317333928029905, 0.4305659152510762, 0.43058745148336863, 0.4309646567963906, 0.43077697210555016, 0.4308638869793704], "recauc": [0.7627934781119718, 0.8070766053605016, 0.8336200252363033, 0.8504485189335962, 0.8571496353205523, 0.8601305719312062, 0.8638653086043242, 0.8674301347058839, 0.8702353414194834, 0.8650558155712587, 0.8721236352952151, 0.8713689597590039, 0.8747568371667238, 0.8721964712777491, 0.8727262702240015, 0.8747815049270117, 0.8738730206697292, 0.8777382715957831, 0.8768256159635874, 0.8773087229766574, 0.8659112907514577, 0.8768801013297347, 0.8759871524399265, 0.8790691805191504, 0.8785427976371273, 0.8771581929906, 0.8778681850334021, 0.8789444684255586, 0.8812118939322701, 0.8809621607543522, 0.8806373084956969, 0.8810435626466869, 0.8815471488789799, 0.8814341612671395, 0.8803644010127069, 0.8816085693704969, 0.8808081117071542, 0.8813058957801033, 0.8814305220429355, 0.8817007516062282, 0.8820242992373388, 0.8809783999340546, 0.8805385344576339, 0.8821083790493708, 0.881864619692316, 0.8821032978684068, 0.8823775786435492, 0.882062305097657, 0.8821913258953771, 0.8819836154573233, 0.8817352899038616, 0.8821020962377735, 0.8823998259764185, 0.8823952597800117, 0.8823728751179272, 0.8823729437825348, 0.882366042989469, 0.8823610991377202], "f1": [], "aucrecauc": 0.9905141266751891, "aucloss": 0.557690364795534, "convergence_rate": 0.9382786501760236}