{"bestEpoch": 10, "lastEpoch": 20, "mae": [1075.2866328334958, 646.6938415395614, 563.3904906312072, 566.2918156828669, 568.7949546797256, 568.9703530990671, 569.189489112522, 569.2836954747477, 568.8240081374063, 569.8181833764039, 569.7382508317951, 568.6870583944236, 569.0642062530023, 568.7668367687442, 568.7824097216817, 568.8377187132164, 568.9379429609016, 569.0524922411389, 569.0056819112777, 569.0358665539283], "medianabsoluteerror": [943.627807265625, 509.85137927734377, 454.10864228125, 476.70825242187493, 480.21191371093744, 481.27294886718744, 482.62841814062494, 483.29614274999994, 480.37951624999994, 484.52075230468745, 484.49475092187504, 479.9404296875, 481.82250941406244, 480.01574671874994, 480.11010707031244, 480.44567835937494, 481.05200160156244, 481.74487269531244, 481.46118128906244, 481.64379847656244], "mape": [0.6192812434493907, 0.361923467837206, 0.34354422266192824, 0.3598605501647101, 0.3639525831538985, 0.3642144504400113, 0.3645414256401087, 0.36468126535972206, 0.3639949837771283, 0.3654663827734444, 0.36534916913141596, 0.3637883372392604, 0.36435232997044825, 0.36390732931562997, 0.3639306369260953, 0.36401338889364776, 0.36416301019892205, 0.364334000699436, 0.36426407548759704, 0.36430912893133266], "mse": [1462573.4766039066, 663384.3905125848, 513765.4886470629, 522099.51968635805, 526840.4169588567, 527157.2879200107, 527557.7814656929, 527730.3767595827, 526892.9014756195, 528706.7689828615, 528560.9216472949, 526645.7382944252, 527328.143373253, 526789.7123176275, 526817.868606235, 526917.6339562156, 527098.5725367594, 527306.771382258, 527221.517438889, 527276.4662995641], "recauc": [0.46181347023591246, 0.6706810829231071, 0.7125418319609739, 0.7110471491593603, 0.7097785185926, 0.7096897393443049, 0.7095780244691136, 0.7095308790138274, 0.7097637319287485, 0.7092601260126012, 0.7093003078085586, 0.7098332203590729, 0.7096412604223384, 0.709792416278665, 0.7097842969482133, 0.7097570942279413, 0.7097055927815005, 0.7096478981231457, 0.7096724931752435, 0.7096572323899057], "f1": [], "aucrecauc": 0.9842259460695314, "aucloss": 558091.9359691222, "convergence_rate": 0.9558019558851314}