{"bestEpoch": 33, "lastEpoch": 43, "mae": [], "medianabsoluteerror": [], "mape": [], "mse": [], "recauc": [], "f1": [0.23260755415694104, 0.3200820846413088, 0.35109987933563136, 0.3719039501613966, 0.3718205563914373, 0.40269417175926076, 0.4102460897197334, 0.4056703355803038, 0.4148523319261693, 0.40043116474637147, 0.42299409044758535, 0.42385685996053396, 0.40762134947615863, 0.4222256178966766, 0.43113941531639044, 0.4451494210610533, 0.4117948197912726, 0.4733436736159543, 0.41519319468857124, 0.4357352111411766, 0.43863987180814223, 0.45949832805672913, 0.4661487176031499, 0.4664483334082966, 0.47197757856236894, 0.47239476608394537, 0.47451399596351407, 0.46986298123254416, 0.4704903767611945, 0.47327664397827324, 0.47095632913858093, 0.47235719205034654, 0.4742436609561682, 0.4702007843495153, 0.47361510730524886, 0.471840105625539, 0.47106073853137237, 0.47056565871269734, 0.47143249004992804, 0.47128715399001464, 0.4711770782644505, 0.4707754444584146, 0.47148016045595564], "f1auc": 0.9238857104563546, "convergence_rate": 0.8506972554697063}