{"bestEpoch": 51, "lastEpoch": 61, "mae": [1238.2266226737486, 1115.505197123305, 1056.7586383040543, 994.6912336548211, 939.0312398785921, 882.0113472737268, 832.2793527067389, 785.7109203243026, 749.0935287421164, 717.0373389171875, 689.4829979000405, 665.8007062517661, 644.7517789673832, 627.4315304329074, 612.7483636221157, 601.0903551590185, 591.6334919510092, 584.2907825512326, 578.4147790962847, 573.432367674514, 569.9955458974295, 566.8259821141343, 564.5728688882836, 563.0038153389861, 562.2812080610394, 561.5496656895915, 561.3368912204792, 561.2354116020938, 561.3201576421135, 561.5948359903148, 562.0012716096528, 562.53801710661, 562.9966327398854, 563.4809541377929, 563.9896369714663, 564.4241980067292, 564.8064284932905, 565.1578818717559, 565.6133336404838, 565.8893819081285, 566.2207310113831, 566.4262383171331, 566.6468219215624, 566.9185549404664, 567.111530832956, 567.0692995500567, 567.4023534785961, 567.4551822004258, 567.522549984714, 567.7525146470266, 567.8221042736609, 567.8424271361806, 567.9908561183854, 567.9202579557326, 567.923020072485, 567.9885147736227, 568.0060751396157, 568.0055474881887, 568.0531494487882, 568.0520630953449, 568.054273996676], "medianabsoluteerror": [1084.1101684023438, 973.0375065175781, 920.51916521875, 865.8269653945313, 814.8231197031248, 763.2142941445313, 713.4857792773437, 659.7840578515625, 615.8851924023438, 578.8519893398438, 550.9440304101563, 526.119140453125, 504.9385371289063, 496.495727359375, 479.28552228906256, 469.1121212304688, 457.7373660742187, 448.90661597656253, 438.4660648125, 433.925659296875, 435.20410161718746, 434.35839867187497, 440.99291950781253, 447.7246094296877, 452.82495140624997, 456.6719974296875, 462.67797821875, 463.60681199218743, 465.56213373437504, 468.3591312656249, 467.439453421875, 471.2565913906251, 474.3222654453125, 474.2412111249996, 475.78375199999994, 475.9405517578125, 476.69848679687493, 477.6617434609375, 477.4959111132812, 478.633666875, 477.27679431640627, 477.3118892343748, 477.73693894531243, 478.1402584921875, 477.202880859375, 477.86486792968753, 479.0885009765625, 479.95068342187506, 480.02502464843747, 481.14904761718753, 480.24584937500003, 480.622436640625, 480.7949216953125, 481.26647902343757, 481.0102543124999, 481.09765578125007, 481.671142578125, 481.254638671875, 481.55932570312507, 481.65637160156257, 481.782470703125], "mape": [0.7282478570773654, 0.646037551354011, 0.6069004111246372, 0.5658976383577281, 0.529700364549513, 0.49336110964549235, 0.46246928568577816, 0.43446392333585393, 0.41330605588236746, 0.39562888240879684, 0.381145708793549, 0.3695534366881258, 0.3598972839168412, 0.35263176955406594, 0.3470462406419367, 0.343092636073893, 0.3405079945336787, 0.33898117878947315, 0.3382081192192608, 0.33793931719728293, 0.33830149505667645, 0.3388913647432792, 0.33986527029112584, 0.3411143236883898, 0.34257831346627515, 0.34401656077786197, 0.34559948449855804, 0.34706644955942895, 0.34849083310807677, 0.3498584116373356, 0.35123984446413375, 0.3525062604385958, 0.3536783096001034, 0.3547347986349227, 0.355743343414786, 0.3566937384349096, 0.35746272654436795, 0.3582003707290809, 0.3588700007735512, 0.3594199522627305, 0.3599167089589328, 0.3602828661482695, 0.3606029349090657, 0.3610505085805152, 0.36139512707608, 0.3615069325494753, 0.3617984397222887, 0.36205025964821663, 0.3621723758739366, 0.36246979950484903, 0.362659573967906, 0.36265009782013996, 0.3627957168453804, 0.3628269908043092, 0.36294340266902386, 0.36282691434530673, 0.3628981824929588, 0.3628421799333768, 0.3629113222474166, 0.3629153553115149, 0.3629290024325396], "mse": [1825022.1453097635, 1542341.9423822672, 1419939.8242103097, 1297082.8426924117, 1192096.09718816, 1087871.0708325182, 998998.7155420465, 915098.8390681564, 849263.2162300107, 791714.7750012763, 742096.6563506343, 699016.628715167, 660685.2165215621, 628992.3132388166, 602046.7744008597, 580924.6900559154, 563202.0493784382, 549521.309465711, 538703.1903688175, 529916.097119464, 524031.2689633488, 518867.0152337076, 515347.6616339331, 512871.27003808966, 511810.6962960987, 510821.30318324844, 510810.85741783335, 511074.32432811754, 511671.4615573622, 512506.3579675759, 513498.60128005967, 514622.72164322954, 515586.66250443953, 516562.37643128075, 517564.5239324351, 518426.0973557635, 519179.19704155024, 519888.7342789127, 520754.17051349377, 521309.6711415447, 521947.9507231119, 522356.00404003414, 522782.59283433115, 523316.84524422715, 523693.5492836438, 523629.7191128386, 524235.56514272466, 524351.5408538564, 524477.3342895752, 524901.4593877693, 525033.7972680687, 525067.9709651555, 525333.1837673929, 525206.0421641497, 525218.5978124739, 525325.9447954018, 525360.4805387912, 525351.7691187288, 525439.3961533842, 525436.9225768787, 525441.197060003], "recauc": [0.38641982716790196, 0.44261538746467244, 0.4702744348508925, 0.4998816474240016, 0.5267122267782334, 0.554459194067555, 0.5788230230430451, 0.6017084967756035, 0.6197582869398051, 0.6356339041311537, 0.6493303700740446, 0.6611317131713171, 0.6716342449059721, 0.6803201060846825, 0.6877018072177589, 0.6935719794201642, 0.698331551673686, 0.7020288251047326, 0.7049873283624659, 0.707493401191971, 0.7092203294403514, 0.7108188596637441, 0.7119531656869389, 0.7127448448548559, 0.7131072218332946, 0.7134739399865913, 0.7135791505076433, 0.7136295555481476, 0.7135853140869642, 0.713445092657414, 0.7132355605930965, 0.7129622443725854, 0.7127280283583913, 0.7124805665751761, 0.7122212517548051, 0.7119991851036955, 0.7118041433773007, 0.7116255477399592, 0.7113927837228167, 0.7112520289065944, 0.7110829156989773, 0.7109782830134866, 0.7108655161812478, 0.7107280802154289, 0.7106298481700021, 0.7106511836368822, 0.7104817444707433, 0.7104551195860328, 0.7104215162256966, 0.7103046452793428, 0.7102692046982475, 0.7102585962299933, 0.7101844258499925, 0.7102197182681231, 0.7102190663510796, 0.7101849888692573, 0.7101768695388058, 0.7101753286439756, 0.710151978160779, 0.7101529856689373, 0.7101515336718857], "f1": [], "aucrecauc": 0.9526542662903337, "aucloss": 636173.5926460333, "convergence_rate": 0.8991873762640852}