{"bestEpoch": 35, "lastEpoch": 45, "mae": [2.2694543419611075, 0.9207055187290819, 0.8172385275998232, 0.8865207881809631, 0.7667629181049633, 0.7654310105962521, 0.7548282718560232, 0.6957589502069412, 0.6410622337287617, 0.6241254730401398, 0.5939608937966385, 0.6060598350823478, 0.5869479329161246, 0.5705035055293441, 0.5668078965024362, 0.5689917512665161, 0.5487100237470863, 0.5529421576510742, 0.5776062070648162, 0.5740918983023395, 0.5358627320481787, 0.5359311950931097, 0.5515991245149298, 0.5455666509969431, 0.5329791701539783, 0.5898829079394565, 0.5294080453356066, 0.5444591231989443, 0.5364832202061484, 0.5234452976707409, 0.534568979860457, 0.534465830799971, 0.5206732126269356, 0.5146604889739718, 0.5197734291758932, 0.5155594898096851, 0.5181983528864003, 0.5273050804380449, 0.5242311651666591, 0.5126512657110527, 0.5162689064607315, 0.5173652428267872, 0.5114413619737137, 0.5119120893795958, 0.5129591033829474], "medianabsoluteerror": [2.0999674797058105, 0.6369113922119141, 0.5689835548400879, 0.6433506011962891, 0.5436539649963379, 0.5702052116394043, 0.5730724334716797, 0.5205144882202148, 0.4869112968444824, 0.4579610824584961, 0.45735883712768555, 0.4739246368408203, 0.4617934226989746, 0.45417165756225586, 0.43218278884887695, 0.44760560989379883, 0.4329075813293457, 0.4382944107055664, 0.46973156929016113, 0.4551525115966797, 0.41817140579223633, 0.4175262451171875, 0.4481387138366699, 0.42344212532043457, 0.4220895767211914, 0.49331188201904297, 0.4186840057373047, 0.43528079986572266, 0.4349336624145508, 0.4160733222961426, 0.42006587982177734, 0.4347202777862549, 0.40709877014160156, 0.4155731201171875, 0.4244565963745117, 0.4070448875427246, 0.4160895347595215, 0.40816259384155273, 0.41004514694213867, 0.4044380187988281, 0.4115736484527588, 0.4111366271972656, 0.403778076171875, 0.40587854385375977, 0.4055936336517334], "mape": [0.4245771650167889, 0.1980961989460124, 0.16729330472779377, 0.19363614946590382, 0.160097144433927, 0.16410308384136482, 0.1624051632022901, 0.14543958426832282, 0.13471069039774797, 0.12604777740095313, 0.11970513691324837, 0.12457244551742212, 0.11974532516236082, 0.11830900445831367, 0.11472310660327577, 0.11681011656098231, 0.11211449137588242, 0.11124446951059447, 0.12024233722259255, 0.11221396530139184, 0.10986829478159847, 0.10767368178149685, 0.11250519819328579, 0.10839750367541079, 0.10805281749981813, 0.12339998507681103, 0.10753547432992133, 0.10948375043169127, 0.11079078463477857, 0.10548165414588949, 0.10635464507465589, 0.11043886569215752, 0.10409586365757068, 0.1056769456633088, 0.10603080718090042, 0.10453031317520257, 0.10589235661353442, 0.10554104993896879, 0.10465909461653951, 0.10514768756308454, 0.10572964029386489, 0.1057077006762918, 0.10421661838570138, 0.10457986662221373, 0.10489499577738133], "mse": [20.65513085245381, 12.942320120735207, 9.65125181986198, 9.76742098892223, 7.824369367999168, 5.086561439971754, 3.7798322674957907, 2.8499710818974293, 1.9885640133208593, 1.696690218593318, 1.1724717092042338, 1.0905394782228353, 0.8644164855994227, 0.7586066999887958, 0.7566664138491179, 0.6495611040312173, 0.581102595843323, 0.5727089261748896, 0.6065266211542911, 0.5957652152478171, 0.5510594437791085, 0.5443883466160468, 0.5440584625922446, 0.5331313254136995, 0.5137360408565916, 0.5976378228753454, 0.5080504733856491, 0.5391282112350015, 0.5120201423055697, 0.4967780212182072, 0.5209415976697279, 0.5027412646045171, 0.5013777821894702, 0.47540676861963027, 0.4765532374159969, 0.4724458347210807, 0.4750170813827107, 0.4954010548236858, 0.49802057874033945, 0.47443991314856, 0.47670841422450666, 0.4763975642468899, 0.4713337755230659, 0.4704021581118661, 0.47088846040480425], "recauc": [0.507839506916706, 0.8173092111820177, 0.8363363456153375, 0.8203511734626948, 0.8450156206832492, 0.8395883529307274, 0.8386810703040781, 0.8498937775686254, 0.8598452361542368, 0.8625723540428194, 0.8671129900494341, 0.8637473599745832, 0.8667612212645912, 0.8698318338527983, 0.8707248342410624, 0.8691158508229814, 0.8734680883124357, 0.8723441173502864, 0.8665116769143444, 0.8671865470103481, 0.876276642425657, 0.8761901250200543, 0.8722862330860617, 0.8736073744689951, 0.8766134766583421, 0.8632696088009076, 0.8773714652618712, 0.8740012003260057, 0.8757346040130961, 0.8786861521716882, 0.8762471509766836, 0.8761329617342097, 0.8794473336794716, 0.8806720356210012, 0.8793398735685445, 0.8803557321059946, 0.8797522388696131, 0.8775944535751206, 0.8785321717890979, 0.8812066925882427, 0.8803401452400647, 0.8800561484229439, 0.8814119654327258, 0.8812977075256444, 0.8810502746120819], "f1": [], "aucrecauc": 0.9800201664136277, "aucloss": 1.9528529895509656, "convergence_rate": 0.9455540405182534}