{"bestEpoch": 22, "lastEpoch": 32, "mae": [1.2060211237444787, 1.029138985771736, 0.9723524194132163, 0.9563536351806488, 0.8974021622295129, 0.8428865056379607, 0.6915385833449205, 0.5853094766422702, 0.5556863738968943, 0.5344569244339461, 0.5218195179464991, 0.540661160542166, 0.5137652635218873, 0.500589118378072, 0.5320127404386732, 0.5033999013406832, 0.5216352376186669, 0.5039562253397837, 0.4925504035052109, 0.49228168359160684, 0.49256804702825746, 0.49024634442312875, 0.49095063383676196, 0.4921066258038787, 0.4912014154254146, 0.49202223967981307, 0.4914509354385056, 0.49121247993436323, 0.4912691963318923, 0.49095184733448616, 0.49097091015774513, 0.49099782537285597], "medianabsoluteerror": [1.1959615778923036, 0.9992189693450926, 0.934144139289856, 0.9146529376506805, 0.8401844501495361, 0.7759806394577027, 0.6012550830841066, 0.49628956317901607, 0.4680030345916748, 0.4483216524124145, 0.4362639784812927, 0.44984016180038444, 0.42957861900329575, 0.41899982690811144, 0.4449508666992188, 0.42239991426467893, 0.44083440065383905, 0.4152916502952575, 0.4137890434265137, 0.4130560636520385, 0.4110147595405579, 0.41237245798110955, 0.4131073832511901, 0.4108699774742127, 0.4105748319625854, 0.41193684816360476, 0.41209145784378043, 0.4118104457855225, 0.41192076206207284, 0.4117810368537903, 0.4118449211120605, 0.41191126823425295], "mape": [0.5129804546892933, 0.4340306782432065, 0.4107906460708977, 0.4041969257115877, 0.3804332104210461, 0.35957814690320133, 0.3050363282325102, 0.27623943354524294, 0.2690032978402795, 0.26502367993670783, 0.26366499401375115, 0.26592297389640185, 0.26230926599971177, 0.2806560221374654, 0.26604823775797254, 0.26326788919540006, 0.30602178790398366, 0.2744205768359915, 0.2666826312810668, 0.2666748657625067, 0.2687928983417977, 0.27404628683464255, 0.2727008692170663, 0.2682784281730371, 0.26839336193834684, 0.27010195139736864, 0.2697588997833972, 0.27078634000459306, 0.2703764384910217, 0.2714388416715622, 0.2715563702142183, 0.2719612860827409], "mse": [1.9311096968099886, 1.4841826377751, 1.3425043082746977, 1.3036380220566508, 1.170947680391756, 1.0488873134078165, 0.7472158043394678, 0.5500301520823694, 0.5005471933516882, 0.46609827537864795, 0.4456516038343711, 0.4808708883507435, 0.4308672620173488, 0.4042187055598927, 0.46224926045005615, 0.41198895387743256, 0.43245710601664167, 0.4165593588553804, 0.3916136024629256, 0.39103844656321135, 0.3926956930009351, 0.3855347992254247, 0.38725204175660444, 0.39169053715993213, 0.3899557176388177, 0.39042323877105906, 0.38918276196673607, 0.3886214183607833, 0.38890881368081515, 0.3879059372904522, 0.3879185793430371, 0.3878744734182014], "recauc": [0.7195525998914164, 0.7606725468443586, 0.7738737138306261, 0.7775927120074139, 0.7913001793587863, 0.8039761205572467, 0.839169252964464, 0.8638727708555689, 0.8707611615724753, 0.8756978104448571, 0.8786364610985282, 0.8742547472287817, 0.8805099481165954, 0.8835767197592126, 0.8762662445295863, 0.8829225839374238, 0.8786841153913195, 0.88279429390525, 0.8854457030205586, 0.8855083232031395, 0.8854421896769813, 0.8859825122438486, 0.8858184883809902, 0.8855497202469176, 0.8857605039042329, 0.8855693483383352, 0.885702252349774, 0.8857577197251749, 0.8857445152764184, 0.8858183929960967, 0.8858140858382392, 0.8858078285892258], "f1": [], "aucrecauc": 0.9725363206750992, "aucloss": 0.5910047805920933, "convergence_rate": 0.8538186877682905}