{"bestEpoch": 134, "lastEpoch": 144, "mae": [0.963105026705129, 0.7761236083648227, 0.6875131401276036, 0.6337552163912584, 0.5937073885780658, 0.5646864732800908, 0.5439822733147881, 0.5280995086036757, 0.5147356438975147, 0.5035814312392416, 0.4942187727966987, 0.4855767581809737, 0.47748143555716127, 0.47115256970150815, 0.465737664851735, 0.45940758369774404, 0.45430311093317594, 0.45129787626533946, 0.4503239642843342, 0.4428258348182479, 0.44264235721691425, 0.43725569419158933, 0.4339230226128851, 0.43677664575121783, 0.43353803778881883, 0.4267634474349464, 0.42523096561121815, 0.42652216678567684, 0.4263864333745345, 0.4195519296725391, 0.4185788523368401, 0.41745828200410734, 0.41748304395153835, 0.41478433963069483, 0.4165329174318132, 0.4129777179346858, 0.4143157798079411, 0.4144524015153842, 0.40873671181896604, 0.4078754310383384, 0.4080909448310559, 0.40651648410053687, 0.40574773953791465, 0.41781454687802894, 0.40538077602221195, 0.4035472665941295, 0.4047444711390829, 0.40119982897401196, 0.4068210353011417, 0.4051532375707965, 0.3997084742410279, 0.399759538340376, 0.4000109469585602, 0.4164947177029165, 0.3991527599462943, 0.3974008279739651, 0.3967652899819173, 0.39920837563936845, 0.3955363175655052, 0.3942327402912506, 0.3967318584328883, 0.3938970181564834, 0.3940942338743533, 0.3928814558789581, 0.3991000906063384, 0.39225435310602086, 0.39946728717130764, 0.39758756248383353, 0.3917785913081836, 0.39140412303284394, 0.3898315986793946, 0.39388170542259937, 0.3919415736497761, 0.3959602029221895, 0.3892695102129018, 0.3895522990699839, 0.39110987404465336, 0.3880044539357424, 0.3909662854828568, 0.38726386873371343, 0.38698131930266044, 0.38741972143354503, 0.3896824895212976, 0.38681289717189954, 0.38627144909772015, 0.38978281641853746, 0.38854065060263693, 0.38521244139036, 0.385901310750599, 0.3849057418457349, 0.38483445660755333, 0.38409324145388196, 0.38440090012698275, 0.3845371561600186, 0.3856305112307239, 0.3865111801799933, 0.3835804089260121, 0.3857033370287124, 0.38531927381144937, 0.38629080758212503, 0.3855965146818183, 0.38598353535271035, 0.38320861581339816, 0.384647995230548, 0.3816958456554838, 0.3892419899768407, 0.3894289110633991, 0.3818714000878671, 0.3805170530461488, 0.3804018536115123, 0.3888426737932444, 0.38216354008430986, 0.3800321970983748, 0.39209006872111407, 0.3825751524682525, 0.38412319255119115, 0.3799557999378836, 0.3800477100523957, 0.38159913229404024, 0.3801172476520734, 0.3842027197080831, 0.3849716043224873, 0.3782663687086148, 0.37936521855569705, 0.379531420356971, 0.3802739782030575, 0.3807214925529469, 0.3801776848747952, 0.3796530201478129, 0.38027702360906285, 0.3793154606882607, 0.37935130358754826, 0.38043001474808896, 0.38016702047024253, 0.37995697598085587, 0.379886959529802, 0.3799219635741481, 0.3799542052912459, 0.37995916909514155, 0.37995672092371013, 0.3799498396284372, 0.3799427144426611, 0.3799451116681525, 0.37994557945725943], "medianabsoluteerror": [0.8081949830055237, 0.631165337562561, 0.554378068447113, 0.5119675636291505, 0.48024569034576425, 0.46022948026657107, 0.4434101104736329, 0.43017678260803227, 0.41963326930999756, 0.41153025865554804, 0.4053038835525513, 0.39831674098968506, 0.39136068820953374, 0.3864363551139832, 0.38183360099792474, 0.3755491495132446, 0.3706597042083739, 0.3697768449783324, 0.37207920551300055, 0.36025593280792245, 0.36472474098205565, 0.35410972833633414, 0.35233791828155525, 0.36172827005386343, 0.35789887905120854, 0.3453917026519775, 0.34306354522705085, 0.3506295680999755, 0.35128273963928214, 0.34005550384521477, 0.3397761464118958, 0.33995815753936764, 0.34139764308929443, 0.33681950807571426, 0.34188126325607304, 0.3359766960144044, 0.3394125461578369, 0.3400923061370851, 0.329097135066986, 0.3273572444915771, 0.3314585447311401, 0.32895752429962144, 0.32822005748748784, 0.3474002718925475, 0.32879433870315555, 0.3261530637741089, 0.3292208671569825, 0.3204756140708923, 0.3332641577720643, 0.33073273181915297, 0.31809552669525143, 0.3223342370986939, 0.32374008893966666, 0.34820930957794194, 0.3227891445159913, 0.3181712865829468, 0.319158010482788, 0.324949598312378, 0.31678295135498036, 0.3125715494155884, 0.3126834154129029, 0.3155512714385986, 0.31382912397384644, 0.3122276306152343, 0.3257017564773559, 0.31416728496551527, 0.32688365459442137, 0.3246659994125367, 0.3147210121154784, 0.31090966463089, 0.3102417826652527, 0.3198385953903198, 0.3162561511993408, 0.3234344005584717, 0.31252524852752683, 0.30962725877761843, 0.3159392952919007, 0.31044450044631966, 0.31616427898406985, 0.3096437811851501, 0.3091902017593382, 0.3106594681739807, 0.3152303624153139, 0.3102905750274658, 0.309401023387909, 0.31573470592498787, 0.3134660863876343, 0.30369058847427366, 0.3101027393341065, 0.3069255471229554, 0.3047992992401123, 0.30623722076416005, 0.30750021934509264, 0.3086362719535827, 0.3106175780296325, 0.3126220703125001, 0.3064271569252015, 0.31160500049591056, 0.31056805610656735, 0.31266645908355706, 0.30936551094055176, 0.3124282503128053, 0.3072643184661865, 0.31023829936981207, 0.3018967151641847, 0.31826676130294806, 0.31816818714141837, 0.3058443546295164, 0.30231731891632074, 0.30016118049621576, 0.3177227735519408, 0.3075107812881468, 0.30008827209472666, 0.32273077964782715, 0.308441948890686, 0.31120592594146723, 0.3022881746292114, 0.30259589433670053, 0.30756771564483654, 0.303462917804718, 0.31188352108001716, 0.31303932666778567, 0.29839116573333735, 0.3027143263816834, 0.30308346748352033, 0.30469264507293703, 0.3055843591690064, 0.3045637607574462, 0.303394160270691, 0.30470298767089843, 0.30290746212005604, 0.3029618263244629, 0.30528800010681145, 0.30450704097747805, 0.30406818866729746, 0.3038691997528076, 0.30389579772949216, 0.3040467977523804, 0.30404642820358285, 0.3040585470199584, 0.30406813383102416, 0.3040256428718566, 0.3040428686141967, 0.30404739856719964],