{"bestEpoch": 23, "lastEpoch": 33, "mae": [0.4103724541732672, 0.3975579322600703, 0.3814944434188482, 0.37607244495311154, 0.37110225610786485, 0.35960758869553106, 0.35881847309050563, 0.3627050762425936, 0.346799273173646, 0.3642076671256221, 0.3611867483681283, 0.3449142604326449, 0.3570270605613048, 0.34629487268717757, 0.34842326215470476, 0.35602385106106216, 0.34193323360971173, 0.34126498358013574, 0.3562408984927248, 0.35619097484160966, 0.3483272183080305, 0.3677146545649765, 0.3430855838810959, 0.3465359563180615, 0.34619776742857056, 0.35037089507865055, 0.3474638151806329, 0.34676167986354095, 0.34757832558696405, 0.34840389119573406, 0.34884955643274124, 0.34805779983371127, 0.34838399278147647], "medianabsoluteerror": [0.3204407501220704, 0.30989575743675235, 0.29520824193954454, 0.28911594986915595, 0.2922604435682296, 0.28051723718643184, 0.27772364854812626, 0.280899739265442, 0.2674951791763305, 0.2808688974380493, 0.28295814990997314, 0.2644221460819245, 0.27806123733520505, 0.2664286243915558, 0.2695207238197326, 0.27548963546752936, 0.2616060101985932, 0.26116788744926445, 0.27780484199523925, 0.2775114691257477, 0.269121241569519, 0.280563360452652, 0.2631131166219711, 0.26564173460006707, 0.26444823980331417, 0.268903877735138, 0.26517145991325375, 0.2651250737905502, 0.26503523588180544, 0.26576605081558224, 0.26687263011932383, 0.2657901763916015, 0.26640393733978274], "mape": [0.6075959300328981, 0.4720908679112392, 0.5358100462050512, 0.5028762271282395, 0.480214385194041, 0.5192043699247358, 0.5037492231176091, 0.537781257318992, 0.4934350277268608, 0.49600589512270526, 0.5354241809529862, 0.46119198585708054, 0.46306102843085856, 0.4966749655620511, 0.5054713493292795, 0.5183557223806902, 0.4368500052907528, 0.46800427211926693, 0.49333806618000386, 0.4254913924169626, 0.4504857450271091, 0.47427521023487024, 0.4367929180846349, 0.4474070628212982, 0.4359716479477192, 0.46934919817627613, 0.4461384384093375, 0.4530420862280582, 0.44621392513973457, 0.44162937368564276, 0.4545288046644927, 0.44994178776729254, 0.4518340781497154], "mse": [0.29151505643764297, 0.2757188414048611, 0.25648554387094746, 0.24555958404272046, 0.23534223067028917, 0.22280116949939371, 0.22267155606111122, 0.22671302366151563, 0.20862809411841182, 0.23359935795467265, 0.22233965664014707, 0.20847733306630378, 0.21928972485447235, 0.20917136253273844, 0.2107960976056024, 0.22023019750776854, 0.206974665967709, 0.2058429358516364, 0.21999906200512465, 0.22098970620522723, 0.21279004168300178, 0.23724940523745258, 0.20786275581117195, 0.21169618640415983, 0.21251761082773324, 0.21514712532415142, 0.21422050861834419, 0.21273073691125993, 0.2143827453468815, 0.21549782555370023, 0.21494432244096487, 0.21438119181000975, 0.21458932036229372], "recauc": [0.9045550336951956, 0.9075354481554393, 0.9112715323578409, 0.9125325599633213, 0.9136884409307159, 0.9163621012392608, 0.9165454830599284, 0.9156414988985107, 0.9193409572631962, 0.9152920337709737, 0.9159947502767798, 0.9197794264198945, 0.9169621127864213, 0.9194581850132606, 0.9189631327300032, 0.9171954847468775, 0.9204726643765122, 0.9206281183982624, 0.9171450009730341, 0.9171564947638665, 0.9189855297599328, 0.9144763403245859, 0.9202045448429949, 0.9194021575480716, 0.9194808094766811, 0.9185102396379211, 0.9191862999047827, 0.9193496721010594, 0.9191597586748196, 0.9189677970549243, 0.9188641720244279, 0.9190482548829871, 0.9189722985581413], "f1": [], "aucrecauc": 0.9962411831238009, "aucloss": 0.2221282121215454, "convergence_rate": 0.7847052617121217}