{"bestEpoch": 14, "lastEpoch": 24, "mae": [0.7871342912407772, 0.702834444734283, 0.641656149660576, 0.6091020825771859, 0.6004710870288634, 0.5957765951280124, 0.5764927260023326, 0.5721670727379157, 0.5656425983693192, 0.5672332502770542, 0.5796773319044022, 0.5657334973826101, 0.5688339631643292, 0.5633904336669958, 0.5646328637308612, 0.5672067628666424, 0.56783669135258, 0.5750031538856355, 0.5673073489283379, 0.5674298965681714, 0.5681683169783606, 0.5671990192992338, 0.5681222122960697, 0.5685188306944859], "medianabsoluteerror": [0.6469225406646728, 0.5789806365966796, 0.527535581588745, 0.5015987873077393, 0.4936482191085816, 0.4913569736480714, 0.47136363983154306, 0.47025868892669687, 0.4629466199874879, 0.4625397849082946, 0.48053251504898076, 0.45897018909454357, 0.4668810248374939, 0.4595773506164551, 0.4608109855651856, 0.46526895284652714, 0.4658277511596679, 0.47351031303405766, 0.46525094509124754, 0.4652465701103211, 0.46619234085083006, 0.46441314220428453, 0.4660444617271423, 0.4664176940917969], "mape": [0.4073758894600521, 0.3508656293962244, 0.3423016983966652, 0.3182452451494485, 0.32712005811858436, 0.3301989344837843, 0.29799563523733014, 0.3075663496950815, 0.3002563346706274, 0.2981344938770048, 0.31814888869433905, 0.2913127960149216, 0.3026779340107582, 0.29413427964797256, 0.2951989621064824, 0.30298742115567556, 0.3033444253606713, 0.3112843714248208, 0.30061215410031483, 0.3009109025247929, 0.30224384930048864, 0.3000052478968914, 0.30197050391742425, 0.3026172332106884], "mse": [1.015653558432586, 0.8054585799186386, 0.6746660259350193, 0.6109380458694358, 0.591582893276005, 0.5782631647613015, 0.5526055144133489, 0.5429037069738452, 0.5285545908826125, 0.5354167851875988, 0.5474319129776787, 0.5350365841494784, 0.532853128398871, 0.527147183466371, 0.5288245455979969, 0.5298308163357907, 0.5310180759052913, 0.5420346447994708, 0.5318056738738094, 0.5316983795804346, 0.5326146931506239, 0.5318086919470935, 0.532688574139308, 0.53314857636953], "recauc": [0.8169907247602384, 0.8365629227498225, 0.850788917219898, 0.8583506956095974, 0.8603529670715364, 0.8614467074913162, 0.8659248586678854, 0.8669325184606121, 0.8684496120121953, 0.8680786659904599, 0.8651854434521491, 0.8684268224414743, 0.8677080098328175, 0.8689722597582976, 0.8686833293774038, 0.8680848193759226, 0.8679381248285483, 0.8662716701919015, 0.8680610446912183, 0.8680324398214905, 0.8678609372530656, 0.8680862114654515, 0.8678717554897366, 0.8677794721950258], "f1": [], "aucrecauc": 0.9937003971572502, "aucloss": 0.5708514469104818, "convergence_rate": 0.8947235446816102}