{"bestEpoch": 167, "lastEpoch": 177, "mae": [], "medianabsoluteerror": [], "mape": [], "mse": [], "recauc": [], "f1": [0.20909222154231522, 0.1905300372974796, 0.16180275125389595, 0.16414572545712294, 0.19958081194673497, 0.18363182815876053, 0.164855753064326, 0.10099156442604784, 0.18117601335605193, 0.1729460550119879, 0.21397633886285106, 0.19761201542245416, 0.19056771316881888, 0.20697517097623144, 0.1647204485680138, 0.20531879441986775, 0.14416613081888702, 0.20558409237610886, 0.14502218303568667, 0.19721202084918887, 0.14729558841669455, 0.21648102890920246, 0.2021905945866594, 0.14717079073109388, 0.1406794966445341, 0.2103115420555654, 0.17093444938780972, 0.20383042913184574, 0.14685420926045303, 0.20031232465383478, 0.20818750229972638, 0.15200616750078444, 0.21339380739376615, 0.18896901898525173, 0.22143295203846539, 0.1336081783944259, 0.2152727454326771, 0.16121469501082, 0.18408366138403345, 0.20633504320128807, 0.1892065795560948, 0.1004382577360744, 0.2115216983951058, 0.1443801547987772, 0.21068295057912337, 0.1880525059311182, 0.20024471025358126, 0.19999204116667577, 0.2032351643449799, 0.24383272802208683, 0.2276171105666576, 0.2098295894178737, 0.22974254959557167, 0.20658392213616555, 0.23386929217356942, 0.2014088048320094, 0.18376317710422319, 0.18510822192713905, 0.22125314787826017, 0.23996349665579375, 0.20061002032706013, 0.20921139282890816, 0.2349975791420051, 0.23158301180191587, 0.18670442965065262, 0.1977452834121317, 0.23366179522767386, 0.19605371998898927, 0.2236662529465734, 0.21323544189505678, 0.21151221741068216, 0.14998807871964503, 0.2159441182140346, 0.22656372251265403, 0.2036207463349651, 0.21653227465019342, 0.17807334615314913, 0.23343723647952824, 0.2114121720519234, 0.23102107568443986, 0.21068214026053458, 0.23354899373751953, 0.22849531848474458, 0.22522659056600366, 0.20904250804344382, 0.22789320036048988, 0.17901276489907753, 0.22443468074462047, 0.16299436190258207, 0.22476610634940145, 0.20266947896320986, 0.23638036000862586, 0.1771634934070062, 0.23356671795782324, 0.22827716249009547, 0.15220097172441938, 0.22980433925286328, 0.21439980452518856, 0.2202107413962063, 0.219340627137151, 0.19592931080724899, 0.22332727425183999, 0.2119794565011859, 0.21801800583680458, 0.21094949842570923, 0.21234452931587616, 0.2223217964067941, 0.2190238149065173, 0.22112802668912115, 0.2176900442580666, 0.21664201213811016, 0.2181662879728346, 0.22067737150580238, 0.22049685708319963, 0.21973803511729523, 0.2207982181316281, 0.21906801666165357, 0.21990410156256893, 0.220555034262088, 0.2198861007808869, 0.2197670970649646, 0.2189711672188461, 0.21916536727029826, 0.22023834218769855, 0.21949725591841088, 0.2199884409002098, 0.2192901755665837, 0.22057143217237626, 0.21934110864351158, 0.21967462716562217, 0.220008642945273, 0.21916536727029826, 0.21963602311550548, 0.22034679393750606, 0.21925582649811629, 0.22004800020843623, 0.21916536727029826, 0.21959703766606123, 0.22034786413529678, 0.22011243140367315, 0.22030546378366583, 0.2207713475297666, 0.21953608590221194, 0.22069574641118894, 0.21929628657165232, 0.2207210890959224, 0.22073936178362488, 0.22043242748194583, 0.2212679425783105, 0.21959235068258473, 0.22092231989447172, 0.22011837914722016, 0.22071068753721698, 0.21973427993289446, 0.220555034262088, 0.22048519699466584, 0.2206896899572816, 0.22109217166185907, 0.21938431194693733, 0.2186092188017305, 0.22047484851182164, 0.2198654306523203, 0.21947260347529415, 0.21996092586695765, 0.22093760196287113, 0.22018024129907546, 0.2203623175808848, 0.22017542631521264, 0.22068150599804448, 0.2209146661595206, 0.22045007259356247, 0.22068150599804448, 0.21894759110152673, 0.22024044825575287, 0.22044160133669716, 0.21960881130740023, 0.22089019466480656], "f1auc": 0.848771799182173, "convergence_rate": 0.7428465359526512}