{"bestEpoch": 48, "lastEpoch": 58, "mae": [0.5712971672799078, 0.5375311934217937, 0.5104615751086105, 0.49835598025403727, 0.4955006789594569, 0.4554605986994026, 0.44066258696217736, 0.44193661475900364, 0.4229384607556529, 0.4051140117948571, 0.4020449641716413, 0.40332751070841555, 0.4105537836288069, 0.4053541125644977, 0.3804185719531362, 0.37725671053969173, 0.3803087030068996, 0.3788107573630473, 0.37526863619622214, 0.37760969630289215, 0.3776920655408689, 0.3762338120985436, 0.3743695695952393, 0.3752716319066804, 0.37923986795107834, 0.3757829773686676, 0.37348330405701763, 0.368132840761563, 0.368756982939185, 0.3695854721794723, 0.36790472828776055, 0.3686730521376232, 0.36968664063530754, 0.3678551454907207, 0.36906643041656856, 0.36820557143993826, 0.36781604665673157, 0.3670096435810465, 0.3675437252607222, 0.3672025869070332, 0.36717129000982335, 0.3675575673097619, 0.36701051408894075, 0.3673565475875807, 0.3677607747172817, 0.36724533974088025, 0.3670955966001383, 0.3673289068625277, 0.36750553050644974, 0.3672300324863372, 0.36747450195088943, 0.36727742660307167, 0.36724477106655706, 0.3674443355531416, 0.3675505142037183, 0.36750813024277557, 0.3677303319156974, 0.36716587755474395], "medianabsoluteerror": [0.4956874132156372, 0.4567825317382812, 0.4136633694171906, 0.39434048652648923, 0.4105815005302429, 0.36032320976257315, 0.35947808027267447, 0.3466859102249147, 0.3316230988502502, 0.32046247243881226, 0.3137704014778137, 0.3112289106845856, 0.3161788338422776, 0.3193172872066497, 0.29259288668632505, 0.290552020072937, 0.2945855128765107, 0.29137715697288513, 0.28820045709609987, 0.2914022660255432, 0.28917394459247586, 0.28920392751693735, 0.2886063385009766, 0.29024972319602976, 0.2906566858291626, 0.2871941494941711, 0.2855653429031373, 0.28152490854263307, 0.28275331974029544, 0.2839733266830444, 0.2813172101974486, 0.28172701597213745, 0.283262637257576, 0.281474871635437, 0.28334835529327396, 0.28181851387023926, 0.2805574560165405, 0.2798281943798065, 0.2808454918861387, 0.2804105830192566, 0.2806272637844085, 0.2808924835920333, 0.2806512117385864, 0.28047688841819773, 0.280715217590332, 0.280952033996582, 0.2798711609840393, 0.2807966709136963, 0.28128745317459103, 0.2806059813499451, 0.28091903209686275, 0.28006274700164796, 0.2801418447494508, 0.2809328675270081, 0.28085420250892634, 0.2813190060853958, 0.280991587638855, 0.2801051324605942], "mape": [0.890687284141878, 0.7935425325014448, 0.6644034233318299, 0.6001340046702255, 0.7257676560585004, 0.648371741837874, 0.6541857890864832, 0.5415363861530885, 0.6011989872263783, 0.5429525015131614, 0.5518800805069922, 0.49055489120759144, 0.5156730847078362, 0.47817997738949414, 0.5076797646739324, 0.5042422469653758, 0.5243883958771424, 0.519197689883414, 0.5040560840571009, 0.5286106524672096, 0.5145787458629709, 0.4917383529713687, 0.5330976898565775, 0.5327842793645484, 0.5165961941565108, 0.5114921723964305, 0.4823233955010978, 0.5002806791081981, 0.4912212927589497, 0.5067344356243572, 0.4909800416913235, 0.5048501748546628, 0.5080380088170411, 0.49016258655723977, 0.5109494896768022, 0.4947641641188557, 0.49978785588546715, 0.49555681561511417, 0.49641426723137627, 0.49839112582994655, 0.49739912585041374, 0.49688534293784564, 0.49099077232924243, 0.49865974611054664, 0.49345468579508805, 0.49478110863534847, 0.4954577756323421, 0.49618954410745875, 0.4959067736051454, 0.4948739888296952, 0.49608646319854716, 0.49564028079226236, 0.49583206379241124, 0.4960660902448548, 0.4962700700568841, 0.494973260315237, 0.4960168522234367, 0.4951699564867675], "mse": [0.5105241128605841, 0.461860096688132, 0.4367426376746024, 0.4268060074894516, 0.39751191461556956, 0.34955391135703423, 0.32186790888253614, 0.34319721797368546, 0.3109432761252397, 0.2812853690430175, 0.28275020336897244, 0.287371396049308, 0.30043823977699347, 0.2834021607630278, 0.25465283154934665, 0.25072570973444286, 0.2517026492972414, 0.25100492660759643, 0.24721185781657326, 0.24879864941864605, 0.2499257853432852, 0.2494030973216956, 0.24545552324132422, 0.24483212925787906, 0.25223497896297653, 0.24796484831665658, 0.24682839368477627, 0.23929393183727934, 0.23963428929746958, 0.24012898158023757, 0.23987367535363632, 0.2399374460085993, 0.24080988721215968, 0.2395230130906416, 0.23993665535319708, 0.24028133539079025, 0.239181727270307, 0.23875606249656156, 0.2391440428809128, 0.238485405273234, 0.23845329223064, 0.23886363950490186, 0.23867747231911407, 0.23882210559785147, 0.23982068900713277, 0.23883324566451608, 0.23880900128853583, 0.23888190793070185, 0.23912465897224178, 0.23853922604605846, 0.23929216069321924, 0.23908289610168013, 0.2385277373616905, 0.23912237147490947, 0.2392578348265544, 0.2388658838670932, 0.23924362445504385, 0.23885058666685333], "recauc": [0.8671270238416345, 0.8749802783826508, 0.8812762202143748, 0.8840916374918926, 0.8847557736534187, 0.8940681923683175, 0.8975099614803004, 0.8972137261275648, 0.9016324332160581, 0.905777998496812, 0.9064917035292743, 0.9061934122294686, 0.9045128266912978, 0.9057222656613728, 0.9115216355406036, 0.912256975830024, 0.9115472528220093, 0.9118955988733912, 0.9127193965762527, 0.9121750080244931, 0.9121558822893518, 0.91249494879585, 0.9129286592944177, 0.9127188932504301, 0.9117958647647226, 0.9125998802766843, 0.9131346610556808, 0.9143791551509239, 0.9142340338461895, 0.9140412949464937, 0.9144321167868082, 0.9142534949165066, 0.9140177394272189, 0.9144437314016828, 0.9141620291782514, 0.9143621887417122, 0.9144527602528322, 0.9146403767300354, 0.9145160339299601, 0.9145955749167619, 0.9146027242110202, 0.9145130456348001, 0.9146400620706315, 0.9145597263588466, 0.9144656574116834, 0.9145853979141536, 0.9146202882792641, 0.9145661545855592, 0.9145249361420061, 0.9145890607563723, 0.9145322818560977, 0.9145780127868718, 0.9145857558634548, 0.914539319371964, 0.9145146053633442, 0.914524359804864, 0.9144728907012651, 0.9146039072528448], "f1": [], "aucrecauc": 0.9941397711082914, "aucloss": 0.2680063731668533, "convergence_rate": 0.887190198735844}