{"bestEpoch": 10, "lastEpoch": 20, "mae": [1252.0318472062647, 926.2100232135706, 647.7083980508102, 431.9985576640555, 277.3827537725394, 171.09537815767823, 108.56175037227084, 77.15678290823496, 62.72801722759723, 57.589564937138896, 55.13180567740278, 53.8215378455625, 54.2530087105544, 54.16968642739583, 53.92227384748148, 53.993020321200234, 53.913925016179405, 54.156253647026624, 53.98196364430902, 53.96892459926852], "medianabsoluteerror": [1093.3799439023437, 811.2617795507813, 572.3593745312501, 388.9997555625, 253.8121341953124, 160.90991252343747, 102.27087396875004, 72.61120617187498, 57.01769972656257, 50.268554859374944, 46.88879353125003, 45.17614782031251, 45.568603343750056, 45.56420892187498, 45.39855928125007, 45.37939406250007, 45.33801239843751, 45.87072724218751, 45.48974650781247, 45.38330031250007], "mape": [0.7568819944047047, 0.5583277023700625, 0.38853661461264105, 0.2574971149032433, 0.16505425586021688, 0.10229653611438604, 0.06651087482458069, 0.04889947855873849, 0.04101088622819334, 0.03828096486851407, 0.03701483414009475, 0.0363264511013946, 0.036550706734343526, 0.03653767283722083, 0.036387210430288905, 0.03641469580909815, 0.03636948219763719, 0.03649725220951242, 0.03640039688719039, 0.036397709462900954], "mse": [1748301.7907639837, 961284.4919331026, 474524.26515489124, 214421.4540112892, 89919.7190779097, 35674.078006485914, 15141.7727433974, 8198.817406459937, 5952.8592381395965, 5341.67709296017, 5099.553096363079, 4993.683640495413, 5024.795213874848, 5033.142628261889, 4998.846578189207, 5000.750079333488, 4991.451389578075, 5008.1349598926145, 4993.260620959456, 4996.7716356157525], "recauc": [0.36820329440351446, 0.5273971100813785, 0.6695030836416975, 0.7795710978505258, 0.8584648835253895, 0.9126980105417949, 0.9446059124430961, 0.9606310112492731, 0.967992932626596, 0.9706151800365221, 0.9718686387157235, 0.9725372981742618, 0.9723165946224251, 0.9723596211472999, 0.9724851448107773, 0.9724498523926466, 0.9724910713293551, 0.9723659625221782, 0.9724556900134458, 0.9724622091838814], "f1": [], "aucrecauc": 0.9207138070400055, "aucloss": 143802.738635336, "convergence_rate": 0.8735761051824684}