{"bestEpoch": 18, "lastEpoch": 28, "mae": [1.3631122468594263, 1.0915438939394313, 1.0044041187758779, 0.9455993902106493, 0.9088311887517536, 0.8866988365217686, 0.8659086039653, 0.8560810645649481, 0.8478975947261791, 0.8387972267970253, 0.8303476862049832, 0.8299764007159487, 0.823077873112764, 0.8211208930850629, 0.8209288007938761, 0.8184743704397757, 0.819527488613811, 0.8179511966495815, 0.8204074711546055, 0.8195144084119145, 0.8208051550929815, 0.823051971801279, 0.8232937223909766, 0.8241250535284557, 0.8237760735966081, 0.8239967897268009, 0.8242897916024023, 0.8245184405155582], "medianabsoluteerror": [1.093173199892044, 0.8742908287048341, 0.8053084111213684, 0.7590776658058167, 0.7290452718734741, 0.7129414558410645, 0.694611382484436, 0.6891528606414794, 0.681638365983963, 0.6758350253105163, 0.6651314973831177, 0.6675923347473143, 0.6604009032249452, 0.6579861760139465, 0.6593461871147155, 0.6559853124618531, 0.6570062518119811, 0.6551931309700012, 0.6571791410446168, 0.6559020400047302, 0.6582217454910279, 0.6592106103897095, 0.6591179847717286, 0.66026629447937, 0.6598065853118896, 0.6600225567817688, 0.6607154893875122, 0.6607977604866029], "mape": [0.6913412927895006, 0.5693162526121522, 0.5271733042641542, 0.4967757790665186, 0.4773170028194546, 0.47031151495473283, 0.45337730594928943, 0.4524676158011495, 0.4506892126972381, 0.44620327586605796, 0.4345570064832797, 0.44342466565904454, 0.4351544569940947, 0.4333801233101397, 0.4360584537369677, 0.43265277035696675, 0.4331695095450016, 0.43242729193781043, 0.4354489504060166, 0.43349809267592293, 0.43488886026350226, 0.4355411212513063, 0.43669044814910524, 0.43738932175361883, 0.4363577008660531, 0.4366627724447239, 0.4371059547706048, 0.43737243986301616], "mse": [3.1505078868162557, 2.0272393953297465, 1.7145915350822458, 1.5127654203055028, 1.3971755516935696, 1.3271385901464186, 1.2657908467213328, 1.2363207003901526, 1.2132539685695174, 1.1865833087232098, 1.1646064934732427, 1.1636093012330213, 1.1444381773222638, 1.1389430159714127, 1.1384619528064386, 1.1311093737547724, 1.1341010159491223, 1.129933103583482, 1.1379873906021893, 1.1355201119503513, 1.1383131596788276, 1.1449396950628432, 1.145932395349254, 1.1483771004554935, 1.1474826756335932, 1.1483253389265515, 1.149065765427922, 1.1496766420946833], "recauc": [0.6882237707684126, 0.7477768664069154, 0.7674356844781168, 0.7807407155449978, 0.7891533006888922, 0.794212390379812, 0.7989667878661038, 0.8012346702221407, 0.8031317729500898, 0.8052242292390827, 0.8071577107055794, 0.8072701440590416, 0.8088464689799065, 0.8092982547587132, 0.8093470420120727, 0.8099146854620184, 0.809668574949564, 0.8100326166947582, 0.8094714880330387, 0.809675464918371, 0.8093796784832992, 0.8088578351497987, 0.8088066410176264, 0.8086157726662412, 0.8086947677854556, 0.8086458485829932, 0.8085789790034067, 0.808526850099278], "f1": [], "aucrecauc": 0.9870893653623043, "aucloss": 1.2767443573554798, "convergence_rate": 0.9157870260712717}