{"bestEpoch": 28, "lastEpoch": 38, "mae": [0.945832438130089, 0.8050984087634487, 0.6674609768034624, 0.601810178640492, 0.5927754119626852, 0.5224053197982506, 0.5040256112783257, 0.4907359126974454, 0.4945154913176469, 0.4839877807271468, 0.481855831971252, 0.47544045134013024, 0.47146701117049694, 0.45567321057095383, 0.45608023912932016, 0.44643602279547845, 0.4418872052600938, 0.4542214810705005, 0.47722830225665913, 0.4380356557501005, 0.45406096561888915, 0.4436015035948146, 0.4587727509697319, 0.46085664982898844, 0.43978157274263896, 0.43836162354665403, 0.43599889845607454, 0.4360066838498546, 0.43544434322510395, 0.43571971496519174, 0.43228506910976905, 0.4371128687120327, 0.4346367076136507, 0.4335597058239566, 0.4276075956545619, 0.4322626188862909, 0.43411991418615226, 0.4320053981416953], "medianabsoluteerror": [0.7084646224975586, 0.6015844345092773, 0.5062713623046875, 0.4424118995666504, 0.46236705780029297, 0.41039037704467773, 0.4067068099975586, 0.4038987159729004, 0.39892101287841797, 0.3901348114013672, 0.38268089294433594, 0.3821706771850586, 0.37198495864868164, 0.36554908752441406, 0.3675103187561035, 0.36162376403808594, 0.358001708984375, 0.36072444915771484, 0.3886299133300781, 0.34884119033813477, 0.3626675605773926, 0.35213279724121094, 0.36768102645874023, 0.3707737922668457, 0.35059165954589844, 0.3460524082183838, 0.3454267978668213, 0.3462190628051758, 0.34847116470336914, 0.3515138626098633, 0.3442201614379883, 0.33936023712158203, 0.34850072860717773, 0.3509182929992676, 0.335294246673584, 0.3436930179595947, 0.34857940673828125, 0.338714599609375], "mape": [0.20653449065675802, 0.15885588039392645, 0.14283111012712388, 0.12837433660794395, 0.11659185061752866, 0.10534066666678868, 0.10193949672713928, 0.09900822464565065, 0.10018587931253892, 0.09603804969578102, 0.09567609652353208, 0.09338261814808131, 0.09560334786940614, 0.09212472589487904, 0.09448450294369085, 0.0921939846977755, 0.0891012688854651, 0.0950322490368477, 0.10161364284894649, 0.08961053746317578, 0.09609701830659141, 0.09227466254829686, 0.09589483439680395, 0.09462503519413928, 0.09079446557673682, 0.08956980761426458, 0.08800207195253892, 0.08947390021337849, 0.08900249785138395, 0.08837478829993747, 0.0881930587627399, 0.08826155132068311, 0.08837636604271752, 0.0885412196647338, 0.08720120248769757, 0.08788432596837618, 0.08857592292808719, 0.0881958081194198], "mse": [7.679370405720281, 4.718076679352455, 3.0099255829441325, 1.552541716063019, 0.9609419730963298, 0.6017596116769478, 0.4838553420718775, 0.42483592063638764, 0.4133607835922202, 0.40077396328548426, 0.39156073667543756, 0.38292322164657455, 0.3752786349149678, 0.3582531006988093, 0.34796478311837076, 0.3358362503279957, 0.3328131215030551, 0.34905799722441344, 0.3736910200191901, 0.3289437722747165, 0.3485165399152079, 0.3351099448362995, 0.3567657767614252, 0.35331111580193625, 0.3281315552569326, 0.3263360986717535, 0.32861784585136716, 0.3245090165469371, 0.32335983769779725, 0.32480441522201425, 0.31778549310697274, 0.32625400835966095, 0.32142288691001786, 0.32170952946327597, 0.3133423990719252, 0.31959359870856774, 0.3201809110666657, 0.31806770638075677], "recauc": [0.8022307895053152, 0.8292053201200656, 0.8570807132206526, 0.8671172300889548, 0.8659780155839134, 0.8803310471795549, 0.883703715376687, 0.886099131712004, 0.8850176469758202, 0.8874335940288158, 0.8879299361450048, 0.8894217090778765, 0.8903457630349373, 0.8940188732227153, 0.8939240130672869, 0.8961671141367485, 0.897225132743278, 0.8943568060891226, 0.8890065285278957, 0.8981210685435178, 0.8943945029587065, 0.8968265003637337, 0.8932973111935294, 0.8928121957406865, 0.8977153293770846, 0.8980448508290583, 0.8985951976591412, 0.898591970422583, 0.8987236004753928, 0.8986601543779509, 0.8994586207676725, 0.898336469417625, 0.8989117758325782, 0.8991621269919646, 0.9005470234630741, 0.899463598951725, 0.899031046256016, 0.8995236118187857], "f1": [], "aucrecauc": 0.9869656690576928, "aucloss": 0.6954287632546394, "convergence_rate": 0.8905427853670792}