{"bestEpoch": 64, "lastEpoch": 74, "mae": [0.7393684402301002, 0.7545236162749307, 0.8032551909002423, 0.7509812407205677, 0.7683538384374285, 0.7521012859968432, 0.7731739516721136, 0.7799978003275405, 0.7838154920170904, 0.7472014454754777, 0.7465277464884889, 0.733306407758478, 0.727054233288926, 0.7454767365782821, 0.714012258836336, 0.7110173090479137, 0.7002192857540173, 0.7435606570285456, 0.6895538956186361, 0.6951918666101186, 0.687176241875619, 0.6979805418867976, 0.733135166097297, 0.6942605687924447, 0.6821208646718021, 0.6713547504779827, 0.6702160863070267, 0.6727945462145379, 0.6483495230566183, 0.6484941134283633, 0.6386112094604292, 0.6472146298230929, 0.6184856771285272, 0.6266268622199941, 0.6213576971311179, 0.6248929449625112, 0.6231807717383999, 0.6123128707044805, 0.6041582996764102, 0.6026567087910902, 0.6245870358834146, 0.614708013019235, 0.6093180521402357, 0.6025740625082514, 0.5959285728234253, 0.5959489442087528, 0.5943278472237762, 0.593523674495612, 0.594205984008509, 0.5896952811657027, 0.5926911072673533, 0.5926066832997242, 0.5905493499384818, 0.5883485095416814, 0.5974774623328131, 0.5854793664030602, 0.5877163273987848, 0.5876376155949423, 0.5886065320931168, 0.5852000574790791, 0.5867566206653221, 0.5905975854119103, 0.586278971587532, 0.5857557980104667, 0.5873351404121337, 0.5892508756826371, 0.5840976247337798, 0.5839341826189404, 0.5826556854764482, 0.583274889692119, 0.5844532730753801, 0.5837376843094663, 0.5832855201794904, 0.5832253622213619], "medianabsoluteerror": [0.5679655504226685, 0.6189670777320861, 0.7242445468902587, 0.6035661768913269, 0.6572320866584778, 0.6082226395606994, 0.6693458366394043, 0.6823059916496277, 0.6931587171554565, 0.6005846095085144, 0.6182453155517578, 0.5803434824943542, 0.5948615097999572, 0.6531769275665283, 0.5629722595214844, 0.5963198733329773, 0.555725884437561, 0.6548308825492859, 0.5573972773551941, 0.5771364569664001, 0.5511298632621765, 0.5923131251335145, 0.6412692356109619, 0.5883173644542694, 0.5722906708717346, 0.5500733876228333, 0.5656946396827697, 0.5723195600509643, 0.5305692195892334, 0.5413546776771545, 0.5380148649215698, 0.5331603813171386, 0.5146741986274719, 0.5230314779281616, 0.5002126407623291, 0.5269724965095521, 0.5237153434753418, 0.507174756526947, 0.4965763247013092, 0.49329361081123346, 0.5271862411499024, 0.4978733086585998, 0.5058204078674317, 0.4855094504356383, 0.4891059160232544, 0.49162177562713627, 0.4897598516941071, 0.4893919682502747, 0.488911006450653, 0.4813843190670013, 0.48666072845458985, 0.48976689815521235, 0.4851312255859376, 0.47878531932830815, 0.495393431186676, 0.4762909305095673, 0.4808589339256286, 0.48021950364112853, 0.4830065536499024, 0.47872137784957886, 0.479635763168335, 0.48507086515426634, 0.48154559016227716, 0.4784427738189697, 0.48217225193977353, 0.4777514600753784, 0.4777985405921935, 0.4730261445045471, 0.47152298927307124, 0.4735491514205933, 0.4739135253429413, 0.4743960726261139, 0.4741585946083069, 0.47445143699646], "mape": [0.9325161618094678, 1.0751204801883067, 1.2936550988792428, 1.0401368605143093, 1.1624800518094567, 1.0530734307192877, 1.187385303672857, 1.2094906371975473, 1.2326865802094533, 1.0374764919535824, 1.083751959074701, 0.991396329370968, 1.0289568115160075, 1.15826263547212, 0.9439903189498776, 1.0345856487124696, 0.929405802536492, 1.175178451808144, 0.9391871207899317, 0.9887266414098322, 0.9284348029382955, 1.0295224533487575, 1.148584912963537, 1.0233537760457019, 0.9913773200880728, 0.9169664877639966, 0.9777015776844715, 0.9944029529257, 0.881160297466745, 0.9134904579736111, 0.9108655695856027, 0.890416487026683, 0.8715652770459817, 0.8772273581161181, 0.8048300000120122, 0.9132277349176189, 0.9059553411229241, 0.8664329029256426, 0.8377985831524198, 0.8186872500915852, 0.9037437762250061, 0.8144408625651981, 0.8529220442011038, 0.7788483832406694, 0.8177720694463968, 0.8363783437092588, 0.8269528287566434, 0.8311753431907548, 0.8361704979785333, 0.8065856298855985, 0.8303136474261743, 0.827404323683944, 0.8199644840985016, 0.8059060793976409, 0.8545259208091645, 0.7941310031565905, 0.8176397253388211, 0.8135032648532439, 0.82502817104059, 0.8053223874954749, 0.816755160535635, 0.8335528943267227, 0.8150898227764614, 0.8174272974222111, 0.8196544800982908, 0.8168395687362893, 0.808713715442938, 0.7959833710007093, 0.7950092678485552, 0.8053654388581749, 0.809754624625009, 0.8074335422409881, 0.8056487482361196, 0.8065745174456082], "mse": [0.9816832268162597, 0.9544721306318527, 0.9758163292173284, 0.9664234368712368, 0.9469022373422394, 0.9633005174309891, 0.9483029593632895, 0.955050906537756, 0.9534728285827182, 0.9565890020629401, 0.9249785356862676, 0.9354099859573998, 0.8893296555177507, 0.8671795675901599, 0.8937287550387787, 0.8286074936214215, 0.8537917550388763, 0.8459653213517242, 0.8113237805590762, 0.7978590357388219, 0.8124491859681476, 0.7843931373547962, 0.8215096885177873, 0.7678307912154362, 0.7565003940931211, 0.7522284841437685, 0.7233532254770272, 0.7162682885589423, 0.7033964211388812, 0.6917886609149609, 0.656493048286668, 0.700511191431187, 0.6261609904015458, 0.6423188349607427, 0.6557410484932292, 0.623359538937971, 0.6211106919391711, 0.6111861666890055, 0.6045376487531042, 0.6012574228703556, 0.6294426151324156, 0.6416101548537213, 0.607593044303644, 0.6143064651156013, 0.5868761249929982, 0.5823812151558984, 0.5823244631972141, 0.5804332857320245, 0.5790699613645525, 0.5769144036816205, 0.578132751689796, 0.5772834033872197, 0.5760152623383548, 0.5756643605958158, 0.5802351240040892, 0.5714158689707146, 0.5698167872087959, 0.5719520057836956, 0.5696220589592589, 0.5689685921175955, 0.5692519951724822, 0.5726160332453657, 0.5675876989942643, 0.5676597285889806, 0.5684632897856907, 0.5760516245081713, 0.5659431599201364, 0.5694366725670322, 0.5676147841804124, 0.5663460645048174, 0.5686284769453923, 0.5673792913385175, 0.5669630120772065, 0.5659483553645639], "recauc": [0.8280654260947654, 0.8245344138900083, 0.813191260270575, 0.8253599105598155, 0.8213134510380993, 0.8250994953358088, 0.8201914867361816, 0.8186030185461403, 0.8177137455195005, 0.8262390679650446, 0.8263912626451875, 0.8294684736391927, 0.8309179483064015, 0.8266257982639322, 0.8339538261709312, 0.8346418086047748, 0.8371595700394145, 0.8270683799608884, 0.839635845537702, 0.8383204626200865, 0.8401891615001047, 0.837670772038893, 0.8294910073230521, 0.8385333429522194, 0.8413580442974459, 0.8438624359380107, 0.8441245426986073, 0.843523620125247, 0.8492110432988437, 0.8491771951218612, 0.8514727369135814, 0.8494747178644575, 0.8561552190390178, 0.8542616917875162, 0.8554898730217755, 0.8546632756901728, 0.8550617482122148, 0.8575885604660114, 0.8594869762453355, 0.8598355410076172, 0.854734337672135, 0.8570351453245153, 0.8582874057565849, 0.8598554220545516, 0.8613999603673883, 0.8613948702507892, 0.861771425485422, 0.861959306870953, 0.8618008345095619, 0.8628492250462885, 0.8621529538893186, 0.8621734225804579, 0.8626506756085659, 0.8631636524938398, 0.8610389765734807, 0.8638296197534163, 0.8633097949878716, 0.8633275632293632, 0.8631020299709348, 0.863894505817695, 0.8635327951411811, 0.862639092976526, 0.8636450985038808, 0.8637649908440509, 0.8633984184536062, 0.8629523596733196, 0.8641510036290412, 0.8641887524196195, 0.8644864512293359, 0.8643421986300811, 0.864068542512515, 0.8642346368033881, 0.8643395237020892, 0.8643537999995392], "f1": [], "aucrecauc": 0.9823354528464073, "aucloss": 0.699023488572471, "convergence_rate": 0.7022633617589971}