{"bestEpoch": 85, "lastEpoch": 95, "mae": [3.1758007980114646, 2.0327344278306665, 1.7608897049484329, 1.6179264515826388, 1.5142687275864732, 1.4466536739405693, 1.3966678893646136, 1.3526205047463589, 1.3161422666141775, 1.2816548801260335, 1.2535677874799735, 1.2311701961062065, 1.2086304912825248, 1.1897814049741975, 1.1727500110350255, 1.1568193136707074, 1.1428473179320304, 1.1297044586972347, 1.1166189086298226, 1.1045635754629748, 1.0943014782272567, 1.0837196982280772, 1.0748130836993899, 1.0659140233982871, 1.0579259434160742, 1.049469477523363, 1.0413957031263652, 1.035168647091767, 1.0284016996385696, 1.02135379243273, 1.0158800522666056, 1.010808357593309, 1.0057609631455169, 0.9997425736249062, 0.9953366272875775, 0.9908741158656967, 0.9868179339085684, 0.9812340504959336, 0.9775122006796012, 0.973603665717219, 0.9689364960996698, 0.9653081919821539, 0.9627451662037313, 0.9588193730404996, 0.9560947886600705, 0.9526213628918987, 0.9499728855040721, 0.9480298152643772, 0.9457254557755894, 0.9423319257220282, 0.9397070307690093, 0.9381654023117433, 0.9371167001890813, 0.9350818080180926, 0.9323645803376311, 0.9301587246884181, 0.9287734590110015, 0.9274136790165203, 0.9259476646475904, 0.9239671094153009, 0.9230961198879213, 0.9217224698880659, 0.9209101552838018, 0.9193884774696244, 0.9184586126477065, 0.9176024168081844, 0.9168282483139472, 0.9159410464397608, 0.9162430413787901, 0.9145045366660379, 0.9141071419853041, 0.9134553573972645, 0.9129613349906034, 0.9127453484423927, 0.9127823179661273, 0.9115868159063988, 0.9126694580071374, 0.9116297715452979, 0.9123961736043021, 0.9120729874245065, 0.9112644161362392, 0.9113267898739907, 0.9113255670397743, 0.9112109347134814, 0.9111635459199072, 0.9112387158562198, 0.9113590367798967, 0.9113483528621276, 0.9115408449656268, 0.9115188900140673, 0.911471089011808, 0.9114596780548789, 0.9114520427542363, 0.9114559157943516, 0.9114473750604825], "medianabsoluteerror": [2.852377182245254, 1.5912011528015135, 1.3449648022651672, 1.2459224826097488, 1.1733067601919174, 1.1273301219940186, 1.0898327469825746, 1.0577630698680878, 1.0312585592269898, 1.0091182172298432, 0.9890167236328125, 0.973582518696785, 0.9573071837425231, 0.9420561552047729, 0.9294333374500274, 0.9174802303314209, 0.9059333109855652, 0.8964700460433959, 0.8859027385711671, 0.8772723197937011, 0.8679254794120789, 0.8604767394065858, 0.8539811730384826, 0.8485641002655029, 0.8408834898471833, 0.8356897830963136, 0.8300186705589295, 0.8248512864112854, 0.8195703983306886, 0.8150695562362671, 0.8107829213142397, 0.8070153045654296, 0.8013535344600679, 0.7972420930862427, 0.7944736003875732, 0.7893229246139526, 0.7877437353134155, 0.7818749952316284, 0.7791348457336427, 0.7758480191230772, 0.771987795829773, 0.7695657253265381, 0.7677436470985413, 0.7640889000892641, 0.7620076084136963, 0.7594140100479128, 0.7576672077178954, 0.7561750292778016, 0.7545361042022705, 0.7509852170944216, 0.7495357751846312, 0.7482951307296752, 0.7477477908134462, 0.7465171337127685, 0.7438173174858094, 0.7427004814147949, 0.7408312916755676, 0.7397951316833496, 0.7387587070465088, 0.7376915454864502, 0.7364416599273682, 0.7355421948432921, 0.7341253995895385, 0.733110523223877, 0.7326804161071778, 0.732062339782715, 0.7309806489944458, 0.7300542497634888, 0.730174970626831, 0.7288514256477356, 0.7281228065490724, 0.727547287940979, 0.7260665178298951, 0.7256349802017211, 0.7260570287704466, 0.725714860856533, 0.7263521909713745, 0.7253241896629333, 0.7263670921325683, 0.7253566980361938, 0.7248039722442627, 0.7249826431274414, 0.7248755455017091, 0.7244758248329164, 0.7241837012767791, 0.724707112312317, 0.7246783733367919, 0.7248685622215272, 0.724212646484375, 0.724838638305664, 0.7248703002929688, 0.7247902655601501, 0.7247108721733093, 0.7248389840126037, 0.724628472328186], "mape": [1.5763011608559299, 1.039596519859081, 0.9146463001408773, 0.8433909677636007, 0.7962264671499039, 0.7636520320125897, 0.7328101644618314, 0.7134703806236848, 0.6931896876456508, 0.6773834784605852, 0.6634508287589902, 0.6489491333286501, 0.6367686981731827, 0.6295480774416343, 0.6204005229054712, 0.6114216520667456, 0.6030664087685694, 0.5950666920615942, 0.5894171369794172, 0.5842213960191798, 0.5810218032128873, 0.5740033599597729, 0.5677403248234234, 0.5668087033579834, 0.5574175561951334, 0.5572788602986644, 0.5528589633952282, 0.5478448527606875, 0.5438896338493978, 0.5424963624972557, 0.5387294112898163, 0.5374493588189178, 0.5334146868389091, 0.5302254877182705, 0.5299002707196142, 0.5231501321032428, 0.5272141624780164, 0.5196765075739458, 0.5196974515148342, 0.5142342406678526, 0.5141862909496331, 0.5107723657250662, 0.508608908893562, 0.5096901130398793, 0.5061137437519104, 0.5041305250952732, 0.5022789449670139, 0.5051545435087794, 0.5044996725914355, 0.5008240595869764, 0.49898049464273525, 0.49793445897566474, 0.5001052774568849, 0.4987066568290472, 0.4949815942417325, 0.49462119957113787, 0.4915688059428292, 0.4901056575990148, 0.4919002951112425, 0.4891710971431998, 0.48927978248456805, 0.4884016520293437, 0.48899694633617247, 0.48689104927032567, 0.4883536511082923, 0.4863044639405905, 0.48880953564460644, 0.4856742959141143, 0.4861298218647033, 0.48532977997142535, 0.48312169739387634, 0.4851179084231273, 0.4852657324644916, 0.48472378793897275, 0.48470019580507223, 0.48248431970760486, 0.48619925864992347, 0.4837009783801739, 0.487271608429389, 0.48619147870201035, 0.4824907142665933, 0.48317635829420597, 0.4831327257554712, 0.4824178037165506, 0.4824007213408428, 0.48294803457569296, 0.4821985506293083, 0.48202460071982517, 0.48368889752066224, 0.4834407768104998, 0.4832881417981605, 0.48319957570508193, 0.48319119780181397, 0.48320787730432624, 0.48313546126996865], "mse": [14.987230050268067, 7.44892843201524, 5.679357496886797, 4.72310133022154, 4.103387308716903, 3.719036481046185, 3.4410950050492155, 3.2174063312358028, 3.036953906237933, 2.869651429638644, 2.7396527695128565, 2.6371070584154164, 2.5383961188131456, 2.4569461940327533, 2.384345099926538, 2.3170430372365467, 2.2578032444338754, 2.2062164860657485, 2.152146057231555, 2.1059477923806, 2.06677162765193, 2.0257419246725052, 1.9915117336077834, 1.9556546530969874, 1.9273443085216444, 1.896562996250154, 1.8654915474623017, 1.8436756820513063, 1.8197022859959744, 1.7937436891473577, 1.775347523481119, 1.7557919117151384, 1.7406787041898095, 1.7181929847020116, 1.7026896155268918, 1.6877060410450972, 1.674337325977072, 1.6549682524720748, 1.6429188729118076, 1.6291097397241336, 1.6132569822420255, 1.6004835140296063, 1.5927225940931082, 1.579544040946198, 1.5709634089146958, 1.5591551360563258, 1.5509940561894993, 1.544654845970585, 1.5370045475277567, 1.5269976862154997, 1.5178630814016614, 1.5130671808468406, 1.509251489816435, 1.5037403324229992, 1.4942087920919545, 1.4872549829423478, 1.4835734236578675, 1.4790903600699337, 1.4748562432189023, 1.4681725455948833, 1.4661075350183193, 1.4616506911926037, 1.4591019062799955, 1.454191204842433, 1.4515609652665937, 1.4494101214010395, 1.4459717999676265, 1.4441821203477525, 1.4450240709512283, 1.4392982688688936, 1.4382370570740612, 1.4356229909478029, 1.4345435430686486, 1.4340660165272707, 1.4339697848851392, 1.429923226695398, 1.4341012152200356, 1.4301910239802837, 1.4328286829714376, 1.4321909937048993, 1.4294009744092502, 1.4296413308262166, 1.4295595180976814, 1.4290176512838044, 1.4288452712135962, 1.4291070310554925, 1.4294623698475606, 1.4294961899662992, 1.4302607588512741, 1.4301995656094837, 1.429989318127348, 1.4299502893638198, 1.4299158943477484, 1.4299251545028495, 1.4298868209594435],