{"bestEpoch": 76, "lastEpoch": 86, "mae": [1.3759187499231953, 1.1154080136224163, 1.0930332535941127, 1.0796223984033104, 1.0873033529370666, 1.0862049260091995, 1.0735432815191635, 1.0740299095536194, 1.0878889173565964, 1.1021427339779892, 1.103039217453579, 1.1173871466272933, 1.1372605011793007, 1.1319278327385625, 1.1225980609870228, 1.1379248575373608, 1.1447195197313953, 1.1862222670362939, 1.1521087555471172, 1.1605461282988738, 1.2003663331014447, 1.220502675786855, 1.370370508140606, 1.2026950779789467, 1.1631404395124734, 1.1622660428520908, 1.1812474985446793, 1.1759168552525707, 1.171180326178276, 1.178777257806036, 1.1644645772600681, 1.1833462478612815, 1.164758148612413, 1.1711839783285805, 1.1644907150733441, 1.1726488019443646, 1.163584640825732, 1.1665724309252743, 1.173755424684812, 1.1761362758895764, 1.1917376184316177, 1.1676301943899796, 1.1671697513941757, 1.173047654537904, 1.167376574641685, 1.1802993292993507, 1.185624773216706, 1.1705791634298706, 1.1735781547010784, 1.1677615334805123, 1.1728134681545825, 1.1771059321080375, 1.1694551182906323, 1.1700286090148915, 1.1752403925016006, 1.1853013335737705, 1.1785642619481662, 1.1911502489305386, 1.1729993185062324, 1.179902592189853, 1.1742373477786503, 1.1823186754893897, 1.1795465933920548, 1.180950894128241, 1.184300302927166, 1.1830661959800366, 1.1798050587749382, 1.1799689963884548, 1.1852874020878654, 1.183852829803849, 1.1837202005684273, 1.1819495589226494, 1.1812244991318204, 1.1807348211729114, 1.1808931766978825, 1.180781135352829, 1.1809916858037968, 1.1811282245146217, 1.1809578124412015, 1.1809153190151833, 1.180761923627922, 1.181028646412806, 1.1809064233749134, 1.1809165417186345, 1.1809043358823421, 1.1808512782133858], "medianabsoluteerror": [1.1794712543487549, 0.9648518562316895, 0.9767117500305176, 0.9578919410705566, 0.9518718719482422, 0.9619898796081543, 0.9624924659729004, 0.9558582305908203, 0.9481573104858398, 0.980168342590332, 0.9895744323730469, 1.0007987022399902, 1.0107450485229492, 0.9891533851623535, 1.0104622840881348, 1.0070557594299316, 0.9921774864196777, 1.0497736930847168, 1.01629638671875, 1.0039348602294922, 1.0227742195129395, 1.0542407035827637, 1.0336709022521973, 1.0365180969238281, 1.0254631042480469, 1.0250983238220215, 1.0536575317382812, 1.039008617401123, 1.0326132774353027, 1.0473389625549316, 1.0215773582458496, 1.0528373718261719, 1.0236387252807617, 1.0292015075683594, 1.0222482681274414, 1.032045841217041, 1.0314197540283203, 1.0223078727722168, 1.0337328910827637, 1.0331485271453857, 1.058229923248291, 1.027292251586914, 1.0310568809509277, 1.033689022064209, 1.025092601776123, 1.0413103103637695, 1.0460944175720215, 1.027397632598877, 1.0316393375396729, 1.0231552124023438, 1.0244169235229492, 1.0383126735687256, 1.0295190811157227, 1.027583122253418, 1.0331544876098633, 1.0419387817382812, 1.032524585723877, 1.0478200912475586, 1.0304250717163086, 1.0350279808044434, 1.0305027961730957, 1.0381441116333008, 1.0391888618469238, 1.036797046661377, 1.0405244827270508, 1.0372123718261719, 1.037705421447754, 1.03633451461792, 1.0385775566101074, 1.0404572486877441, 1.037463665008545, 1.035550594329834, 1.0369091033935547, 1.0360050201416016, 1.0370121002197266, 1.0371851921081543, 1.0373058319091797, 1.0377748012542725, 1.036534309387207, 1.0369281768798828, 1.0378773212432861, 1.0370683670043945, 1.0369963645935059, 1.0368866920471191, 1.0369243621826172, 1.0372798442840576], "mape": [0.25041392809897656, 0.21793417408608615, 0.2314415040847026, 0.22163500107689038, 0.22002680117899542, 0.22985631692184402, 0.22293731055509272, 0.22005731169620968, 0.2138649178945202, 0.22772706925349326, 0.2273522370327314, 0.2342437623837491, 0.23991781486648642, 0.22695672724875088, 0.23019406113040897, 0.22942248275032925, 0.22449638969135272, 0.2496084110019287, 0.2325046527769477, 0.22702306055500385, 0.23963923018484232, 0.25466953907351797, 0.27143227907481215, 0.24706125591997372, 0.23807530628248108, 0.2381412959312328, 0.2473300706405138, 0.24524351561121505, 0.24320490198495853, 0.24659039384945458, 0.23958485753437636, 0.24795082437228952, 0.23863870881097135, 0.24265646848389635, 0.23907565541769873, 0.2429363713916138, 0.23773153024574653, 0.23959717219891802, 0.24327512880410826, 0.24436357261731453, 0.25036408807964894, 0.23915061179663788, 0.23841966048766405, 0.24201188237136162, 0.23880666549607085, 0.24600057668369746, 0.2475065721132117, 0.24049835930782199, 0.2418506385796082, 0.23839850247273472, 0.24059517096709826, 0.24321989451807569, 0.23875874160967503, 0.23875976002996643, 0.24201676699790237, 0.24641783869248426, 0.24320227737292638, 0.24864994845180222, 0.23880986679803107, 0.24422245615762514, 0.2374119544751243, 0.24390033231397773, 0.2426853698716024, 0.2435034683440363, 0.24518433642292078, 0.24459359739874031, 0.24277670392846856, 0.24305209769859812, 0.2456918502557922, 0.24507043373573034, 0.24484165385965875, 0.24398538137755574, 0.24363248747576138, 0.2433698542680989, 0.24347827443083672, 0.24343353077283983, 0.2435547403313369, 0.24360595741457514, 0.24352479210532685, 0.24349594777760486, 0.24342032976670147, 0.24355178537523248, 0.24349133691998412, 0.24349567352531276, 0.24349115228076024, 0.24346476618390808], "mse": [2.9943730964358597, 1.9425058525151557, 1.7810712637304718, 1.9651156028514143, 2.2810356957514584, 1.754686368299057, 1.7215425658593648, 1.731051234947192, 1.812043214547067, 1.8804772393050626, 1.8277571315545196, 1.8722369534461134, 1.9384832421402163, 2.093552365428088, 1.8970075950363776, 1.978874498444597, 2.004722030821001, 2.1838552932155, 2.007747729125668, 2.0462727197067774, 3.0993188048210305, 2.9914114585183964, 23.3525421316224, 2.746509402423293, 2.042589088536253, 2.0392862316231675, 2.1028993490818237, 2.0841716798125445, 2.0688297476679387, 2.093651439714829, 2.047200813423991, 2.1104487605765274, 2.050156677323993, 2.0710342363494902, 2.048318821999995, 2.0770995003454487, 2.0460602801036294, 2.0563816078441004, 2.0813059582570332, 2.0901127829432617, 2.1439974310975454, 2.0618157290026327, 2.060824363914724, 2.0806336706865545, 2.0619161881781, 2.1050760430977378, 2.124967316389951, 2.0742012544474924, 2.085276329011919, 2.0670641915511783, 2.0842167802631053, 2.0980602107370583, 2.074125787021273, 2.0778546155314688, 2.0947685040085036, 2.125312596621702, 2.1048050587354923, 2.147504423321652, 2.09077519274057, 2.1103811903500973, 2.0968963025326692, 2.1196675946267054, 2.110978178115331, 2.115238036095384, 2.125873788803051, 2.1221065010816784, 2.112051144392962, 2.1124444450488906, 2.129082803914265, 2.1244535459633465, 2.124465464552658, 2.1187438025523035, 2.116469933275773, 2.1150013201372038, 2.1153891210255997, 2.1150085970877655, 2.115640691024022, 2.116199988078779, 2.1156672183574616, 2.11553314392231, 2.115075513608289, 2.115896670047383, 2.1155274663541133, 2.1155512400653733, 2.115511216075303, 2.1153551827627317],