{"bestEpoch": 58, "lastEpoch": 68, "mae": [1.809224530062109, 1.8739719689199288, 3.247430888435254, 1.6131095920964038, 2.522341691829722, 2.084849810798758, 1.5256598364066882, 1.4631324820693645, 1.400832733797364, 1.3835245772321487, 1.4880868923590431, 2.6919098088228126, 1.266877642313803, 1.2710305591281075, 1.248133291545047, 1.5075929468690101, 1.2185957435885533, 1.2103157419029724, 1.2362523431676464, 1.2386038054664479, 1.2343693842009666, 1.1888926644587983, 1.2321609645376, 1.2476611115291607, 1.2307082368383857, 1.244892516006852, 1.227192810790628, 1.224444850056678, 1.242565475621667, 1.2482672710006195, 1.2601486530821224, 1.3099174207320052, 1.294696565595968, 1.2432824454682412, 1.222432025633765, 1.1839637255447655, 1.2718350354478485, 1.2465497971072133, 1.2484637862458248, 1.2573385619847095, 1.254906577422289, 1.2579543864219573, 1.2538774042983993, 1.2507376877090344, 1.2291348188389137, 1.2580950163583595, 1.2846681979608585, 1.2392181464580585, 1.2502597900669556, 1.2352883454822732, 1.276268473123301, 1.2392224496146718, 1.2665976622732407, 1.2924840268587845, 1.259024821234617, 1.2760876871816818, 1.2606650258190968, 1.2667089883625569, 1.2453544570374153, 1.26507123417761, 1.2582833116258332, 1.2682682813093746, 1.263746843606469, 1.264715333268113, 1.2620867591848743, 1.2620458237051841, 1.2631533158999966, 1.264936629251807], "medianabsoluteerror": [1.1164684295654297, 1.1947238445281982, 2.5580735206604004, 1.081082820892334, 1.9331202507019043, 1.6405715942382812, 1.1074934005737305, 1.074875831604004, 1.0460257530212402, 1.077308177947998, 1.1708436012268066, 2.531993865966797, 1.0440053939819336, 1.0727548599243164, 1.0591754913330078, 1.2636208534240723, 1.0565614700317383, 1.0326299667358398, 1.0484561920166016, 1.0487065315246582, 1.0549931526184082, 1.0244479179382324, 1.058119297027588, 1.080223560333252, 1.0656890869140625, 1.0813102722167969, 1.072021484375, 1.0586609840393066, 1.0956106185913086, 1.0971884727478027, 1.112513542175293, 1.152747631072998, 1.130568027496338, 1.088505744934082, 1.0842230319976807, 1.0354413986206055, 1.1037497520446777, 1.0962443351745605, 1.07781982421875, 1.0957660675048828, 1.0992474555969238, 1.109133243560791, 1.1050329208374023, 1.0924134254455566, 1.0627140998840332, 1.086876392364502, 1.1316533088684082, 1.0780000686645508, 1.0948090553283691, 1.0712299346923828, 1.1135282516479492, 1.0724799633026123, 1.099459171295166, 1.1338238716125488, 1.0935325622558594, 1.102860927581787, 1.1169853210449219, 1.1006550788879395, 1.0854082107543945, 1.099472999572754, 1.0912761688232422, 1.1123237609863281, 1.1008849143981934, 1.103226661682129, 1.0930476188659668, 1.0930962562561035, 1.0970048904418945, 1.1042094230651855], "mape": [0.37426039625050456, 0.38004290672837704, 0.7083387540847816, 0.3321421970855144, 0.5535208297958617, 0.39022154134315606, 0.31611539000496286, 0.29065785975601405, 0.29477571563183813, 0.29694593491056864, 0.28146246204684483, 0.5952120015219937, 0.2515609284606925, 0.2562542242437631, 0.24728082884469377, 0.281717487630957, 0.24545084122047356, 0.24743758397301288, 0.2531529119206386, 0.24773985053656322, 0.2492599332445231, 0.2390382957866808, 0.24759433835468256, 0.2527425527596304, 0.24848202663496588, 0.25301658134340377, 0.2530617408333548, 0.24640896723534314, 0.25364487584315787, 0.25590707329838464, 0.2593494139849815, 0.27036030516557547, 0.2666197533063164, 0.2547025140422526, 0.24633442266733688, 0.24885872295235156, 0.25631677235623584, 0.25294830219864045, 0.25061438623182053, 0.2544643322711533, 0.2543043051739592, 0.2569923096847123, 0.2547377725114042, 0.2528593194884284, 0.2476655590459636, 0.2529807066924387, 0.2638886674634746, 0.24869819199253515, 0.25370554456933997, 0.2481206130681541, 0.2575702158837656, 0.25111563186885716, 0.25732229062731315, 0.26586704979588, 0.253612707438761, 0.2594758419690192, 0.25866479746002585, 0.2561813478956546, 0.25040205475545646, 0.25537624298786354, 0.2542361426171111, 0.25754963221664784, 0.25612606412015504, 0.25627989694626313, 0.25488785993820534, 0.2551413367127015, 0.255541689312798, 0.2562314133272994], "mse": [154.10855178340032, 122.17311961518695, 103.22956906887246, 72.31461655885653, 59.79836875640112, 46.11485472017753, 42.17573222266139, 30.329967372983873, 21.291690531096826, 15.023719550349584, 11.34515257069372, 14.314693439884275, 4.98456335084179, 3.7125700416648613, 2.995155414279597, 3.755398939543379, 2.3515678639718205, 2.261687428928842, 2.3483331375086656, 2.373815586037127, 2.3488169906220104, 2.1767213824087266, 2.3432560413189756, 2.3927393498656464, 2.32672193423975, 2.3762590725910635, 2.2967432191262143, 2.2981732743930863, 2.350853727841187, 2.363471053885614, 2.4099794289190575, 2.5991585578817027, 2.5539092186985988, 2.3512130680258436, 2.285368112089238, 2.3092274825711105, 2.520557754530311, 2.376920799771238, 2.407694242134935, 2.420372331574947, 2.4068793136112423, 2.413093001169634, 2.3942035274722753, 2.3960135790645163, 2.3115934424597793, 2.4193892543862083, 2.504898082901733, 2.353320601978017, 2.3792106743714396, 2.334187614760934, 2.490942798105149, 2.3438063902171993, 2.4469399758758406, 2.538799621644208, 2.4231062162523105, 2.48671019787107, 2.41507265655232, 2.4503336396752182, 2.3727091589808795, 2.445745836431492, 2.4179846339091395, 2.4533448791228043, 2.4360999974203765, 2.4401984669804992, 2.432465876367956, 2.431266890817884, 2.4351618713325784, 2.4411392383300132], "recauc": [0.7014990376483581, 0.675157766377393, 0.4128955463345854, 0.7064611885150066, 0.5151824313910965, 0.5826075398477025, 0.7049125097885689, 0.7094458673467758, 0.7142782249388687, 0.7102179665271712, 0.6806243102854742, 0.42195951486669436, 0.7187806490913424, 0.7132093229920314, 0.7154439783147556, 0.6542028387528076, 0.7182724966626426, 0.7192993587034641, 0.7130013207293954, 0.7123675464010527, 0.7132056666016756, 0.7236823407709807, 0.7135906347243032, 0.7099567491936287, 0.7137958217380268, 0.7105291373627579, 0.7146078837200576, 0.7152453144387559, 0.7110270587649222, 0.7097193413127787, 0.7069469906139259, 0.6954212242370821, 0.6989500014196408, 0.7108647871309616, 0.715707907900299, 0.7278963049068381, 0.7051396523105795, 0.710117424375462, 0.7101312602938976, 0.7076834700291176, 0.708161221202793, 0.7075559941850691, 0.7083774975506476, 0.7091900745172355, 0.7141432474864375, 0.7074253254367661, 0.7012401034130189, 0.7118009260589636, 0.7092314792756309, 0.7127322241321282, 0.7032177814417213, 0.7118014067112169, 0.7054411071041881, 0.699447939987957, 0.7072141302698756, 0.7032494014935307, 0.7068172831701296, 0.705425348576739, 0.7103911729998953, 0.7058072267920236, 0.7073845901582949, 0.7050673656449064, 0.7061125954682663, 0.705887598715244, 0.7065019066273259, 0.7065101463802405, 0.7062530317570034, 0.705837593714744], "f1": [], "aucrecauc": 0.9538548213522439, "aucloss": 11.254493386910859, "convergence_rate": 0.9090975593177202}