{"bestEpoch": 37, "lastEpoch": 47, "mae": [0.8326299888699281, 0.7613825891558579, 0.7195988888485358, 0.7263423598425426, 0.7130863275524318, 0.7042292512335618, 0.678031880318709, 0.6571166517869443, 0.6440863760611166, 0.6283991550794428, 0.5740782123607538, 0.5694585597784477, 0.5591369086894876, 0.6096994480400691, 0.5629303676319524, 0.5599723961254082, 0.5551148778848333, 0.5533876492866571, 0.5526202035897941, 0.5618942659720033, 0.5461017600347898, 0.5431111898128759, 0.552157935565972, 0.5516444270815524, 0.5533321686958678, 0.5494045006980764, 0.5375493183509921, 0.5431005012807528, 0.5352567829569485, 0.5348570899588146, 0.534723832484467, 0.5335404399647063, 0.544774678725635, 0.5392077479315176, 0.5360251232990356, 0.5336218217051849, 0.5331604885460672, 0.5371936135655564, 0.5344043691158191, 0.534914261806302, 0.5354543821254784, 0.5355512013813889, 0.5353079157233095, 0.535916766053386, 0.5358247435322808, 0.5358984098227225, 0.5358599348416996], "medianabsoluteerror": [0.6057435512542724, 0.5617535829544067, 0.5695862936973571, 0.5966504335403442, 0.5895696175098419, 0.510934476852417, 0.5352516412734984, 0.5460471725463868, 0.5435550355911255, 0.5242808032035828, 0.45203255176544194, 0.4521890878677368, 0.43728335022926335, 0.5096407127380371, 0.45319753408431995, 0.4226337838172912, 0.44845253229141235, 0.4458218431472778, 0.4355586767196656, 0.45419820547103884, 0.4299602389335633, 0.4251834201812744, 0.43520304679870603, 0.4373648428916931, 0.44179366350173943, 0.4157401728630066, 0.41938472270965577, 0.4237421894073486, 0.41849714517593384, 0.40984739303588863, 0.4140085113048553, 0.40884900569915783, 0.4320507049560547, 0.42460060238838193, 0.4198863315582275, 0.4156493425369262, 0.41573029398918143, 0.4213802671432495, 0.4160504937171936, 0.4180556786060333, 0.41751584768295286, 0.4187147617340088, 0.41816529631614696, 0.41951462984085086, 0.41943826198577877, 0.4195648550987243, 0.41962842464447025], "mape": [0.8073950959231354, 0.8323578875778065, 0.9370981797966067, 1.005148513340817, 1.0066618576607966, 0.7348900056399627, 0.8547784651498108, 0.9585177482756004, 0.9690878660853504, 0.9415052447690325, 0.7660464549577838, 0.7708699302245068, 0.7288816292568023, 0.9323500468182269, 0.7995443223702488, 0.660634909421983, 0.7991282025347114, 0.7912261664250021, 0.7741667590762211, 0.8159884473480805, 0.7317829569917519, 0.7449552886630028, 0.7930083308623538, 0.7876478284066755, 0.8003800922030141, 0.6453400474208812, 0.7091286231085511, 0.7357965104886801, 0.7254757713584505, 0.6626798674730289, 0.6923409139404233, 0.6783654086860016, 0.7750154843203781, 0.7512728603005112, 0.7369697210785449, 0.7199352226305249, 0.7152944717274111, 0.7425350740832264, 0.7217226840758643, 0.727471793192793, 0.7252728135647187, 0.728964873022769, 0.7266116161193847, 0.7310201769427745, 0.730230027737518, 0.7309583336845104, 0.7306800768364126], "mse": [1.2783432283311644, 1.0704462165912103, 0.9020605186842897, 0.8795719728913325, 0.8402491516213035, 0.9306954762337379, 0.7993213884137523, 0.7054632544458073, 0.6654936421675187, 0.6401952456347064, 0.5784883493004669, 0.5601895938605538, 0.5492751363546532, 0.5987830646363516, 0.5359841553671154, 0.5697394652561578, 0.5179126083778978, 0.5174393055295783, 0.5263950519878415, 0.5282515555262114, 0.5166241827038043, 0.5152238580050159, 0.5247222646428793, 0.5196351025723254, 0.5205984913163486, 0.5446455582537999, 0.5057419352827095, 0.5147002532782595, 0.4998944285596845, 0.511726506518119, 0.5055909025712084, 0.5073700758721803, 0.5069364141518686, 0.5018073669431288, 0.4989682399972652, 0.4973982690348595, 0.4972381685069151, 0.5000379191405492, 0.4987587771362326, 0.4982543327885067, 0.49985342588637266, 0.49891452756180293, 0.4989666435668327, 0.4992190339962942, 0.4991342399817467, 0.4992040709437691, 0.49917950500593217], "recauc": [0.8064204095263842, 0.8229666476396583, 0.8326615225837185, 0.831088593528509, 0.834166418334493, 0.8362425123289661, 0.8423221784791377, 0.8471724884296992, 0.8502002507306925, 0.8538480264498223, 0.8664842040778962, 0.8675571270641206, 0.8699593051186815, 0.8581961584061705, 0.8690748938059726, 0.8697656112567699, 0.8708921972398292, 0.8712943248506754, 0.8714728779094234, 0.86931623724568, 0.87298928877292, 0.8736856028967284, 0.8715818660413197, 0.8717014265999623, 0.8713091581017314, 0.8722225190487728, 0.874978858538626, 0.8736882199971705, 0.8755128210093371, 0.8756058067398874, 0.875637212591312, 0.8759121761283929, 0.8732995309919529, 0.8745943273019173, 0.8753343429002625, 0.8758933266086419, 0.8760006674630225, 0.8750627130083443, 0.8757114159983699, 0.8755927079922599, 0.8754672939287519, 0.8754445744860041, 0.8755012060714037, 0.8753595595885871, 0.8753811030968072, 0.8753638620874996, 0.8753728786624092], "f1": [], "aucrecauc": 0.988047932083412, "aucloss": 0.5866495980165547, "convergence_rate": 0.8496279815709924}