{"bestEpoch": 73, "lastEpoch": 83, "mae": [1728.7087739844221, 1623.7691492816857, 1533.516405415719, 1450.1907226628978, 1377.2817754967375, 1310.5411785683882, 1249.421692601953, 1191.994300050955, 1136.9469260365595, 1084.291520320052, 1034.209644795602, 985.4019989984375, 937.779129803559, 894.2359592216001, 851.1702878981771, 798.7554628837095, 756.4969062882957, 709.9792653829861, 668.1531164391204, 628.6928971104167, 590.2239831386007, 556.7799225557327, 521.5737073864456, 488.31044015126383, 455.3249092621852, 427.85489808630086, 397.24800908836573, 372.05850357267013, 347.73846100257987, 324.1458360384665, 301.6196543078565, 281.42134173544906, 262.90296742238195, 243.05046995462732, 228.4267684937477, 210.296453262941, 195.88341056582635, 180.66756992569677, 168.13841222827085, 155.80620736769907, 145.8053226740185, 135.5460939253646, 128.0692972672118, 120.00934334525347, 112.24591642471758, 106.67348060602893, 101.2390815369977, 95.37364886628126, 90.86273713710185, 86.76990809051968, 83.14231435900231, 80.03963689540856, 77.00158137558913, 74.5452113293206, 72.77676071754166, 71.09070772931018, 69.05704509617476, 68.0965830014456, 67.10632327152663, 65.29864644152663, 64.65058204321991, 63.61166930089236, 63.473891288055555, 62.500181127515056, 61.837786614692135, 61.4463333273044, 60.80564369320717, 60.35288676709259, 60.30103985220486, 60.07797633933449, 59.76167646165394, 59.542044535576395, 59.431325858560186, 59.439315839331016, 59.17872111325, 58.96076297903356, 58.63412928074074, 58.5893270345081, 58.737002671524316, 58.66993192502893, 58.574378630120364, 58.5937660540868, 58.576542981310176], "medianabsoluteerror": [1517.6261905371093, 1424.486650404419, 1343.0102922875976, 1269.564452890625, 1203.5725250791015, 1144.1268619785155, 1090.7114563535156, 1040.4950867871094, 993.511108453125, 947.5270997265625, 903.8281860351562, 862.3302006640624, 820.8249510546875, 783.631957890625, 746.3996583203125, 701.2790532031249, 665.4586179296875, 625.4993901171874, 589.5797123203124, 555.4626460156251, 523.1007084140624, 495.5692749570312, 465.15960681640627, 436.96594221093756, 408.05639653906246, 384.9071659414062, 357.6862791796875, 336.34045421875, 314.9300533046876, 294.51025367187503, 274.07946818749997, 256.7946775546875, 240.9940182578125, 223.28735345312498, 210.99426274999996, 194.46838350000007, 182.66308582031252, 170.19433588281254, 158.48754877343754, 147.09130853124998, 138.6361081015625, 128.57763636718755, 121.49353021875004, 113.69848627343754, 106.22143525781257, 100.70849592187506, 95.9381103515625, 89.84362781250002, 85.73413080468754, 81.50732392187501, 78.12817411718743, 75.30365031640622, 72.30187947656259, 69.92639142968756, 68.23889177343744, 66.47180182031252, 64.28527796875005, 63.22875982031246, 62.25878947656247, 60.08593743749998, 59.20080560937481, 57.97436511718752, 57.713867015625056, 56.675537289062504, 55.617065609375004, 55.44299339843769, 54.47192347656255, 53.97582978906257, 53.75109822656259, 53.63476603124991, 53.13085943750002, 52.83007806249998, 53.026855289062496, 52.781128164062466, 52.29614287499999, 52.36230474218746, 51.88592541015623, 51.814941226562496, 51.753906429687504, 51.74694859374995, 51.74609334375009, 51.96130342187507, 51.63598662499999], "mape": [1.0508104110727705, 0.9857210008913583, 0.9298935441777629, 0.8784748688510331, 0.8335787411237694, 0.7925833690513531, 0.7551274685204804, 0.7200027928934353, 0.686382363207543, 0.6542516672092029, 0.6237525705903617, 0.5940105457490679, 0.5650175160187453, 0.5386286733264735, 0.513009925576715, 0.48073017667301804, 0.4550430674821718, 0.42646632474046714, 0.4009940666264851, 0.37689007857880497, 0.353382812334467, 0.3331740167512873, 0.31175297091791976, 0.2915525979044623, 0.2714172470343568, 0.25494051593635925, 0.23636241678252445, 0.22130711294448258, 0.2068208930657715, 0.19277356978951496, 0.17931052568810452, 0.16737055662081507, 0.15639143219076743, 0.14455361654362572, 0.13603374025242973, 0.12523348159346095, 0.11675117990078733, 0.10778407624022923, 0.10048568992991046, 0.09328891705972708, 0.0875699669980493, 0.08166617395592152, 0.07745657985743279, 0.07289880345956685, 0.06848572056556736, 0.06534873938209233, 0.06230814419865621, 0.05895377880751054, 0.05645019402123129, 0.054151708106860694, 0.052141609578986475, 0.05041800693908092, 0.048722034181702206, 0.04738200906266259, 0.04642317258344152, 0.045552084637262, 0.04438939973034583, 0.04389226118610812, 0.043368102335307794, 0.0423281465437668, 0.04202692842626681, 0.04147792144152067, 0.04140608930272125, 0.04084267355802048, 0.04053731677537565, 0.040284985824088355, 0.03998083234383059, 0.03970457360235765, 0.039679073489257, 0.03958838382076491, 0.03939660915086341, 0.039290202645243376, 0.03920484002002726, 0.03927423983437805, 0.03914880403794112, 0.03898114095488437, 0.038826745884468675, 0.03878909481799189, 0.03889134609137873, 0.0388586416918599, 0.03880034957525211, 0.03880341502159373, 0.03879058110687946], "mse": [3301847.3196365363, 2919756.7140192734, 2609204.2409769683, 2337422.840221405, 2111465.8739066334, 1914257.5705690663, 1741784.9297536288, 1586883.7380299359, 1444999.6761423475, 1315407.2983538762, 1197592.599652191, 1088179.7964841507, 986405.2454096221, 897355.9915530726, 811974.8209385673, 716974.0524881314, 643815.1784490455, 568614.3081808739, 504478.0706154897, 447670.45571475296, 395620.2547952123, 352552.09907098825, 310183.886602078, 272611.91944754374, 237974.71229806144, 210475.77749652826, 182166.67279426655, 160113.97347349106, 140133.74084927383, 122010.93696176326, 106014.16023921313, 92551.31690035817, 81064.77204633536, 69675.66190279774, 61767.04633302062, 52734.372707723094, 46077.9115152161, 39559.729060143785, 34551.47770564156, 29966.164312822595, 26425.38994343725, 23053.27762987492, 20689.23384150069, 18318.32620647086, 16157.832223641979, 14672.315497983187, 13318.998049752316, 11957.368423206766, 10953.292735254812, 10077.629150262579, 9347.018284526055, 8747.06064615499, 8184.689482603709, 7758.013482958177, 7446.052816478729, 7177.295289159174, 6851.24223668026, 6700.995364632183, 6548.284407169631, 6295.612225820233, 6215.147612912895, 6077.8451899308275, 6052.571171397185, 5911.351147386863, 5839.287635623009, 5783.016323219758, 5710.365411242319, 5643.270019133803, 5634.236188157733, 5613.468593568158, 5572.672874319337, 5554.452276627905, 5521.260584941462, 5553.87128168407, 5519.094049770857, 5470.983030210247, 5445.145426723906, 5439.021679083477, 5462.807995523706, 5455.124565266618, 5444.306894016781, 5442.372266763482, 5441.121998223954],