{"bestEpoch": 23, "lastEpoch": 33, "mae": [1630.8625235492636, 1237.6752973608868, 877.1785014442928, 643.3908278313784, 579.032390695654, 563.0356985671169, 559.6849764181493, 557.7664271741389, 557.0308745843981, 556.5202206493472, 556.6119298865625, 556.2981673900729, 556.0870244140197, 555.9936383824803, 555.780118308728, 555.9281175672314, 555.475297453853, 555.3266640807337, 556.0261380931285, 555.2715605831933, 555.5260688297049, 555.1710923579953, 554.7571859450359, 555.0264675392616, 555.0033535165475, 555.2489130499179, 554.9293004019166, 555.1640349944121, 555.1826561422025, 555.1888512013113, 554.9974392189491, 555.057583117242, 555.0906457795115], "medianabsoluteerror": [1433.8161189596558, 1084.5961305507813, 763.6483158984374, 506.1877445468749, 441.2602537265625, 428.5651856640625, 430.10327113281244, 430.70581101562493, 430.08593785156245, 429.5379641562499, 429.5175780625, 430.45458942968753, 430.73449689843756, 430.4470210703123, 431.2132565390625, 430.78564476562497, 432.8205568203125, 432.5662844140627, 430.6647948046875, 432.609558078125, 432.52294928125, 432.96826125000007, 434.4262699374999, 433.9119260976563, 434.1727297890625, 432.874878109375, 433.9127197890625, 433.3602905, 433.0046996796875, 433.1210933437501, 433.74768049218756, 433.6514281953125, 433.3816528046875], "mape": [0.991736814695143, 0.7278694559106814, 0.490821736872114, 0.3597549671240098, 0.3363213607725143, 0.333968155373677, 0.3336348798554582, 0.3335706960094307, 0.33348655942911865, 0.33358894501061764, 0.3335494248493346, 0.33363214842723593, 0.3336656424435948, 0.3335583688658152, 0.33365806753843935, 0.33359934082460585, 0.33374256642236055, 0.3338032328187669, 0.3336565843170041, 0.3338046128054174, 0.3337102535012369, 0.33385474813513505, 0.33396244859647184, 0.3338751758545252, 0.33390435156966314, 0.3337977119551226, 0.3340178766121925, 0.3339053480190034, 0.33386750470100285, 0.3338463521950983, 0.33388834110511123, 0.3338676279210795, 0.33385396677939333], "mse": [2935957.3396637063, 1824302.1765051377, 1082078.4699384987, 657903.6114649421, 541206.4506889618, 513432.573780211, 508060.31144379027, 504963.99742256687, 503790.27739537036, 502964.4252192214, 503118.8478425885, 502599.66425163974, 502255.80075683206, 502117.3558664376, 501767.1696596272, 502009.3949384059, 501276.0207974429, 501039.6472017561, 502167.6874957736, 500954.8175139563, 501368.5656858156, 500799.10454724374, 500135.9263340454, 500569.3456282936, 500533.39004000614, 500930.8632799696, 500413.5237653542, 500794.6671259867, 500826.83879713423, 500838.08986828424, 500530.91768938524, 500628.2324792944, 500681.8927422033], "recauc": [0.22222884510673288, 0.3867021665129476, 0.5570111085182592, 0.6723214988165483, 0.7046849129357381, 0.7127450374667096, 0.7144385105177185, 0.7154129635185741, 0.7157863638215675, 0.7160441377471082, 0.7159989776755453, 0.7161572749867579, 0.7162630337107786, 0.7163110681438514, 0.7164204716767973, 0.7163451456256736, 0.7165745907924125, 0.7166497538642753, 0.7162955702977705, 0.7166783789490061, 0.7165488993343779, 0.7167283987658024, 0.7169375159738197, 0.7168009986183804, 0.7168134443073938, 0.7166891355802246, 0.716851522189256, 0.7167309175361981, 0.7167227389405608, 0.7167190348664497, 0.7168162001385324, 0.7167852044463705, 0.7167685212965741], "f1": [], "aucrecauc": 0.9645838709100435, "aucloss": 605771.8056758415, "convergence_rate": 0.9508611810429755}