{"bestEpoch": 9, "lastEpoch": 19, "mae": [786.2129464991609, 814.5266624098958, 826.525758709809, 811.6080358727141, 819.1015924410011, 807.5673379922164, 811.3734230797454, 808.9303921190972, 785.3490543550637, 813.4156579068576, 815.6850339738426, 802.9920268304687, 817.99919617364, 801.9792930522569, 803.3212317639178, 800.8661985065394, 796.7062071328414, 796.0614818362558, 795.5385591293692], "medianabsoluteerror": [659.298095640625, 683.611327890625, 694.650757015625, 681.0690306445313, 687.6430056054687, 676.7119749804688, 679.7225337109376, 677.7368778554687, 655.3501585117187, 682.2943118124999, 684.2859493007813, 671.95300334375, 685.7078251210937, 670.7383426914062, 672.2031249375, 669.6921998789062, 665.9090575546875, 665.3002318710937, 664.7855834335937], "mape": [0.455136687515243, 0.47353174597129355, 0.4815060304273266, 0.47191179878989836, 0.47681357074145536, 0.469448814883891, 0.47180869945424153, 0.47027700686060886, 0.45493130421345646, 0.4733730670352371, 0.4748096075060821, 0.46652387341971363, 0.4762803573910749, 0.46582291766739226, 0.4667202254692945, 0.465079132107035, 0.4623937138462752, 0.46197150107863044, 0.46162601777044526], "mse": [757290.5626740173, 804404.1216442306, 824142.0799172366, 797974.6220541964, 810494.0912443382, 790310.9883731796, 797220.713598078, 792862.4982587184, 753448.9706339834, 799774.0959711414, 803798.8194886055, 782394.7830892107, 807907.4323003688, 780856.1970187098, 783016.6283152234, 779058.5966099809, 772012.0934791921, 770945.107241333, 770091.2381019244], "recauc": [0.5988311275572001, 0.5843831642423502, 0.5782604186344561, 0.5858735947668842, 0.582049034533083, 0.587935193519352, 0.5859924807295545, 0.5872390053820197, 0.5992716456830868, 0.5849505394983943, 0.5837939793979398, 0.5902694713915836, 0.5826112240853715, 0.5907857304248944, 0.5900999433276661, 0.5913536983327963, 0.5934762216962436, 0.5938054398032395, 0.5940719257110896], "f1": [], "aucrecauc": 0.981617749216358, "aucloss": 789684.0410903166, "convergence_rate": 0.47569955624611016}