{"bestEpoch": 31, "lastEpoch": 41, "mae": [0.8718124661214811, 0.6587820388057001, 0.5915585802954331, 0.5431130832100176, 0.5539665209481776, 0.5396983070222938, 0.5285432968113457, 0.5157824597160635, 0.49416170544203636, 0.48818344076269893, 0.4904421889164012, 0.5227997554277498, 0.47249422104465894, 0.4719087958867878, 0.4766409545267238, 0.4997090574723521, 0.48179199480331114, 0.4786755015585703, 0.4708137999193144, 0.46308323381858063, 0.45974823612549687, 0.459604253811481, 0.45610833446307564, 0.4619785153166027, 0.4571497796369999, 0.4607489477348131, 0.4584385986144789, 0.45627433395123834, 0.4577272286989662, 0.4529489665517601, 0.4585414503269739, 0.4547178450622716, 0.4543346122822891, 0.4583565878614379, 0.4545675866021923, 0.45751068463572675, 0.4542601748589916, 0.4583453070532199, 0.45380949916767577, 0.45482667770084545, 0.45814645654591263], "medianabsoluteerror": [0.7122292518615723, 0.5196831226348877, 0.45868587493896484, 0.445098876953125, 0.46889352798461914, 0.4292912483215332, 0.430391788482666, 0.4136667251586914, 0.3970818519592285, 0.3843998908996582, 0.39089345932006836, 0.41935014724731445, 0.3775968551635742, 0.38050079345703125, 0.3685736656188965, 0.39719486236572266, 0.3854970932006836, 0.37511682510375977, 0.37065696716308594, 0.35906124114990234, 0.35602283477783203, 0.35877180099487305, 0.35425901412963867, 0.367673397064209, 0.36478662490844727, 0.36087894439697266, 0.3572726249694824, 0.35489654541015625, 0.3598761558532715, 0.3521599769592285, 0.3549668788909912, 0.3503575325012207, 0.3493986129760742, 0.3582148551940918, 0.35086679458618164, 0.3557286262512207, 0.3558616638183594, 0.3589797019958496, 0.3501558303833008, 0.3579564094543457, 0.3537282943725586], "mape": [0.17042331692634582, 0.1311543170352963, 0.12022581681284088, 0.11279753816024511, 0.11630608853027485, 0.1111824201649037, 0.10823331489806393, 0.10644040618839858, 0.10345430706517379, 0.09759663059086103, 0.09844335477328266, 0.10218901319506077, 0.09676482039382533, 0.09568143978088728, 0.09790452597075332, 0.098162127505622, 0.09947765038580456, 0.09583492799649891, 0.09622659554360279, 0.09360974060212028, 0.09334100751764068, 0.0944134199309019, 0.09310118477015016, 0.0958836015342577, 0.09449440976756715, 0.09343624462884749, 0.09344375073186442, 0.09291740086764799, 0.0933515772919809, 0.09252338269723498, 0.09399829813129613, 0.09325937442856835, 0.0930883336221404, 0.09418831883364463, 0.09258041635191909, 0.09344089104854104, 0.09271627576558425, 0.09347504936795836, 0.09290042593325924, 0.09298456003238782, 0.09360935287997292], "mse": [1.9285684638648024, 1.018568588649232, 0.7506792958281188, 0.49120883826358824, 0.49621068740388674, 0.49041490967154866, 0.4622015530220615, 0.44176609248260007, 0.40957336363537095, 0.40454241241183203, 0.4140969703650041, 0.46767149434410155, 0.3836734940365469, 0.3823091757996456, 0.39595721717094573, 0.4327483311486457, 0.393844399415674, 0.40187395627753125, 0.38330640463727844, 0.37648418470695144, 0.3742309673522258, 0.36973795597782433, 0.36899921893532434, 0.367350661915361, 0.36765051552588385, 0.3747930373517714, 0.3703463662446198, 0.36757962898272684, 0.36771727753767164, 0.36401206388455165, 0.36947400776349093, 0.3646763875174605, 0.3655894509237423, 0.368624340817104, 0.3672228107816468, 0.36873615517656816, 0.36315132274792755, 0.36920910417624375, 0.36373751987439584, 0.3617349894547772, 0.37398087618250353], "recauc": [0.8035134443756767, 0.8499613092102208, 0.8643579943301575, 0.873807840790945, 0.8711736261164738, 0.8744765482384147, 0.8770717614157573, 0.8800381067972914, 0.8850672743209782, 0.886457389302267, 0.885932448377004, 0.8784063267294804, 0.8901067415358083, 0.8902606017553353, 0.8891428964386313, 0.8837835036507428, 0.887967993503779, 0.8886735566793893, 0.8904976834792988, 0.8923159394552569, 0.8930924675028438, 0.893139365429849, 0.8939407500653944, 0.8925777576041161, 0.8937052304612542, 0.8928872633229682, 0.8934114832698513, 0.8939112586164212, 0.8935662876277329, 0.8946899839314519, 0.8933937334687811, 0.8942803995469922, 0.8943704188475835, 0.8934222636132478, 0.8943177530935381, 0.8936386944564694, 0.8943927005127564, 0.893437095168494, 0.894487011351324, 0.8942419473667245, 0.893497211032466], "f1": [], "aucrecauc": 0.9909272868814789, "aucloss": 0.43757449555588834, "convergence_rate": 0.9146996958689309}