{"bestEpoch": 33, "lastEpoch": 43, "mae": [1.1720496465973806, 0.9761094939752458, 0.9188482268818277, 0.8999560519257325, 0.8741962597715891, 0.8527712984525482, 0.8297674543914689, 0.8293602708483355, 0.8268764011056879, 0.7989550752237415, 0.7953376436502853, 0.7957247886247083, 0.8035127712984864, 0.7810962491424885, 0.8018769516697816, 0.7723889858534838, 0.7700750425468202, 0.7737741089652062, 0.7770203628110959, 0.7682167575838079, 0.760914738173819, 0.7691549452466662, 0.7688298215731683, 0.75581387448633, 0.7525050072563257, 0.7509881982618191, 0.7557504078167426, 0.7592855538778474, 0.753769841431331, 0.7580894886791355, 0.7526872303507963, 0.7492112282994915, 0.7483571055963977, 0.7522233316334076, 0.7537767925387393, 0.752539709972806, 0.7603413006887553, 0.7512313897929624, 0.7557051032601154, 0.7500330330976637, 0.7506699959759269, 0.7509845915326975, 0.7524789248460048], "medianabsoluteerror": [0.8651948250830173, 0.7121934282779694, 0.6715835869312285, 0.6697968626022338, 0.6549087893962859, 0.6364819240570068, 0.6090478873252869, 0.6221695756912231, 0.622601773738861, 0.5905351161956787, 0.5886599326133728, 0.597967483997345, 0.6139292287826539, 0.5821162402629851, 0.6141510140895844, 0.5766845178604125, 0.5772665095329285, 0.5811456203460692, 0.5918856739997863, 0.5821840810775758, 0.5725816869735718, 0.5838522148132324, 0.5829261364787817, 0.5660131669044495, 0.5530796909332275, 0.5569144070148468, 0.5651270985603332, 0.5728708291053772, 0.5646564507484435, 0.574047155380249, 0.561986162662506, 0.5585615897178651, 0.5591893005371094, 0.5625896966457367, 0.5646145331859589, 0.5633390188217163, 0.5766282200813293, 0.5615465664863587, 0.5675316214561461, 0.5590862119197846, 0.5597587406635285, 0.5600651264190674, 0.5621993458271027], "mape": [1.2051474092593568, 1.197216361901137, 1.1426242492491299, 1.2173858325786784, 1.1745527098188073, 1.1267882824776305, 1.054141998039185, 1.1091605723151081, 1.130792589421587, 1.01055787518395, 1.021862139696586, 1.054869742035335, 1.108512560236833, 0.9844291422728086, 1.12100735447009, 0.9897378823063108, 1.0087731903678363, 1.027931801421015, 1.0573458866573782, 1.0187294773378732, 0.9858000764077184, 1.0321805460531541, 1.0390176246770597, 0.9742176997371655, 0.8905798037735388, 0.9395362559523321, 0.9556668257838263, 1.012792405122425, 0.9793664740686928, 0.9947369254277382, 0.9416139330976164, 0.9516803525663696, 0.9582953597217102, 0.9812490198316884, 0.9842426224298358, 0.9831632171308039, 1.0189892940629688, 0.972335283378303, 0.9923021031116647, 0.9624837646063266, 0.9651570855004409, 0.9675554096973346, 0.9758582187753254], "mse": [2.5994086570609123, 1.855479036573216, 1.6498247725941235, 1.556833871233197, 1.4622002539508887, 1.39669184963815, 1.3383360575321805, 1.3109795681507963, 1.296702450019453, 1.2301411732456609, 1.2174561070916554, 1.2076552726565863, 1.2081102149205962, 1.166320254706066, 1.1982864555857584, 1.1402508735362609, 1.127458476662888, 1.1391147635592518, 1.131535152954764, 1.1119313132698945, 1.0998620694831973, 1.113264675781163, 1.1128806594806155, 1.0896616986812513, 1.0965592242327278, 1.0877582093595237, 1.0916290288946122, 1.0921378107744713, 1.085050926351545, 1.0880813280036326, 1.0867733817415548, 1.078821491335726, 1.0745073794705897, 1.084875925847998, 1.0878484185899926, 1.0844072258389033, 1.093557667194102, 1.082810765735622, 1.0920175486818176, 1.0832543265312715, 1.0846058754485293, 1.0853491575924445, 1.0875813840797965], "recauc": [0.7333022504762332, 0.7763714489237356, 0.7889458605907365, 0.793032553872368, 0.7986510369150958, 0.8034420697506289, 0.8086003437086049, 0.8085807140015231, 0.8091032049724683, 0.8154022691688109, 0.8162093624632579, 0.8161102088914977, 0.8142453143535123, 0.8193494139123577, 0.8145941036417547, 0.8213270052988269, 0.8218252791257962, 0.8210231202335408, 0.8202120471760588, 0.8222090476203566, 0.823894745243134, 0.8220133159026756, 0.8220934519640379, 0.8250799021343865, 0.8258252049152819, 0.8262115326827347, 0.8250991192952071, 0.8242962865020108, 0.8255858857628685, 0.8245661450617818, 0.8258264587070132, 0.8266362249910983, 0.8268293018104416, 0.8259892251677845, 0.8256366816116444, 0.8259219087311287, 0.8241161271942319, 0.8262234903861996, 0.8252116284464491, 0.8265095820113972, 0.8263666300474194, 0.826297797172117, 0.8259560476611536], "f1": [], "aucrecauc": 0.9884315248818523, "aucloss": 1.2039170888929296, "convergence_rate": 0.8994108450889895}