{"bestEpoch": 97, "lastEpoch": 107, "mae": [2.355080383035926, 2.1759625816116044, 2.333964829178066, 2.5080681649448175, 2.000316663292565, 2.014707009070014, 3.7832234094122095, 1.9722997638891833, 1.875048793436703, 1.9494981316384727, 9.083935787996557, 1.8985709877658496, 2.863461897306597, 1.6410685539900376, 1.5834338293016632, 1.5160066528988179, 1.5987411914562752, 1.4181095664541294, 1.492634175611942, 1.3634237457377536, 1.3121435576765308, 1.2707157522143264, 1.2569347893786602, 1.2343241220645138, 1.2213293679424302, 1.2196127842923763, 1.2158104075298577, 1.2075468833365475, 1.2064351858734226, 1.232203983172002, 1.20086055574571, 1.1922471263013343, 1.2851020702986713, 1.2134965796917523, 1.2042250699535335, 1.2592057581010079, 1.223487143413414, 1.2505240495205745, 1.2630216351007213, 1.2172499193927901, 1.2352535161536624, 1.226570862083553, 1.2229085130622777, 1.2213173939770046, 1.238840663306213, 1.2624439319875123, 1.2310119672121151, 1.231724087249934, 1.2340517625176861, 1.2378194324756626, 1.2388817066594657, 1.2400794911540092, 1.248449701154678, 1.2280118223976688, 1.2325089755354572, 1.236730954346688, 1.2345909124545285, 1.237718128478695, 1.2386032894964771, 1.2353150398511066, 1.2390554267190552, 1.2352286296082329, 1.2375942242337878, 1.2403596729254993, 1.2402748186646397, 1.2376497059477345, 1.2399180217006958, 1.235850326801304, 1.2446108898918449, 1.2367238707858346, 1.237042411430325, 1.2381041992009403, 1.2354857641685635, 1.2358667223550919, 1.2427487807956463, 1.2379241645274766, 1.2353911403933628, 1.2400573323855808, 1.2399832509123005, 1.2354195839835735, 1.2378487731843235, 1.2421438516393544, 1.2352798367299618, 1.2361376206161965, 1.242211384008809, 1.2367147257595672, 1.2426962624126556, 1.2374662622896373, 1.241250874699083, 1.2401866428311077, 1.2425881460938222, 1.2417513957516335, 1.240314165096368, 1.2421341929450462, 1.237778592592574, 1.2367162920542283, 1.2413435884247193, 1.2397527627588096, 1.2382124815042839, 1.2394431393620406, 1.2419017845111904, 1.24038015146907, 1.2401610715586502, 1.2403909529028911, 1.2395327997256749, 1.2397757011960964, 1.240139579347348], "medianabsoluteerror": [1.359971523284912, 1.2783699035644531, 1.4398975372314453, 1.6034142971038818, 1.2527947425842285, 1.2847542762756348, 2.703176438808441, 1.2697579860687256, 1.246131420135498, 1.362114429473877, 3.8527727127075195, 1.3648333549499512, 2.5568416118621826, 1.2092795372009277, 1.1876935958862305, 1.144113540649414, 1.251819372177124, 1.1120834350585938, 1.186856746673584, 1.0947446823120117, 1.0964806079864502, 1.061978816986084, 1.067124366760254, 1.0541095733642578, 1.0459189414978027, 1.028885841369629, 1.0404744148254395, 1.0246057510375977, 1.0228500366210938, 1.053164005279541, 1.0309877395629883, 1.0262360572814941, 1.1165056228637695, 1.033198356628418, 1.0237278938293457, 1.093754768371582, 1.0351366996765137, 1.064699649810791, 1.0865302085876465, 1.0440397262573242, 1.0627293586730957, 1.0602874755859375, 1.0444202423095703, 1.0533223152160645, 1.066934585571289, 1.0872139930725098, 1.0560722351074219, 1.0557565689086914, 1.072120189666748, 1.0671701431274414, 1.0632786750793457, 1.0649476051330566, 1.066847801208496, 1.0613303184509277, 1.0648393630981445, 1.0654478073120117, 1.064582347869873, 1.0584697723388672, 1.060105323791504, 1.0640149116516113, 1.061924934387207, 1.0671918392181396, 1.0668034553527832, 1.0627846717834473, 1.0625505447387695, 1.0601997375488281, 1.0614399909973145, 1.0664100646972656, 1.0599796772003174, 1.0647282600402832, 1.0689983367919922, 1.0654754638671875, 1.0695338249206543, 1.0676171779632568, 1.0643439292907715, 1.0655622482299805, 1.0659055709838867, 1.0577077865600586, 1.0571494102478027, 1.0638952255249023, 1.0653183460235596, 1.0644989013671875, 1.0661816596984863, 1.0703182220458984, 1.0626320838928223, 1.0678443908691406, 1.0633225440979004, 1.0671944618225098, 1.0630955696105957, 1.065269947052002, 1.0660405158996582, 1.0648765563964844, 1.0654420852661133, 1.065800666809082, 1.0643463134765625, 1.0704288482666016, 1.065232276916504, 1.065401554107666, 1.0692415237426758, 1.0675907135009766, 1.0661993026733398, 1.0680503845214844, 1.0677590370178223, 1.068251132965088, 1.0692534446716309, 1.0674667358398438, 1.0660667419433594], "mape": [0.4651690526371694, 0.43520626429218806, 0.4768703372628722, 0.49300545116664435, 0.4162424786392494, 0.4189953348066309, 0.7363851894493295, 0.4021195092081397, 0.3731670297154206, 0.40662862473687855, 1.8427796786480104, 0.3709663472017994, 0.5343635235921659, 0.3243222986583959, 0.3165648016823807, 0.31540928250989647, 0.32049993390457715, 0.29049642417171223, 0.2889222756650139, 0.277753850166247, 0.2676332340858568, 0.2507735770882381, 0.25380001591149265, 0.2489243781216571, 0.24880751665273249, 0.24088895108907962, 0.24161219081126645, 0.24145222616543102, 0.24299798943131712, 0.2553683501142895, 0.2431783679229983, 0.2415585457850841, 0.2706701776642335, 0.24848188807600666, 0.24373723982261547, 0.26100308338343636, 0.246741425226616, 0.26158498088211457, 0.2616967474752708, 0.24374232905756682, 0.2472377225258044, 0.24912650376980222, 0.24512828522740143, 0.24538287874137363, 0.2524779390470952, 0.2597903636834594, 0.24733661664017392, 0.24945797266052716, 0.248463418102081, 0.2519526353449178, 0.25182804534564884, 0.25200340898095425, 0.2555431411817359, 0.24839349237774577, 0.2480266899550904, 0.25033859499256467, 0.24970501285005095, 0.2511417636672066, 0.2516518763369328, 0.2503798008599188, 0.25175768111728664, 0.249820814000061, 0.2508023931840474, 0.2521654019160633, 0.25223311063992976, 0.25106184979073015, 0.2521402220252754, 0.25007961371609516, 0.25380871322759285, 0.2505869413149095, 0.2503531142696458, 0.25095715752542747, 0.24977541326334798, 0.2502348656760233, 0.2531873165522094, 0.25092478299399146, 0.24978418887126272, 0.2518202134845826, 0.2519624079388265, 0.2495357596019126, 0.25101557054344303, 0.2527180748802415, 0.24936764546444867, 0.24979465430552153, 0.2527507831252589, 0.2501091052448938, 0.2528715781335078, 0.25043462454819726, 0.2521026705565227, 0.2513901071103084, 0.2526477719932312, 0.2524945762323282, 0.251512112413919, 0.2526400629388168, 0.2507528118803492, 0.2497378656203011, 0.2519243792244332, 0.25135669804029953, 0.25090669600262494, 0.2513216944686175, 0.252339715134405, 0.2516739653218393, 0.2515515996019754, 0.25161729119277226, 0.2512245805502119, 0.25134443573237075, 0.2514824884623201],