{"bestEpoch": 43, "lastEpoch": 53, "mae": [0.6890246219765134, 0.4810947011940243, 0.5007855457572153, 0.4842524412786939, 0.4641562465009741, 0.4591602820786463, 0.5076735121130428, 0.46206198482747585, 0.44893591617222556, 0.43959585985479527, 0.43295804683755634, 0.4223723984124909, 0.4342083585651776, 0.42570369385341283, 0.42244294687488443, 0.45715548007117085, 0.4049834579632175, 0.4035720591351955, 0.40789591924491775, 0.4033983795949135, 0.401287821872632, 0.40438160871860457, 0.40683414502654924, 0.40865702423248595, 0.3973895900295014, 0.395389627138988, 0.39516399459465773, 0.3950532582392002, 0.3951580679049044, 0.3953889313603588, 0.39403041835399905, 0.3960836755792053, 0.3945670350557987, 0.3944068211153344, 0.3947458101227726, 0.39447449229173537, 0.3945459209668737, 0.39446942246494404, 0.3944433672235054, 0.39437701955918386, 0.3945342432567549, 0.39456524134334153, 0.39442381198063353, 0.3943991357756375, 0.39455499423797874, 0.39460623101049974, 0.3945824442333605, 0.39433999758257227, 0.3946016194523181, 0.39452209781243164, 0.3944620199192834, 0.3943878608604485, 0.3945123993331214], "medianabsoluteerror": [0.6001614451408387, 0.4083624863624573, 0.4317847061157227, 0.40657727718353276, 0.3930172443389892, 0.3857563257217407, 0.43273234367370605, 0.3842915487289428, 0.37539889812469485, 0.36089483499526964, 0.35930570363998426, 0.34923974037170413, 0.3601744103431703, 0.3507970213890075, 0.35135675668716426, 0.38932962417602535, 0.3302656817436219, 0.33074717521667485, 0.33757576942443834, 0.33332837820053096, 0.3277168273925781, 0.3316325807571411, 0.33077491521835334, 0.33915274620056146, 0.3271538972854614, 0.3235692024230956, 0.321840922832489, 0.3225983810424804, 0.32132817506790157, 0.32292257070541375, 0.32031254768371586, 0.32451354265213017, 0.32223130702972413, 0.32230575084686275, 0.32260735034942617, 0.3223870694637298, 0.32251144170761115, 0.3220871806144715, 0.32219862937927246, 0.32224526405334486, 0.3224186182022095, 0.3224827289581299, 0.32233018875122066, 0.3225340485572816, 0.3225076150894165, 0.3227810978889466, 0.3225228190422058, 0.32233017683029175, 0.3224437761306762, 0.3223631978034973, 0.3225235271453858, 0.3223104357719422, 0.32245164394378656], "mape": [0.30721685588131614, 0.27519877167595475, 0.2725850512786701, 0.2893665088368901, 0.24859124604762078, 0.24243420048421563, 0.3118325669743137, 0.2734485730157122, 0.24949499013265103, 0.24519504315201723, 0.2361447563809477, 0.23595405474744174, 0.23038991202682194, 0.24068309891869266, 0.2273885242175082, 0.26912287690933273, 0.21637788037286187, 0.21698689327439272, 0.2297799462865127, 0.21819720020762085, 0.21235230354408843, 0.22124526562964142, 0.20892502350753306, 0.22707808603782598, 0.21883061745390056, 0.21410357638624222, 0.2149092940221522, 0.21598967338412076, 0.211951458018087, 0.2113322757794598, 0.21274074720765632, 0.21627363089958526, 0.2141876503108639, 0.21487538788362048, 0.21538511776751415, 0.21379468974248145, 0.2144957097728793, 0.2149885132510754, 0.2148130476024737, 0.2143703015280182, 0.21475158717254839, 0.21511808952455297, 0.21479748735907167, 0.2143948605119072, 0.21487076177777525, 0.2150113291341853, 0.21488450963052, 0.21422170994094508, 0.21504362330308177, 0.21466127505462876, 0.21477810359318958, 0.21452605252382403, 0.21470408339270208], "mse": [0.7360414831380088, 0.3680581116347995, 0.3946310783696689, 0.3715524502695029, 0.34637617127037185, 0.3426095603197987, 0.4017008476762256, 0.3411209785826334, 0.3266777550911198, 0.31818237688118406, 0.3092484678687247, 0.2937798743980778, 0.30963811249450246, 0.29908149195856804, 0.293817813662817, 0.3290712742377355, 0.276683161712687, 0.27337540344588973, 0.2736985758196991, 0.27043113520726775, 0.2705317766673804, 0.27182923846701884, 0.2801395164251068, 0.2739614889995234, 0.26258779900470347, 0.2621277007535642, 0.262290186873517, 0.26144495230947723, 0.2635336578842848, 0.2640638130014093, 0.2618250937774857, 0.2618553647529242, 0.26114070762084557, 0.2608699470757452, 0.2609685642487023, 0.2612447791232847, 0.26102330935160334, 0.26085591913822187, 0.2608638593854286, 0.2609253205621237, 0.2609003957912978, 0.2608325678501135, 0.2608319989356179, 0.2609314180170749, 0.26100953438244884, 0.26090245282655644, 0.2608872219724031, 0.2609404989556718, 0.2608801433306536, 0.26099378122757894, 0.2608549162665199, 0.26086957991409576, 0.26091698465578395], "recauc": [0.8397541059688607, 0.8881084904938292, 0.8835300871446139, 0.8873734354275579, 0.8920477445777726, 0.8932108451826912, 0.8819255844663777, 0.8925340273631449, 0.8955869544183871, 0.8977592393845802, 0.899303339579009, 0.9017649830982843, 0.8990120871058748, 0.9009902495060663, 0.9017495980448793, 0.893674601765632, 0.9058090079492456, 0.9061374297957114, 0.9051318085901253, 0.9061778761700509, 0.9066685805751529, 0.9059492407000014, 0.9053789831740581, 0.904954485953449, 0.9075750921071506, 0.9080403510021638, 0.9080926632572545, 0.9081183822040378, 0.9080939848679453, 0.9080404824213505, 0.9083561566067165, 0.9078784743592413, 0.9082315012689011, 0.9082688603521877, 0.9081898254892675, 0.9082529967845668, 0.9082361984449897, 0.9082541117279885, 0.9082602545151297, 0.9082756464574439, 0.9082390833081019, 0.9082319686548791, 0.9082646994511668, 0.9082704617585662, 0.9082342144392049, 0.9082222181990992, 0.908227967788513, 0.908284169627594, 0.9082234963566723, 0.908242087932247, 0.9082557046557099, 0.9082730519883407, 0.908244236212015], "f1": [], "aucrecauc": 0.994143939959054, "aucloss": 0.28948329576327986, "convergence_rate": 0.9224612055418672}