{"bestEpoch": 12, "lastEpoch": 22, "mae": [873.0993495572483, 571.3236858476574, 343.54062088728006, 196.81965074591088, 115.53172223338657, 78.60498163905093, 64.48539517603356, 59.39626212798149, 58.64999932565278, 56.64594134746528, 57.85875728331713, 57.61798055415278, 56.93896239774074, 57.867615934537035, 55.85007153748727, 54.42512794280556, 56.08621324774653, 56.46780757638541, 56.29291054929514, 56.34038457901505, 56.17804529690973, 56.24232117557061], "medianabsoluteerror": [765.9055783164063, 506.9703373203124, 311.6822507421873, 183.37670915624994, 109.14746082031252, 73.94018566406248, 59.03039521093751, 52.912353335937496, 51.70239217187509, 48.89013678125002, 50.5811767578125, 50.413818179687496, 49.28039561718742, 50.517944507812444, 47.65454107812502, 45.741943359375, 48.185302734375, 48.568603695312504, 48.22644049218752, 48.54870634374993, 48.215332210937504, 48.26013147656249], "mape": [0.5256790988336008, 0.3422728730472611, 0.2045657400879075, 0.11740351330337878, 0.07047820275719462, 0.04968869037048824, 0.04196564207217187, 0.03922425544433714, 0.038867960302386755, 0.037826547774332676, 0.03844738145169667, 0.038288328067154, 0.03798211580110349, 0.03846189577466483, 0.037428242213542066, 0.036642719778488014, 0.03751851352920859, 0.03772135751977711, 0.03764620670171292, 0.037662233714288, 0.03757352402863376, 0.03760264094276099], "mse": [856092.4274503903, 370239.98955735035, 136593.5458417188, 46460.20951067545, 17014.023083490974, 8469.976859966357, 6190.376087364268, 5535.233932089853, 5455.302028296847, 5253.677405277812, 5378.468888866464, 5340.8886201096175, 5287.6024134632835, 5377.721886376077, 5191.219300341807, 5052.563199298261, 5201.408962334091, 5233.74826830994, 5231.432644137086, 5227.51742922994, 5209.957948802278, 5215.75264856846], "recauc": [0.5544973608471958, 0.7084790404966423, 0.8247060113418749, 0.899571305278676, 0.9410487270949317, 0.9598913520981729, 0.9670963985287419, 0.9696928952154475, 0.9700734073407341, 0.9710962948146666, 0.9704768847255096, 0.9705992969667337, 0.9709460575687199, 0.9704725287343549, 0.9715026465609523, 0.9722289710452526, 0.9713813307256651, 0.9711868223859423, 0.971275483103866, 0.9712518066621477, 0.9713348668200154, 0.9713023302330231], "f1": [], "aucrecauc": 0.9627955357018174, "aucloss": 51885.664472237106, "convergence_rate": 0.9134102171364433}