{"bestEpoch": 165, "lastEpoch": 175, "mae": [2089.086986296343, 2067.4698900710287, 1995.5956099151404, 1915.1921201848704, 1836.9698987843624, 1785.5255942036738, 1712.6647470134835, 1640.9599654010563, 1574.2191670960392, 1505.3263429383244, 1454.4322751395687, 1397.9418016785587, 1334.2534038197625, 1277.2352095742474, 1223.5298545847368, 1176.1007077612776, 1123.4706744272692, 1079.7738068419474, 1019.2622036259826, 982.5614683737343, 935.0890799298181, 898.8533207436237, 860.3894579322766, 826.3804190679327, 797.1570046160399, 773.6606730285798, 743.4036871437704, 718.5556242994196, 705.202893784625, 687.8799450216562, 670.6173942937846, 658.3423849260648, 645.4604664674895, 635.8713699515648, 623.9967502860289, 616.4126732289167, 610.1853336014143, 601.6096503337986, 599.0999722028148, 592.3729995640984, 590.2395675982674, 586.2999422189885, 581.7935298570997, 580.4979352386852, 577.9218857406283, 577.2657046066099, 573.5932041554352, 572.5426441511227, 571.7122507233368, 569.9300900955984, 569.4493535327615, 567.5448215955046, 566.8181674797222, 566.5111172046759, 566.2464622390057, 565.3123510207488, 564.7995525180729, 564.7330040695185, 563.6802767649572, 563.4640335099491, 563.6741616749988, 563.2471102607268, 563.1488466612963, 562.9815782330937, 562.7591972831482, 562.305823151625, 562.3891458144515, 562.2825253357291, 562.449774594404, 562.2860046825926, 562.3102921723021, 562.1219769236678, 562.0520154614399, 561.8387562385902, 561.9156820737466, 561.8195392239421, 561.7583822507014, 561.7548617788217, 561.8039143146793, 561.69994283375, 561.6502138660497, 561.7483121190879, 561.6839329052998, 561.4291327925556, 561.6232160538241, 561.4919011482442, 561.6504463777269, 561.5793585233079, 561.3837370314583, 561.8195510327488, 561.3853357368912, 561.4008608561423, 561.597375612948, 561.5303969351644, 561.5096776602883, 561.4152947214144, 561.714752385515, 561.2774937595648, 561.4528653777651, 561.563105196331, 561.5109909567049, 561.4750013007882, 561.3690220072523, 561.3030125126539, 561.44460049478, 561.4193184117083, 561.4077835809143, 561.4020075585868, 561.6315122784954, 561.4972998767765, 561.8311578591644, 561.7204016379005, 561.6800056055637, 561.7626648033356, 561.872409720978, 561.8549986792083, 561.8627691327072, 561.9248134940324, 561.9684150384479, 561.9875609978171, 562.1320705283113, 562.0547987186516, 562.0914533225416, 562.0885604554167, 562.101199759934, 562.104602302757, 562.140056548963, 562.1458873321748, 562.2752430903785, 562.2454453834548, 562.2615277402257, 562.3004866338681, 562.2135956833149, 562.368001625985, 562.4086397374538, 562.3979026318715, 562.440539025346, 562.4070171430104, 562.4615889205301, 562.4610959370672, 562.4968408374491, 562.668706071787, 562.6129115658275, 562.6069028853785, 562.700688059713, 562.6687741056087, 562.7517832389202, 562.9612034863068, 563.002402868331, 563.0215344873286, 563.106638672015, 563.0570464772812, 563.0730187356725, 563.0508947122673, 563.1023663742824, 563.0965632052593, 563.1103083230671, 563.134244267352, 563.1713743317684, 563.2128705338172, 563.2124431794247, 563.2153169313866, 563.2898249068553, 563.2251628156713, 563.2604712827233, 563.2819870885683, 563.242434679714, 563.276421640588, 563.2638619619768, 563.2706644067916, 563.294754033736, 563.2773623779201, 563.2854631808715, 563.2857717746215, 563.2812441234352], "medianabsoluteerror": [1964.1205448398437, 1925.1298524746094, 1841.5560913632812, 1750.4806828417968, 1661.917266783203, 1600.0619656455078, 1522.6912309458007, 1445.6934047373047, 1375.2206005344237, 1307.2549436132813, 1263.3767851611328, 1212.728164555664, 1155.2022700390626, 1108.555145091797, 1061.3305966347657, 1023.2111815859375, 977.1599728476563, 939.7926024765625, 886.658202828125, 855.2531128476562, 809.0667109570313, 776.5978390039063, 740.4769290078125, 705.5208743124999, 673.9734494101563, 645.6191402187501, 609.1049189648438, 579.9529415976563, 569.461669984375, 549.0423586874999, 531.1015624375, 517.1778562734376, 506.895141421875, 504.35516339453125, 493.46875046874993, 484.0944218007812, 476.97161865234375, 468.6713868359375, 464.7602540234375, 456.87914996874997, 457.38012659375, 454.4624025781252, 444.6640629062499, 441.16784621093757, 438.38915998437506, 436.9620361328125, 435.6679081835937, 435.7307127109375, 434.412231265625, 433.9450687656249, 433.8708497890625, 434.5981444140625, 436.55517595312494, 439.75891136718747, 442.003417671875, 442.90380865625, 442.800903203125, 443.11401343750003, 446.56457502343756, 446.8995360703125, 449.06713914062493, 450.0179443359375, 449.5041505078125, 451.141601625, 451.9549564687502, 452.55456501562503, 454.3884274453126, 454.41186558593745, 453.87231403906253, 453.873718171875, 453.5140376796876, 454.740905734375, 457.83386225000004, 457.78601121093743, 459.003173890625, 459.3171390156249, 459.0568851093749, 459.7495113046873, 460.7703856874998, 459.9047242929687, 460.1430667499999, 460.4088137734375, 461.3283078164063, 461.50268537500006, 462.20300298437496, 461.77172810156253, 462.58764631250006, 462.01440446874994, 462.2696533828125, 462.97607380468753, 463.2802125742187, 462.1694338828124, 461.97924846093747, 464.74475080468756, 464.01757817968746, 466.2661129375001, 464.98583989843746, 467.12023878906257, 466.80841023828134, 467.17626906250007, 464.9647217890624, 465.6270751328125, 464.4758299609375, 465.94592250000005, 466.6385493984376, 467.01739490234377, 466.931274234375, 465.5915530234374, 465.4708249062501, 466.166381953125, 467.0194091796875, 468.2312014609374, 468.6690673828125, 468.27410888671875, 467.840087890625, 468.9150394687499, 468.1977540234375, 467.3868405312501, 468.49902378906245, 467.57568394531245, 467.71203625, 466.61242710937495, 467.0917969296877, 466.29785191406245, 466.2558594296877, 465.9628906796877, 466.18444871093743, 466.649658265625, 466.0633544921875, 466.9378662109375, 467.70910597656257, 468.4207765546871, 469.75756800781255, 469.08117640625005, 469.35034174218754, 470.371337953125, 470.52514606249997, 470.48913557031256, 471.00488293750004, 471.45471226562495, 472.09436070312495, 472.1903080234374, 473.5456538828123, 473.71398931249996, 473.284912109375, 470.55029279687506, 473.86083937500007, 474.253418265625, 473.29260218750005, 473.6123044531248, 473.46350062500005, 473.68322800781243, 474.20105015624995, 473.5045163671873, 473.6082761328123, 473.48718303124997, 473.849242984375, 474.0117185703125, 474.39892613281245, 474.9307248085938, 474.65356486718747, 474.70593303124997, 474.87823492578127, 474.56738322656247, 474.7089843125, 474.97961467187497, 475.09533732812497, 474.9260254453127, 474.9366455625002, 474.838622984375, 474.9447022031252, 474.82458537499997, 474.8823242734377, 474.8845215390627, 474.8521729062502],