{"bestEpoch": 115, "lastEpoch": 125, "mae": [0.8633748256015734, 0.7531810874491689, 0.7527716823464631, 0.8385846160612561, 0.8059281410983873, 0.737691196452793, 0.8995862273663283, 0.8080895259921514, 0.7748020748320529, 0.8145020333829666, 0.7932268637301452, 0.7403368105264371, 0.7357727581152148, 0.7329890685855764, 0.7467646600183792, 0.7361472395816466, 0.8078903785126248, 0.7690957679820066, 0.7332574460399114, 0.7646471264401059, 0.7394694989774488, 0.7543408793273596, 0.7364239333663598, 0.7378914424787544, 0.7413289527277527, 0.7274784316924205, 0.7374178136373302, 0.7312312499952024, 0.7310369766478225, 0.742355826158972, 0.7335643993114085, 0.7704394478723546, 0.7459854069296893, 0.7455010014442249, 0.7389907778626076, 0.7401285835590236, 0.7285140561946669, 0.731603897324746, 0.7645454188043153, 0.740484062901505, 0.7353449970144451, 0.7489383334299347, 0.7598012090516791, 0.7472557034429786, 0.7409640778227856, 0.7415240520787919, 0.740886616582083, 0.7426007707915129, 0.7418050529852985, 0.7418310420017603, 0.7405398868268969, 0.740958605139137, 0.7404095492172378, 0.7400533119640335, 0.7408808785635445, 0.7401639611477545, 0.7408631550255272, 0.7400554535362467, 0.7400958592523975, 0.7397547890654076, 0.7405537129432899, 0.7409022325451615, 0.7402022514884387, 0.7390400487411181, 0.7410286676856742, 0.740733228856558, 0.7410331476893025, 0.7405156333368977, 0.7397783030330941, 0.7407029925468315, 0.7398440369451993, 0.7398400221248749, 0.7411849064948757, 0.7407781283543957, 0.7405224656730552, 0.7389710339715954, 0.7394127002449431, 0.7411397027156539, 0.7398653632914804, 0.738417306331805, 0.7414696804758402, 0.7401349300804279, 0.7399850639791345, 0.7392410552352346, 0.7396321793933631, 0.7408904424122468, 0.7400038809100604, 0.7396042168582326, 0.7410330815176033, 0.7390969247296398, 0.7406807952638546, 0.7389722018604441, 0.7410156044728143, 0.7394813265516349, 0.7393335656765447, 0.740050119482622, 0.7412948008161497, 0.7395265461898684, 0.7407038962448409, 0.7396381255244534, 0.7398237534499945, 0.7390369525513019, 0.7388854930314528, 0.7401848084985322, 0.7390156461987427, 0.7411102506983651, 0.7381838899356405, 0.7382031614336615, 0.741776733964856, 0.7401898461652672, 0.7398686634358562, 0.7390918503943227, 0.7401273416410717, 0.7402938324110443, 0.7383682204578468, 0.7386877106286329, 0.7386426562050052, 0.7410811396649686, 0.7392741682554002, 0.7400168848239731, 0.7395268644595637, 0.7409473345935188, 0.7392292306849328, 0.7402240490796096, 0.7396117316653238], "medianabsoluteerror": [0.7967819333076477, 0.6212498021125793, 0.629076635837555, 0.7802520871162415, 0.7375294160842896, 0.5923322010040283, 0.86864444732666, 0.7413976311683654, 0.6863061261177064, 0.7508758139610291, 0.7193853712081908, 0.6161913919448851, 0.6043366146087646, 0.5956364464759827, 0.6351725387573242, 0.6069007468223572, 0.7417657661437989, 0.6789968705177307, 0.5629919528961183, 0.6725244784355163, 0.6224167680740356, 0.6547240376472473, 0.6150675535202026, 0.6194809913635254, 0.6280220103263856, 0.5824569034576417, 0.6187971258163452, 0.6019454050064086, 0.6017728328704834, 0.6313639926910399, 0.6097479057312012, 0.6840546917915344, 0.6394680857658387, 0.6388355684280396, 0.6250441360473633, 0.6279136943817138, 0.5972088694572448, 0.607761058807373, 0.6750542688369752, 0.6303048133850098, 0.6181360483169556, 0.6475947856903077, 0.6671243047714233, 0.6444269895553589, 0.6313177037239075, 0.6323595666885375, 0.6311999702453613, 0.6348100423812867, 0.6328465747833251, 0.6328537702560426, 0.6308101820945738, 0.6313104271888733, 0.6305538177490234, 0.6296658992767333, 0.6311772823333741, 0.6300507926940919, 0.6311539530754089, 0.6297474241256713, 0.6298620200157166, 0.6290286302566529, 0.630971086025238, 0.6312213611602783, 0.6302451038360596, 0.6277527451515199, 0.6315433740615846, 0.6310357999801637, 0.6315803766250611, 0.6308335590362549, 0.6291957998275757, 0.6310906887054444, 0.6293892192840578, 0.6293983793258666, 0.6321882724761962, 0.6311853051185607, 0.6308040690422059, 0.6276744842529296, 0.6286218428611756, 0.6319550752639771, 0.6296692633628844, 0.6265462875366211, 0.6326109409332277, 0.6303155064582825, 0.6300060558319092, 0.6283644843101501, 0.6292626237869263, 0.6314597940444946, 0.6300611162185669, 0.6291934823989869, 0.6318075060844421, 0.628087306022644, 0.631257815361023, 0.6277765274047852, 0.6318001794815064, 0.6290209889411926, 0.6287413811683655, 0.6302307319641112, 0.6324565243721008, 0.6291074919700623, 0.6313515663146971, 0.6292702555656433, 0.6297240543365479, 0.6280184650421143, 0.627766454219818, 0.6306175231933594, 0.6280011391639709, 0.6320645141601563, 0.6261660194396972, 0.6262282848358154, 0.6333699989318848, 0.6306337547302245, 0.6299469995498657, 0.6282569646835326, 0.6305010962486266, 0.630786907672882, 0.6266600513458251, 0.6273343396186829, 0.6272247004508973, 0.6320705509185791, 0.6286936235427856, 0.630315990447998, 0.6292415070533752, 0.6318148851394654, 0.6286371564865112, 0.6306644558906556, 0.6294672226905822], "mape": [1.4404809883047596, 1.088253636081853, 1.1080700076783547, 1.4109843079787439, 1.3270294668156217, 1.0104154634029678, 1.5617676438536077, 1.3382051962296435, 1.2339480044047906, 1.3589410792867256, 1.297022969139051, 1.079976128467071, 1.0487217340011152, 1.0215898170592401, 1.1262392221325561, 1.0554243424436165, 1.3444112409900133, 1.2233379935140254, 0.9047922594372932, 1.2112275770469778, 1.0986121666678879, 1.1732152845726411, 1.0803663233766299, 1.0917707320601697, 1.1125778618299382, 0.9841936355363474, 1.0910513376447268, 1.0463844478542044, 1.0459598698997141, 1.120970957382715, 1.0678453649506798, 1.2381981725782716, 1.1408750556268927, 1.1399874888075507, 1.1073127129698936, 1.113262291297473, 1.033856738804742, 1.0633480324307916, 1.221188493799513, 1.1199756693303091, 1.091493851560475, 1.1602909958754029, 1.2045761395327552, 1.153381242735606, 1.1236167738990357, 1.1264610743875478, 1.1233385636190074, 1.1319271358717793, 1.128106336942347, 1.1282605631170861, 1.1218091075892767, 1.1239630195309278, 1.121202202706586, 1.119395123688676, 1.123643686026145, 1.1200234599129273, 1.1236229794668227, 1.1195065552451813, 1.1197517134922765, 1.1180356701699363, 1.1221721040131163, 1.1239662576926013, 1.1204499569612811, 1.1144046806143117, 1.124704858826646, 1.1232497099753218, 1.124800371028122, 1.1222157331099836, 1.1184833894425108, 1.1232379483230783, 1.1188852981986923, 1.1189062770525688, 1.125764191957325, 1.1237900664293714, 1.1225594123819653, 1.1145390854892296, 1.1169163512370377, 1.1257706636414684, 1.119360850492678, 1.111755997084506, 1.1275445380421982, 1.1208634984549959, 1.1201349211277074, 1.1163094431151108, 1.1183872480815984, 1.1248453232464108, 1.1203699397469147, 1.1183517909815373, 1.125624093956216, 1.1157632483740108, 1.1239301867504263, 1.1151504014773304, 1.1256551207217729, 1.117868021483295, 1.1170869245371546, 1.1208333968430604, 1.127118084368471, 1.1181829096086544, 1.1242211474078592, 1.1187899456603014, 1.119752347181066, 1.1157027233454715, 1.11491884104506, 1.121689231983149, 1.1156431143059315, 1.1263630370655082, 1.1112510313926867, 1.1113574023719306, 1.1297023015912202, 1.1217964074364755, 1.120185893206182, 1.1161567881297199, 1.1215435941321565, 1.122397187643188, 1.1123858574400312, 1.1141143015664519, 1.113883662368273, 1.1264269894786298, 1.117250287630404, 1.121105630249279, 1.1186128277186473, 1.1258367328929675, 1.1171160178847603, 1.1222287239626727, 1.1191317149577693],