{"bestEpoch": 8, "lastEpoch": 18, "mae": [], "medianabsoluteerror": [], "mape": [], "mse": [], "recauc": [], "f1": [0.2898786087937263, 0.34796349289914236, 0.289896335894093, 0.2758993401576889, 0.2552480299645693, 0.3156615429147089, 0.3173196760250864, 0.3346846922660678, 0.26684506793133533, 0.31862424244129406, 0.30098316325750524, 0.3305236881401087, 0.31986015972888343, 0.32764975968036403, 0.31730040475066085, 0.3261988791827958, 0.319808253201794, 0.32348637509704475], "f1auc": 0.8910923344731002, "convergence_rate": 0.5912667585236159}