{"bestEpoch": 6, "lastEpoch": 16, "mae": [0.7581670243399792, 0.5676159874872254, 0.5587850211635328, 0.5281765797341937, 0.525532133304588, 0.5244498847716941, 0.522553024410454, 0.5372909397882091, 0.5335104535864125, 0.5368631559459084, 0.5353116482259734, 0.5363806220841775, 0.53818181809145, 0.5413627783125847, 0.5408621485603552, 0.5392098229194471], "medianabsoluteerror": [0.6122738361358643, 0.4679633617401123, 0.4653202486038208, 0.430154275894165, 0.43058002948760987, 0.4319689750671386, 0.4262980580329896, 0.44176615476608283, 0.44028227329254144, 0.4385302305221559, 0.4391822695732116, 0.4411585450172424, 0.4424681520462037, 0.44489752292633056, 0.44493367671966555, 0.4425359725952147], "mape": [0.42808557434137967, 0.31164009600075127, 0.31557600388221346, 0.27855246047020177, 0.2785549983347595, 0.2868793686385353, 0.2777825195119338, 0.28602701624453336, 0.287421344579066, 0.27880644049077113, 0.2851653819807619, 0.2879544093350791, 0.28795353603785784, 0.29104469697474233, 0.2897246261537103, 0.28516526453581864], "mse": [0.9511864887553051, 0.5263236300642901, 0.5041447476070614, 0.46441319255843583, 0.4560439201374253, 0.45166888974781394, 0.45336641363904406, 0.4741085038641775, 0.46709267728507003, 0.47761431555926687, 0.47117421505399587, 0.4726420942075689, 0.47570101306350787, 0.47983225961637915, 0.4797390402953485, 0.4793264030515911], "recauc": [0.8236844762429699, 0.8679839069278468, 0.8700369666062447, 0.8771571245972037, 0.8777716226965836, 0.8780234112597813, 0.8784645165800967, 0.8750370061591806, 0.8759162874237489, 0.8751370442457327, 0.8754971757402098, 0.875248623904398, 0.8748297284266174, 0.8740896667132697, 0.8742060839757834, 0.8745907383964626], "f1": [], "aucrecauc": 0.9940478737126176, "aucloss": 0.4912747572401888, "convergence_rate": 0.9045701152335192}