{"bestEpoch": 93, "lastEpoch": 103, "mae": [1558.9039509129066, 1461.0882806485565, 1366.9616954593023, 1275.9641273259836, 1192.4000183804903, 1111.1187948428878, 1035.8525889068071, 964.5576083849032, 902.4170540335658, 847.796803100504, 800.0228340253535, 759.561281744144, 726.4359621805742, 698.72339405811, 675.2048568059479, 656.191067705522, 640.4300130356296, 627.3210036137466, 616.5426573140417, 607.3102548061979, 599.5113809840554, 593.2813519951725, 588.130927858088, 583.4825215741552, 579.5584658371088, 576.3776129910938, 573.30986268447, 570.7926739363645, 568.8671741339977, 567.1629845022361, 565.6481433198078, 564.3375309961795, 563.3340968969641, 562.541493688956, 561.9901030817026, 561.5124714080463, 561.188795843463, 560.9402916660521, 560.7551741892003, 560.639577020537, 560.5882792773796, 560.5722776500254, 560.6100350463414, 560.6827977228843, 560.777970448309, 560.9097247527419, 561.0729770855162, 561.2475422435058, 561.4406103681991, 561.6794881894538, 561.9421394666076, 562.1628827031933, 562.4196617654513, 562.6519850261446, 562.937974555044, 563.1658244894537, 563.4126248901516, 563.6310360050834, 563.8654689113773, 564.2123723044907, 564.4994734513762, 564.6916335172361, 564.9124087817235, 565.1428117583241, 565.4070643628055, 565.548595775566, 565.9101501375775, 566.0711648398795, 566.1912624959583, 566.3490008855347, 566.5659066286134, 566.7050471809699, 566.9913511095741, 567.0793944761089, 567.3432499993854, 567.3988208725046, 567.5486857993044, 567.5572097430312, 567.7352704526944, 567.7541636276076, 567.9526487614988, 568.1914980640024, 568.0532278449768, 568.1943833721621, 568.3625451921528, 568.521807146103, 568.4989287643033, 568.6193475289143, 568.6207349167905, 568.7712459121886, 568.5756672625347, 568.9445960642697, 569.1106730137777, 568.5738122278449, 568.9081383096401, 568.8081777519884, 568.9599617326725, 568.9167769271597, 568.9438708581065, 568.9535076130255, 568.9789790395301, 568.96720560203, 568.9763958870417], "medianabsoluteerror": [1363.3290559658203, 1277.4482879638672, 1194.9317324667968, 1116.16113234375, 1046.5924069296875, 974.2285151562501, 908.23059040625, 845.5021969140626, 786.9120483398438, 730.84497040625, 678.6524655234375, 629.7131351796875, 590.4091800937499, 559.4173581015625, 536.6523436328125, 517.5316157421876, 504.6847532109374, 496.13525349218753, 484.11401361718754, 472.8291015625, 467.5964352578126, 459.693725703125, 453.9172976523437, 447.6264650781252, 440.4997559765625, 435.64990228125, 434.33850115625, 435.991577328125, 435.20117164062503, 435.565185484375, 435.038573859375, 438.4831540624998, 442.79516589062496, 443.9255980546875, 447.8507077187501, 450.16674846093747, 455.1945186289063, 454.96643025000003, 456.36450212499994, 459.4057003945313, 461.4343265156249, 463.82165510156256, 463.21655238281255, 461.72930890234375, 464.83105445312503, 465.92272996093743, 464.3053591757812, 466.58081007812507, 468.92944293749997, 468.83251970312494, 471.1501460703123, 471.637939390625, 473.0872802109375, 472.91931134375, 474.87304704687494, 474.8869630781246, 474.1991573007813, 475.26135265625, 474.1765137890626, 474.7196048984374, 476.8145751328125, 476.7255863437499, 478.22485334375006, 479.13708460937505, 477.9802244218754, 478.5350344765625, 476.861450015625, 477.03027367187497, 477.63085914062503, 477.75952171874997, 478.44018601562493, 479.21734604687504, 478.57421875, 478.47168015624993, 479.2509764453125, 479.6037594765626, 480.8439940234375, 480.7629393359375, 481.34033190624996, 481.28601061718746, 481.16540550781247, 480.23083449218757, 480.89208960937503, 480.02270460937507, 480.1708985468749, 480.2214352031251, 479.928344546875, 480.0634153203124, 480.0067138124998, 480.68176286718744, 480.4482421328123, 481.7315061406249, 482.03979457031244, 480.4201656718751, 481.2692258671874, 480.5802610234374, 481.4218137578124, 481.1401975468749, 481.2940061406249, 481.3391721562499, 481.4848020390624, 481.4081418828124, 481.4629514531249], "mape": [0.9434434176448089, 0.8778003335365583, 0.8146330764381055, 0.7535658542314955, 0.6974873233621768, 0.6431107993999142, 0.5931427618450315, 0.5464489153089965, 0.5066143840541032, 0.4724342329209134, 0.4434921123120783, 0.4198304373062177, 0.40119054020736306, 0.3862796281792271, 0.3743424530861194, 0.36524985393992365, 0.3581273027389065, 0.3526353224091468, 0.3484136182946301, 0.34503744886695, 0.3424508528894504, 0.3406508172191654, 0.3394047009310766, 0.3384522461812272, 0.3378367905023571, 0.33752294648631403, 0.337366727924778, 0.3374396451815153, 0.3376374907731506, 0.33796132289287034, 0.338394343968672, 0.338927209425424, 0.33951898571247496, 0.3401974762319556, 0.34089201368912364, 0.3416638556756086, 0.3423914537496853, 0.3431758221712741, 0.34399709364482817, 0.34474761611623117, 0.34545886812668614, 0.3462044854014384, 0.3469519956866399, 0.3476055173649855, 0.348263205781776, 0.34893718448821476, 0.3496214756343229, 0.3502036406312619, 0.3507636253321932, 0.3514207462148926, 0.35210733366618957, 0.35262915925298655, 0.3532218220106762, 0.35371039703147394, 0.35430617315656066, 0.3547529001193705, 0.35523678296869343, 0.35564221599570045, 0.35607589488925995, 0.35673206067898644, 0.3572445738091642, 0.3575625845956627, 0.35793637369946735, 0.3583277517497288, 0.3587796989420404, 0.35900005239782173, 0.3596260567334772, 0.35987949663457014, 0.3600586971278965, 0.3603051430942134, 0.36065476402011554, 0.36086673360754057, 0.3613291259723128, 0.3614516708669472, 0.3618682845915393, 0.3619377794042601, 0.36216321323863787, 0.36215720886388436, 0.3624267800024691, 0.362444182610004, 0.36274358264504075, 0.3631041932974068, 0.3628761531354586, 0.36308640837247824, 0.3633382381625911, 0.3635726336454205, 0.3635284269170866, 0.3637044003023948, 0.36369946396521874, 0.3639190572241515, 0.3636151828071233, 0.3641686595657317, 0.3644087790685709, 0.36358999019913135, 0.36409692893909046, 0.3639421038835206, 0.3641630779463947, 0.3640973245698424, 0.36413720100839025, 0.3641508143633077, 0.3641885146787718, 0.364170589486628, 0.3641843030474695],