{"bestEpoch": 40, "lastEpoch": 50, "mae": [], "medianabsoluteerror": [], "mape": [], "mse": [], "recauc": [], "f1": [0.021465610058403712, 0.023548172065481765, 0.022019744533802534, 0.020271112070563153, 0.022278511534363426, 0.022638224364457372, 0.02400276361355281, 0.025229402314284544, 0.026965852235596003, 0.02760487830227881, 0.02815431146499136, 0.030153042235720736, 0.03167218817979836, 0.03172840248402497, 0.03146381286465628, 0.03350764584086225, 0.033475887599948635, 0.03626873643628962, 0.03398364157066109, 0.03874718747170279, 0.03656168439525605, 0.03850397890916131, 0.035252554896332174, 0.03919381251812909, 0.04288064308121533, 0.04174711342194964, 0.0398306709260173, 0.040285986625874314, 0.04419295982369841, 0.04088163461413437, 0.04449324087186135, 0.04373479070996701, 0.044350831071442776, 0.045692874609972206, 0.04573301684463277, 0.04592952237380877, 0.04621022182631739, 0.046868516655519485, 0.048859203946623145, 0.0490961258286966, 0.04768323592920872, 0.049609657680548445, 0.04836836704831228, 0.0491826340797897, 0.04872419690986246, 0.04873412489650576, 0.049032126059654034, 0.049056991505961295, 0.049044047821081384, 0.049020677325090176], "f1auc": 0.7728463197480775, "convergence_rate": 0.6158972408523463}