{"bestEpoch": 42, "lastEpoch": 52, "mae": [], "medianabsoluteerror": [], "mape": [], "mse": [], "recauc": [], "f1": [0.012704513908269677, 0.01696206196368941, 0.022227204114367467, 0.025907080669229372, 0.024773537793858814, 0.029837173452508064, 0.07000008816183345, 0.08331130260234842, 0.08203638658417714, 0.09338063156717537, 0.1159355858213187, 0.13889762374581585, 0.16381620025767796, 0.13636766986536597, 0.15818723118220948, 0.16712680187565776, 0.16065265171391865, 0.18138496079106156, 0.20740450900305302, 0.2105078846191688, 0.2085143284204165, 0.20476054126893772, 0.21187184087372016, 0.22218021996327694, 0.20898090068960995, 0.20019508774133907, 0.21609415107641933, 0.20762528852403458, 0.23594462420451445, 0.23992065334890128, 0.24475123966420936, 0.24798385986046717, 0.2487293913763875, 0.24568198905366645, 0.2519519915073339, 0.2529423037529441, 0.2523594666843154, 0.24533755389491788, 0.25551328505489845, 0.25008233701452387, 0.25336275850530665, 0.2551584115660636, 0.2478292930095142, 0.2509308800204374, 0.2487551908191603, 0.25450949331163114, 0.2575193632492486, 0.2578760260220708, 0.25786997672592255, 0.25746192061141904, 0.2575662222925411, 0.2574660085079181], "f1auc": 0.7355763220519197, "convergence_rate": 0.7218741824142284}