{"bestEpoch": 43, "lastEpoch": 53, "mae": [2.3030540870801204, 1.7324386669001217, 1.4748819798967743, 1.2166729829195149, 1.080724122022543, 0.981726410869385, 0.9168548615495241, 0.8721410766566204, 0.8402949971019956, 0.8091152213178793, 0.7859747149548987, 0.7640495826974588, 0.7423294079168695, 0.727045364491194, 0.7067822922638836, 0.7067652375805309, 0.6774107704570193, 0.6608700140149496, 0.6649374835349177, 0.6783660294221432, 0.6464361485708959, 0.6299151248061039, 0.6172075078039696, 0.6122676867044058, 0.6067207536458397, 0.6053480741865562, 0.6058461145564039, 0.601410508605978, 0.5987756659065453, 0.5975584747289572, 0.5937650632579998, 0.5947231504052028, 0.5912434275601273, 0.5924430909207544, 0.5917068804574921, 0.5901719995106449, 0.5869769364175951, 0.5856671037847465, 0.5793518809735304, 0.5804059854946798, 0.5801608315293338, 0.575460456590492, 0.575118345245233, 0.5735171598296291, 0.5783253111382591, 0.5708741879815136, 0.5765250106877655, 0.574042474491016, 0.570883386699023, 0.5710964921083067, 0.5750406394903496, 0.5728053875571872, 0.5728798192512363], "medianabsoluteerror": [1.7197966575622559, 1.343888282775879, 1.175215244293213, 0.9802799224853516, 0.876126766204834, 0.8074131011962891, 0.7460541725158691, 0.7021260261535645, 0.6851091384887695, 0.6521196365356445, 0.6330976486206055, 0.6217689514160156, 0.5958495140075684, 0.5867960453033447, 0.5738599300384521, 0.5749044418334961, 0.5559577941894531, 0.5437922477722168, 0.5452172756195068, 0.566922664642334, 0.5152039527893066, 0.5088839530944824, 0.5013790130615234, 0.49039554595947266, 0.4965059757232666, 0.4937887191772461, 0.4927029609680176, 0.49449872970581055, 0.49466371536254883, 0.49404358863830566, 0.4815249443054199, 0.48947906494140625, 0.49153566360473633, 0.490419864654541, 0.4826836585998535, 0.4828834533691406, 0.4852023124694824, 0.47838735580444336, 0.4757273197174072, 0.4686899185180664, 0.46677684783935547, 0.4735088348388672, 0.4750247001647949, 0.47258520126342773, 0.47145509719848633, 0.461484432220459, 0.4606151580810547, 0.4626431465148926, 0.46259593963623047, 0.4622836112976074, 0.4626631736755371, 0.46120500564575195, 0.45945072174072266], "mape": [0.4687830302636619, 0.35405647784532834, 0.2999216875260396, 0.2459177281779907, 0.21833609772742604, 0.1987350308575398, 0.18509218855795084, 0.176436107229404, 0.16911066976328784, 0.16236208512492603, 0.15817638857968253, 0.15514216341906326, 0.15042876173707687, 0.14794879383054507, 0.143634449215246, 0.1458638438020938, 0.13870704753340274, 0.133395563932292, 0.13264078672525792, 0.14112803271724536, 0.12838284909724573, 0.1269844056141502, 0.12627611238242692, 0.12552106429333282, 0.12296700800019021, 0.12230991699293395, 0.12396551778132939, 0.12260951632193672, 0.12136339376871746, 0.1219074694285044, 0.11965536762145627, 0.12125094840051294, 0.11972801706431721, 0.11890174945187734, 0.12080448096057221, 0.12067430876913647, 0.1178548137542939, 0.1195102796785938, 0.11789058117859247, 0.11859306740245827, 0.11867937850369036, 0.11649333697461063, 0.11682999593982679, 0.11556533037843582, 0.118724131863976, 0.11573821739230931, 0.11778076949230783, 0.11786409682972834, 0.11621359661319684, 0.11595056068114223, 0.11591003609909017, 0.11653697247879916, 0.11659413912588992], "mse": [24.864412652114382, 11.845950799970552, 6.1401956434344, 3.4008424141869993, 2.2257437206599033, 1.6995333729606854, 1.425792021527994, 1.270762591094222, 1.1752766661494711, 1.089705055383561, 1.0231426353531616, 0.9644476286968191, 0.9142355103895129, 0.8723866567731939, 0.8228679742920944, 0.825221441919348, 0.7612742940191259, 0.724266087735884, 0.7322482263445075, 0.7620084586500326, 0.7195113432435195, 0.8632081005086559, 0.6572444432832917, 0.6277769000382555, 0.6124004976976539, 0.6068554403098116, 0.6100489878424815, 0.6005140981537014, 0.5953477789786036, 0.5950991954383177, 0.589677053775531, 0.5905945562884809, 0.5823260993962264, 0.5838360604780002, 0.5825496712279734, 0.5816038319441598, 0.5752029068912693, 0.5740725540746987, 0.5641456401704197, 0.5673990450063706, 0.5691148502616414, 0.5546094268676692, 0.5561274787073782, 0.5489513661753818, 0.5564165995486796, 0.5478581968458897, 0.5621021834855094, 0.5558688703552422, 0.5502533204982522, 0.5505825160826775, 0.5557797187854727, 0.5533824104589367, 0.5534957566527748], "recauc": [0.5454953322314724, 0.6328866151290722, 0.6753613397728377, 0.7267577598817211, 0.7534480533532242, 0.7741815547843832, 0.7879479331386623, 0.7977664227116155, 0.8048674246072051, 0.8120512188534337, 0.8173868708532371, 0.8224443796937195, 0.8274907648677672, 0.8309511521011352, 0.8357345003295387, 0.8357614168557259, 0.8425741303962184, 0.8463406244503612, 0.8453649347083696, 0.8424135067128409, 0.8502419242954162, 0.8560231581002247, 0.8567550541528577, 0.8576741985904736, 0.8589540725442267, 0.8592651232167501, 0.8591709497073977, 0.8601896921583679, 0.8607959319790545, 0.8611052317040836, 0.8619773752177827, 0.8617727546870719, 0.8625671355326402, 0.862296253655575, 0.8624547315699645, 0.8628187226549637, 0.8635612273894744, 0.8638876932664088, 0.8653487731196738, 0.865092310810209, 0.865142882293722, 0.8662171744122577, 0.8663258361538181, 0.8666607821097936, 0.865554423619499, 0.8672930458167685, 0.8659496914332696, 0.8665442239383567, 0.8672831924455748, 0.8672381827952793, 0.8663263511383752, 0.8668483738178143, 0.866830486687529], "f1": [], "aucrecauc": 0.9629260170359313, "aucloss": 1.3524099335912538, "convergence_rate": 0.9145842665966143}