{"bestEpoch": 7, "lastEpoch": 17, "mae": [0.49235936294848354, 0.45963058868464923, 0.4475501202836017, 0.4414593127099847, 0.44305415119784536, 0.44932282966901244, 0.4458389358811656, 0.43827512464387136, 0.45692205033522637, 0.44595829484570126, 0.4463505642129212, 0.44147150247650163, 0.4484776816299887, 0.4388006907622846, 0.4416774651053393, 0.44029680788977416, 0.44094945344623676], "medianabsoluteerror": [0.41218113899230957, 0.37480413913726807, 0.3635197639465332, 0.35607491970062266, 0.353344979286194, 0.37329891681671135, 0.37060663461685184, 0.350829839706421, 0.3783370399475098, 0.36109914779663077, 0.3545269942283631, 0.3594511270523071, 0.3684174299240113, 0.3550494909286499, 0.35923424720764163, 0.3567886662483215, 0.35762052536010747], "mape": [0.2735126552689791, 0.2519930495358157, 0.24329955417285404, 0.2321119371018101, 0.2240036567516809, 0.25073666528452715, 0.24760937856187917, 0.2246777968172244, 0.2513607225067093, 0.227520627892456, 0.22830655337461134, 0.23658024636264338, 0.24421876097484704, 0.23048955445674707, 0.2355665624904832, 0.23399033988465184, 0.23452560831519081], "mse": [0.391677121236622, 0.35285556689628256, 0.33677071867031766, 0.3298246774100817, 0.3395262795221003, 0.3291808415059067, 0.3238310859678365, 0.3288447913909635, 0.3390267937453561, 0.33528817231787733, 0.3424468641535474, 0.3238438356719495, 0.33031923438339694, 0.32376512216908504, 0.3252164770260768, 0.32435783570636306, 0.32502605339787566], "recauc": [0.8854878159809538, 0.8930999120216374, 0.8959094422646452, 0.8973258909757705, 0.8969550398090124, 0.8954962645813137, 0.8963068623635709, 0.8980661975103449, 0.8937291841811879, 0.8962793183858253, 0.8961876799989779, 0.8973222949652856, 0.8956927309661151, 0.8979435282979783, 0.8972743852529459, 0.8975956733692104, 0.8974437898836298], "f1": [], "aucrecauc": 0.9977445320582122, "aucloss": 0.3339656177408994, "convergence_rate": 0.8389797349108142}