{"bestEpoch": 32, "lastEpoch": 42, "mae": [1246.5726692277487, 949.3935189551593, 733.5754175074629, 620.8522935205693, 573.2992914237338, 557.8048707420648, 555.6496539450417, 558.1371339270244, 561.3343584113843, 563.8595254928715, 565.0791580529896, 565.6541720510475, 565.9282580971609, 566.2662318026216, 566.149053561816, 566.0761823053056, 565.8893875096378, 565.9776897016169, 565.8900101948229, 566.0739102603113, 565.9007422911772, 565.9972291983901, 565.9178898606216, 565.8689146906273, 565.8845013334225, 565.934039347022, 565.9827358173137, 565.8856912205753, 565.7817695624502, 566.1339964329097, 566.0077632153171, 565.8257166654537, 565.9445862766597, 565.9358088060729, 566.1167057608901, 565.9153857011887, 565.9473393871922, 565.9195430362581, 565.9037550226586, 565.9025762393832, 565.8958025125313, 565.8935638876759], "medianabsoluteerror": [1086.240325810547, 831.1057742148437, 605.2036746054687, 488.6611326953125, 443.61035173437494, 443.7650145859375, 450.8036498476563, 462.047607359375, 469.6005857578125, 473.07446271875006, 472.8184813828125, 473.07604933593757, 474.88330031250007, 473.50537126562494, 474.1011958749998, 474.4996333749998, 474.58032179687507, 474.9281001718748, 474.81323195312507, 474.1312251718748, 475.07568312500007, 474.5224605234373, 475.0698238046873, 474.93066359375007, 475.06957960937507, 474.7829585703123, 474.4971919687498, 475.0881343515623, 474.0976564843752, 473.3032222421873, 474.1623531015623, 474.5917971093752, 474.2952876718748, 474.4151607187498, 473.49389665624994, 474.5466304453123, 474.2919917734373, 474.4842525156248, 474.5595698984373, 474.5438228281248, 474.5903316171873, 474.6013179453123], "mape": [0.734261735982878, 0.5370585142630582, 0.40460538281321623, 0.3481072940859798, 0.33367412123246876, 0.335916276085555, 0.34278477086791503, 0.35030545160478815, 0.35646614532681137, 0.36042049388278036, 0.3621291129671838, 0.36292150678925744, 0.3633198891586643, 0.3637874590002203, 0.3635955936603591, 0.36349221808990345, 0.3632176070876403, 0.3633623390311407, 0.3632339300018067, 0.3635086625951967, 0.36325683821744953, 0.36340026472079856, 0.3632769402923976, 0.3632172844511322, 0.36323373754626015, 0.3633117642229086, 0.36337420035922763, 0.36323463356261637, 0.36308901826020756, 0.36360358055601305, 0.3634109307442001, 0.3631575275882401, 0.36334747235681847, 0.36332291107263437, 0.3635975924936705, 0.3632822771472078, 0.36333447319588197, 0.3632927488210334, 0.36327223526801844, 0.36327285179736324, 0.3632626696664898, 0.36325964814947725], "mse": [1838839.8778556357, 1206858.919384659, 822664.5369279617, 620594.0306107122, 532333.6377064118, 503775.991421997, 499755.58439105307, 504085.35867345915, 510318.3456559122, 514961.34195836214, 517153.64895733376, 518173.7034125222, 518660.4051633986, 519262.8541908226, 519051.3255096091, 518920.4311385204, 518586.64421391464, 518743.7443439454, 518586.7606744635, 518914.8694439602, 518605.01097397396, 518776.850363109, 518634.59420140716, 518546.8882734201, 518574.0917467763, 518662.28060670313, 518748.54980639974, 518574.66527135705, 518389.09588158387, 519017.95613587915, 518790.91369654686, 518465.34999799915, 518677.2506973481, 518660.4762831925, 518983.9293807853, 518622.45018434623, 518679.5098679478, 518629.68003265536, 518601.36123995023, 518599.1219100462, 518586.98231160536, 518582.95543179824], "recauc": [0.38221370285176665, 0.5215230411930082, 0.6274344323321221, 0.683762746645035, 0.7077084745511588, 0.7154690728332093, 0.7165163034822002, 0.7152221888855552, 0.7135880995506958, 0.7123013486533837, 0.7116821015434879, 0.7113898649124172, 0.7112513621732544, 0.7110793449715341, 0.7111388175854623, 0.7111760064895378, 0.7112718975601264, 0.7112264707952277, 0.7112705048282606, 0.7111774584865893, 0.7112657339808055, 0.7112162179180882, 0.711256518244417, 0.7112812318268863, 0.7112728161705061, 0.7112490211984162, 0.711223448270753, 0.7112739718416287, 0.7113269252851211, 0.7111472332418427, 0.7112115359684116, 0.7113037229648891, 0.7112429761494669, 0.7112480136902579, 0.7111556488982231, 0.7112591259125911, 0.7112417612131583, 0.7112557477970018, 0.7112646672074615, 0.7112656450830268, 0.7112673637734145, 0.7112680453230507], "f1": [], "aucrecauc": 0.977260956723058, "aucloss": 560291.2331533114, "convergence_rate": 0.952622941147841}