{"bestEpoch": 34, "lastEpoch": 44, "mae": [], "medianabsoluteerror": [], "mape": [], "mse": [], "recauc": [], "f1": [0.002646120993220925, 0.002644196074942636, 0.005335542053749217, 0.011846506641279186, 0.022334774349793824, 0.03142377826557283, 0.04159988931369031, 0.035535479975612544, 0.045913612627310516, 0.05509204863646231, 0.06022229664341242, 0.06101058797461716, 0.07619054534220931, 0.07844243568101948, 0.08375395158418296, 0.08613788565059595, 0.0893410109556677, 0.09352160054396697, 0.09788190495202927, 0.09458384608670342, 0.10386640806634644, 0.10624839301511586, 0.10679602576514305, 0.10737091349789464, 0.10851651198778896, 0.11048509008874179, 0.10821509069209648, 0.10916512309602158, 0.11332533433220424, 0.12175458916365133, 0.1199729321949556, 0.11996838708204509, 0.12241746373628265, 0.119482547890462, 0.12016803792780474, 0.12151323172238311, 0.12018425567626664, 0.12245114220043574, 0.12210032416099635, 0.12145104092767024, 0.1220843724774816, 0.12137444416533821, 0.1216957851798628, 0.12148150337580085], "f1auc": 0.7227340354919839, "convergence_rate": 0.716614644264873}