{"bestEpoch": 53, "lastEpoch": 63, "mae": [], "medianabsoluteerror": [], "mape": [], "mse": [], "recauc": [], "f1": [0.03424231131202196, 0.03828084987281255, 0.038173143017744285, 0.06915101900952093, 0.07294833021074298, 0.07705339395166486, 0.0965467729967837, 0.10604455443826442, 0.12445154858154876, 0.1159494687168674, 0.12948720761468557, 0.13124170231632726, 0.13526190658951634, 0.1455659995705965, 0.14886385143235717, 0.14500873541544956, 0.14992885030519604, 0.15489294118627434, 0.15090373360636988, 0.15222916797725553, 0.15772663246070034, 0.1598932793241385, 0.15438112496293027, 0.1529423353733588, 0.1568614628220774, 0.15220847521215541, 0.15914241237714025, 0.16220300484364633, 0.16305611700016553, 0.16213780422397475, 0.16234545569916956, 0.16209099127705878, 0.16172141515526, 0.16191934551822215, 0.16227329605806484, 0.16243347686361762, 0.16297133890087023, 0.16329098437086179, 0.16333355415179396, 0.16314287386561926, 0.16318894158170913, 0.16330781125392377, 0.16325690318804295, 0.16318535496749856, 0.1632398049561011, 0.16323630373521347, 0.163118133162714, 0.1631186787656622, 0.16310951529305595, 0.16317198143499984, 0.16324396715582723, 0.16325467996784315, 0.16324908807502325, 0.1634386347452211, 0.16336350597436744, 0.1634303146296686, 0.16337394417160467, 0.16336718614375112, 0.16337207283043625, 0.16337207283043625, 0.16337207283043625, 0.16337207283043625, 0.16337207283043625], "f1auc": 0.8959670146001496, "convergence_rate": 0.8683940173343054}