{"bestEpoch": 18, "lastEpoch": 28, "mae": [1000.6151713436343, 686.7821720037182, 442.3146638738692, 271.0509882198241, 163.74434871619678, 103.02247062445487, 74.49454786367824, 62.325297013394675, 58.28759774132408, 57.61115186906597, 55.70812790734491, 57.19156220609838, 57.27659551781597, 55.689575190290505, 56.77524862112615, 56.72361439798264, 56.63444152807407, 56.842891307177084, 56.89023673942824, 56.663050143583334, 56.72385047255672, 56.80745216114121, 56.63388085507292, 56.64379385012269, 56.56543890628126, 56.540383964869214, 56.627191943607635, 56.584045911641205], "medianabsoluteerror": [875.5444340624999, 606.2847287070313, 398.501098515625, 248.02197224218753, 154.92480427343753, 97.39550752343757, 69.97387724999999, 56.40991170312509, 51.22387689062498, 50.40185540624998, 47.67773442968746, 49.63281279687499, 49.78454619531249, 47.720092945312444, 49.02331502343759, 49.0401611328125, 48.80932664062493, 49.35351521875009, 49.41430704687491, 48.96057170312497, 49.01782179687507, 49.15258760156257, 49.00207489843751, 48.93664556249996, 48.785766367187534, 48.64257783593757, 48.88354539062493, 48.7238773671877], "mape": [0.6034702423144098, 0.41216484641160206, 0.26386945963538105, 0.16131945876573028, 0.09812964695390858, 0.06341697948052043, 0.04745958713816624, 0.04080230990474033, 0.038654897717751976, 0.038294291599324, 0.037288986636762264, 0.03808900269545787, 0.038128810004291004, 0.03730373062517482, 0.0378795241435459, 0.03782196121456486, 0.0377810231997446, 0.03787375451681857, 0.037904198234072095, 0.037801584513437465, 0.03783521611984025, 0.03789156161013539, 0.0377984872312501, 0.03779337868090414, 0.03774456957558373, 0.037738969503243944, 0.037783719476286316, 0.03775647224338248], "mse": [1121043.3887585527, 532996.7299650222, 224388.41671455506, 86025.73831348743, 32783.38803300256, 13726.755502119884, 7727.361419611118, 5903.182555968874, 5426.629847675876, 5337.568575544793, 5152.567587300593, 5303.777974196715, 5302.6412683095405, 5139.076596776636, 5260.716814672012, 5241.298356003756, 5237.775319740181, 5246.17558521852, 5254.403244549036, 5237.347031955018, 5246.2546936509125, 5257.530561299785, 5241.574451608974, 5235.403569429219, 5227.888196123174, 5228.112836098264, 5234.355103875248, 5231.188726832051], "recauc": [0.48943141721579564, 0.6495664233089975, 0.7743068084586237, 0.8616937397443447, 0.9164487856193027, 0.9474327729069203, 0.9619890433487793, 0.9681978716390158, 0.9702585221485112, 0.9706048382616039, 0.9715744463335222, 0.9708185781541118, 0.9707748404470077, 0.9715833657439817, 0.971029769643631, 0.9710562908142667, 0.9711023991288018, 0.9709956921618087, 0.9709711563748967, 0.9710871679760569, 0.9710563500794523, 0.9710139458390283, 0.9711028436176952, 0.9710967096709671, 0.9711376026491538, 0.9711506113574321, 0.971105006796976, 0.9711276164653503], "f1": [], "aucrecauc": 0.9628969229854436, "aucloss": 58018.51699483288, "convergence_rate": 0.9252321436973152}