{"bestEpoch": 91, "lastEpoch": 101, "mae": [1.9481349238160954, 1.8676619222953563, 2.0204157901821045, 1.8454797809366157, 4.306604977809672, 2.5746960782852324, 2.4881569782724053, 1.7576818624124508, 1.8881856588307235, 1.6444829984971217, 4.470139005516521, 1.762662803029742, 1.525148961167521, 1.8648768985574287, 1.8070896557358647, 1.5906159777412945, 1.4493320770369869, 1.342202537621148, 1.2886132065307796, 1.2575155599928376, 1.206545804968373, 1.197830905835376, 1.1152839314331928, 1.4520843644507186, 0.9638133516712284, 0.9144780526978021, 0.8394873874767761, 0.8941865651582142, 0.8080289647868111, 0.7645418371402886, 0.805060518307658, 0.7575313578837114, 0.721045360669949, 0.6878393003304636, 0.6584956855901606, 0.6847382562495243, 0.672911979961428, 0.6669244896371136, 0.6227384454967474, 0.6098420925967848, 0.6017441893622427, 0.5807993504504261, 0.581704891305014, 0.5936313267992895, 0.5684731151285836, 0.6355992335195686, 0.5873482221084652, 0.5485927218880148, 0.5589162570031452, 0.5300977869292448, 0.5288228684178833, 0.5325934505118891, 0.5215612547609596, 0.5412379543661785, 0.5388064226292271, 0.5202505075661455, 0.5092097889955536, 0.5076642512784068, 0.5064641678411037, 0.5034577682015825, 0.5012527077704658, 0.5012925902143034, 0.5017191662315319, 0.5000426723013373, 0.5023340684132522, 0.500341297219064, 0.49830828767194396, 0.5021683215440199, 0.49815575654180116, 0.4971492845415455, 0.49749768525106247, 0.4963903866229989, 0.4965064808792811, 0.49675076993273737, 0.49621432628821477, 0.49758637012831336, 0.4963741548847915, 0.49685878795403776, 0.4961786765312355, 0.49853558999502573, 0.49687072750305006, 0.495779910326577, 0.4969276171797868, 0.4992025668703728, 0.49662732304554397, 0.49653941202605667, 0.4967179033218525, 0.49634043915837317, 0.4961761642148967, 0.49648779256213704, 0.49628698134234056, 0.49664526692870714, 0.4964135150667158, 0.4964732917526355, 0.49648516873007087, 0.49643777745145723, 0.49649964842319977, 0.49652313654094554, 0.4965199268523091, 0.49648982255760843, 0.49645317722095317], "medianabsoluteerror": [0.8628945350646973, 0.8490786552429199, 0.9955501556396484, 0.8797039985656738, 3.257082462310791, 1.5692253112792969, 1.607367992401123, 0.9995636940002441, 1.0980486869812012, 0.9692831039428711, 2.724943161010742, 1.087090015411377, 0.9755082130432129, 1.29661226272583, 1.2926173210144043, 1.103217363357544, 1.0236945152282715, 0.9820051193237305, 0.9456331729888916, 0.9221181869506836, 0.927001953125, 0.9504585266113281, 0.8904352188110352, 1.0827865600585938, 0.7718632221221924, 0.7344646453857422, 0.680117130279541, 0.7141804695129395, 0.6429669857025146, 0.6204893589019775, 0.6400938034057617, 0.6115808486938477, 0.5721006393432617, 0.5562987327575684, 0.5204858779907227, 0.5633988380432129, 0.5348429679870605, 0.5534176826477051, 0.5078225135803223, 0.5033116340637207, 0.48627805709838867, 0.47302770614624023, 0.46665334701538086, 0.47426843643188477, 0.46068572998046875, 0.5058317184448242, 0.4698665142059326, 0.4416518211364746, 0.43859243392944336, 0.4165458679199219, 0.4295692443847656, 0.4369621276855469, 0.41535043716430664, 0.4236621856689453, 0.4246973991394043, 0.4136967658996582, 0.40651750564575195, 0.4014925956726074, 0.3975343704223633, 0.40395259857177734, 0.3972952365875244, 0.3946499824523926, 0.40075111389160156, 0.3939492702484131, 0.40462350845336914, 0.40009117126464844, 0.3968076705932617, 0.4014015197753906, 0.3930187225341797, 0.3985118865966797, 0.39949655532836914, 0.394136905670166, 0.3951735496520996, 0.3942747116088867, 0.39502668380737305, 0.3970174789428711, 0.3988804817199707, 0.3975949287414551, 0.39580678939819336, 0.3953418731689453, 0.39456939697265625, 0.3940591812133789, 0.3935232162475586, 0.39507579803466797, 0.3951096534729004, 0.39550113677978516, 0.39629554748535156, 0.3965573310852051, 0.3975820541381836, 0.39631032943725586, 0.3968381881713867, 0.3958454132080078, 0.3966045379638672, 0.39565229415893555, 0.3961048126220703, 0.39647960662841797, 0.39662742614746094, 0.39647889137268066, 0.3964061737060547, 0.3964371681213379, 0.39652585983276367], "mape": [0.39649180695109365, 0.3817767597157637, 0.4132414611377194, 0.3792184084779753, 0.9018605903100091, 0.5299610497425685, 0.4989152660600074, 0.3614006623261386, 0.3952578537284565, 0.3384495578483987, 0.9429521670104732, 0.36922517573447444, 0.31333993471144406, 0.37702969112797535, 0.3682809745923635, 0.32941787866121575, 0.30093387557012946, 0.27209848010376736, 0.26977948777831406, 0.2581899624285468, 0.24712981282589583, 0.23643341022937356, 0.2236841164434777, 0.2947108643586451, 0.1955930784776077, 0.18562448348163227, 0.16900734756506824, 0.18149872601886693, 0.1603295068866146, 0.1571583512530433, 0.1652883319620551, 0.15550528675973252, 0.1497981603283221, 0.14194613183811028, 0.13522838922968317, 0.13656894363764946, 0.13447883738134567, 0.13971580426492738, 0.12956892667957834, 0.1270038045354658, 0.12034610926833421, 0.11832386319971333, 0.1166784377176039, 0.11846455191596508, 0.11537320195063842, 0.12912973918602727, 0.11890679457689367, 0.11140259971474702, 0.11003764186802042, 0.10687065671168602, 0.10777548408212058, 0.10946468976815409, 0.10609019361276738, 0.10936649088686638, 0.11117527439781681, 0.1056855700678179, 0.10224586315080947, 0.10147579272811519, 0.10139110412412451, 0.10210439896214836, 0.10087994873928265, 0.10085306425056657, 0.10231404828355908, 0.10090262370967452, 0.09993688028435661, 0.10017389579246644, 0.10089942052268452, 0.10268816177679718, 0.10080609906464591, 0.09977979134628544, 0.10021289256421452, 0.09972091381140495, 0.1004103326035175, 0.10045412242990483, 0.09995051627605013, 0.10103148704364892, 0.10016443381981369, 0.09979714330160804, 0.09993987738556635, 0.1014585251787492, 0.10079890135964405, 0.1001111537051555, 0.1008404415381063, 0.10176175708440782, 0.10071005169686827, 0.10065481466729899, 0.10075377958087266, 0.10054279356066174, 0.10044410555350992, 0.10062815530065626, 0.10051179870699428, 0.1007091203437604, 0.10058671593301734, 0.10061904560367577, 0.10062292887682207, 0.10059466691689216, 0.10062623877149714, 0.10063835378881762, 0.10063701950876425, 0.1006197548765704, 0.10059752212222764],