{"bestEpoch": 8, "lastEpoch": 18, "mae": [0.8517199248147304, 0.7228561799711418, 0.6815925728363937, 0.6643926544949855, 0.6525812752666458, 0.6420455973487669, 0.6419105544388989, 0.6398361488094334, 0.6438225535809329, 0.644071463832371, 0.6433065764721317, 0.6519837324208043, 0.6470848172162169, 0.6481549762245156, 0.6496522195989684, 0.6501489402079516, 0.6505537750082204, 0.6505985391121984], "medianabsoluteerror": [0.6957158446311951, 0.5892708659172059, 0.5561480283737184, 0.5415441155433655, 0.5309113764762878, 0.5221757888793944, 0.5200685000419617, 0.5207922768592834, 0.5276554584503174, 0.5232499384880066, 0.5234265804290771, 0.5362599730491638, 0.5267538022994995, 0.5249915409088135, 0.5295122504234313, 0.5272058963775637, 0.5276537179946901, 0.5274986624717712], "mape": [0.4629559026094566, 0.3810814494143624, 0.3595377532534049, 0.35424015877659043, 0.3456217959368315, 0.34209156950270125, 0.33790829053159005, 0.34337731552985795, 0.3485404096569576, 0.34064374193160124, 0.3415569782254976, 0.3527221175131791, 0.3425996705245572, 0.3407478108055738, 0.3441998957965885, 0.34193732399479443, 0.342384630512786, 0.3416754500228083], "mse": [1.207903778355443, 0.8727171064162296, 0.7738783854177377, 0.7348925875600022, 0.7108426602424729, 0.6885614845529402, 0.6906423896120413, 0.6826632021573504, 0.6873385468184389, 0.6939620007074726, 0.6919647173393244, 0.7031919015213753, 0.6998399297741501, 0.7038614302708335, 0.7045517526535406, 0.7078592272827386, 0.7085585125966604, 0.7093203254603897], "recauc": [0.8022399649994248, 0.8319940817361802, 0.8415518759285533, 0.8455452794866193, 0.8482838682749204, 0.8507243967582719, 0.8507613536352576, 0.8512398683808866, 0.8503121935906024, 0.8502607933210768, 0.8504322153422582, 0.8484225563203178, 0.8495558772315704, 0.8493075198749581, 0.8489597714593213, 0.8488441241648644, 0.8487503814812832, 0.8487400963401838], "f1": [], "aucrecauc": 0.994427396760493, "aucloss": 0.7302316404018367, "convergence_rate": 0.903404663218104}