{"bestEpoch": 41, "lastEpoch": 51, "mae": [0.607881516026373, 0.6036019332930176, 0.46549502913401575, 0.4319002914050218, 0.38894972095770214, 0.4804416669178678, 0.4193436740961146, 0.4131790269362226, 0.36678394437092127, 0.3695125221235412, 0.37467937262194295, 0.3579901157941157, 0.3500969502701234, 0.3519838847053649, 0.3517218033462659, 0.361767593322232, 0.37763890864453453, 0.3369315302767299, 0.339583065270478, 0.3372058192295157, 0.328692260479643, 0.3476448997220078, 0.3334411229153298, 0.3391658081256597, 0.32818457816120716, 0.32863360263360153, 0.3321628479987163, 0.3249055276065825, 0.32446613645549516, 0.32663019164716445, 0.3356758489562886, 0.32744001093983427, 0.32617926651435053, 0.3196666008379564, 0.31936547654106145, 0.31886885908564233, 0.31882875678995765, 0.3184836645339322, 0.3187024419863518, 0.32158898701785715, 0.3178768713613895, 0.3189182072675679, 0.31885338700366356, 0.32084567694816385, 0.31921559896128193, 0.31840819954065197, 0.31847171183711387, 0.31802408375977337, 0.31779488418871965, 0.3179383056563506, 0.3180258279066338], "medianabsoluteerror": [0.5310813450813294, 0.5398255276679993, 0.39733662605285636, 0.35207263231277464, 0.3014357328414916, 0.4275538897514344, 0.3348603343963623, 0.34736417293548594, 0.28404978632926936, 0.2852191877365112, 0.29609819412231453, 0.27529475450515745, 0.26722980856895445, 0.2729426193237305, 0.2689727735519409, 0.28488053083419806, 0.29964329481124863, 0.2593693047761917, 0.2622138059139252, 0.26051597714424135, 0.2513691890239715, 0.26750210523605344, 0.2540536284446716, 0.26218360662460327, 0.25064749836921685, 0.25140741348266604, 0.25494300603866576, 0.2472096991539, 0.2466846823692322, 0.24982539415359506, 0.260854115486145, 0.25012478590011605, 0.24850450754165643, 0.24286640524864195, 0.24229542255401604, 0.2419785892963409, 0.24211050391197203, 0.2416076111793518, 0.24205214500427247, 0.24612717628479008, 0.24088300347328195, 0.24233846664428715, 0.24246336221694947, 0.2443649339675903, 0.2424639821052551, 0.24207052052021027, 0.24175357580184942, 0.24172545075416563, 0.24153981804847724, 0.24166918873786927, 0.24153442382812507], "mape": [0.9685366208266474, 1.0210287039007424, 0.7055394136862152, 0.621787793095689, 0.5370901254687588, 0.8589431194092612, 0.5962864682696434, 0.6775313693826626, 0.5338068855793177, 0.4796258047035678, 0.5736720203781293, 0.48349177543585525, 0.5033685761683337, 0.4868050786470717, 0.5002768942990681, 0.5627780720562767, 0.6047847091801766, 0.466490000581096, 0.5243969650701507, 0.5062318622165136, 0.46075594585159535, 0.47637994814018597, 0.5046880855325179, 0.5289226235953015, 0.45701955738228206, 0.46321575005457816, 0.5005152832710682, 0.4399580465877394, 0.48344219615858725, 0.460493833377457, 0.421634231908211, 0.43350773331070636, 0.4881948401306788, 0.44667298951352225, 0.4563175611468671, 0.4618856284419411, 0.45879235679942065, 0.45675677616985166, 0.4468789797407686, 0.44137550459813074, 0.45136969062799853, 0.45924064969756084, 0.4582859604328974, 0.4700506375032877, 0.45288761558539786, 0.4521731809206132, 0.45324793056700075, 0.4468952909136387, 0.44881985624194015, 0.44977846244084246, 0.44964015240012073], "mse": [0.5705848141962306, 0.5510147184088879, 0.3400325141756399, 0.3080481325057461, 0.26170724500142034, 0.3460676124500404, 0.29859356303211443, 0.27168858113347916, 0.23352469932558734, 0.23624607232351746, 0.23842366112575733, 0.22247922062940448, 0.21396659922153038, 0.21653731288481137, 0.21779080434258985, 0.22307810884115903, 0.24237806523115948, 0.20013414917887185, 0.20023781463082596, 0.1986669244323792, 0.19026425466376826, 0.21179821129107254, 0.19571117233421176, 0.20029547619606827, 0.18998343902306017, 0.1911159852986716, 0.19373017515873905, 0.18733340550616873, 0.1861370030239249, 0.1880665133245871, 0.19728527086792727, 0.18875878591626064, 0.1893150580179149, 0.18163228438875176, 0.18097158650263845, 0.18063628538338172, 0.18046309590560555, 0.1804093867203674, 0.18035944108167237, 0.1825317841995074, 0.17972018372058182, 0.18081787186543685, 0.18075712625914808, 0.18266593693110278, 0.18065563268378831, 0.17980712049647646, 0.18009097006203767, 0.17967287790907124, 0.17941917526876905, 0.17940968840695254, 0.17955441495853208], "recauc": [0.8586183082407061, 0.8596134024524906, 0.8917345070079993, 0.8995480511445768, 0.9095374702278416, 0.8882581195465301, 0.9024685388182714, 0.9039023519113116, 0.9146929293733063, 0.9140582968921885, 0.9128566494575369, 0.9167381489483049, 0.918573924246016, 0.9181351171696706, 0.9181962224752187, 0.9158595785411627, 0.9121682670767303, 0.9216358942885877, 0.9210191812405434, 0.9215721974042532, 0.9235523070351302, 0.9191442738138893, 0.9224477762856462, 0.9211164433022321, 0.9236703392019459, 0.9235657301339298, 0.9227450893629929, 0.9244329779714756, 0.9245352707069191, 0.92403199205091, 0.9219283611588325, 0.9238435608190696, 0.9241368938103222, 0.9256515000666012, 0.9257215902872832, 0.9258370605967345, 0.9258462102719258, 0.925926732711776, 0.9258758192695473, 0.9252044582179717, 0.9260676620037541, 0.9258257141207771, 0.925840669165052, 0.9253772456438853, 0.9257563863191844, 0.9259442922571947, 0.9259293029686725, 0.9260334862450105, 0.9260868504123293, 0.9260535391592989, 0.9260330300857925], "f1": [], "aucrecauc": 0.9910738724413081, "aucloss": 0.21951001223719935, "convergence_rate": 0.8774786608081885}