{"bestEpoch": 12, "lastEpoch": 22, "mae": [], "medianabsoluteerror": [], "mape": [], "mse": [], "recauc": [], "f1": [0.2897787936873609, 0.2282923314300339, 0.2868267552762649, 0.2533539074453314, 0.2683795085368196, 0.3079181785613286, 0.29356016006273095, 0.2604273805412242, 0.27948192049613996, 0.2224519440353859, 0.3193117075772855, 0.2950088463583199, 0.2851466819795247, 0.2986635112393783, 0.29747377204021386, 0.28510283537704745, 0.2919747691585056, 0.2919747691585056, 0.2919218366351308, 0.29463892670060804, 0.29294124872115224, 0.29294124872115224], "f1auc": 0.8852688710582575, "convergence_rate": 0.621772846071321}