{"bestEpoch": 20, "lastEpoch": 30, "mae": [], "medianabsoluteerror": [], "mape": [], "mse": [], "recauc": [], "f1": [0.19944625055056273, 0.2295812588202195, 0.25195784179743747, 0.2787126216119187, 0.2796032249853497, 0.28481468210445304, 0.2876628263954624, 0.2906518215025618, 0.28996328947473354, 0.2916381576350319, 0.28906499707595446, 0.2937107130704135, 0.29366424986072087, 0.2937555914277669, 0.29379266168189244, 0.29419285703277603, 0.2957624417369291, 0.29562443647191927, 0.29448306679365965, 0.2945200365932093, 0.2951026577621284, 0.29690324961393616, 0.2944791025709979, 0.29721135880237354, 0.2990720211339782, 0.29897110346335537, 0.29755391094740663, 0.2986739017916963, 0.29846689581014674, 0.2984612228628788], "f1auc": 0.9625803548544345, "convergence_rate": 0.887667931316724}