{"bestEpoch": 21, "lastEpoch": 31, "mae": [0.447347211696618, 0.44126135029677316, 0.4119881922216152, 0.4823934851154599, 0.4025171051243688, 0.3797154593967377, 0.4870703152513264, 0.3790045053344595, 0.455273785731636, 0.3803995883042449, 0.3911946605309708, 0.40376383105672387, 0.41004002741294515, 0.39489641194408936, 0.38738227100460054, 0.4200691713222205, 0.4080635850065069, 0.3870398606617885, 0.39605116461632156, 0.4007550304077969, 0.3958899979238495, 0.5053538755225938, 0.4077954609568916, 0.4123648903900849, 0.40729893751506596, 0.3954408708439015, 0.40179384149417924, 0.4099069557462572, 0.3989464935899667, 0.4034666366962391, 0.40308268389252616], "medianabsoluteerror": [0.3592761039733886, 0.37182517766952516, 0.33985437870025637, 0.43483095645904535, 0.33712978363037105, 0.30398717164993283, 0.4232195258140563, 0.2921612024307252, 0.39082459211349496, 0.3086162805557251, 0.31561717987060545, 0.33407509326934814, 0.33378978729248043, 0.31556988954544063, 0.303044650554657, 0.3484393048286438, 0.3382414388656617, 0.3058568716049195, 0.3169592022895813, 0.3106536865234376, 0.32197146415710454, 0.43490326881408703, 0.3212760448455809, 0.3258960247039795, 0.32768330097198484, 0.30671369552612315, 0.3173220872879028, 0.3250443935394287, 0.3123968362808227, 0.3176906943321228, 0.31723636388778687], "mape": [0.23509271829395614, 0.24804798831674227, 0.22672168124505054, 0.2823648398089116, 0.2247355772622478, 0.20831284339624345, 0.2831089950086759, 0.1960614184162476, 0.25337762404384717, 0.20461186781619536, 0.20808010941970093, 0.22498713292143674, 0.22731171586302423, 0.20856140512405216, 0.19945696158873172, 0.23448630671194828, 0.22504419364693026, 0.20457718111566003, 0.21315126300911874, 0.2066157361063808, 0.2146714723339877, 0.2815076748273431, 0.213054813024215, 0.21280676451430985, 0.21671756344880763, 0.201240269959799, 0.21006294992905367, 0.21471267114165823, 0.20428123589746566, 0.20963572528710192, 0.20843626514306457], "mse": [0.3455722040440077, 0.3154601944841021, 0.282209845228109, 0.3464667450355765, 0.26397511623253456, 0.2486669647425128, 0.3642891319400566, 0.2585750855013685, 0.32356444130069145, 0.2456630169206317, 0.2591355828696565, 0.2677630656295703, 0.2799055692272242, 0.2697188455026865, 0.2636996095925506, 0.28765326546557585, 0.2736423379716556, 0.26227510856414227, 0.26839650034204027, 0.28317549841397016, 0.2663647001397687, 0.3975875612790202, 0.2875278970103683, 0.2929954571761968, 0.2814521406624702, 0.2772452123922766, 0.27993171658437627, 0.2884516625468143, 0.2792904847762405, 0.2826551584937425, 0.28312885045567204], "recauc": [0.8959571871730855, 0.8973726184453468, 0.9041800581228061, 0.8878041061704407, 0.9063830771615162, 0.9116866372746385, 0.8867170400436253, 0.911852450134166, 0.8941117634505175, 0.911527285151897, 0.909016304326376, 0.9060927372038632, 0.9046332397005543, 0.9081575573097134, 0.9099050567809526, 0.9023030704791474, 0.9050957954936691, 0.9099868843015878, 0.9078903386502442, 0.9067989229722854, 0.9079306043232022, 0.8824734768843762, 0.9051620546099373, 0.9041001647958447, 0.9052791310880485, 0.9080382355771925, 0.9065608878508977, 0.9046738609471986, 0.9072231292689694, 0.9061723523248855, 0.9062616792178136], "f1": [], "aucrecauc": 0.9913971743289898, "aucloss": 0.287069614775859, "convergence_rate": 0.7329580280262551}