{"bestEpoch": 25, "lastEpoch": 35, "mae": [906.546074049074, 627.8161273078993, 456.2034211618333, 332.0967438979861, 256.9078695495185, 195.97527136896178, 157.20847991923495, 129.10740078262384, 109.84672614005324, 98.42183019917825, 90.38092196136576, 84.25717170909259, 82.14334481367362, 76.95912085426157, 77.94832028985878, 73.95759414156366, 76.340002363044, 74.19629583905092, 76.64577647086921, 70.04757117407986, 71.02169767518288, 72.60200319414815, 74.05882410450347, 68.77203115196758, 68.72899087794097, 76.75764855851621, 70.93072961230787, 68.444626277169, 65.95269369528472, 68.43196447523727, 67.94618807081135, 71.1682315472257, 70.51682533372106, 70.42374299483102, 71.643972124875], "medianabsoluteerror": [797.3053587695313, 555.7990114101563, 409.19213914062493, 303.9447023828127, 236.1380612265625, 183.28247099218743, 149.13745134374994, 123.10241669531251, 104.03265427734368, 92.76611328125, 85.22045868750001, 78.97277855468747, 76.96655243750001, 72.05004842187509, 72.95153767187503, 68.4731447109375, 72.23352045312504, 68.86584466406248, 71.80224615625002, 64.57312035156247, 64.56530803124997, 67.83422857812502, 68.14086878906255, 63.76245088281257, 63.175903148437556, 72.74316429687497, 66.52905308593745, 62.77172845312498, 60.60156203125007, 63.246093578125056, 62.688842953125004, 66.55957060937499, 65.49670363281257, 65.47338855468752, 66.93188441406255], "mape": [0.5477983420344038, 0.3763478446230616, 0.2722875950385835, 0.19715816662371724, 0.15303359077830767, 0.1167050706242851, 0.0941113142257258, 0.07799808915691385, 0.06702492798071147, 0.06059340476854258, 0.05622682262150125, 0.052641146981418946, 0.05157463513810604, 0.04866887859488132, 0.04928249186876684, 0.04692608886679013, 0.04849756105819119, 0.04690127156024676, 0.048490118925023716, 0.0447249854991556, 0.04511309250241991, 0.04615712117754113, 0.04697907027317531, 0.04426045067675379, 0.04401104155208791, 0.04865901783684005, 0.045425348840484214, 0.043977880472554444, 0.04275146794846251, 0.0440422214472863, 0.04378662774173733, 0.045598013999713326, 0.045202162028675275, 0.04513666899707116, 0.045831101890885136], "mse": [916681.7579716805, 446600.4492518809, 238256.39778896875, 128574.75164156045, 77389.66586532163, 46241.637529117776, 30437.13616958659, 21073.0157836531, 15533.367884211828, 12671.817754423064, 10822.365150961496, 9565.065999283459, 9118.991895105202, 8176.735576238184, 8326.364663089986, 7668.795336889771, 8040.846116909037, 7682.939051012695, 8085.602697645913, 7013.6678544162005, 7197.24107973641, 7417.116277764888, 7716.616251920327, 6846.529853995496, 6828.2990954564375, 8098.471372973297, 7124.487585169276, 6830.7415724626635, 6425.397916615398, 6770.725386629774, 6720.234614093823, 7184.675081605209, 7109.435486951859, 7089.310868355293, 7287.653365670993], "recauc": [0.5374294910972579, 0.6796544098854329, 0.7672199960736815, 0.8305457064224941, 0.8689120912091209, 0.9000023706074312, 0.9197846451311797, 0.9341230567501195, 0.9439502913254288, 0.9497802965481733, 0.9538831364617942, 0.9570078637493379, 0.9580862530697514, 0.9607303989658225, 0.9602262003978177, 0.962262285487808, 0.9610467268949117, 0.9621415030391928, 0.9608916299037311, 0.964257685027762, 0.9637594722435207, 0.9629547695510292, 0.9622112285302604, 0.9649093353779822, 0.9649300189278187, 0.9608330759001825, 0.9638072103506647, 0.9650762261411326, 0.9663476125390317, 0.9650815303752597, 0.9653297922384831, 0.9636859241479704, 0.9640186092683342, 0.9640651324391698, 0.9634429368862812], "f1": [], "aucrecauc": 0.9630547595307285, "aucloss": 48900.694180078885, "convergence_rate": 0.9167632937650667}