{"bestEpoch": 1, "lastEpoch": 11, "mae": [], "medianabsoluteerror": [], "mape": [], "mse": [], "recauc": [], "f1": [0.01707976336190909, 0.017693097007272392, 0.0052924648138695084, 0.011650626002733934, 0.01666664541428951, 0.02017600349129037, 0.018590132413148785, 0.02014868932687049, 0.019403060491759733, 0.020880788473881536, 0.02111074432773947], "f1auc": 0.8033670374051698, "convergence_rate": 0.7375777690547424}