{"bestEpoch": 38, "lastEpoch": 48, "mae": [], "medianabsoluteerror": [], "mape": [], "mse": [], "recauc": [], "f1": [0.021572214063588183, 0.02578276969486835, 0.02745518718575829, 0.02901340615821538, 0.029714203564657173, 0.028846433760955886, 0.03047557088250003, 0.029734110473235358, 0.030801747914733456, 0.03128148786797081, 0.03181066420342025, 0.031489427529213035, 0.03171347809921217, 0.033290055052558054, 0.03529457464443933, 0.035020039533846865, 0.03435284402908324, 0.036060450833840914, 0.03607738866920172, 0.03643623024410461, 0.03726406552644374, 0.03866081005194116, 0.03740936216536099, 0.03858235732063433, 0.03781294498107891, 0.03863205717635778, 0.03812676390818916, 0.03907247982536912, 0.038367952713165156, 0.03940888077066088, 0.03848373533352416, 0.039508347459170014, 0.04049679158232871, 0.040216442693213825, 0.04104448825836867, 0.04059674071529839, 0.0412277919315613, 0.041332279474487296, 0.04014339295319645, 0.04067769275975689, 0.041167870492967495, 0.04147176587766537, 0.04146899615993899, 0.040870572592511846, 0.04120969527880128, 0.0409595582413434, 0.04114696478673952, 0.04112422438422201], "f1auc": 0.8779924069787685, "convergence_rate": 0.7457294324842743}