{"bestEpoch": 31, "lastEpoch": 41, "mae": [], "medianabsoluteerror": [], "mape": [], "mse": [], "recauc": [], "f1": [0.23315088436462236, 0.2577410497616407, 0.22626567505297848, 0.24241040343697473, 0.24048708320381465, 0.23882119425288206, 0.22938715296642623, 0.2425313690915368, 0.2344446890955192, 0.2400742044822044, 0.23708116642959295, 0.24325820243634405, 0.2109508970197466, 0.24246082527545504, 0.24425509907929902, 0.24051637419302493, 0.23696760951367968, 0.24425979101659906, 0.2361611323310793, 0.23550398226206584, 0.24345540654204953, 0.23635786708209808, 0.24089933955003373, 0.24373796731659075, 0.2555958634875077, 0.24522005892625964, 0.23885135745162803, 0.2501181218882471, 0.2535324936803124, 0.2484745768945427, 0.249429742618637, 0.2426167566147308, 0.245418363705559, 0.24757777321608215, 0.2526473139648605, 0.24683398296444994, 0.24286177633395567, 0.25126164592030764, 0.24526202289029586, 0.25044319614565047, 0.24675643724345286], "f1auc": 0.9402971701504129, "convergence_rate": 0.6711301601416775}