{"bestEpoch": 31, "lastEpoch": 41, "mae": [], "medianabsoluteerror": [], "mape": [], "mse": [], "recauc": [], "f1": [0.22449995414664664, 0.22850617471293438, 0.2973425120925754, 0.31009764612176116, 0.36071596086165114, 0.34994786178378356, 0.3304277810064606, 0.33688947245224876, 0.3217654001190119, 0.34256554525542177, 0.34837170849594035, 0.326410057759853, 0.32673687623443876, 0.3343567386013232, 0.3153508856419225, 0.3805329000229684, 0.3657695830272415, 0.3693325958891264, 0.3613561092570164, 0.37938473002088885, 0.3882618421697811, 0.3446162859522388, 0.37937784498352023, 0.37013661608670995, 0.3699352892993489, 0.37598795609749225, 0.3781807140320954, 0.3756643378017283, 0.3745972207054021, 0.375007205800016, 0.37420468162452736, 0.3759035382953594, 0.3755117031732759, 0.3759677745142912, 0.3724293196609132, 0.3748035602130656, 0.3755577155316811, 0.3756512423379855, 0.3759495879971156, 0.37533775027734595, 0.375705740036149], "f1auc": 0.9123382749782265, "convergence_rate": 0.7921634682184026}