{"bestEpoch": 11, "lastEpoch": 21, "mae": [4.6692787534872195, 2.4871659968834825, 0.9657963928880047, 0.7651158132546553, 0.6739955008991633, 0.6474683411007602, 0.646678969412377, 0.6490498739053325, 0.646036920373971, 0.633937866713147, 0.608760090001948, 0.6106763693871385, 0.6058270544110399, 0.6043667368491081, 0.6061729391211298, 0.6030721459812697, 0.6029088655125427, 0.6025711679802374, 0.6030089512257653, 0.6028742763212854, 0.602802355920495], "medianabsoluteerror": [4.553772985935211, 2.353133201599121, 0.9342808723449707, 0.6302127838134766, 0.550175666809082, 0.5103530883789062, 0.495542049407959, 0.5150799751281738, 0.4876244068145752, 0.5022602081298828, 0.47923707962036133, 0.4842801094055176, 0.4770936965942383, 0.47403907775878906, 0.4816598892211914, 0.4752922058105469, 0.4747934341430664, 0.47656917572021484, 0.4744267463684082, 0.4747438430786133, 0.47561025619506836], "mape": [0.891442643862935, 0.4496760829839435, 0.20061699648187675, 0.1540888046824784, 0.14071771837301975, 0.13557618889974146, 0.1349038637172444, 0.12956180679433124, 0.1352096823330424, 0.12596322147063266, 0.12535572725675267, 0.12519430268789355, 0.12519521940159534, 0.12457332768750363, 0.12330072281445094, 0.12428795132544167, 0.12425826553488598, 0.12426374197412471, 0.12406003213496988, 0.12413711708696754, 0.12417872072120537], "mse": [23.292981038301402, 8.06521089083215, 1.3437855166783808, 0.988867120491736, 0.7650378535103807, 0.7221167630204318, 0.9703390515666152, 0.8208685096509809, 1.328936240225651, 0.7070713646451224, 0.6323880482868467, 0.6465150944337142, 0.626708036969592, 0.6216864382705672, 0.6238239575323689, 0.6186566404289755, 0.6183116395575624, 0.6175718728854203, 0.6197496023884973, 0.6194934216352872, 0.6193780527117909], "recauc": [0.07436184744461403, 0.43269187886862837, 0.7754036303046714, 0.8234513461644826, 0.8433598251689226, 0.8495258897671437, 0.8525279235784889, 0.8506525901474459, 0.8552482608370691, 0.8530314754784782, 0.8584214755152137, 0.8580861690700482, 0.8590961911158503, 0.8594365959081319, 0.8590147892235156, 0.8597363169203979, 0.8597743571130199, 0.8598542483839872, 0.8597509768141249, 0.8597827341951497, 0.8597985957195101], "f1": [], "aucrecauc": 0.9417832688851344, "aucloss": 1.6956658804258438, "convergence_rate": 0.9415977007512173}