{"bestEpoch": 27, "lastEpoch": 37, "mae": [], "medianabsoluteerror": [], "mape": [], "mse": [], "recauc": [], "f1": [0.010775078875665457, 0.01587952123958328, 0.01679114363989246, 0.017935944302253072, 0.01970382632105714, 0.021915305006774626, 0.021907694931121498, 0.027196350414842203, 0.021191493193871057, 0.03386597056185605, 0.03949667563776992, 0.042271509724400594, 0.043273140348099516, 0.04740798116579272, 0.0566312900557861, 0.0546414132955421, 0.05304049433482299, 0.05752390582733196, 0.061548581046119634, 0.05744885630855533, 0.059085263357097025, 0.06630993031270467, 0.06280995059145589, 0.06189255003974624, 0.05979722528881737, 0.06111624556960908, 0.06244639366871671, 0.06256918616955272, 0.06028087905070217, 0.0631986444310397, 0.0625578255993204, 0.06260447967826675, 0.061916169301855964, 0.06220427767610166, 0.061814651433136705, 0.061786078059267335, 0.06184971607253491], "f1auc": 0.7282189178650812, "convergence_rate": 0.6754869392761494}