{"bestEpoch": 105, "lastEpoch": 115, "mae": [1.934512659359993, 2.00389737109732, 2.017773649187543, 2.0306554803560166, 1.6396449726961178, 1.4807080808391369, 1.6053194234124009, 1.9332329622564797, 1.4845158326392562, 1.6823521532179706, 1.377739190380065, 3.4905281404408646, 1.527131436021159, 1.3599388799305596, 1.270567792942546, 1.1822694165371883, 1.182177725175464, 1.051454009884029, 1.0375572710236938, 0.950501930373991, 0.8809122342528078, 0.8546138675688387, 0.8095341619657889, 0.7853314365834826, 0.7748942175477876, 0.7284069513889919, 0.7102588380361152, 0.7212188110456326, 0.6834485906528273, 0.6843211235068649, 0.6837425864606308, 0.7158309175024481, 0.654525744231591, 0.6746443126605133, 0.6405274203418663, 0.652453204589409, 0.6203433430321716, 0.632671203639472, 0.6118973215707503, 0.6132248020073904, 0.5984023292572933, 0.5995001192973562, 0.5877091504845716, 0.6398250722737808, 0.6285351260683195, 0.6031109425688461, 0.5702175887802234, 0.5666470359863794, 0.5725568784621422, 0.561417170091466, 0.5726223940543199, 0.565522329282646, 0.5554162937056925, 0.5716040201543984, 0.5549795066946117, 0.5531396923955675, 0.5689042942081167, 0.5469315949069075, 0.5471517909567585, 0.5461701954757475, 0.5471284892851244, 0.5458377988895845, 0.5464518874771113, 0.5435996170187996, 0.5443027026866909, 0.5505440038706566, 0.5423089984844036, 0.5436224739370663, 0.541804349999472, 0.547311005050523, 0.5418685553125446, 0.5455972709649214, 0.5411540270260916, 0.5415511802427145, 0.5387420534801123, 0.5403477057860636, 0.5380888607262174, 0.5380823305289114, 0.5367050438536183, 0.5420479917706307, 0.5411039237668331, 0.534818995256748, 0.5361847519833649, 0.5375335286910126, 0.5351061102372446, 0.5349049658207315, 0.5342658191377094, 0.534291438454007, 0.5344171587888048, 0.5340458551224179, 0.5340134333876699, 0.5338163393860701, 0.5348341786652712, 0.5334622850133265, 0.5337537094526098, 0.5335530847607713, 0.5333211732982893, 0.5348929990577894, 0.5331251104795519, 0.5329777601859514, 0.5336084611383943, 0.5330432970581945, 0.5330086357602539, 0.5326733776600632, 0.53249541820221, 0.532606903319092, 0.5324638723058468, 0.532635829639402, 0.5328713465178909, 0.5324553402273098, 0.5326133141843388, 0.5325385860426091, 0.5326231130815395, 0.5325457895902928, 0.5325607619987826], "medianabsoluteerror": [0.9885821342468262, 1.0532009601593018, 1.2676358222961426, 1.2635698318481445, 0.9189424514770508, 0.8220033645629883, 0.9692134857177734, 1.269226312637329, 0.9267370700836182, 1.0767574310302734, 0.881014347076416, 2.580946445465088, 1.0021138191223145, 0.8949565887451172, 0.8642277717590332, 0.8246278762817383, 0.8320887088775635, 0.746490478515625, 0.7573280334472656, 0.7258892059326172, 0.6709766387939453, 0.6638350486755371, 0.6408443450927734, 0.6350352764129639, 0.6258230209350586, 0.5904932022094727, 0.573430061340332, 0.5915985107421875, 0.5617265701293945, 0.5618119239807129, 0.5610175132751465, 0.601102352142334, 0.5366861820220947, 0.5632128715515137, 0.5183315277099609, 0.5285234451293945, 0.5036993026733398, 0.5198945999145508, 0.4983482360839844, 0.4891319274902344, 0.48471736907958984, 0.48156261444091797, 0.47881650924682617, 0.5180492401123047, 0.4958658218383789, 0.48123645782470703, 0.45589303970336914, 0.4576411247253418, 0.45964694023132324, 0.46134042739868164, 0.4638962745666504, 0.466458797454834, 0.4469141960144043, 0.4690876007080078, 0.4467043876647949, 0.45078134536743164, 0.4651198387145996, 0.4446887969970703, 0.44504308700561523, 0.44467592239379883, 0.44756317138671875, 0.4377405643463135, 0.4468522071838379, 0.43976545333862305, 0.44420766830444336, 0.45182108879089355, 0.43514442443847656, 0.4381246566772461, 0.43537092208862305, 0.4467768669128418, 0.4368882179260254, 0.44736623764038086, 0.44054555892944336, 0.435546875, 0.43688201904296875, 0.43891239166259766, 0.4369997978210449, 0.43721818923950195, 0.4353604316711426, 0.44345712661743164, 0.4369678497314453, 0.4373664855957031, 0.4335484504699707, 0.43545055389404297, 0.4362344741821289, 0.43730926513671875, 0.4322059154510498, 0.4347081184387207, 0.4364485740661621, 0.4338412284851074, 0.43500566482543945, 0.4366574287414551, 0.43596982955932617, 0.43672895431518555, 0.43534278869628906, 0.43514537811279297, 0.4353494644165039, 0.43514204025268555, 0.43628931045532227, 0.4350728988647461, 0.43717241287231445, 0.43448901176452637, 0.4359164237976074, 0.4337167739868164, 0.4364023208618164, 0.4366936683654785, 0.43724870681762695, 0.43526744842529297, 0.43445682525634766, 0.43698930740356445, 0.43540287017822266, 0.4369773864746094, 0.435335636138916, 0.4360370635986328, 0.43607425689697266], "mape": [0.3815084309139019, 0.41634328093534867, 0.38798753420046844, 0.40411045769620046, 0.323488302873505, 0.2955394194016091, 0.3238484514132026, 0.3825222502881557, 0.2937333100195434, 0.33433759829810344, 0.2735862601556915, 0.6880770762993422, 0.301276662641024, 0.26622372582343024, 0.24629179319541722, 0.2312436984308466, 0.22827758946472818, 0.20565850206489913, 0.20369611002878688, 0.18221873410043266, 0.17110748899408806, 0.17190269791350754, 0.15881075304019926, 0.15215597794161723, 0.14917465019813866, 0.1465844875565508, 0.1411226425418204, 0.13949391218350063, 0.13858525940386343, 0.14019850362763375, 0.14145375564386797, 0.1377106343127131, 0.13229648697617435, 0.13078120262856613, 0.12976270346655677, 0.1355762523089922, 0.1255295560297725, 0.12363425801232666, 0.12336218968191769, 0.12193148370104705, 0.12213114573769931, 0.12360539056107485, 0.11807906930788228, 0.12376996181666713, 0.12285151404841699, 0.11794896266572576, 0.11505763232052883, 0.11342303431013669, 0.11343916414517728, 0.11273263709270012, 0.11256473105788072, 0.11647164837423234, 0.11356008407678303, 0.11256589878259997, 0.11170574436542609, 0.11065527345641706, 0.11693411444737284, 0.11026102746495313, 0.1113708716241066, 0.11066750112122913, 0.11182445578774038, 0.11018476766620028, 0.10940648835716295, 0.11030935038640918, 0.1109093358778711, 0.10933509827612282, 0.10957986704659432, 0.10938906183691402, 0.10937555571838432, 0.1087948741950732, 0.10889302640198086, 0.11180633645479855, 0.11028900255353882, 0.10858226021852331, 0.10913458812835372, 0.1102662072101437, 0.10875870295670385, 0.10782386846092203, 0.10789752861387097, 0.11158701645687098, 0.10753503135145197, 0.1078427217804892, 0.10765877643508183, 0.10759403794419463, 0.10879554713716495, 0.10873506180023076, 0.10815682483215495, 0.10811989218022539, 0.10779802094769343, 0.10813963927565992, 0.10835661666286052, 0.10767488782889126, 0.10761154326848242, 0.10783769906232175, 0.10760638837812672, 0.10778279827626586, 0.10817466508035417, 0.10733429030845565, 0.10771148638997606, 0.10782165727880232, 0.1072734097107641, 0.1073647425904177, 0.1073970732869854, 0.10808462473884965, 0.10760427667087374, 0.10749496844651499, 0.10758501825074836, 0.1074070288274552, 0.10731435066534542, 0.10751976728484776, 0.1074082905919619, 0.10746059363432035, 0.10740482312722192, 0.10744079578999129, 0.10743678985162188],