{"bestEpoch": 40, "lastEpoch": 50, "mae": [0.9265944958551618, 0.5732922905955656, 0.5213112580665722, 0.4918796791066184, 0.47522620175902147, 0.4632843506528551, 0.45480942472411395, 0.44248151165326766, 0.44893467536792697, 0.42811883064712647, 0.441477858647832, 0.4352477560164468, 0.43959514267289923, 0.4254341071469654, 0.43117368495468417, 0.42874484286453973, 0.40323877187271195, 0.42215922956731855, 0.39497452620333756, 0.39690744496275787, 0.39813618556846675, 0.3994104117410845, 0.3876820627946523, 0.3866200256380395, 0.3878490398562818, 0.38937197654794836, 0.3868643421509648, 0.3877386762806938, 0.38455280936791486, 0.3840846083150301, 0.39557951001256675, 0.3940810845391758, 0.3925009719538926, 0.38271234651795377, 0.38495189923418377, 0.38423727134065533, 0.3772682035415393, 0.3800511520587412, 0.3784899786089116, 0.38328146844478234, 0.38135005893307866, 0.38105898275025063, 0.3830442323825468, 0.3827179187030838, 0.38097480421331464, 0.38288295174889087, 0.37833431222943803, 0.38149538262783356, 0.3774206489375724, 0.3788546504247569], "medianabsoluteerror": [0.765045166015625, 0.42845869064331055, 0.40140867233276367, 0.3844161033630371, 0.38411951065063477, 0.37560415267944336, 0.3683629035949707, 0.3537254333496094, 0.35343027114868164, 0.34043169021606445, 0.356412410736084, 0.34876441955566406, 0.351198673248291, 0.34220004081726074, 0.3398704528808594, 0.3408203125, 0.31528139114379883, 0.3360724449157715, 0.30525732040405273, 0.30618906021118164, 0.30330514907836914, 0.31915855407714844, 0.29916810989379883, 0.2995622158050537, 0.29886913299560547, 0.30466604232788086, 0.2993040084838867, 0.29941892623901367, 0.30434370040893555, 0.29964256286621094, 0.31420326232910156, 0.29936981201171875, 0.30788707733154297, 0.2974567413330078, 0.29784440994262695, 0.29995107650756836, 0.2960200309753418, 0.2933492660522461, 0.2946619987487793, 0.30104684829711914, 0.2985048294067383, 0.29685544967651367, 0.29681968688964844, 0.29043102264404297, 0.3001108169555664, 0.2970104217529297, 0.2963986396789551, 0.3019571304321289, 0.2898554801940918, 0.2951493263244629], "mape": [0.19566227683113008, 0.1185615900558436, 0.10689929100126765, 0.09908430536174404, 0.09585552269331815, 0.09456248544524366, 0.09247860581134992, 0.08965326123887137, 0.09010248209038044, 0.08821463486233493, 0.09151388758665525, 0.08718139266430379, 0.09158559324237388, 0.08494986867479266, 0.08759258074353227, 0.08428238211143062, 0.08287790267531175, 0.08519655539084145, 0.0810137095507152, 0.07964480113504106, 0.08252169323230187, 0.0826296685242984, 0.07858795423952906, 0.07777183021467753, 0.07898093488812999, 0.07961995505716236, 0.07955718840423523, 0.0795191248449745, 0.07843875158541157, 0.07819024802612666, 0.08099895894492236, 0.08069981313537053, 0.08045684974945612, 0.07807440334066484, 0.07819506321567321, 0.07856661518919976, 0.07657899832946513, 0.0770721703948854, 0.07668037272449833, 0.07799509834479498, 0.07773091543900265, 0.07748043176422605, 0.07788760439064234, 0.07708363104545167, 0.07747112675101218, 0.07778114192209945, 0.07704051786911278, 0.07766452266912584, 0.07691345429892235, 0.07716679273496234], "mse": [5.679324975091405, 2.5036415642691594, 1.083657442795516, 0.5383994364683811, 0.3874856413624289, 0.3599673845270754, 0.34792565651387164, 0.3349365973093226, 0.34465287514204307, 0.31385902484868583, 0.32980357723211634, 0.32426976963603266, 0.3292653306021088, 0.3166408407092569, 0.3209015286197996, 0.32070292494169655, 0.2855141005960772, 0.3100809210366885, 0.2792129552537226, 0.27679790115380964, 0.27692899773139124, 0.2758863695235257, 0.2648133026602847, 0.26592173117699, 0.2676901876181352, 0.2691647611600576, 0.26474712746594214, 0.2654921542825263, 0.260137119624784, 0.2594321563586899, 0.28978125964470197, 0.28093119433433567, 0.274282859446655, 0.2639795427874546, 0.261457819773079, 0.2612841742771673, 0.2548926359812578, 0.2583265168197762, 0.25607064208586805, 0.25929274942262714, 0.25967675620012126, 0.25797414563356474, 0.26167418606217907, 0.2646505772515118, 0.2586260554607694, 0.25999270331295493, 0.25392745682173784, 0.26010131193283254, 0.2545176053636621, 0.2557721353347341], "recauc": [0.8027664249432154, 0.8778910503477398, 0.8842263732037468, 0.8872957326628647, 0.8895187836669008, 0.8922480129921678, 0.8942207815014251, 0.8970878721926433, 0.8955862458885778, 0.900428165027282, 0.8973203705540482, 0.8987692967717644, 0.8977588284060126, 0.9010520173198233, 0.8997161817108591, 0.9002820467422643, 0.9062141538561684, 0.9018135421506448, 0.9081361448880899, 0.9076878336649319, 0.9074007469404682, 0.9071039098417223, 0.9098324010224573, 0.9100788382992093, 0.909793124866898, 0.9094396394668647, 0.9100226706501753, 0.9098183591101987, 0.9105597308786836, 0.9106686672786742, 0.9081506502864499, 0.9083436150000171, 0.9087130992536262, 0.9109885413532771, 0.9104669993260912, 0.9106340946487372, 0.9122547853824174, 0.9116067631479936, 0.9119706169037777, 0.9108552290175809, 0.911304226886815, 0.911374539445019, 0.9109112250050959, 0.9109867217411751, 0.9113921519168738, 0.9109487845454646, 0.912006425496652, 0.9112711992105493, 0.912219732100227, 0.9118849578057703], "f1": [], "aucrecauc": 0.990944441106895, "aucloss": 0.4068758801723561, "convergence_rate": 0.9309128687880661}