{"bestEpoch": 71, "lastEpoch": 81, "mae": [0.6757859879606031, 0.6376406797559846, 0.6037162478942402, 0.5897341569478822, 0.6322355367418659, 0.5818121857035263, 0.5780927803879989, 0.585814649263062, 0.68619651077647, 0.5800877638523684, 0.5956068751775546, 0.5728652314395573, 0.5725185757928123, 0.5723661477702783, 0.5726571222309913, 0.5771131785962644, 0.5729702391818398, 0.5716828758650925, 0.5730929627398583, 0.5718535161955565, 0.5711937147919188, 0.5717318666865426, 0.5716735111995391, 0.5707349678001588, 0.571263604156329, 0.5713848463628056, 0.5732457725987397, 0.5715179210420281, 0.5704679842333877, 0.5704642079661227, 0.5705452557692572, 0.5704694515314717, 0.5704856784339247, 0.5704427401524469, 0.5704307214234143, 0.5704205539571943, 0.5704203697244445, 0.5704148705164896, 0.5704143359564865, 0.5704089283107258, 0.5704084002361101, 0.5704093188188014, 0.5704117253855289, 0.5704141429403199, 0.5704001634082715, 0.5703984737104546, 0.5703944169977649, 0.5703920804138789, 0.5703922928989927, 0.5703914559619561, 0.5703892375942099, 0.5703895879616361, 0.5703882121856744, 0.570387446205528, 0.5703829350789114, 0.5703845061570422, 0.570384894803733, 0.5703830436902926, 0.5703810804012692, 0.570379006827761, 0.5703812808859678, 0.5703765621133533, 0.5703741810361702, 0.5703730606217069, 0.5703735956386174, 0.570373648254933, 0.5703707793357009, 0.5703738939407762, 0.5703753595133043, 0.5703704789367807, 0.5703653780223178, 0.5703673088641904, 0.5703720100425325, 0.5703692942664333, 0.570361719581947, 0.570361280973067, 0.5703622256202523, 0.5703641069720026, 0.5703637452998813, 0.5703630593392295, 0.5703599724294064], "medianabsoluteerror": [0.5574027180671691, 0.5302794098854064, 0.5022623062133789, 0.48816591739654536, 0.5272612929344177, 0.47706220149993905, 0.47360105037689215, 0.4771549701690674, 0.5865424394607544, 0.47198464393615713, 0.49868273735046387, 0.4698700428009033, 0.46642311811447146, 0.4661113262176515, 0.46952476501464835, 0.47610522747039785, 0.47029000520706177, 0.4682780981063842, 0.46558387279510494, 0.4687156915664672, 0.46727783679962154, 0.46853850841522215, 0.4649845361709595, 0.46554908752441415, 0.46492187500000004, 0.46807025671005253, 0.47106525897979745, 0.46856718540191666, 0.46506831169128426, 0.4651291608810426, 0.46575686931610116, 0.46536684036254883, 0.46542577743530267, 0.46525552272796644, 0.46520448684692384, 0.4650709509849549, 0.4650963306427003, 0.46493771076202384, 0.4650105476379395, 0.4649189949035645, 0.46499445438385, 0.46499704360961913, 0.46507511138916025, 0.46512429714202885, 0.46489374637603764, 0.4648894548416138, 0.4648681640625, 0.4648616075515748, 0.46487793922424314, 0.4648507285118103, 0.4649040699005127, 0.4648428201675415, 0.4648896217346191, 0.46482644796371453, 0.4648693799972534, 0.4648776054382324, 0.46485977172851567, 0.4648167967796326, 0.46481031894683833, 0.46488292217254634, 0.4648422813415527, 0.46487247943878185, 0.46491081714630134, 0.4649362564086915, 0.46489135265350345, 0.4648520755767823, 0.4648723721504211, 0.4648819446563721, 0.4649183988571167, 0.4648674821853638, 0.46486377239227294, 0.4647615480422974, 0.4649053335189819, 0.46485410213470457, 0.4648204803466798, 0.46487469673156734, 0.4647973299026489, 0.46491384506225586, 0.46486582994461056, 0.4648836517333984, 0.4649038314819336], "mape": [0.3906596204932555, 0.3196399035025925, 0.31757457923845755, 0.3222775872423923, 0.30802770502337246, 0.32757969659302855, 0.3256908472021348, 0.34654235094504726, 0.43744199146942353, 0.34176190540851314, 0.3047558037771023, 0.31777353388773216, 0.32776216123199453, 0.32770396258276535, 0.3177921491413696, 0.31114705406597815, 0.3161904037751729, 0.3177944842336964, 0.332622943153705, 0.31727719006689664, 0.31951860972723745, 0.3174433986083474, 0.3288801144113737, 0.3215654881131599, 0.32766946093099775, 0.3175812661993325, 0.31381744123758415, 0.3167994966287558, 0.32230160833410004, 0.3222753409014383, 0.3207068828626395, 0.3214664752289058, 0.32085496663945823, 0.3213536707167906, 0.32156264481499813, 0.32168507331145385, 0.32165610267845496, 0.3217588942026403, 0.3217165032325075, 0.32185520861574585, 0.3218122349079908, 0.32178988111893503, 0.32170299668334434, 0.32162419673977827, 0.32197856250786466, 0.3219705950298965, 0.3220812625089826, 0.3220880233624547, 0.3221090711318128, 0.3220508954693396, 0.3221455235076502, 0.32207345126791753, 0.3221487360011144, 0.3220910710144161, 0.3222901443248278, 0.32213422415939796, 0.3220324342862909, 0.3220859729982208, 0.32207428464073, 0.3221499715540051, 0.3220516518321341, 0.32212623745186364, 0.3222179403769742, 0.3221986478095041, 0.3221453759849849, 0.3220375896475479, 0.32212096697777753, 0.32194433385858945, 0.3219239828433379, 0.32202693124266724, 0.32224478255305455, 0.322066677279109, 0.32184616550012873, 0.32189404623740714, 0.3221557349521981, 0.322187457859597, 0.3220416159689808, 0.32191722749833035, 0.3219014035282816, 0.3219022900515097, 0.3219295839202523], "mse": [0.7394945140096401, 0.6677062711360586, 0.5998503121307445, 0.5719070447626072, 0.6578858796157767, 0.5561119483786704, 0.5494601898199692, 0.5595645809249888, 0.7277633655164473, 0.5502727954233604, 0.5853079496343899, 0.5412181350490856, 0.5390050812630067, 0.5387623748861258, 0.5409820803875118, 0.550067606822022, 0.5418051218053186, 0.5391544180176528, 0.5392264306257077, 0.5395556221408708, 0.5380048955532696, 0.5393212670983982, 0.5373112469596925, 0.5368157761821765, 0.5367718785237814, 0.5386448857972249, 0.5425478224202106, 0.5389983519558474, 0.5362072729111532, 0.5362068841607452, 0.5366061218360328, 0.5363438465114916, 0.5364679818325191, 0.5363087911427972, 0.5362537641847904, 0.5362149616992248, 0.5362193901170508, 0.5361929001908191, 0.5361982782569713, 0.5361667103818929, 0.536172120361961, 0.5361775124796389, 0.536195539410781, 0.5362124563424558, 0.5361311618636319, 0.5361291414155034, 0.536103968415149, 0.5360982535590906, 0.5360954796694203, 0.5361029690444007, 0.5360838757393761, 0.536096000697419, 0.5360816033334915, 0.5360891702023965, 0.5360489105680544, 0.5360767738210486, 0.5360935526271989, 0.5360816417353852, 0.5360796781697409, 0.5360638046584328, 0.5360838096464088, 0.5360628593793348, 0.5360438343624178, 0.5360446472096965, 0.5360543063147752, 0.5360712912709613, 0.5360526607936554, 0.5360863670603282, 0.5360925005310563, 0.53606707931056, 0.5360229452978851, 0.5360548493408123, 0.5360978525086468, 0.5360855138194756, 0.536030159186797, 0.5360244813161666, 0.5360492379653629, 0.5360720737486112, 0.5360738769698355, 0.5360725329753725, 0.5360623386851993],