{"bestEpoch": 16, "lastEpoch": 26, "mae": [95.0153964803507, 65.53756726760996, 66.60647134694561, 56.58166114569445, 59.99962846679977, 52.971374469819445, 53.5284562493125, 56.03984551731366, 55.54979160758103, 54.211570054179404, 49.91627605420602, 53.55872782345718, 57.96687027509259, 52.90347899821296, 55.61481553400115, 57.51851207595255, 60.400294589748846, 52.31546250556482, 63.55849939649537, 52.99148530994561, 56.00822518357987, 54.1013055141794, 52.02091289928819, 54.91764776302777, 55.12516789120486, 56.54235237176388], "medianabsoluteerror": [90.08081084374999, 59.84558140624995, 61.39831578124995, 48.49536103125001, 53.05786103125001, 43.67187510937492, 44.48120158593747, 48.14892559375039, 47.42773396875009, 45.71179187500002, 39.36206095312491, 44.898071109374996, 50.87792939062501, 43.91040067968743, 47.72668410156257, 50.27465779687509, 54.113769710937504, 43.109741039062556, 57.91625929687507, 44.04602010156259, 48.26354946093761, 45.61572218750007, 42.64819382812493, 46.703247242187444, 47.005005054687444, 48.851318187500056], "mape": [0.05908104559159616, 0.04276296801630167, 0.0433412939019732, 0.037991273188149474, 0.039757433752591234, 0.035994701402521825, 0.03619151222274445, 0.037497562788085616, 0.03721689623166692, 0.036534056057204396, 0.03434234905833894, 0.03618912026622361, 0.038495803916476425, 0.03585736332979592, 0.037248948816183215, 0.03823557394250235, 0.039765307216869085, 0.03552903797622433, 0.04147373367804427, 0.035874174590936336, 0.03744297814439805, 0.036440302459460776, 0.03537013146472559, 0.03686753370455127, 0.036975595282929756, 0.037721304160031395], "mse": [11852.051876259467, 6390.002810920801, 6532.911888343398, 5337.207553494005, 5678.38634455353, 4987.296520276394, 4992.358923840293, 5207.3385766224965, 5154.718794225185, 5035.41561884404, 4742.510982691324, 4978.467368011149, 5389.932554652588, 4925.000035530798, 5151.2349379601055, 5337.67762252878, 5660.257492655018, 4873.904686354003, 6052.25354323379, 4923.247466233847, 5183.5910989476, 5010.33022571008, 4849.332870162082, 5081.142386742506, 5099.79428174819, 5234.287672802697], "recauc": [0.9515183962840729, 0.9665584780700293, 0.9660129124023513, 0.9711300463379672, 0.9693851014731103, 0.9729700525608116, 0.9726875650528015, 0.9714060146755417, 0.9716556396380379, 0.9723387005367203, 0.9745295566593696, 0.9726710300659696, 0.9704211161856927, 0.9730051375507922, 0.9716221548080733, 0.9706504724546529, 0.9691803698888407, 0.9733051971863853, 0.9675694532416205, 0.9729609257222018, 0.9714216606845869, 0.9723948246676519, 0.9734555529627037, 0.9719778940857048, 0.9718727280135421, 0.9711488037692657], "f1": [], "aucrecauc": 0.9962762450492151, "aucloss": 5404.699374352524, "convergence_rate": 0.8422887015711847}