{"bestEpoch": 51, "lastEpoch": 61, "mae": [], "medianabsoluteerror": [], "mape": [], "mse": [], "recauc": [], "f1": [0.354320319181016, 0.4103018777532088, 0.4528744738817271, 0.4768361601244678, 0.4570915996218509, 0.48528298572508966, 0.5042075238681248, 0.5143230344623135, 0.5031998337761815, 0.5284403102051034, 0.5254188795561974, 0.502180108614405, 0.5430326433313004, 0.5290081687937249, 0.5476604796385109, 0.5521198200152231, 0.5714970456098399, 0.5554689985606636, 0.5690339305573612, 0.5706469294592313, 0.586441696284513, 0.5853795330853069, 0.5891080618010519, 0.571553092922671, 0.5852634053212383, 0.5934812500647056, 0.5928572037995041, 0.5944292101808595, 0.6069127998705696, 0.5931154261241358, 0.597876768016366, 0.5966594107899376, 0.5928597309784177, 0.6069352260916824, 0.6087982860455852, 0.6013169939508587, 0.6036632820291495, 0.5984623324174431, 0.5967779079722275, 0.6005897477285824, 0.6062195907779111, 0.6079479894480421, 0.6066314855590614, 0.604889587354124, 0.6088930423974117, 0.6080454729421974, 0.6096978377424009, 0.6089533653837712, 0.6160578404675, 0.601140288505451, 0.5934175161454321, 0.6035475140049787, 0.6118251323171189, 0.6087755541284056, 0.6072128993351636, 0.5994990908211806, 0.6125220611839329, 0.6112709828223886, 0.6023593050182153, 0.6056995786255485, 0.6054988834707543], "f1auc": 0.9283658029927513, "convergence_rate": 0.8313928836224982}