{"bestEpoch": 108, "lastEpoch": 118, "mae": [], "medianabsoluteerror": [], "mape": [], "mse": [], "recauc": [], "f1": [0.014040474711345063, 0.01867376554613337, 0.02070917692401835, 0.022502680942899398, 0.021858853911810458, 0.022274009622298526, 0.020151159870622957, 0.018778696171030902, 0.018281404385254253, 0.018106098720680905, 0.018245463658034797, 0.017789678611228352, 0.01704221010223188, 0.016740535233035807, 0.016358243087974435, 0.016470653270624, 0.01603267189840225, 0.01618672274463176, 0.01568143068484181, 0.015668926628184317, 0.01580157705650216, 0.015069682023046267, 0.014878687508529347, 0.01476983237651448, 0.014736211479891402, 0.01457269468522877, 0.014508789277867966, 0.014392410834893643, 0.014518379004799449, 0.014310600875686481, 0.014252152547701881, 0.014301937185804454, 0.013650755285576743, 0.014067829072932705, 0.013954509631002225, 0.013703835562663054, 0.013495222876498068, 0.01283558158046293, 0.013231442218941977, 0.01309018527049075, 0.012998486669685512, 0.013436429573299165, 0.013205110948969699, 0.013102899784972928, 0.013494133400773328, 0.013355234572752311, 0.013333358308454167, 0.013327798039260898, 0.01279925182319024, 0.013340250264808751, 0.013028929572793353, 0.013173450409113822, 0.01367158019937135, 0.012993099143032583, 0.013087576355310628, 0.013755348559161766, 0.014068249108762636, 0.013055590237494146, 0.015436782061511074, 0.014385605714561269, 0.015003162164856107, 0.015536273221539408, 0.015233157711301732, 0.015552077161843675, 0.015820563716115427, 0.015065374463646577, 0.018024800435432427, 0.016715125272990468, 0.0167007823092682, 0.015165336764340833, 0.0170642358048817, 0.015529892716346012, 0.017526574627270353, 0.018656797876053968, 0.01875340883622725, 0.017838090308932377, 0.01795934389366403, 0.018331429939726817, 0.01768755504818666, 0.017829726677156457, 0.019732279051903515, 0.02268330336512721, 0.016259402533794532, 0.019941452252681777, 0.021101258387940306, 0.02096068226408915, 0.022787093994785696, 0.01931579512562146, 0.019794563881923598, 0.020206384985506986, 0.02189802768870056, 0.02207233074037742, 0.020338246891156264, 0.02205039053537385, 0.02179810386527676, 0.022167432562633815, 0.022832123879657662, 0.02294509188256812, 0.022935743111949323, 0.023126222157118546, 0.023011946340761386, 0.02311890972628052, 0.02289490211220681, 0.022888470227546677, 0.02277862808318822, 0.02272783109733377, 0.022771311651273062, 0.022750219963855157, 0.022748795283124467, 0.02274875506502133, 0.02275333507500005, 0.02274678652096718, 0.02275566406594164, 0.022751846572038666, 0.022750747957871353, 0.022751907160103026, 0.022747746403310717, 0.022748842230123523], "f1auc": 0.7642103716290045, "convergence_rate": 0.47197259682861803}