{"bestEpoch": 83, "lastEpoch": 93, "mae": [1917.477386847468, 1840.3541191178856, 1769.2715201132107, 1698.563497864766, 1627.3082950101857, 1566.64732310642, 1508.8066998357494, 1442.0729096927012, 1382.9461474268953, 1342.1538610680266, 1282.8954630735966, 1232.545169494495, 1216.1966576898437, 1173.205507859838, 1155.8024979585794, 1093.6041027129918, 1054.2060054546007, 1017.9106695442274, 1003.2157802122686, 975.62165187568, 949.4898872272424, 943.1347398838542, 894.7032026026765, 876.7699056462963, 836.4566256441261, 813.2844161533855, 827.4604097605179, 788.761894099349, 771.9796496332032, 710.5868135239004, 701.1984684627748, 697.2796352289063, 668.7370436309607, 640.8283332540799, 648.6729170395255, 639.0543773440683, 597.1468031979178, 610.7554789791678, 592.6256159691852, 575.1539416527789, 570.8403784836528, 541.3570110431458, 514.0676189528854, 527.9109098604039, 519.3446282487141, 490.19927344849765, 484.04396297378935, 479.45139040072803, 447.6710037181794, 463.7564037288542, 437.75385215141665, 427.5372875168704, 422.4280482410961, 405.4000845185683, 388.86922590304744, 381.4169006716354, 378.044158285206, 389.45678576290396, 371.015231184279, 375.5808241019548, 360.108132714088, 350.53257240257295, 363.3249512723229, 343.1458651181239, 338.4186102715452, 333.56982762921535, 328.8087703375116, 321.1639371488542, 323.4004781283102, 310.7107550018634, 311.2772751117315, 298.2785320742604, 299.69141642394214, 295.94593796304054, 292.6044095704433, 277.4352133355648, 278.6965836878507, 280.77656764697684, 278.04286602312845, 271.73030265479514, 263.5047959814097, 265.8857821286898, 261.9652444767801, 262.43114705562846, 263.62283810018863, 261.89622519871295, 263.67168872229513, 261.53119467209257, 262.2802975547604, 262.1168268878044, 261.5744553419421, 261.6395944840139, 261.8884967373414], "medianabsoluteerror": [1684.7561183603516, 1617.331298765625, 1555.601578165039, 1493.6024743845214, 1430.069278888916, 1376.5138087353516, 1326.6499707739258, 1265.533203296875, 1213.9424592861328, 1178.7256773105469, 1124.2685245214843, 1078.42785603125, 1070.052367984375, 1030.6684573828124, 1015.9553225546874, 960.3978877148438, 925.1825868496094, 892.791382015625, 880.3171998867188, 857.0645751953125, 836.6002811679687, 831.3063354492188, 787.2251585117187, 773.0720211328126, 734.0244755039062, 718.42407209375, 730.0981446484375, 693.6547848046876, 683.5707402148437, 628.5032345742188, 617.478149765625, 613.5171513476562, 589.7249755234375, 565.293701109375, 576.610717953125, 566.9585569570313, 531.6862790078126, 544.1689454921875, 529.6674809374999, 512.0193477929688, 510.7865595898438, 482.36627197265625, 458.3202511132813, 473.45898396093753, 465.433837890625, 436.6954341640626, 435.12127673828127, 429.4198612539062, 400.5058589687501, 416.3094479453125, 393.6757811328125, 384.6232914218749, 378.32220452734373, 363.773071109375, 347.10974097656253, 342.20788532812503, 339.6298831015624, 349.49444568359377, 332.40405314843747, 338.723388734375, 325.7336427578125, 314.50183140624995, 328.29492146093753, 310.1707760781251, 305.6713868984375, 302.1806643515624, 298.55676310937497, 291.5330813515625, 293.6314696640625, 282.81420928125, 283.0890498242188, 271.4624021640625, 272.5614016562499, 270.2641602734375, 267.1260988125, 252.99536174218747, 254.3707275390625, 257.46655238281255, 254.6765138515625, 249.12097162500004, 241.16174322656252, 243.60461467187497, 240.47460902343755, 240.20568800781257, 241.76660197656247, 239.9010006796875, 242.1708982578125, 239.85681169531244, 240.7434083828125, 240.464966, 240.116943359375, 240.13330095312494, 240.38488792968747], "mape": [1.167868020477306, 1.1204069840587487, 1.0767837962249702, 1.03320292380613, 0.9891092713230208, 0.9519316332462597, 0.9166440040623474, 0.8751630052004766, 0.8384872984373267, 0.8138109290162516, 0.7767686591234375, 0.7454833901576373, 0.7367684181356036, 0.7099831447286608, 0.7002982895839944, 0.6607109555890981, 0.6362427207035248, 0.6134191733821254, 0.6054062632288358, 0.588556737115414, 0.5729270756320037, 0.5700439893218092, 0.539407629381487, 0.5287062829090603, 0.5032662310822233, 0.4890501768209671, 0.49957214655791765, 0.47496289876560643, 0.4649844906187634, 0.4249291181309263, 0.41977921921351724, 0.4184884326876725, 0.40033199892403015, 0.38284479852309544, 0.3889942837532692, 0.3835886476068621, 0.35643740710601135, 0.3666481647498508, 0.3553004630198711, 0.3445258891357804, 0.34260888549855495, 0.3236813219678143, 0.30587103595518633, 0.3160668510285996, 0.31111055956714717, 0.29236513727695934, 0.2886384300060414, 0.28646831309085663, 0.26594588101756456, 0.2771871569470699, 0.26054237258678237, 0.25414503929131493, 0.2515009893771188, 0.24049913166815373, 0.23005994539878907, 0.22569281254146323, 0.22404373104504677, 0.23202200382656543, 0.2203951886169471, 0.22366612024487717, 0.21386783287183034, 0.2079689016838118, 0.21681524828520324, 0.20392114166002553, 0.20128228961871722, 0.19823442627904037, 0.19552612216782136, 0.19086284338576182, 0.19268783993109248, 0.1846765994673128, 0.1854809978953549, 0.17719006778086743, 0.17836415551432996, 0.17624991433503817, 0.1743771430139337, 0.16462978409310625, 0.16572084541774462, 0.1674298658003694, 0.16586924755219964, 0.1621269077520171, 0.15674913463621132, 0.15832296703366996, 0.15579230469733876, 0.15617741651390712, 0.1569720366396688, 0.1559027334801721, 0.15710798861988773, 0.15570906683816055, 0.15621050432441552, 0.1561053504838209, 0.15576503228789096, 0.1558082598721044, 0.155973487085545], "mse": [4048712.4065322927, 3732128.6013483317, 3451069.6780005097, 3183482.344739759, 2925888.624695982, 2713106.8739913427, 2517034.3243736587, 2303893.7231184924, 2122431.3783941297, 1998538.7522389034, 1831084.8260310115, 1694024.7120103613, 1643512.6760124858, 1532249.9959585667, 1483495.183547326, 1335654.3309360577, 1243858.0060029393, 1163070.9084709357, 1126546.9136836973, 1065628.6487635332, 1009200.7516546833, 992047.300864442, 897488.7372803402, 861200.8436774687, 787690.989015406, 745668.68807574, 765037.6294948286, 698805.5058915778, 669142.9974884802, 575874.072526914, 559225.3505174916, 550038.2571595111, 508677.7530165698, 469055.9570915566, 476647.95501354075, 461726.37766718195, 408080.15190785285, 421765.99189598847, 398147.93752477365, 375680.6344912861, 368614.27248629497, 334253.73267118435, 304592.86556416814, 316937.57772678486, 306409.42315714585, 275577.43648613186, 268993.21490532457, 262752.04363573383, 231911.65759739873, 245779.82840149134, 220976.9572325063, 211623.93542014752, 205791.4458420402, 190992.46966202834, 176846.33576847013, 170186.8183641368, 166575.1933475205, 174836.214888264, 159823.72740417017, 162878.85915287328, 150819.66331435923, 143086.79579750536, 151814.99943693273, 136787.54405255368, 133001.5850604033, 129444.55811740317, 125720.36443431879, 120016.08630601855, 121155.50234256125, 112603.14982727176, 112351.3751428584, 103952.59013518102, 104551.97105779365, 101918.42102551195, 99532.99199049406, 90401.09217684486, 90860.63212211756, 91764.14717365328, 89951.92777972213, 85969.46515353782, 81446.27997119667, 82763.62740402155, 80623.49022122401, 80771.33077436224, 81409.66994128743, 80414.86076613462, 81362.44685130526, 80179.53581244429, 80578.82644804893, 80481.57056056087, 80175.63329345173, 80207.86207499399, 80342.16500102526],