{"bestEpoch": 34, "lastEpoch": 44, "mae": [], "medianabsoluteerror": [], "mape": [], "mse": [], "recauc": [], "f1": [0.002644196074942636, 0.004708050348643042, 0.0028892980990081066, 0.005513289120138075, 0.01949211300806961, 0.03663120328106003, 0.05784788586683814, 0.055255991848533526, 0.062155784864757, 0.06969277625670768, 0.07171081064902558, 0.0830540633416645, 0.07913099823383599, 0.08079463539227667, 0.09193366375280679, 0.09369266089976143, 0.10191775107617633, 0.1009349342392136, 0.10047691817165899, 0.1036376194242242, 0.10899583295556985, 0.10808791048230869, 0.1159444221800307, 0.11183922266303127, 0.11758952086385102, 0.11551637507914703, 0.11684900253110056, 0.1222494953094047, 0.1151748203688644, 0.12555249091549492, 0.12556363411385765, 0.12696935471995824, 0.12591476910029537, 0.12685303376966459, 0.12605010104413178, 0.1279379750752234, 0.12868387526804642, 0.1279568230983411, 0.1282410580468756, 0.12813800907434683, 0.1283931399877474, 0.1281200204485358, 0.1279957304298902, 0.12811915241870822], "f1auc": 0.7412194709445646, "convergence_rate": 0.7357904944224043}