{"bestEpoch": 46, "lastEpoch": 56, "mae": [0.746118534088024, 0.6849212689228468, 0.6794156127120311, 0.6592943849660698, 0.6198463156651104, 0.5792370389298596, 0.5071585889333543, 0.48661355646440707, 0.47434916040551095, 0.45622877649530363, 0.5768728383798958, 0.4568651192223024, 0.5047480459638297, 0.4591499854858881, 0.44069359924883417, 0.43426127503613404, 0.4343935336384624, 0.4253060948212267, 0.4294949388995503, 0.42509642108494894, 0.42809994147182256, 0.42759720964831505, 0.4275667766970793, 0.4229769668141976, 0.43046553273870436, 0.4198450819626693, 0.42035774568781126, 0.42826722555071306, 0.41677600787127483, 0.4192815194219298, 0.4185957268017258, 0.4191873604593708, 0.4181165434570115, 0.4137972983144653, 0.41389698342841036, 0.41557758041405374, 0.415541444499509, 0.4156375972226565, 0.4153773243197493, 0.4144318888780983, 0.4142823460757391, 0.4144034192717304, 0.4135771249593665, 0.41444469901069, 0.41423746092797015, 0.4136654573448386, 0.41434470169541254, 0.41410686512977085, 0.4142906115570103, 0.41413739642902475, 0.4140821078503979, 0.41404209360011474, 0.4140458914350567, 0.4140121333582039, 0.41399310690447144, 0.41398982255375166], "medianabsoluteerror": [0.6071843814849853, 0.5214066994190216, 0.589899560213089, 0.5563509488105773, 0.5135901570320129, 0.4783187341690063, 0.4044058692455292, 0.3975607705116272, 0.36619082689285276, 0.3583884763717652, 0.49098661899566653, 0.35772708654403684, 0.39778208136558535, 0.3624393022060394, 0.35308387279510495, 0.341071025133133, 0.3489185237884521, 0.3327433872222901, 0.3419389033317566, 0.3379483747482299, 0.34168145656585697, 0.34154415845871, 0.34069942355155947, 0.335173305273056, 0.34370968580245975, 0.3282101058959961, 0.3324304676055908, 0.34284516811370847, 0.3256309854984283, 0.32796244025230403, 0.32566132187843316, 0.3323487389087677, 0.3313450241088868, 0.3252794885635376, 0.3256824851036073, 0.3286752533912658, 0.3283920598030091, 0.32847699642181394, 0.3282922625541686, 0.3272584795951843, 0.3269957780838012, 0.3272030305862427, 0.325909698009491, 0.32727077007293703, 0.32711114883422854, 0.32603066444396966, 0.3270787751674652, 0.3268366420269012, 0.3270833599567413, 0.3269610071182251, 0.3268186688423156, 0.32678693532943737, 0.3268174302577972, 0.3266979992389679, 0.3266667389869691, 0.3266358804702759], "mape": [1.069434252445481, 0.79695740615453, 1.026082091211515, 0.9620801252905998, 0.8987259287246205, 0.8463382247788176, 0.6940804687933879, 0.7392612926852465, 0.5996229804369141, 0.6260081849738479, 0.8892562552619334, 0.6401762382885348, 0.706107920709193, 0.6240806439765042, 0.6642088026515559, 0.6150986910871833, 0.6579740932566508, 0.6069399078063675, 0.6284237922616456, 0.6377555815124408, 0.6507377132471314, 0.6601225648255777, 0.6635637693516726, 0.6255308106140441, 0.6738049484298161, 0.6145286617598539, 0.6463251054937654, 0.6446360819200526, 0.6042242164560537, 0.6083739665538794, 0.5855369112386875, 0.6256893620525831, 0.6266778702532189, 0.615516126757555, 0.6187838196242251, 0.6285466797805036, 0.6212928455770715, 0.6277431280221748, 0.6215947101515894, 0.6203087709146432, 0.6207202290884358, 0.620753686705902, 0.6172268653655554, 0.6215075659308583, 0.6198971836274646, 0.6185262929241444, 0.6228812348762996, 0.621418048013871, 0.6213428148576647, 0.6213181650090397, 0.6206758353687366, 0.6204259234727872, 0.6202999031846319, 0.6202744023054833, 0.6200764181307025, 0.6201184986390345], "mse": [0.9335814839814289, 0.8452687347295019, 0.72090964507349, 0.6975032071086055, 0.6267821825896273, 0.5484516270547997, 0.4442118502216675, 0.39646770022748185, 0.4004942366477571, 0.36295850356738785, 0.5215367911486958, 0.3637129417217485, 0.4416033206101757, 0.3638111783701042, 0.33031622721657133, 0.32848452548675106, 0.31837863559169854, 0.3152685307353145, 0.31495240941314273, 0.30841914481884325, 0.3108410951821166, 0.30926200462471964, 0.30970241053202924, 0.3055350333685766, 0.3131890428063582, 0.307246472358854, 0.30238279726668454, 0.3094511523534758, 0.3027246270938126, 0.30683494237841025, 0.3076601274178222, 0.29930985969066315, 0.29806046672676906, 0.2951638933151163, 0.2949736471814426, 0.29536591748745694, 0.29557789198120205, 0.2954134356433534, 0.2951054225888417, 0.29434489013813014, 0.29422979831927143, 0.2942954545579687, 0.29381866601430695, 0.29428095620929795, 0.2941695918940688, 0.29380929024623115, 0.29417057198500945, 0.29402228504784894, 0.2941429363887614, 0.294031754646848, 0.2939967515693471, 0.2939750324773957, 0.29397684232399734, 0.2939554800977119, 0.2939448318207237, 0.2939409460725506], "recauc": [0.826487977768097, 0.8407138169659225, 0.8419832825477578, 0.8466632170304235, 0.8558377567758197, 0.8652818058542768, 0.8820467106082902, 0.8868230229403363, 0.8896757302647428, 0.8938897242740697, 0.8658300817742157, 0.8937415720303957, 0.8826051095799953, 0.8932103423152259, 0.8975027811723841, 0.8989989078113942, 0.8989681157719482, 0.9010816668347802, 0.9001074283387406, 0.9011304745788625, 0.900431892581322, 0.9005488005030395, 0.9005559136146969, 0.9016233455681827, 0.8998817503499087, 0.9023518770674633, 0.902232598539272, 0.9003930944953191, 0.9030656557573631, 0.9024830312421498, 0.902642414306682, 0.902504776339146, 0.902753733954921, 0.9037584530615919, 0.9037353188111699, 0.9033443780851668, 0.9033529158867329, 0.9033304878431455, 0.9033909696449468, 0.9036109850567448, 0.9036456634951933, 0.9036174940481916, 0.9038096818093423, 0.9036079780241665, 0.9036561331891978, 0.9037889201037479, 0.9036311575028395, 0.9036863967042241, 0.9036438666413901, 0.903679281654213, 0.903692225979669, 0.9037013414106131, 0.9037006436033109, 0.903708547563244, 0.9037129107972367, 0.9037135607918162], "f1": [], "aucrecauc": 0.9897994303701468, "aucloss": 0.35858650874718145, "convergence_rate": 0.880790346859432}