{"bestEpoch": 55, "lastEpoch": 65, "mae": [1.5620664571348923, 1.2517242560957946, 1.219178281450779, 1.152369592838831, 1.3506382392355556, 1.3036342121422844, 1.0898425633089672, 1.016583903892483, 0.9244162118029766, 0.9426865198748897, 0.9002089533165808, 0.8414898012006075, 0.74173090873696, 0.7582937824001764, 0.7318240605061954, 0.6931763832159071, 0.7031862547501558, 0.6762367209903652, 0.6393426357574411, 0.6234754029721523, 0.6609093832715942, 0.6587251098631502, 0.6425083707461765, 0.5938363237312231, 0.5850118733827412, 0.5745790323931206, 0.5603676764694145, 0.5553851693183174, 0.5622567834209177, 0.5491956515366213, 0.5625213189424619, 0.5461096844638781, 0.541910549393643, 0.5590066892602293, 0.5556401499267956, 0.5420973449894296, 0.5318854009004299, 0.5278116679461683, 0.5228550128006992, 0.5209029162007839, 0.5408908600582931, 0.5233516495865397, 0.5300710161158689, 0.5211534874978607, 0.5145055335942225, 0.5200809201464144, 0.5114635274535473, 0.5117775509130738, 0.5097743953334234, 0.5128253878820324, 0.5117147947724562, 0.5103990146068621, 0.5153606348826719, 0.5075710188102526, 0.5110081376548162, 0.5110106728472253, 0.511778817240659, 0.5114207230930348, 0.5137066998270586, 0.5132991989330864, 0.5142765295616016, 0.5106935653332947, 0.5097553261031083, 0.5129074011723118, 0.5108222486716629], "medianabsoluteerror": [1.1404311656951904, 0.9419779777526855, 0.947288990020752, 0.8617010116577148, 0.9997315406799316, 0.9830112457275391, 0.8332602977752686, 0.7734098434448242, 0.6920194625854492, 0.7155323028564453, 0.6909198760986328, 0.6438453197479248, 0.5525708198547363, 0.5646152496337891, 0.5575790405273438, 0.5252594947814941, 0.5610795021057129, 0.5212726593017578, 0.49167633056640625, 0.4881143569946289, 0.5340776443481445, 0.5332694053649902, 0.5084881782531738, 0.4654867649078369, 0.4691133499145508, 0.4557375907897949, 0.4450697898864746, 0.4373281002044678, 0.4488053321838379, 0.44107675552368164, 0.44907331466674805, 0.43966150283813477, 0.4344291687011719, 0.45571327209472656, 0.43940258026123047, 0.4330863952636719, 0.4199686050415039, 0.43068361282348633, 0.41790103912353516, 0.4151191711425781, 0.4262537956237793, 0.4209280014038086, 0.42277050018310547, 0.4112257957458496, 0.39838123321533203, 0.41549205780029297, 0.40627193450927734, 0.40718841552734375, 0.40068554878234863, 0.4052391052246094, 0.4015951156616211, 0.4034738540649414, 0.40670275688171387, 0.40065908432006836, 0.40984153747558594, 0.40496206283569336, 0.4047560691833496, 0.40772461891174316, 0.406705379486084, 0.4110527038574219, 0.4031543731689453, 0.402618408203125, 0.40353965759277344, 0.41232967376708984, 0.4015493392944336], "mape": [0.2789891955363861, 0.2542020984350597, 0.2500317373839425, 0.23211587732452021, 0.24364385485070186, 0.2359867461195831, 0.21144125974010325, 0.20118343991635707, 0.18196721049417755, 0.18159270998808952, 0.17257104237172158, 0.16643273374174353, 0.14527921756852055, 0.14598708450715261, 0.14200271990928479, 0.13611668289233111, 0.14105714995881563, 0.13687543274962236, 0.12762478237133676, 0.12317156979856372, 0.12665381819109847, 0.12528131911936935, 0.13101713888484423, 0.11631507931465676, 0.11645487009346857, 0.11479019895108342, 0.11268643822879493, 0.11127732028908914, 0.11312575950739377, 0.11083279335208891, 0.11566800204026301, 0.10662038308575127, 0.10885132905807154, 0.11287613471051611, 0.10749592062009874, 0.11092566660321378, 0.10497750499612116, 0.10752744134020996, 0.10393139388841141, 0.10430517807498713, 0.10620626953850154, 0.10428553613646308, 0.10716603472577052, 0.10343454456330138, 0.10204591928679121, 0.1046844421920958, 0.1013769390686897, 0.1015367828467837, 0.10191735866239691, 0.10340597793047097, 0.10238459333646183, 0.1019269185151619, 0.10297949697008879, 0.1014655206355564, 0.10245372787716811, 0.1018391437835325, 0.10232289718238935, 0.10190257006990794, 0.10258653784553598, 0.10246761487207842, 0.10258974025949089, 0.10186493238536237, 0.101904453918882, 0.10247772353580385, 0.10208214159840145], "mse": [28.60383256157632, 23.010074492778166, 19.44882992929374, 16.19304660032821, 14.694483802193023, 12.165503803420835, 9.06920821856873, 7.317475844811141, 5.845414719602606, 4.915289193566224, 3.9746344946910295, 3.1104330138291423, 2.691939478484104, 2.2266449347104147, 1.5663544264413014, 1.465728517093828, 1.1567343326784645, 1.0175103047960132, 0.9296084294503734, 0.8871886698519623, 0.8509436639361438, 0.7959798846433668, 0.7254471936630271, 0.6305577138884328, 0.5864710176413771, 0.5637889048343662, 0.5370301699796365, 0.5301900363315046, 0.5356439478525641, 0.5178081126675448, 0.536702699780128, 0.5091911713501931, 0.5013999064518408, 0.5274460557296615, 0.5238052752148106, 0.4975807143231266, 0.48384520963486066, 0.47517104586577086, 0.46260957985170104, 0.4665536686630424, 0.5007457943593101, 0.46764902798917707, 0.47579904000332757, 0.4659727083645767, 0.45610411947084906, 0.4626814959751688, 0.4508532919161065, 0.4515284763404772, 0.4491714022870576, 0.45299733574562084, 0.45082710198268905, 0.44855090240846196, 0.4561922597801897, 0.44897976683233976, 0.44948610588693594, 0.4525493026043626, 0.45415371896102197, 0.45103933214271524, 0.4530734181820248, 0.45274069566354214, 0.4565832095535893, 0.45184091634920703, 0.44971754282477516, 0.453077045229486, 0.45300002275296836], "recauc": [0.6839670922121391, 0.751807930535587, 0.7554287354585099, 0.7669877526715939, 0.7174341189697412, 0.7247497664287541, 0.7705367000826414, 0.784548468578406, 0.8032879154719454, 0.796620358911964, 0.8041617412685313, 0.8156018313812158, 0.8380183023451677, 0.8322420810567154, 0.8355748207845158, 0.8445444098134496, 0.8400414020118113, 0.8456210708609482, 0.854138537781001, 0.8577234654464416, 0.8478583354387619, 0.8478124503147192, 0.851183161570534, 0.8623173680224184, 0.8639897288733336, 0.8663642711679339, 0.8696689957358249, 0.8708279169832535, 0.8692284779456318, 0.8722669554974721, 0.8691674351094567, 0.8729862859269106, 0.8739609800320918, 0.8699865695460725, 0.8707682817715344, 0.8739188199630125, 0.8762923494546503, 0.8772406420182012, 0.8783933834509439, 0.8788474281688383, 0.874199040226714, 0.8782775119255832, 0.8767150831114695, 0.8787893379107907, 0.8803355962098097, 0.8790397234024809, 0.8810428760006107, 0.8809692332089373, 0.8814358435500261, 0.8807262634948699, 0.8809845454164366, 0.8812905835726037, 0.8801371211614811, 0.8819488368335632, 0.8811489284870815, 0.8811477268564482, 0.8809690958797219, 0.8810521800549435, 0.8805211279796019, 0.8806161597965496, 0.88038884561302, 0.8812223309526285, 0.8814413367186359, 0.880707037404736, 0.8811920155283636], "f1": [], "aucrecauc": 0.9657206165544616, "aucloss": 2.631796866904845, "convergence_rate": 0.854399399691728}