{"bestEpoch": 147, "lastEpoch": 157, "mae": [0.45693862322886397, 0.42520563993152316, 0.39447720618151444, 0.3875703707153606, 0.3842502303608376, 0.38641895236283774, 0.371593089469022, 0.3920329958950947, 0.42581950363228643, 0.36019211605284607, 0.3652631510515155, 0.37783948529293887, 0.3704478618017111, 0.3744251289392103, 0.34872820854034525, 0.346195243682387, 0.34548779483913306, 0.3468846068348622, 0.34688436787292015, 0.34488634830432124, 0.34581579358231646, 0.359570183942586, 0.3427987744967834, 0.34471508084634456, 0.34846863679377693, 0.34462175834274494, 0.34335069626477327, 0.3396069078372721, 0.3392116129985358, 0.3389822556946919, 0.3398294185408412, 0.3395820494622491, 0.3389224491653407, 0.3395032986842207, 0.34074352707505945, 0.341804830550519, 0.34583291580235254, 0.3377564963341555, 0.33767417045410236, 0.3386572419696899, 0.3383194155848887, 0.33792722362821387, 0.337848808193207, 0.33779682762476376, 0.3377592458691535, 0.3376611745050799, 0.33769526066642064, 0.3377004592581989, 0.33769616424382365, 0.33771533823325756, 0.3376878366784768, 0.33771335445064016, 0.3377165977201853, 0.337728994583634, 0.337710907908381, 0.3376988045328857, 0.33768239165584507, 0.33770760329840505, 0.3376855435571316, 0.337666385782954, 0.33765947828761966, 0.3376790290072161, 0.3376545755233017, 0.33765907563049746, 0.3376551110456565, 0.33765474892904623, 0.3376811776411048, 0.33765892626076893, 0.3376732188225233, 0.3376854506570028, 0.33767971688144166, 0.3376796849090829, 0.3376881807916144, 0.3376393502354605, 0.3376635888238634, 0.33768816623940684, 0.3376656783135948, 0.33766081946320475, 0.3376738699424906, 0.3376464469343081, 0.33764212626949547, 0.3376555997118738, 0.3376569745750502, 0.3376396675293537, 0.33763180593678743, 0.33761912815990297, 0.3376194690844967, 0.33763381968406253, 0.3376182702650033, 0.33762443298876427, 0.33763444376128054, 0.33765470962870026, 0.3376354530393475, 0.3376077929862891, 0.3376251652931067, 0.337627901779903, 0.33761082665592906, 0.33762219610313804, 0.3376238996398481, 0.3376313050103223, 0.3376022909072724, 0.3376067495387677, 0.33763381234591505, 0.3376136306933765, 0.33763036007449837, 0.33764752268106146, 0.3376283493499257, 0.3376091018734224, 0.3376042977352066, 0.337608034792324, 0.3376046629325467, 0.3375969309536049, 0.3376197985884428, 0.3375978658821497, 0.3376079001026817, 0.3376185690327269, 0.33758812650793063, 0.3375771338613305, 0.3376020696403258, 0.3375911120916739, 0.3376015526908775, 0.3375865583262081, 0.33757453482226124, 0.33760484738678803, 0.3375862785827058, 0.33758079371531674, 0.33758238286718384, 0.3375491451746305, 0.33759510281409266, 0.33759023587668097, 0.33756821930918895, 0.3375764475672062, 0.33758821038091275, 0.3375709250981627, 0.3375526886568072, 0.33758916897022484, 0.3375902695391959, 0.33755448951110983, 0.3375382114641052, 0.33755704845948414, 0.3375398914095678, 0.33754235936335536, 0.33755965111990544, 0.3375417830196417, 0.337562814494443, 0.33756181966237925, 0.337506399816088, 0.3375326084603513, 0.33752256247710144, 0.3375496613793501, 0.3375538652939353, 0.3375297569965954, 0.33753177128137746, 0.33754411880729757, 0.33752439274670204, 0.33753770474226025, 0.3375467755708214], "medianabsoluteerror": [0.3588469421863556, 0.3459935903549194, 0.30810276508331297, 0.30532615542411806, 0.29989620923995974, 0.2977354741096496, 0.2897806906700135, 0.3021773654222488, 0.3272726893424988, 0.2793841719627381, 0.28122814536094665, 0.30470908641815186, 0.2838824307918548, 0.2880123972892762, 0.2704190301895142, 0.2675587785243988, 0.26670801281929013, 0.26881959676742556, 0.26803731083869936, 0.2654727709293366, 0.2657915925979613, 0.2768334627151489, 0.2660063076019288, 0.2680948436260223, 0.2689326763153077, 0.267371062040329, 0.26530966758728025, 0.26234082102775563, 0.2620130360126496, 0.2618056988716125, 0.26227604150772094, 0.26278383731842037, 0.2617484521865844, 0.261827585697174, 0.2635008454322815, 0.26463519454002393, 0.26785923719406135, 0.2608023643493653, 0.26078019976615907, 0.26112853288650517, 0.2611239290237428, 0.26102464199066155, 0.260872266292572, 0.26083037376403806, 0.26081364154815667, 0.26066031455993666, 0.26072518229484565, 0.26073600053787227, 0.26080249071121214, 0.260829576253891, 0.26081752896308896, 0.2607857584953308, 0.2608776545524597, 0.26082563400268555, 0.26086957693099977, 0.26079964637756337, 0.2606883275508881, 0.2608152556419372, 0.26077479124069214, 0.260710756778717, 0.2606555712223052, 0.2607035994529725, 0.2606390213966369, 0.26058959960937494, 0.26061533689498906, 0.2606289863586424, 0.26080721139907825, 0.26065143585205086, 0.26075296163558964, 0.26084910869598393, 0.2608183979988098, 0.2608427023887635, 0.2608406364917754, 0.2606848132610321, 0.26072413206100464, 0.26082803606986993, 0.2607986986637115, 0.2607754302024841, 0.26082049608230595, 0.26073674201965336, 0.26078916668891905, 0.26080131888389585, 0.2607957243919372, 0.2608024454116822, 0.26084433376789096, 0.2606535571813583, 0.2607413685321808, 0.2607468473911285, 0.2606949949264526, 0.26066982507705694, 0.26076061010360707, 0.2608138382434845, 0.260776047706604, 0.2605781137943269, 0.2607230377197266, 0.26073009848594664, 0.2606359362602234, 0.2607572412490845, 0.26070638775825494, 0.2607650911808014, 0.2606920433044434, 0.26065725088119507, 0.260744571685791, 0.2607221722602844, 0.2607466220855714, 0.2607761406898499, 0.26074300050735477, 0.26073126912117006, 0.26072663426399223, 0.26075853228569035, 0.2607571792602539, 0.26072262525558476, 0.2607725405693053, 0.26074586868286137, 0.2607053518295288, 0.2607599902153015, 0.26064143657684324, 0.2606398832798005, 0.26068876743316655, 0.2607504725456239, 0.26071047902107236, 0.2606811189651489, 0.26064130306243904, 0.26075450420379637, 0.26064423561096195, 0.26068988800048826, 0.260666927099228, 0.26062481880187993, 0.26072301864624026, 0.2606994271278381, 0.26065113544464114, 0.2606590032577514, 0.26073762059211736, 0.2606318402290345, 0.26059898972511286, 0.2607336282730104, 0.26075163841247556, 0.26061288118362425, 0.2605651021003724, 0.26068919897079473, 0.26060908555984497, 0.26060940980911257, 0.26066355705261235, 0.2606326794624329, 0.2606562447547912, 0.26067413330078126, 0.2605589318275452, 0.26058509349823, 0.2605988514423371, 0.2606783425807953, 0.2606786823272705, 0.2605952179431915, 0.26060062408447265, 0.26064542531967166, 0.26055501461029046, 0.26063679695129394, 0.2607123100757599],