{"bestEpoch": 32, "lastEpoch": 42, "mae": [], "medianabsoluteerror": [], "mape": [], "mse": [], "recauc": [], "f1": [0.025511840301456236, 0.02629551804129711, 0.03490087369793279, 0.04414468002193308, 0.05667980246827904, 0.07496593216746757, 0.0954367963069071, 0.1108702824145534, 0.11791206405634401, 0.14289517045285652, 0.1536748216757688, 0.1691606758118279, 0.17570585179511236, 0.18794727781565976, 0.186388212423843, 0.20273326949254794, 0.19706041681696607, 0.20293365996431942, 0.2100045608926404, 0.21050446295210448, 0.2120276662952253, 0.19770464283973282, 0.2110246209822617, 0.21399155368703301, 0.21533873170495402, 0.22338704549155067, 0.21496454931968795, 0.21880097394867204, 0.21418057969197285, 0.21904746909852005, 0.23652889107830133, 0.23530443444194055, 0.23393056817797253, 0.2336284788038945, 0.23306185506000646, 0.230021752428007, 0.23456663962911553, 0.23474980230668463, 0.23414430108212006, 0.23443248978160985, 0.23477821851323116, 0.23516466110435116], "f1auc": 0.7678294564095213, "convergence_rate": 0.7397601709703726}