{"bestEpoch": 50, "lastEpoch": 60, "mae": [], "medianabsoluteerror": [], "mape": [], "mse": [], "recauc": [], "f1": [0.3905259483594131, 0.3817852375681212, 0.381679030849776, 0.4349406951552737, 0.29240820793320593, 0.36604990108545404, 0.3805251946823398, 0.40639458330699746, 0.480865044589724, 0.4271490702065555, 0.42812277790891257, 0.2623068424558136, 0.49929941587403115, 0.4615859266767335, 0.41787516336092145, 0.4833339012146969, 0.5507443996963054, 0.45152439899323543, 0.1450209191009483, 0.21048360635627253, 0.5229485797200655, 0.3588255325397094, 0.4656828107623441, 0.3553367896914543, 0.5414492979962476, 0.7115971081107965, 0.60675820442171, 0.179298305091312, 0.34068251852424547, 0.5860924226817529, 0.8115539000637276, 0.8116747179667638, 0.6894538432277759, 0.8293619377648652, 0.7981465169032783, 0.7173681134948054, 0.5630847964972047, 0.7949853529278176, 0.8296333739884182, 0.8357408750386826, 0.8302901148529639, 0.820238839382526, 0.8400087846427801, 0.8249550281617323, 0.82435756561374, 0.8411587706169582, 0.8433953129902145, 0.844273538580386, 0.840181752438381, 0.8455876763330515, 0.8455915445490556, 0.8448711904178491, 0.8429812686153824, 0.8424694470885781, 0.8427590454308831, 0.8458617451876157, 0.8442161941233668, 0.8414432276048837, 0.844016221732485, 0.8442380367623346], "f1auc": 0.7289288470707739, "convergence_rate": 0.6728376687656321}