{"bestEpoch": 27, "lastEpoch": 37, "mae": [], "medianabsoluteerror": [], "mape": [], "mse": [], "recauc": [], "f1": [0.015036099128752473, 0.017948260088679908, 0.033658199578083914, 0.04067534456547556, 0.07088836554173047, 0.07750971257693394, 0.11083456202800182, 0.12871581403215382, 0.14796478005036567, 0.16221267233799833, 0.1902624642691013, 0.2132285566237783, 0.22892776253922015, 0.24294290693178824, 0.24958627402159342, 0.25340990578434175, 0.26735021434064293, 0.27151610613485005, 0.2691441987496806, 0.2814998094762097, 0.2743102006746749, 0.2702909480514967, 0.28469829374032374, 0.27873307929596775, 0.27352078886952685, 0.2992005369942983, 0.296765695709846, 0.30070805118148947, 0.2962814153649429, 0.2980540599170554, 0.29645150394051284, 0.29730735703679734, 0.2964915568813781, 0.29751664909280917, 0.29489276706852086, 0.2949985196464797, 0.2948540761636451], "f1auc": 0.7448570492488461, "convergence_rate": 0.7314278180207536}