{"bestEpoch": 53, "lastEpoch": 63, "mae": [0.7321418027730677, 0.6756221208208812, 0.6215717215429405, 0.5855962339647156, 0.5042078112001217, 0.4832560604659081, 0.4639329284402027, 0.46358737018125, 0.4349305597167448, 0.44517036747202665, 0.4290830169571965, 0.413412661990097, 0.42572487918518165, 0.42153604063934047, 0.41573007181569077, 0.40099854640761584, 0.38953942543142916, 0.39597119697225364, 0.39726923236874356, 0.3977440884930018, 0.3971440204017957, 0.37659325665289106, 0.3804177816340485, 0.3747912604592935, 0.3798542831001184, 0.3826731438942043, 0.37479964794419984, 0.3693817847504612, 0.37184026458804803, 0.3771690989227936, 0.37738895319513893, 0.37115438582918486, 0.3674078610093352, 0.3684888598311663, 0.3676645822015587, 0.3678688163402959, 0.3644521574169294, 0.36568245417873313, 0.36417679992123037, 0.36574765715755625, 0.36484424086620204, 0.36549246924941703, 0.3655222018649012, 0.3639687187841328, 0.36486715771339034, 0.3659437145976821, 0.36378079617822245, 0.3642032609382681, 0.3639293704505596, 0.3641471982222947, 0.3644556905603268, 0.3638528916516032, 0.3637966748204783, 0.3640152943255213, 0.36437319690592446, 0.36399967053144094, 0.3638675987754367, 0.3639330526693783, 0.36392980575989053, 0.3639175392927128, 0.3639834793114374, 0.36395806030709155, 0.3638662586735552], "medianabsoluteerror": [0.5881957054138184, 0.5720376658439636, 0.5099101328849792, 0.44861997246742247, 0.39387420296669007, 0.3854624390602112, 0.357517385482788, 0.37235685586929324, 0.3391584718227386, 0.3549288475513458, 0.3314474105834961, 0.3169777870178222, 0.3308724701404572, 0.3300256133079529, 0.32041660308837894, 0.30659427165985104, 0.29843652963638306, 0.3047393298149108, 0.3077705514431, 0.30645320415496835, 0.30926595926284794, 0.2877998495101929, 0.2933366775512696, 0.2875989019870758, 0.2941413164138794, 0.28948662638664246, 0.2874097257852555, 0.28106595993041994, 0.2845784449577332, 0.2897204351425171, 0.28969499588012704, 0.2843515968322754, 0.28020808458328245, 0.2815593725442886, 0.28029880762100223, 0.28093650102615353, 0.27769447088241583, 0.27858228683471686, 0.2769809293746949, 0.27952388525009164, 0.27859003543853766, 0.2789166355133058, 0.27857289791107187, 0.277457846403122, 0.2789453279972076, 0.280037556886673, 0.2773911237716675, 0.2779785573482513, 0.27770559072494516, 0.27789627671241757, 0.2783510315418244, 0.27765671968460093, 0.27757763743400576, 0.2778919744491577, 0.2781739592552185, 0.27780326008796685, 0.27780325412750245, 0.27768929481506344, 0.27772649049758913, 0.2777081894874572, 0.2777818930149078, 0.2777781617641448, 0.277742714881897], "mape": [1.0012398067363106, 1.039748432405128, 0.9086537040292336, 0.7339333140590921, 0.6681654036793994, 0.7018775774184318, 0.6422843745134346, 0.696864269482432, 0.6302356416190478, 0.6518121686764496, 0.5660321887169669, 0.5889591326559943, 0.6359195301129774, 0.6241474471927271, 0.5699804021699771, 0.5590369410318181, 0.5622269541870117, 0.5867389013104733, 0.5944869195100531, 0.5411420526405692, 0.6040204544884591, 0.5469240108494974, 0.5747462122213959, 0.5539591161078365, 0.581693574251054, 0.5003996271621398, 0.5322318013134859, 0.5122546181063542, 0.5316926216208623, 0.5587892667003531, 0.5413812473248606, 0.550736808106554, 0.5409114377556669, 0.5480129483567633, 0.5362297011259003, 0.5389248790616833, 0.5234227360474284, 0.5108096983874584, 0.5189459191995021, 0.5438002898682626, 0.5391708143718184, 0.5376214184793128, 0.510808554003399, 0.5293112968275578, 0.5353529390401595, 0.5373087529561315, 0.526918703355149, 0.5329611920346816, 0.5297598738095656, 0.5287511429669732, 0.5341387463262729, 0.5295688424392778, 0.5292206487393087, 0.5311763920460387, 0.5333211410298899, 0.5311327278771194, 0.5300011731817504, 0.530419237608031, 0.5302633716255482, 0.5302044770655382, 0.5306541534443062, 0.5304534516328538, 0.5298712989113497], "mse": [0.922232551685192, 0.7378966513274432, 0.6494688805864421, 0.6088763112760097, 0.4491594183263592, 0.40139484397475705, 0.37746951125157113, 0.3614109326461217, 0.33150411561902954, 0.33698753148582483, 0.32662886541675445, 0.3023806716773386, 0.3140269105902683, 0.3039850790820869, 0.30164172694961083, 0.285394691260824, 0.2675307371924011, 0.27338453661216067, 0.2752192415047509, 0.2779890954132607, 0.27048358300225356, 0.2503310054879272, 0.2516498894836908, 0.24600531485178112, 0.2510282158911874, 0.26202274162561434, 0.24629382843432582, 0.24142422649769732, 0.24341356488589241, 0.24908345201711932, 0.24879894312520265, 0.2416039707500899, 0.2373297328588568, 0.23820862887789843, 0.23795725575464022, 0.23838598103194364, 0.2349405608772555, 0.23721232838573003, 0.234584551101895, 0.23513123374431055, 0.23445192703286144, 0.2351538156272904, 0.2368556766095681, 0.23365717152784685, 0.2342395636242586, 0.23516742302278135, 0.23349752282905262, 0.23389567774611536, 0.23351406383012088, 0.23369719941388017, 0.2338009006920419, 0.23343338924431484, 0.2334100587001424, 0.23351723390732126, 0.23375344141505572, 0.23351869953941387, 0.23344899184789486, 0.23347802814221355, 0.2334765430570086, 0.23346752049823674, 0.23350303584179646, 0.23348805424468413, 0.23343963477516208], "recauc": [0.8297356272264907, 0.8428669101194874, 0.8554390910645341, 0.8638035854029242, 0.8827312408343415, 0.8876035465756337, 0.892097737676808, 0.8921780636968248, 0.8988431417147116, 0.8964617605791694, 0.9002031952836724, 0.9038479875535265, 0.9009843485608365, 0.9019584668789518, 0.9033089856864694, 0.9067352150175026, 0.9094002787277552, 0.9079044228121337, 0.9076026062932163, 0.9074920800777246, 0.9076317475014981, 0.912411421907893, 0.9115218946338706, 0.9128304035034412, 0.9116529589981726, 0.9109973651610379, 0.912828663508011, 0.9140887445508082, 0.9135167913183758, 0.9122774138305643, 0.9122263078452096, 0.9136763578803837, 0.9145477531485529, 0.9142963848669957, 0.9144880654256166, 0.9144406203441272, 0.9152353130213077, 0.9149490207765109, 0.915299238631369, 0.9149339804446766, 0.9151440133353457, 0.9149933315402012, 0.9149865130582936, 0.9153476696887319, 0.9151386770478374, 0.9148881881327048, 0.9153913588870289, 0.9152931496165393, 0.9153567289074209, 0.9153060564671587, 0.9152343819654535, 0.9153746800002703, 0.9153876527549129, 0.9153368446298974, 0.915253609141101, 0.9153404467370362, 0.9153712135778849, 0.9153557888059167, 0.9153566416815082, 0.915359610593132, 0.9153443964555902, 0.9153500512792097, 0.9153714229200756], "f1": [], "aucrecauc": 0.9908291188929375, "aucloss": 0.28713710955649036, "convergence_rate": 0.9020089026062565}