{"bestEpoch": 11, "lastEpoch": 21, "mae": [0.4960040232126124, 0.4739902538335062, 0.44423408481174026, 0.46234511221716457, 0.45568621375730184, 0.4550960294688599, 0.4459283589174785, 0.4626979799837153, 0.439129361954786, 0.45456614875726337, 0.4336911365354079, 0.47150218916984354, 0.44083546162635096, 0.45037185861523704, 0.45371515096614856, 0.4421794079981301, 0.44236213366525795, 0.4436724590413221, 0.44480056626416015, 0.44419529764792126, 0.444749592013162], "medianabsoluteerror": [0.39254687309265135, 0.3657107520103455, 0.3387062501907348, 0.3484126907587052, 0.36018117904663083, 0.34228757143020627, 0.3489715218544006, 0.3529202938079834, 0.332954922914505, 0.3478300762176514, 0.3367399227619171, 0.3657247602939605, 0.3421330571174621, 0.34562753677368163, 0.3534835314750671, 0.34047422409057615, 0.34189305782318113, 0.3425677418708801, 0.3438928842544555, 0.3429019272327424, 0.3438138723373414], "mape": [0.6240458157984082, 0.5122585419389862, 0.5418024765664818, 0.5507409927442883, 0.6575904635000258, 0.5528667953641526, 0.6273514712290843, 0.5255501450835166, 0.5845702955960345, 0.57934326060228, 0.5791914792331585, 0.6357681544563886, 0.5981763807016232, 0.5861495847679842, 0.57250018888046, 0.5620067539160561, 0.5758520596703812, 0.5650805510313996, 0.5813985052591527, 0.5613128968338629, 0.5705953471374446], "mse": [0.4215969594611382, 0.3945064738921155, 0.35649120453545186, 0.3899407875757315, 0.35402132564521144, 0.37880222690992416, 0.3438075626966488, 0.38649346564674797, 0.3495038712106726, 0.3689598001005692, 0.3296993219568609, 0.38391158070521164, 0.3392361512592251, 0.35786321691478823, 0.35659371555217856, 0.34338066347944424, 0.341867346401199, 0.34540443670130666, 0.3456953118998129, 0.3460984230867586, 0.3462432612250955], "recauc": [0.8846385765939534, 0.8897588546212651, 0.8966796396022221, 0.8924674837982423, 0.8940159941206995, 0.8941538110628863, 0.8962853064343298, 0.892385853266241, 0.897867079874036, 0.8942766154563074, 0.8991315403037726, 0.890337394702348, 0.8974697748869895, 0.8952519077705969, 0.8944743149259688, 0.8971573775417933, 0.8971149334126363, 0.8968100064822808, 0.8965476625964252, 0.8966884562036501, 0.8965594800923116], "f1": [], "aucrecauc": 0.9953756615721914, "aucloss": 0.35980984982564884, "convergence_rate": 0.7130984446375153}