{"bestEpoch": 29, "lastEpoch": 39, "mae": [559.8234194827442, 562.2147877184549, 563.3173269076713, 563.8577494155868, 565.5262478795995, 565.4827978466632, 565.1510369596239, 568.4039213995197, 566.694105735257, 566.5916742573276, 565.9792838679768, 566.6228002156621, 563.6729454333541, 567.4397502474085, 566.2978722647917, 566.9517728172373, 565.9077386023577, 565.3112027223438, 561.928081736758, 565.7219775526227, 563.3849941343229, 566.58576764486, 564.8142815883913, 564.3447705023531, 561.789660151147, 562.7185484788056, 559.8191449601401, 561.713311915323, 561.3221509451042, 558.2208700761424, 558.9574926163692, 558.5430730742639, 555.2172125933715, 555.618190458448, 555.2890916985347, 555.2857612411124, 555.7741248852603, 555.6099870634584, 555.3003731479735], "medianabsoluteerror": [465.6463620078125, 471.66918903124997, 473.6342775312496, 472.80859380468746, 472.4605715781249, 472.10961937499997, 472.1352540156249, 477.36657732031244, 474.6716305625, 474.83227526562496, 473.0600581796873, 474.35510236718756, 474.0998539218749, 474.30297892968747, 473.72290085937493, 474.15234369531254, 473.7343752343752, 473.0838625937499, 470.47253453124995, 473.1921387890625, 474.20605474218746, 474.1360475351562, 473.31066847656257, 473.40063429687507, 469.67846703124997, 474.2270506640625, 464.15148942968744, 470.348754765625, 469.038207828125, 465.35180646875006, 465.88537632812495, 464.79174821874994, 457.16455035937497, 459.0507809609376, 459.0468747109376, 458.07788080468754, 460.2543945859377, 460.301757453125, 458.1765133828126], "mape": [0.35432440051209285, 0.358205149085569, 0.35974135513184863, 0.3604399020150219, 0.3627896771532434, 0.3626888882078786, 0.36220044601764, 0.3666567774036198, 0.36433358563299095, 0.36417630935603895, 0.3633099859299895, 0.3641888267188973, 0.3599167260999606, 0.3653049589676339, 0.3637636938260156, 0.36464228918663527, 0.3631965971564784, 0.3624152748151174, 0.3572037069770972, 0.36302461079498494, 0.3596261110615641, 0.3642902791048776, 0.36186806815035966, 0.36126132658748716, 0.3573129526247835, 0.35904685678077397, 0.35407895458264455, 0.3577650507420057, 0.3573644266940664, 0.3518173178653079, 0.35400621739131843, 0.35360447396444283, 0.34629802944941196, 0.3477164793306187, 0.3469530050221665, 0.3471696145009634, 0.34863158826659624, 0.34823309992108353, 0.3474258683064052], "mse": [507507.09964307194, 512020.7820483702, 513998.8841672434, 514960.86469630175, 517916.21488662215, 517837.9740649602, 517254.79125383816, 523076.49598734855, 519992.69211333565, 519812.0488009533, 518720.61889710295, 519875.59648191376, 514607.2682808322, 521349.2482970578, 519309.891041451, 520478.62171624426, 518612.87348755955, 517564.07036012295, 511399.0472773926, 518302.5494397255, 514098.1146381672, 519862.3514613431, 516700.52862427535, 515859.1569073434, 511166.16476878995, 512917.69686904585, 507381.2914331815, 511071.35757995554, 510349.7348505597, 504319.7315714647, 505886.9154281269, 505109.6255351048, 498785.6494703733, 499522.6789544983, 498937.0919499332, 498935.78056155733, 499833.01425971737, 499529.0943850561, 498963.5391566364], "recauc": [0.7143579839465428, 0.7131385583002744, 0.7125766354413219, 0.7123010226948621, 0.7114545824952866, 0.7114765106140244, 0.7116440829268111, 0.7099941697873491, 0.7108613972508362, 0.7109139654706212, 0.7112241001877966, 0.7108991491741767, 0.7123964692765573, 0.7104837002218741, 0.7110632248410026, 0.7107321991458405, 0.7112612594592792, 0.7115645490474973, 0.7132841876780271, 0.7113561133891166, 0.7125425875920925, 0.7109173139536176, 0.7118163371892745, 0.7120560648657459, 0.713354861412067, 0.712882295636971, 0.7143617176532467, 0.7133953395339534, 0.713594174232238, 0.7151788956673445, 0.7148013764339396, 0.7150133680034669, 0.716718012541995, 0.7165112363088161, 0.7166813273919984, 0.7166817718808919, 0.7164298800250395, 0.7165148366688522, 0.716673978508962], "f1": [], "aucrecauc": 0.9947975127230372, "aucloss": 512383.99557754543, "convergence_rate": 0.44643358732477734}