{"bestEpoch": 38, "lastEpoch": 48, "mae": [0.791043186633807, 0.7139595570921938, 0.753143418747823, 0.6329087441498743, 0.5662438124674029, 0.5417048494880485, 0.5088945035463013, 0.5032393241136847, 0.46505843569968025, 0.4728476976636264, 0.444888015567663, 0.4337221739671094, 0.42470503148040617, 0.4146303856368741, 0.4302723640189153, 0.4080880135962777, 0.39343662438751126, 0.3966576342643269, 0.3843853305878199, 0.3967532330757558, 0.40416439554350014, 0.3798793000615097, 0.3873709731272026, 0.37470088510876703, 0.3670333515439621, 0.36854027776917847, 0.3641191995557215, 0.3610655144240657, 0.3620845737876329, 0.3655885374099988, 0.36323541707694634, 0.363442551422643, 0.3602893225646617, 0.36128251977364634, 0.3654169512498923, 0.35925811825852766, 0.36285264329160566, 0.3588379434486701, 0.3624440065332184, 0.3599604924356164, 0.36133620266729394, 0.36547267678428097, 0.36111501136515256, 0.36044906702313356, 0.359964067322914, 0.35958616650886155, 0.36306645090212497, 0.3620979614041738], "medianabsoluteerror": [0.5165610313415527, 0.48598623275756836, 0.5494530200958252, 0.4681105613708496, 0.43470287322998047, 0.4213881492614746, 0.4037904739379883, 0.4070558547973633, 0.36835789680480957, 0.3752155303955078, 0.35492563247680664, 0.35613536834716797, 0.33736515045166016, 0.3376290798187256, 0.3485732078552246, 0.33053112030029297, 0.30757999420166016, 0.3056912422180176, 0.30292272567749023, 0.32250022888183594, 0.32802343368530273, 0.29906654357910156, 0.3021831512451172, 0.2967381477355957, 0.29350996017456055, 0.2905294895172119, 0.28664398193359375, 0.27645111083984375, 0.2758336067199707, 0.2909426689147949, 0.28673696517944336, 0.28505373001098633, 0.28293371200561523, 0.2784423828125, 0.28003358840942383, 0.28463268280029297, 0.2870144844055176, 0.27947402000427246, 0.28275012969970703, 0.2817845344543457, 0.2816133499145508, 0.28609800338745117, 0.2818870544433594, 0.28069353103637695, 0.28241682052612305, 0.2841649055480957, 0.2912139892578125, 0.2817974090576172], "mape": [0.15664147277082463, 0.14419895760399035, 0.15088093355083754, 0.13283045575961797, 0.1154009553653639, 0.10911943828418984, 0.10193509549961824, 0.10400074050453692, 0.0933385919365335, 0.09271497742944614, 0.08912675262534105, 0.0902039123693555, 0.08561907423453345, 0.08522549574486682, 0.09093475840462531, 0.08226546239384, 0.08045983610365551, 0.07933646696525318, 0.0781616307044057, 0.08214209409848038, 0.08457635163345952, 0.0767434053065766, 0.07863733984162738, 0.07564122714387056, 0.07503634672879453, 0.0747408289378281, 0.07381941233613507, 0.07290051409076256, 0.07324738802020699, 0.07399652307721723, 0.07402928451774272, 0.07427607534296776, 0.07286371637208583, 0.07378689078576418, 0.07401806801820554, 0.07308828536728014, 0.0741496873423045, 0.07278861410315675, 0.07353286667853999, 0.07325379908792141, 0.07330716231703308, 0.07446655699272077, 0.07347940778274575, 0.07320649689780864, 0.07313167812685503, 0.07325019360003582, 0.07390387112349402, 0.07360734734524363], "mse": [13.379435814219825, 8.552219894809806, 5.225756460784694, 2.7815011799885037, 1.6123515527262908, 0.882208440941255, 0.5656477607033038, 0.44271142595118673, 0.3735654250477752, 0.38174145756428807, 0.33757313985318266, 0.3115496584085223, 0.31275361822118486, 0.29464963032679775, 0.31027585248903505, 0.28809653496650656, 0.27289369430931215, 0.2745315595938273, 0.25711051039806354, 0.27203944683426295, 0.2759860371050138, 0.2571105884211372, 0.2961985201232228, 0.25022886980879167, 0.24090725872958177, 0.23987398772030072, 0.24037426934883513, 0.23603992532196927, 0.24081381675101624, 0.24062373387691302, 0.23311703938592518, 0.23552874255787312, 0.23823183593435868, 0.23485888863683815, 0.23907788863330884, 0.2326346226645166, 0.23596137259126673, 0.2332436539561688, 0.2364908649012579, 0.23659671492228504, 0.23560400685413677, 0.24131414436938994, 0.2345318782879936, 0.2356634463299065, 0.23375911027852647, 0.23273028478246527, 0.23405402359989633, 0.2367612108024641], "recauc": [0.8484504646825823, 0.858941867410222, 0.842835330563609, 0.8646585049854111, 0.8760971874736393, 0.877931991620034, 0.8833677909500528, 0.8832477308836273, 0.8918366776602137, 0.8900237946898021, 0.8965280496467087, 0.8991245674515959, 0.9012217562298627, 0.903564386648071, 0.8999267417301292, 0.9050863033436883, 0.9084939218260996, 0.9077452029445994, 0.9105994876864962, 0.9077216166518816, 0.9059989246435801, 0.9116464512911986, 0.9102218151784283, 0.912851412158037, 0.9146350783379059, 0.9142848545067346, 0.9153125920213031, 0.9160229617194469, 0.9157856568355085, 0.9149710199306921, 0.9155185171795587, 0.9154703832896164, 0.9162034809728827, 0.9159724932328455, 0.9150109484000237, 0.9164423651427966, 0.9156067168680481, 0.9165396285594918, 0.9157023323341603, 0.9162800763426842, 0.9159603739296004, 0.9149982111153102, 0.9160110827423286, 0.9161662990878561, 0.9162785313890126, 0.9163674177235781, 0.9155569693598266, 0.9157831849096342], "f1": [], "aucrecauc": 0.986431940622225, "aucloss": 0.788911303879188, "convergence_rate": 0.8582586829790639}