{"bestEpoch": 22, "lastEpoch": 32, "mae": [4.971494863469024, 3.2330118878944365, 1.2840204549907943, 1.159830558782912, 1.1227646682665924, 1.1115778130106693, 1.067298038080309, 1.0258969127047401, 0.9907645244104036, 0.9649808520596338, 0.9482678844885363, 0.9342771115844862, 0.9269956383474333, 0.9065069877278793, 0.8964800375497427, 0.9017214527295456, 0.8939710795326901, 0.8848431740599402, 0.8875311227995548, 0.8745363171960823, 0.8736160109225639, 0.8722704654291574, 0.8721684879181191, 0.871454764018139, 0.870569544316484, 0.8706703240053784, 0.8701861354030369, 0.8700740164675911, 0.8695940968100655, 0.8693356257797802, 0.8692929741446602, 0.8692795613194265], "medianabsoluteerror": [4.594802975654602, 3.1235737800598145, 1.0846920013427734, 1.0460052490234375, 1.010721206665039, 0.9864907264709473, 0.9591679573059082, 0.9358696937561035, 0.9035148620605469, 0.8750476837158203, 0.8491823673248291, 0.8330473899841309, 0.8109688758850098, 0.8020186424255371, 0.7900137901306152, 0.7805027961730957, 0.772031307220459, 0.7872509956359863, 0.7603158950805664, 0.7603368759155273, 0.7670300006866455, 0.7603583335876465, 0.7619328498840332, 0.7625713348388672, 0.7590498924255371, 0.7591233253479004, 0.7581324577331543, 0.7600111961364746, 0.7575912475585938, 0.7567834854125977, 0.7566924095153809, 0.7573461532592773], "mape": [0.9536635072387445, 0.6013581239172553, 0.23323475207325106, 0.23274822813030488, 0.22577604058335904, 0.22470013366291866, 0.2139860625028542, 0.20976451758893272, 0.2001171704013664, 0.19884895407955178, 0.19550543105895124, 0.19192183258540021, 0.19216744417260126, 0.1878520988571732, 0.18397970165393257, 0.1861881410401949, 0.18668739396636275, 0.18041279583525982, 0.18496891137558352, 0.1807607323755358, 0.17954720520121034, 0.17983579137778344, 0.17917475702317837, 0.17940442691280906, 0.17901772511799618, 0.17929623428729238, 0.1792370188585714, 0.17896403362394506, 0.17911285756170817, 0.17910446583533168, 0.17909643055445443, 0.17907873583724696], "mse": [59.380264458070386, 13.208199020537688, 2.6049276149279965, 2.1233413635162406, 1.9726821720504182, 2.423476298511159, 1.8513749630856822, 1.5494470292825422, 1.435604911805671, 1.3494673928586316, 1.3117315150894349, 1.2988657202988305, 1.3292176483914084, 1.2007754952293332, 1.1809019890608352, 1.255662096341844, 1.1992644000216357, 1.1620773728081286, 1.2733927480707197, 1.133196608390487, 1.1313745598464346, 1.129195686738483, 1.1282500820565198, 1.1266558270355655, 1.1247914802206136, 1.1267761090505988, 1.124722846015077, 1.124257686754029, 1.1229520092743615, 1.1223312238173786, 1.1222312842979576, 1.1222137306349966], "recauc": [0.0688175752007058, 0.2852010398430849, 0.702944393306478, 0.7334114118586593, 0.7415286156147368, 0.7478275633948565, 0.7546154031812381, 0.7618396408813556, 0.7696575012805091, 0.7756076671862175, 0.7795466467347043, 0.7832938460341057, 0.785718015673864, 0.7891629362043654, 0.7914953012637344, 0.7912138793693994, 0.7923447682907666, 0.7942028669052968, 0.7951967871006119, 0.7965990385512977, 0.7968139587731518, 0.7971258677532703, 0.7971499690305454, 0.7973154507349121, 0.7975213758931677, 0.7974983732496148, 0.797611395193759, 0.7976375907415665, 0.7977488274059126, 0.7978078103038592, 0.7978184533180405, 0.7978222642037633], "f1": [], "aucrecauc": 0.9451849019201415, "aucloss": 2.6934962661205937, "convergence_rate": 0.9483581172357785}