{"bestEpoch": 41, "lastEpoch": 51, "mae": [0.7940175656064286, 0.7395665552294463, 1.2563583400705365, 0.626195427481759, 0.5753841911686518, 0.5796630898170196, 0.5393969068157276, 0.5031889309966601, 0.4989709308210452, 0.4852440236075572, 0.4494504014364518, 0.43788059200571033, 0.4330017726281399, 0.42592598898403433, 0.424159077242646, 0.45976918913267995, 0.4097042990598407, 0.40570158038481463, 0.40480488557157507, 0.3961852578170677, 0.3997616100016632, 0.3930096829260824, 0.39854657506762686, 0.39972073377877054, 0.3953888052892243, 0.40702501097946614, 0.37599398833633985, 0.3760618420347822, 0.37659379210702915, 0.3759298088048849, 0.37438953090606175, 0.3814489300456442, 0.37608820705367985, 0.36957167858853196, 0.3727280128628292, 0.374106063328778, 0.3729994748001282, 0.36813163069814414, 0.37119663248674345, 0.3736740160430374, 0.37314879530040085, 0.37153824473262204, 0.3698513153448082, 0.36991571897172126, 0.37456074343732737, 0.3706987163597392, 0.37211307569177055, 0.36896265416549645, 0.3735397115753886, 0.3698388020934168, 0.370581101683706], "medianabsoluteerror": [0.47161316871643066, 0.45263123512268066, 1.0713911056518555, 0.44105958938598633, 0.42432260513305664, 0.44048023223876953, 0.42655181884765625, 0.40009260177612305, 0.40796709060668945, 0.41164302825927734, 0.37015676498413086, 0.3518366813659668, 0.3531155586242676, 0.3421444892883301, 0.3386702537536621, 0.37587404251098633, 0.33205509185791016, 0.31632423400878906, 0.32406044006347656, 0.31882572174072266, 0.3086514472961426, 0.31236982345581055, 0.31881141662597656, 0.31833553314208984, 0.30748462677001953, 0.30778074264526367, 0.3018913269042969, 0.29341936111450195, 0.30401611328125, 0.29503440856933594, 0.30012011528015137, 0.30338096618652344, 0.2938699722290039, 0.29288148880004883, 0.29769182205200195, 0.3024163246154785, 0.29604530334472656, 0.29100942611694336, 0.3000974655151367, 0.2983393669128418, 0.2983207702636719, 0.2938094139099121, 0.2915046215057373, 0.29231977462768555, 0.3028583526611328, 0.2971653938293457, 0.2919926643371582, 0.3005833625793457, 0.2952389717102051, 0.29751014709472656, 0.29165029525756836], "mape": [0.1630695634332197, 0.149277959150704, 0.22923081380882973, 0.12829359675530436, 0.11614921627814341, 0.11715173952139771, 0.10888620135028666, 0.10106709237661422, 0.10251204488749224, 0.10067718182308731, 0.09272945945970983, 0.08977921770405715, 0.08778456260445289, 0.08690919892812096, 0.08400979598481197, 0.08959527600483308, 0.08174159059580742, 0.08120700368216886, 0.08140077402323631, 0.0810203662604918, 0.07940985748095394, 0.08071628659082546, 0.08306937842092739, 0.08317731476118925, 0.07932184381334291, 0.08497930430973104, 0.07620357107757231, 0.07646614810161222, 0.07663736204967475, 0.07625398170257797, 0.07672243778027395, 0.07639780322824175, 0.07751324660255907, 0.07567343011194048, 0.07661426383683034, 0.07640265464906791, 0.07637399532718747, 0.07488887465595523, 0.07602994980285678, 0.07627051901177193, 0.07584818663992471, 0.0757258917789651, 0.07512471242627357, 0.07539349837406861, 0.07622910332991142, 0.07552269869782079, 0.07589446691684201, 0.07522179753813303, 0.07620656571070804, 0.07516974236528635, 0.0754801842612117], "mse": [28.491518079396283, 16.044956515271018, 10.073906304280781, 3.99595671241038, 1.9233640280038076, 0.946446687431544, 0.5796326278599928, 0.43625747579382335, 0.40710137213892555, 0.3823166872085951, 0.33601103161200735, 0.3199347163245283, 0.31845254186444955, 0.3061159780963122, 0.3081359495183781, 0.3558317166654694, 0.28916373041730636, 0.287437678249068, 0.2800621732592101, 0.2694192851148994, 0.27945600311292557, 0.2674174453569977, 0.27281440506565224, 0.2750689528165528, 0.2787301235618012, 0.3539340083686479, 0.24795642634208714, 0.2495107672518947, 0.24987663502178456, 0.2496958249854229, 0.24437944745910986, 0.25723727385197687, 0.24769742904473005, 0.24222916739208053, 0.2424824694570182, 0.24770704901601004, 0.24462972495076635, 0.2415726593091004, 0.2446434298126037, 0.2448265502153975, 0.24429949906135925, 0.24448470482491103, 0.24416366806226664, 0.24040929647950005, 0.24651657183818487, 0.24281739318417236, 0.2457696918677064, 0.24083477790873997, 0.24536004680263007, 0.24120855385975923, 0.2429266397666455], "recauc": [0.8647856890048772, 0.8637634789912222, 0.732661594343437, 0.8694864337103123, 0.8750740848200852, 0.8689288255979736, 0.8759533007883693, 0.8831647668714692, 0.8839476635614127, 0.8871419411079453, 0.8954661171575449, 0.8981562248226196, 0.899290529808216, 0.9009385147234258, 0.9013486140924426, 0.8930667011088339, 0.9047094376447601, 0.9056410103763551, 0.9058491671343586, 0.9078545513322359, 0.9070226109462989, 0.9085931765164159, 0.9073054404650901, 0.9070326703113155, 0.9080398427759014, 0.906302817030759, 0.9125512104935178, 0.9125352116399419, 0.9124112033585783, 0.9125650464119532, 0.9129239563159888, 0.9112827691969336, 0.9125291691544714, 0.9140433610817313, 0.9133106410538068, 0.9129897370100897, 0.9132474696147954, 0.9143790966806945, 0.9136661863920688, 0.9130903649925584, 0.9132124849972125, 0.9135878744070769, 0.9139800523135048, 0.9139640877922328, 0.9128843025050875, 0.9137829505573284, 0.9134537037637854, 0.9141853594902917, 0.9131205430876079, 0.9139812196118343, 0.9138104850649844], "f1": [], "aucrecauc": 0.9843557397225219, "aucloss": 1.1969091113476749, "convergence_rate": 0.9195520016427822}