{"bestEpoch": 17, "lastEpoch": 27, "mae": [0.4343385092130456, 0.39231706002661565, 0.4022109822394538, 0.3755721193345058, 0.37133634496998014, 0.37343596416502306, 0.363988910903333, 0.36932374664266926, 0.364489862214612, 0.3611001456145875, 0.37072151043922114, 0.36409711041821885, 0.37095508626050605, 0.3681399713752505, 0.37556092184385415, 0.3697359671608321, 0.365093929139153, 0.36822641489308205, 0.36778299929664227, 0.3689151681386374, 0.3711214434094992, 0.3711535661665332, 0.3713129390349279, 0.37166079168169086, 0.37149990970599406, 0.37185696172814053, 0.3718257295613416], "medianabsoluteerror": [0.339685034751892, 0.30627216577529914, 0.31603595495223996, 0.2925597321987152, 0.28664020299911497, 0.28532522439956665, 0.2741864645481111, 0.2809754014015198, 0.27946905374526987, 0.27214308500289924, 0.28320328593254096, 0.2781208562850952, 0.283642041683197, 0.2797992014884948, 0.2920015215873718, 0.2817793750762939, 0.27796144962310787, 0.280962256193161, 0.2799942016601563, 0.2812617516517639, 0.28364832758903513, 0.28331353664398184, 0.28300359725952146, 0.2832651138305664, 0.28312119245529177, 0.28348649978637697, 0.28331436872482296], "mape": [0.568953606239982, 0.495687115176712, 0.44435665056818435, 0.5187594661741066, 0.4558546590477598, 0.4674115386295806, 0.4588365057110487, 0.46462670554288593, 0.4420420556420482, 0.45381429170296106, 0.4844501054313979, 0.48568389402136797, 0.48015993736865276, 0.4414405487513042, 0.4680506088534226, 0.47444287192958173, 0.4703102889222455, 0.47111454715903023, 0.45882790060589523, 0.4603649782324614, 0.4754460906861248, 0.476255487607634, 0.46779553695270276, 0.47072744360369845, 0.46873516761778267, 0.4696846582062525, 0.46987202478697393], "mse": [0.32334946255913277, 0.2664594777056363, 0.28020520513013364, 0.2450214523858786, 0.24348606744979145, 0.2475296556151956, 0.2389139694340165, 0.2431428677184105, 0.23412545142605073, 0.23454693504234841, 0.24175676966160703, 0.23342464095499527, 0.24202795623068354, 0.24140206679326712, 0.24524460135598988, 0.24306614253715936, 0.23592363580123774, 0.23999565273724702, 0.240138520427462, 0.24164592381126518, 0.24295731264535314, 0.24322070280338176, 0.24399172938557154, 0.24469047646695025, 0.2441426372324463, 0.24456398716592295, 0.24462176436078914], "recauc": [0.8989808985679363, 0.9087543986267143, 0.9064536785233056, 0.9126488631187102, 0.9136341411847179, 0.9131464246007251, 0.9153434611999698, 0.9141024070362795, 0.9152269319033256, 0.9160150147946714, 0.9137769978463096, 0.9153179524663667, 0.9137227116687868, 0.9143776041449713, 0.9126513946085344, 0.9140064126578565, 0.9150861021134999, 0.9143574407445267, 0.9144607259170221, 0.9141973837790536, 0.9136841122640298, 0.913676751689227, 0.9136396580621715, 0.913558844869279, 0.9135962357105557, 0.9135131404293376, 0.91352034012079], "f1": [], "aucrecauc": 0.9970108410969365, "aucloss": 0.24560036351453704, "convergence_rate": 0.8392560815378418}