{"bestEpoch": 20, "lastEpoch": 30, "mae": [], "medianabsoluteerror": [], "mape": [], "mse": [], "recauc": [], "f1": [0.11107927490033348, 0.09966750155858643, 0.09966750155858643, 0.10074114926269004, 0.10074114926269004, 0.09966750155858643, 0.18314354563793908, 0.1806309646985328, 0.10025891227965064, 0.21293808165386044, 0.20819554142087782, 0.21201365337810543, 0.1911236241375105, 0.20500952922997692, 0.21509345006829075, 0.21713358294494922, 0.21633877551095376, 0.2575431147891251, 0.22078305707837007, 0.21984497417287277, 0.21877442036036887, 0.22078305707837007, 0.22078305707837007, 0.21984497417287277, 0.22078305707837007, 0.22108342190266014, 0.22108342190266014, 0.22078305707837007, 0.22078305707837007, 0.22078305707837007], "f1auc": 0.735219154225224, "convergence_rate": 0.5680619548393686}