{"bestEpoch": 57, "lastEpoch": 67, "mae": [1.2508192390582016, 1.2523423563030385, 1.2450757840225632, 1.2085651565653903, 1.2474215591318043, 1.1997314497158367, 1.1775101990049908, 1.264996415963911, 1.3194718772179066, 1.2286879667865833, 1.2175201418430095, 1.2329978131773216, 1.220890769506704, 1.2404231476775567, 1.2190136222793522, 1.2348146537632783, 1.2672895245072444, 1.24453098496497, 1.227719111169199, 1.2424693209094524, 1.238213296694482, 1.2159814219109757, 1.2482833614310078, 1.2251736354958835, 1.2127534026261502, 1.2579899541381458, 1.2492929875052674, 1.242391644087273, 1.2335481881031334, 1.2467976647719787, 1.2396374829970314, 1.231570672546921, 1.2329805150213742, 1.2382566289643098, 1.2471156175955849, 1.2360480755741474, 1.2460695130694908, 1.2349659557650272, 1.229424332901247, 1.2335016389421856, 1.2332789943752689, 1.2358156331740333, 1.23749464048457, 1.2375734700315235, 1.2382293125627952, 1.2386073213322564, 1.2394814543653672, 1.2394002190251716, 1.240020677882128, 1.241505290894749, 1.2380391944121791, 1.2352244220482211, 1.235670891980146, 1.2369603579534603, 1.2375319676836292, 1.2372828098739745, 1.238267282829062, 1.2386686366487523, 1.2388246725647465, 1.2382575746176785, 1.2368389807163216, 1.2373237704805111, 1.237619616017078, 1.2381558478021801, 1.2378104969761932, 1.237555805858451, 1.236968195810786], "medianabsoluteerror": [1.1075010299682617, 1.0880765914916992, 1.1010127067565918, 1.0573606491088867, 1.0962958335876465, 1.0429754257202148, 1.023993968963623, 1.099602222442627, 1.1543726921081543, 1.0779023170471191, 1.0678510665893555, 1.0791573524475098, 1.0602762699127197, 1.0850377082824707, 1.063291072845459, 1.0808167457580566, 1.1200776100158691, 1.087735652923584, 1.0665712356567383, 1.0876827239990234, 1.0762529373168945, 1.0580272674560547, 1.0975279808044434, 1.0739641189575195, 1.0646724700927734, 1.112259864807129, 1.0947914123535156, 1.0936360359191895, 1.0840706825256348, 1.0930051803588867, 1.0916638374328613, 1.0840888023376465, 1.0811023712158203, 1.0873737335205078, 1.0967254638671875, 1.0881571769714355, 1.0978684425354004, 1.0900964736938477, 1.0821537971496582, 1.083791732788086, 1.0823144912719727, 1.0843944549560547, 1.0888581275939941, 1.092050313949585, 1.0898780822753906, 1.0914278030395508, 1.0881943702697754, 1.0899620056152344, 1.093677043914795, 1.0942845344543457, 1.0882925987243652, 1.084970474243164, 1.0857329368591309, 1.0851397514343262, 1.0854578018188477, 1.0838913917541504, 1.090867042541504, 1.0929961204528809, 1.0887742042541504, 1.091294288635254, 1.0861291885375977, 1.0876622200012207, 1.0944323539733887, 1.0864958763122559, 1.0897188186645508, 1.0869851112365723, 1.0861263275146484], "mape": [0.26102880207933266, 0.2530030536893317, 0.25453232803036846, 0.24418762897393756, 0.2568404630498093, 0.24400148451445267, 0.23889648328249366, 0.25683590201708917, 0.27732075600664935, 0.25100412012685575, 0.24666866000441542, 0.25065613252322577, 0.24593326717112077, 0.2524593169509262, 0.2463726716894584, 0.2496207886222386, 0.2596906283952352, 0.25334516814682856, 0.2491921814341033, 0.253590677436531, 0.249916170593855, 0.24756576036769695, 0.2539247588118497, 0.2475490262033641, 0.24744314525289535, 0.2572269787174835, 0.25410384909674333, 0.25291203559453745, 0.2503917189547943, 0.2534712565197578, 0.25208812225114324, 0.2504725222024028, 0.24988652652615778, 0.2522033962728375, 0.25326876479251537, 0.25156318165066593, 0.2535262360917174, 0.25120862649023673, 0.249872718105002, 0.25065114594368637, 0.2506228075582288, 0.2507275426672784, 0.25115923945534935, 0.25151681440658086, 0.2514572680691597, 0.2517530064676828, 0.2517158083172525, 0.25166685605179995, 0.2520392602285829, 0.2524246619775073, 0.25143696917528807, 0.2508947216113969, 0.25072012372432334, 0.25110222605844096, 0.25126757642090913, 0.2512173343122739, 0.2516484406905012, 0.2518461305450817, 0.2516021417218683, 0.2517578659038636, 0.2510805754524832, 0.2511420723593732, 0.2515511609466513, 0.2515094867564152, 0.2514437043450962, 0.251419097108709, 0.25107756358079253], "mse": [2.3636196668913567, 2.3813134973138563, 2.3596235780991117, 2.228759795494122, 2.366033516980404, 2.192293434425169, 2.127419937004762, 2.4686316683053913, 2.981418475793258, 2.3442660681022485, 2.2657523516428753, 2.322833372287657, 2.276583435055836, 2.351287150174075, 2.274437038280835, 2.3359150053565783, 2.453831761970844, 2.3673996208688917, 2.304275614923238, 2.3587163674516787, 2.34370067569126, 2.2585486793908665, 2.3832036431641206, 2.293707297950159, 2.241630801264465, 2.4176798614553014, 2.3887161999143403, 2.3595433038807414, 2.3271788515179384, 2.3771300282984504, 2.349364542709646, 2.317269792885106, 2.3253426100081307, 2.3417822107896935, 2.378411141171944, 2.334344676074611, 2.3737857796441855, 2.3312022970543578, 2.308907076743777, 2.3246992988786146, 2.323684088501103, 2.3350294833852314, 2.341227216025692, 2.3405415108819265, 2.3437186287979737, 2.3447172987219576, 2.3483819698655006, 2.348236732262424, 2.3499186373487237, 2.355940156498442, 2.3426627038228505, 2.3315543162060752, 2.334362756407646, 2.338916419062739, 2.341175897619161, 2.3399569523343646, 2.343288364925834, 2.344695470207544, 2.345749310018681, 2.3427240132328415, 2.3388451060338284, 2.3402642676090353, 2.3404939572935395, 2.3432160359546046, 2.3417658739810068, 2.3406462378444073, 2.3390093581908067], "recauc": [0.7096655254265557, 0.7088272850628695, 0.7104543787712105, 0.7189452553219621, 0.7098983671109987, 0.7209820535778261, 0.7264042744816879, 0.7061145009111279, 0.696801537345633, 0.7150477835287821, 0.7169494326706958, 0.7132586070141514, 0.7160834174732269, 0.7115405670330164, 0.7165168113103794, 0.7128516662170851, 0.7052872125523573, 0.7105870044608307, 0.7144909993917345, 0.7110583526598455, 0.7120645638199247, 0.7172139974038599, 0.7097069130187993, 0.7150958315879649, 0.7179610340024735, 0.7074462509759387, 0.7094748781434959, 0.7110764801162575, 0.7131363840125859, 0.7100551627425015, 0.7117193525051098, 0.71359303798557, 0.7132703829943586, 0.712038814592067, 0.7099850390119685, 0.7125518765402116, 0.7102250733140599, 0.7128041159763074, 0.7140954912518371, 0.71314867497735, 0.7131992464608631, 0.712611752078057, 0.7122195055070216, 0.712200416746103, 0.7120479126525766, 0.7119600906194292, 0.7117569807100862, 0.7117753141603209, 0.7116314961396586, 0.7112851518588178, 0.7120914460138084, 0.7127450644137535, 0.7126412435270303, 0.7123426554807901, 0.71220858783441, 0.7122668840862802, 0.7120373726353069, 0.7119440574335498, 0.711909210145182, 0.7120397758965736, 0.7123707393053071, 0.7122583696749352, 0.712188640765896, 0.712064323493798, 0.7121454850600061, 0.7122040216380031, 0.712340698539473], "f1": [], "aucrecauc": 0.9806692000384039, "aucloss": 2.3449995208394356, "convergence_rate": 0.5793649534283873}