{"bestEpoch": 60, "lastEpoch": 70, "mae": [0.5668836559843854, 0.512591166990646, 0.5253759249382761, 0.49048181224571485, 0.4749747001182698, 0.5138182487980535, 0.4735246657710023, 0.46859606002250453, 0.48235231694597136, 0.5079377181350019, 0.451913698707861, 0.44992526545075595, 0.48606775969156213, 0.4406124494804162, 0.4464709961117749, 0.4379024201365051, 0.44073069001592374, 0.44645472052413276, 0.5170072953602028, 0.45304863890635233, 0.42415632957234223, 0.4350211634989209, 0.425765543582603, 0.42092882211296373, 0.4257943145841475, 0.4243669035685472, 0.4278932765770889, 0.4264566901009049, 0.41792746732284225, 0.41764890753497586, 0.42008767394736246, 0.41678247678762553, 0.4179221448546293, 0.4164897025007416, 0.41898485257524515, 0.4167185944900532, 0.41693163772185693, 0.4166559231351854, 0.4164652600224197, 0.41696469611466236, 0.4165097293511772, 0.4171545259552972, 0.4167189155877605, 0.4163451457317094, 0.4165272472257395, 0.4168454515318091, 0.4168374517632725, 0.41702518066818134, 0.4168469425287714, 0.41665806091894747, 0.4165132732845036, 0.4166153732986748, 0.41664137407672613, 0.4165254227787516, 0.4166514099414946, 0.41665830450348146, 0.41662071082906227, 0.41654274632737176, 0.4163832562841617, 0.41645023503456596, 0.41643148190847906, 0.4165471509948525, 0.4168004147266282, 0.4164570086994419, 0.41636819516649687, 0.4164767866791996, 0.416522184179744, 0.41660611929400015, 0.41642406837315044, 0.4166926097054499], "medianabsoluteerror": [0.46969587564468396, 0.4219657421112062, 0.43541179895400994, 0.40972201824188237, 0.39449886083602903, 0.4177803516387941, 0.3919672918319701, 0.38921601057052624, 0.40256018638610835, 0.4332417011260986, 0.3683285713195801, 0.3721677780151367, 0.4111000537872316, 0.35815829992294324, 0.36572456598281855, 0.35741299867630016, 0.3582383394241333, 0.3672350454330444, 0.4224319887161254, 0.36497833728790297, 0.34419541120529173, 0.35850109577178957, 0.3517934560775756, 0.3440956354141236, 0.35025186538696285, 0.35002100467681885, 0.3520834875106811, 0.352574384212494, 0.34176404476165767, 0.341629672050476, 0.34582539319992067, 0.3412712097167969, 0.34315603971481323, 0.33991951942443854, 0.3444848537445069, 0.3401551008224487, 0.3419910764694214, 0.34179755449295046, 0.3414428353309631, 0.34213230371475234, 0.3412620973587035, 0.34261769294738775, 0.3417698836326599, 0.3412030339241028, 0.341246521472931, 0.342245864868164, 0.3422152304649353, 0.3425042390823364, 0.34209260940551767, 0.34154272079467773, 0.34142682552337655, 0.3414521574974059, 0.3419020175933838, 0.3412378430366516, 0.34149077653884885, 0.34178035497665404, 0.3416524291038514, 0.34152071237564086, 0.3409129738807679, 0.3413579845428465, 0.34109326601028456, 0.3412972664833069, 0.3422239542007446, 0.3413169741630554, 0.3411037445068359, 0.34109894752502434, 0.3414350032806397, 0.34158665895462037, 0.34121739864349365, 0.341977686882019], "mape": [0.2777156087971433, 0.2794751932730197, 0.27052947360044244, 0.2804822078311815, 0.2669756976087725, 0.2504134617141497, 0.2671451368723255, 0.2594842896549591, 0.2691110512616349, 0.30824601119301537, 0.24958647408909046, 0.2579011165378471, 0.28866911610349066, 0.23265631427384512, 0.24548411345360605, 0.23192263734459606, 0.2279034400068423, 0.2589265982178517, 0.23967024190305755, 0.22494374744879655, 0.22750158591062103, 0.25002083664237024, 0.23445610580461235, 0.22946316659986676, 0.23941094688332842, 0.23687806415401771, 0.2448790397142759, 0.2422410548324735, 0.22617269223219516, 0.22705155640496688, 0.23459362199743075, 0.22847461998533247, 0.2301324555135243, 0.22556625229559546, 0.23336643152372805, 0.22409877647671378, 0.22981979263685498, 0.22900132140321125, 0.22881335095802371, 0.23032678113368607, 0.2290332686157037, 0.23053093039260608, 0.22977317559254012, 0.22872096267373143, 0.22953007294820768, 0.22988666576013086, 0.2301674686102198, 0.23053851449234097, 0.2300979411031655, 0.2295904196043579, 0.2292129496534223, 0.22954307405752292, 0.22968128062130158, 0.22930102125183857, 0.22964443737250623, 0.22968824257783202, 0.22966789525472703, 0.2296015848682216, 0.2288651408228484, 0.22918649150500145, 0.22915777837579215, 0.22950168314261218, 0.23026925884411864, 0.22918414686863192, 0.22895227031549695, 0.22926441378191956, 0.22949079072770157, 0.22955026467756692, 0.22905966623030322, 0.22991115583866806], "mse": [0.5338070417702793, 0.43681002543711406, 0.45620697318311565, 0.3884855962230073, 0.3677663231898644, 0.4479256693929295, 0.36650154072546537, 0.35909350749594676, 0.3839484759795286, 0.4062570023311416, 0.34523894094958013, 0.3308598753447736, 0.3734679611755702, 0.3284049760689111, 0.3300971069230523, 0.32321700625615957, 0.3305063500464489, 0.3277760270766298, 0.44861509851520986, 0.3496125883709994, 0.30329084033161835, 0.31082298697191635, 0.29940546097125875, 0.29607358969726716, 0.29909644802450863, 0.2967279324161833, 0.30153242180041556, 0.2983461088843025, 0.29191414648150077, 0.2910317257782841, 0.2916996498335145, 0.28991173727852043, 0.2903030400915623, 0.2906939665465569, 0.29137375693881484, 0.29100753215764197, 0.28912497531536696, 0.289224990147019, 0.2890509893014071, 0.28920545189962926, 0.2889493231134887, 0.28912615389056046, 0.2890088953752601, 0.2889329712954173, 0.28886745723662915, 0.2889869381407087, 0.28896081024463766, 0.2890158926326951, 0.2890792622076765, 0.28900717262931647, 0.2888886792290105, 0.2888873306134824, 0.2888222075354505, 0.2889742083312546, 0.28895115446833886, 0.2888421676471271, 0.288832024834329, 0.28883077668038165, 0.2889326417276179, 0.28877016284834944, 0.2889523361782992, 0.28893158684788667, 0.2890415179292213, 0.2887850828182093, 0.28886116152468333, 0.28895478179845413, 0.2888465615933738, 0.28892440201249964, 0.2889076547894202, 0.28893536359014094], "recauc": [0.8681598125689386, 0.8807894698375776, 0.8778110267260034, 0.8859235649095832, 0.8895300444164207, 0.8805007259871424, 0.889868333830119, 0.8910145513088887, 0.8878840010871504, 0.8818657187875543, 0.8949391664612607, 0.8953567397984341, 0.8869503260571489, 0.8975231665424184, 0.8961605477660225, 0.8981586344807175, 0.8975181010746575, 0.8961636271083343, 0.879757197562832, 0.8946315544190594, 0.9013500545722412, 0.8988227035793317, 0.9009762740294207, 0.9021005206578052, 0.9009691768634285, 0.9013016790636718, 0.9004806143791013, 0.9008146941395001, 0.9027989431557288, 0.9028639034476972, 0.9022970744787591, 0.9030657908739456, 0.9028011285296221, 0.9031338342176383, 0.9025536174489817, 0.9030807938578607, 0.9030314406541329, 0.9030954884306199, 0.9031397046279169, 0.9030237727685279, 0.9031295789915562, 0.902979762178668, 0.9030808182340001, 0.9031677944192197, 0.9031253301244667, 0.9030513114471127, 0.9030533113503797, 0.9030096706419403, 0.9030510539079002, 0.903095057078935, 0.9031285774501745, 0.9031049421333978, 0.9030989858767149, 0.9031258875961777, 0.9030964475787157, 0.9030950348224598, 0.9031036713946499, 0.9031218941486365, 0.9031589797952285, 0.9031433038178981, 0.9031476788050133, 0.9031206170508959, 0.9030616978021825, 0.9031417320868199, 0.9031622557364042, 0.9031371461931069, 0.9031266284188505, 0.9031071031311516, 0.9031493363824958, 0.9030869885767772], "f1": [], "aucrecauc": 0.9952047830952054, "aucloss": 0.31566480165806843, "convergence_rate": 0.8762485107054679}