{"bestEpoch": 14, "lastEpoch": 24, "mae": [], "medianabsoluteerror": [], "mape": [], "mse": [], "recauc": [], "f1": [0.1887961560408781, 0.2551478888127684, 0.23663359225671407, 0.25543117447879976, 0.32364969350314043, 0.23909309023874464, 0.22409399522795664, 0.2956014026325567, 0.3143258057402985, 0.30050887766632395, 0.34191341782928264, 0.32522722865132847, 0.2762644416159311, 0.34955047944614254, 0.32763102776035896, 0.3056644241445941, 0.33397854977340863, 0.2983035568352045, 0.33056911006024087, 0.32157175442323355, 0.34678047900072073, 0.3156105895128882, 0.3330728949861933, 0.33965729072451994], "f1auc": 0.8600922569412212, "convergence_rate": 0.6957791390709038}