{"bestEpoch": 250, "lastEpoch": 250, "mae": [], "medianabsoluteerror": [], "mape": [], "mse": [], "recauc": [], "f1": [0.005151125419058458, 0.003959477391403668, 0.00681671491937522, 0.008929639947736056, 0.015324307855240478, 0.008513256197040313, 0.012428593574856369, 0.013632152283046525, 0.012559113373431, 0.015474416315209098, 0.01246758380780311, 0.011691577451229014, 0.00949787092427588, 0.019105653795514103, 0.016556748684147818, 0.01797449307775252, 0.02041167382662926, 0.01556313240414444, 0.01744340093434062, 0.01991356412717066, 0.02090115647570763, 0.016960304009528852, 0.01886721082908716, 0.021232934604525373, 0.018889750319924504, 0.01675448947411448, 0.018426646167267982, 0.016877467369485866, 0.020360309017231387, 0.017490443581543877, 0.018400312854883118, 0.01955214716986556, 0.017223043516157763, 0.017585570378129637, 0.020362618610095157, 0.017524315782624846, 0.018031589799182193, 0.022116519018053532, 0.01960227537483642, 0.017108332626270713, 0.020943576121496253, 0.019785436186035798, 0.02026814920797303, 0.020188787734321593, 0.020201010080217435, 0.020700099493187744, 0.02138857708190638, 0.022423729522947498, 0.020714165270974215, 0.018298175940258052, 0.02212062864959231, 0.01995257388727353, 0.020293950074994606, 0.02208241515501423, 0.02331570589007256, 0.019231017527762753, 0.02079811115156256, 0.018575711055830318, 0.022416015224008504, 0.019901920505419637, 0.02104153191628013, 0.021843494822939402, 0.02197704016033338, 0.018390721417093824, 0.021161596555169387, 0.022068674324200073, 0.02401200659681995, 0.0183278869184873, 0.0215966614091266, 0.019616118111173805, 0.021991704968405676, 0.02103752389325007, 0.0183291362663684, 0.021688830878860536, 0.02054134546369229, 0.021505387133622166, 0.023027417658363903, 0.022225159772506085, 0.023938949708014558, 0.020804986944903067, 0.021370314973837724, 0.021815592979511706, 0.023209691808495702, 0.01957085418675678, 0.020409633663364922, 0.019437688277138324, 0.02222449760156706, 0.022009610112371566, 0.024008923487074896, 0.02295111718068725, 0.02265024480299771, 0.02132096552977072, 0.02279112477939729, 0.023383396119641867, 0.024599491249831212, 0.023449239927196296, 0.02164990281780951, 0.023735240786112107, 0.020712891785603822, 0.0228060242423342, 0.02437165507650942, 0.023203160016248073, 0.01868635479478403, 0.01732892891749312, 0.024377316562369307, 0.023847469667326118, 0.02336386309861494, 0.024941724665937005, 0.024454480542847577, 0.023641592110935663, 0.024109066103602316, 0.02397150616921373, 0.023814424035171172, 0.023633946320053067, 0.023883689888506286, 0.023979445786702858, 0.024123327052742078, 0.024123012491852985, 0.02415005812760608, 0.024146662154794385, 0.02412690856521554, 0.024127167549113326, 0.024090749034164, 0.024128294002158497, 0.02406683387749425, 0.024068216513678412, 0.024065623330195383, 0.024065399891238137, 0.024064970606741235, 0.024065277606636785, 0.02406578873450919, 0.024067639255204054, 0.02406739892941442, 0.02406612729777992, 0.024063813640111363, 0.02406525106933017, 0.02406813989883396, 0.024067386645544267, 0.024066451886197014, 0.02406631057594662, 0.024067309225863656, 0.024065463204009575, 0.02406802223779581, 0.024066570571206446, 0.024067990795550248, 0.024067646587916474, 0.024065736666747405, 0.02406890775099425, 0.02404189308070129, 0.02406733098309164, 0.024064351493800984, 0.024040926022383943, 0.024067247870188734, 0.02406698765230863, 0.024016404318981575, 0.024013958777693068, 0.02399046618982528, 0.02399262956492359, 0.023990952901482877, 0.02392683177703287, 0.023991818414871042, 0.023927948924108787, 0.023985129164762198, 0.023926995402348605, 0.02392758001903967, 0.023927447581012503, 0.023930566385427763, 0.023929657453002327, 0.02392997944983718, 0.023987745447027503, 0.023929823554796673, 0.023986883819678246, 0.023986144815485652, 0.023988912173644985, 0.023991514813461175, 0.023927090171237664, 0.023927643446453088, 0.02398770583985786, 0.023927182815581267, 0.023988741858128992, 0.02398964951459157, 0.02403566362857118, 0.023931583534473035, 0.023929730995082228, 0.02393184043230675, 0.023933812825438015, 0.023933655403522526, 0.02398079499860065, 0.02393076695515952, 0.02393450380263139, 0.023980766254902915, 0.023934928408429167, 0.023934699466657904, 0.02393489796051828, 0.023933898908281855, 0.023932843090448408, 0.023936395823709277, 0.023934093562546672, 0.023932964632563475, 0.023936297365503182, 0.02393556380468876, 0.02393687149894101, 0.02398107697457323, 0.02385678711676457, 0.023933360460793036, 0.02398234991888824, 0.023859196186373485, 0.023857918166218715, 0.02385913749607093, 0.02385961638875725, 0.02385892145078504, 0.023858353948682156, 0.023856378855431147, 0.023857472084465405, 0.02385604185023912, 0.02385978516975748, 0.023858698046096704, 0.023857553740684614, 0.023855254534530617, 0.023856014033147785, 0.023857528440671783, 0.023857112677833976, 0.023858382648324145, 0.02385949477769065, 0.02385804119728182, 0.023859558402453414, 0.02385865047504136, 0.023857312159117572, 0.02385795777019751, 0.02385894252843463, 0.023859151319292612, 0.02386069136860765, 0.02385986768914021, 0.023859677579788893, 0.023860358812635606, 0.02386037739473498, 0.02385982081546582, 0.02385827045598813, 0.023861807278134493, 0.023861121748242446, 0.023862041125971453, 0.02386038430160413, 0.02386147850290387, 0.023861865560084735, 0.02386224434861868, 0.023860047019267274, 0.02386122803541231, 0.023861690774142418, 0.02386067864372349, 0.023862088978152587], "f1auc": 0.8836622843220492, "convergence_rate": 0.8617086513785716}