{"bestEpoch": 36, "lastEpoch": 46, "mae": [0.8055495457135011, 0.8761845125449926, 0.8532631655812635, 0.8716544713196113, 0.883734205323385, 0.9101646013998946, 0.8777192039691712, 0.9421877149277726, 0.9547950419651623, 0.9391200844658397, 0.9734603420592584, 0.9356214521103899, 0.9324784229973776, 0.9540831867730651, 0.942556043695268, 0.973069153799904, 0.9584216955004276, 0.9738956748544163, 0.9678348282894571, 1.0115524909099074, 0.9302129716314227, 0.953732307730696, 0.9776768580883209, 0.960269825784728, 1.0172587918957359, 0.9842588472742371, 0.9940733717593495, 0.9968535797791952, 0.9789731277110283, 0.9786249908389595, 0.9688816072776469, 1.0472106095354838, 1.0008236041689866, 1.0088039299563887, 0.9927067387799736, 0.9936584224600917, 0.9927722747384164, 0.9991769093376826, 0.9857186545196978, 0.985878845944503, 0.992412136769956, 0.9944531094019349, 0.9939683394349014, 0.9968867661198704, 0.9963597747360174, 0.9962081530722008], "medianabsoluteerror": [0.6226015686988831, 0.7229187607765197, 0.6436395037174225, 0.6772606635093689, 0.6816029012203216, 0.6888891792297365, 0.6766046857833863, 0.7318301963806153, 0.7345406436920165, 0.7258855080604554, 0.750116605758667, 0.716767407655716, 0.7131084895133971, 0.7344929623603821, 0.7253755879402161, 0.7495992588996887, 0.7352806258201598, 0.7422069048881531, 0.7461326575279237, 0.7771683979034424, 0.7177134394645691, 0.7246110320091248, 0.7514445996284485, 0.7514589595794678, 0.7809486556053162, 0.7557684564590454, 0.7586824321746826, 0.7683885574340821, 0.7429818558692932, 0.744024109840393, 0.7434307348728181, 0.7981815588474274, 0.7748009300231934, 0.7731806302070618, 0.7644529163837432, 0.7606858015060425, 0.7573354363441468, 0.7619687199592591, 0.7533642411231994, 0.7561249613761901, 0.7594978308677672, 0.7593533277511597, 0.7586897659301758, 0.7626413011550903, 0.7609450459480286, 0.7612549722194671], "mape": [1.0760384952826207, 1.3336685567397104, 1.0972838061133485, 1.1663129093883122, 1.1694261037794853, 1.0942123908132928, 1.128000185524911, 1.3031535736310393, 1.3216179548741394, 1.26438900972328, 1.3501257755585767, 1.2176567124497524, 1.20702291030445, 1.2825003781089768, 1.2497975820786544, 1.3149243545313922, 1.2765645917419173, 1.2351398009154948, 1.2892135043668687, 1.401506327443096, 1.215908916383153, 1.2019687649623876, 1.3151126090835314, 1.3311546334375637, 1.3789562416615702, 1.2559083796469017, 1.3346212452781354, 1.3377105424474107, 1.229530510113808, 1.28491621983418, 1.2826890512835054, 1.4419576971319448, 1.3785537528886198, 1.3833728582422178, 1.3330204794175162, 1.3119088561293086, 1.3120631066293638, 1.3151269831391057, 1.2851152966018928, 1.284288520925222, 1.2959971103009704, 1.3041029995088178, 1.2909638269686614, 1.3012626536469978, 1.3004139026144461, 1.3038444428253713], "mse": [1.1366398307904013, 1.251818739262443, 1.2877826661489444, 1.300823672366049, 1.3477284680440607, 1.4556174665936772, 1.3303525027483452, 1.5150688673532888, 1.5745462467425544, 1.5099734288230213, 1.6328548209085125, 1.5110487494202103, 1.5060567811380032, 1.5653126770207944, 1.5279881346585933, 1.6243250611243156, 1.5824063639611947, 1.641765614126747, 1.6058733041561999, 1.7729345098176312, 1.486307854587476, 1.5794129687116822, 1.6454360485617712, 1.5585623300755438, 1.783233610808051, 1.6657842803725453, 1.7105485152617885, 1.7048846299696943, 1.6666910373386874, 1.6665138192399187, 1.6177742167758797, 1.9050971518195754, 1.7135252695130034, 1.7613687380672591, 1.6926918405766953, 1.7077096615467682, 1.7105683512127314, 1.7331861088223035, 1.6817520814272529, 1.6778361056974038, 1.7026727550455656, 1.714933199922209, 1.7116478557689039, 1.7179661140135503, 1.7194526171833997, 1.7187660221722545], "recauc": [0.8126918382921465, 0.7963089681753829, 0.8016485017798745, 0.7973249374864484, 0.7945441908939644, 0.7884442686254335, 0.7959286166751908, 0.7810271775694878, 0.7782313060037285, 0.78173012603161, 0.7739137725745233, 0.7825172164859039, 0.7832461049653089, 0.7782336258899494, 0.7809125740271622, 0.7738488257751647, 0.7772319571057541, 0.7736514096281903, 0.7750115539767122, 0.7651384467714276, 0.7837281935395741, 0.7782859879284479, 0.7727610608152929, 0.776733617374762, 0.7636521036492417, 0.7712161797369251, 0.7689984777036488, 0.7683169147739268, 0.7724898722218817, 0.7726142237445484, 0.7747969094197288, 0.7568853654453089, 0.7674471283392601, 0.7657250665565052, 0.7693301797586373, 0.7691149682332206, 0.7693510493659164, 0.7678779086932765, 0.7709528469676654, 0.7708938286228453, 0.769408023716847, 0.7689616260477365, 0.7690585014078787, 0.7683782122995418, 0.7685152416240423, 0.7685530740868849], "f1": [], "aucrecauc": 0.9549884546647542, "aucloss": 1.604611959182568, "convergence_rate": 0.3466890392239028}