{"bestEpoch": 5, "lastEpoch": 15, "mae": [], "medianabsoluteerror": [], "mape": [], "mse": [], "recauc": [], "f1": [0.34615888309864956, 0.3359056694293539, 0.29011703075019213, 0.3540675848499945, 0.35674502677993797, 0.36626192437967775, 0.3251859389516527, 0.3581155611664844, 0.33502047086021014, 0.3543734328473218, 0.33724341203499303, 0.3730837684635665, 0.34125107844130037, 0.358552548321471, 0.3705113871950153], "f1auc": 0.9274551707195512, "convergence_rate": 0.673781336515863}