{"bestEpoch": 51, "lastEpoch": 61, "mae": [1868.3481935333043, 1769.7819201568395, 1674.9406882116605, 1590.7185645157217, 1505.7103944000037, 1432.8224210791486, 1342.7786420105904, 1290.4861843418619, 1242.8928866168908, 1190.2688593454789, 1144.502217585677, 1113.3628867570458, 1028.3121812177662, 1028.6972368094907, 960.5809190288194, 962.5456683054398, 919.4747941101997, 922.6027984504774, 892.106938397309, 840.3543200071904, 843.598054626331, 806.9030773766203, 799.4130699800636, 779.7892669201678, 747.8124181878907, 709.6324871440538, 718.2923038306134, 684.9673251793547, 680.8974456672743, 640.82054495139, 640.6032718029803, 647.4202441065828, 637.5952945713542, 605.9400237201979, 593.634174002316, 576.5541660270555, 577.0030454577558, 543.4317725085903, 535.1883812688935, 523.1500808312327, 523.3159623959028, 492.2479062433831, 512.1784709859826, 498.03032703331365, 488.7016849431921, 481.15692848676736, 471.15794921145493, 480.15408515250226, 477.18051531026856, 469.34999136640283, 463.8931429145416, 471.14337181001036, 470.2470387841134, 464.4213209925382, 460.65994306258915, 463.32046655451853, 464.9085835430891, 461.1213392397037, 464.74968566620834, 463.9631600404849, 463.57500335645716], "medianabsoluteerror": [1642.134308033203, 1556.3403170615234, 1473.972089533081, 1398.8980902453613, 1323.0027620205078, 1259.3433223398438, 1176.1712648828125, 1131.2650758554687, 1091.0539244433594, 1042.7991633496094, 1005.4008182226562, 977.9841918398438, 905.0609743007813, 903.6506346484375, 848.2849730898438, 850.9207765390624, 812.0786128125001, 813.1647948046875, 785.0564574570312, 741.83251946875, 744.1464235117187, 711.3765260585938, 704.5454710742188, 690.0324709375, 662.015869078125, 626.1318358203125, 637.7212526210938, 607.1931152890625, 603.8471072304687, 568.051391484375, 571.9565426171876, 575.313964546875, 567.0225221445312, 542.2467652539062, 530.6954959023437, 517.7462765664063, 520.0495601328125, 488.2386477499999, 477.4294437656249, 467.840820375, 468.23516857421873, 442.7821044374998, 460.79894984375005, 449.1307978710938, 439.4068606484375, 434.170166015625, 424.213867484375, 431.54809540625, 429.512450875, 421.87182570312507, 418.2266841640626, 424.34930408203127, 422.9353029140625, 417.84729015625, 415.13616931640627, 417.64581328515624, 418.9329831015625, 415.78961151953126, 418.92919968749993, 417.93719500390625, 417.557007015625], "mape": [1.137780719109017, 1.0772217550567798, 1.0189260503515427, 0.9674032716126493, 0.9150192012055071, 0.8704123972678067, 0.8138515572412628, 0.782030429987455, 0.7531240810341443, 0.720773014931517, 0.6924189122311986, 0.673709314850629, 0.6192524687113881, 0.6210590494241786, 0.5772744047728332, 0.5798780250490897, 0.5530075543641126, 0.5572330485176613, 0.5384249278258176, 0.5048766958510984, 0.5087200089274407, 0.48549893785563364, 0.48156157017201767, 0.4697701674014753, 0.44925485923087966, 0.42492777428023576, 0.43157611135022106, 0.4108781894985696, 0.40889407264097666, 0.38288512414705045, 0.3834897609346553, 0.38942471166364406, 0.38357437826079643, 0.3628778390700156, 0.3554896426439607, 0.34487708819793544, 0.3457990592973607, 0.3243450777366545, 0.3195413392483304, 0.31234135476779284, 0.31298374812842955, 0.29267152854972156, 0.30648684016716166, 0.2975987974751579, 0.2921241343565806, 0.28747078889964595, 0.2809102627913095, 0.28698549537307944, 0.2851779552450107, 0.2800254823725453, 0.276465731257932, 0.28141147792538224, 0.2809148551923824, 0.2771266627628485, 0.2747450172630354, 0.27653916092875647, 0.27760453278282593, 0.2750905309364134, 0.2775264825481113, 0.27701045877632613, 0.27675733366640987], "mse": [3844627.1722239833, 3452304.3314942974, 3094922.0242892066, 2792615.3632229785, 2505209.981961804, 2269736.286496516, 2001998.0778385468, 1849257.4303417057, 1715708.6487208852, 1574940.7478353803, 1459014.8386820005, 1379640.7079629602, 1189412.6390583056, 1183160.4276240724, 1042038.3020255071, 1040602.7410836383, 952939.0767427179, 950588.0675073127, 890148.1765414565, 797819.4066334994, 797250.1663162019, 732756.295911078, 717409.2359006495, 682616.8602243927, 631486.3831656489, 572854.4477428193, 582355.1829416854, 531568.7431620485, 523975.6269558419, 469213.465269914, 466839.04271452094, 471989.791974911, 457534.5154697598, 417294.07519757334, 400608.32447458664, 378836.20327877806, 377950.9416844576, 338308.6244238637, 327698.3858013731, 313268.3682079432, 312175.75913059735, 279867.78649998014, 298821.28535204707, 283321.72676655307, 272909.8880267135, 264698.14909459034, 254986.6560461534, 263372.88667017483, 260199.90590246546, 252656.37334763067, 247457.42536145422, 254073.35647624283, 253011.85552578623, 247338.9877311152, 243673.24981333895, 246064.37252036252, 247526.3240281917, 243998.91808415033, 247321.56004096763, 246580.08756434554, 246206.61505321437], "recauc": [0.15829051053253473, 0.18345510106566212, 0.20928313572097954, 0.23423400117789558, 0.2636584991832517, 0.2918116404233016, 0.32910085082582335, 0.350795820322773, 0.37149637926755635, 0.3951662869990703, 0.4170002481729654, 0.43213356891244675, 0.47529910028039846, 0.4751020139050942, 0.5098584080630285, 0.5088558485478177, 0.5308338685720425, 0.5292372052020018, 0.5447976945842733, 0.5712048686350117, 0.5695496216288296, 0.5882735977301433, 0.5920952836024344, 0.6021081367395998, 0.618425057320547, 0.6379070944131451, 0.6334881339985851, 0.6504930937538199, 0.6525680271730877, 0.6730185759316673, 0.6731281572601705, 0.6696511577083635, 0.6746638367540458, 0.6908161482814948, 0.697094672430206, 0.7058102699158804, 0.7055812099728491, 0.7227119304523044, 0.7269172695047281, 0.7330603727039371, 0.7329755938556819, 0.7488279939105023, 0.7386587399480689, 0.7458785730424895, 0.7506381601123076, 0.7544878784174713, 0.7595889514877414, 0.7549992184403626, 0.7565160516051606, 0.7605122438169742, 0.7632960481233309, 0.7595961225752205, 0.7600539165027613, 0.7630269545473066, 0.7649458427324215, 0.7635882254892156, 0.762776885095917, 0.764710648842662, 0.7628591155411838, 0.7632598667274134, 0.7634588199560697], "f1": [], "aucrecauc": 0.7937981978143762, "aucloss": 826655.7567417049, "convergence_rate": 0.772512914329458}