{"bestEpoch": 52, "lastEpoch": 62, "mae": [], "medianabsoluteerror": [], "mape": [], "mse": [], "recauc": [], "f1": [0.02492911188087107, 0.09744038503963717, 0.1809502719841731, 0.2002774840884389, 0.20019790421129635, 0.18636941343713606, 0.2215711677855906, 0.21755577551881186, 0.24523972854807594, 0.21811782600335036, 0.25265206713197386, 0.14719308323561128, 0.25342700092988546, 0.2444548141199333, 0.27081910571160844, 0.2500334876639221, 0.21762026613004315, 0.28315081564568234, 0.2670681133768824, 0.2731018530708575, 0.22902853484567018, 0.2298320664910643, 0.2719362622496786, 0.2934955744541661, 0.3216615038300271, 0.33172553230923474, 0.2528763509649982, 0.3116807131908067, 0.2660349837831954, 0.2391750036777216, 0.34089287877371854, 0.34412644259714575, 0.3407763564439635, 0.301296241684182, 0.34995095450284774, 0.350618841610729, 0.34883467007273056, 0.3513929056584075, 0.34436790754015495, 0.3450247078399883, 0.3619252678912647, 0.3604928959988691, 0.36125427134729793, 0.35771640847990194, 0.3553708415385518, 0.36347497332481055, 0.35779678360709877, 0.36592537498097416, 0.356286130937405, 0.3570714431109596, 0.362258069056154, 0.36624406207674637, 0.35973960151911866, 0.358688722495631, 0.3602634272255815, 0.36463276306329073, 0.36421986759221314, 0.36518648514709695, 0.3644152801463353, 0.3658506505440776, 0.36474305843147875, 0.36421595405547147], "f1auc": 0.8137589732881786, "convergence_rate": 0.8001562190313174}