{"bestEpoch": 16, "lastEpoch": 26, "mae": [1435.3281286936235, 993.7874281072338, 590.8173929150764, 306.26894179695256, 136.46035023690507, 79.70681985443751, 65.03452241796643, 66.28721423945834, 63.705426443407404, 62.76057656366319, 65.2291304727986, 62.70465852257523, 64.98761235203703, 64.73996700709144, 64.64084878864121, 62.371198725002316, 64.53326066288079, 64.30315611616204, 65.67444528734029, 63.858733951912036, 63.845504369302084, 63.9535400680544, 64.44355457184838, 64.20784392405209, 64.08269988087036, 63.99168034962037], "medianabsoluteerror": [1261.9527283261718, 876.3039549609375, 530.4232792148437, 281.68933088281256, 131.14550774999998, 75.65087925781245, 59.36230457031252, 60.996459781249996, 57.85571260156257, 56.63488810937497, 59.62561023437502, 56.547851734374944, 59.33740222656252, 59.052734554687504, 58.94860799218759, 56.10864299218747, 58.82360799218759, 58.539184742187444, 60.198974429687496, 58.05627446874996, 58.07104463281257, 58.14501958593746, 58.71032720312496, 58.428833179687444, 58.29602056249996, 58.198486562499966], "mape": [0.8727220597780824, 0.6023582604884403, 0.3556218488235211, 0.1830809805907968, 0.08269247035385312, 0.05055580404824804, 0.04250741133625038, 0.0431836965487641, 0.04179361320313509, 0.04128920908105263, 0.04261287922947619, 0.041259676311412585, 0.042483033468966085, 0.04234973129273575, 0.04229654328615417, 0.04108270185147888, 0.04223901824946945, 0.042115511042833835, 0.04285449452642859, 0.04187746320514149, 0.041870415570563285, 0.041928335814760076, 0.042191453934207354, 0.04206487606990671, 0.0419977087392167, 0.04194888082801172], "mse": [2273797.6676156498, 1095399.7808845295, 392521.3305821208, 108311.42167961043, 23219.655341449507, 8673.521828084951, 6315.7155421487105, 6487.092273109691, 6141.13061263017, 6021.394783891446, 6341.533684227009, 6014.302170774329, 6308.939140086152, 6275.900599173198, 6262.686742105096, 5972.883949025102, 6248.287181675425, 6218.002358520235, 6401.292510032228, 6159.920655872056, 6158.18546587635, 6172.164344209223, 6236.117854033871, 6205.221555705262, 6188.89490973117, 6177.059710218282], "recauc": [0.2902680045782356, 0.4929156174876747, 0.6985329199586625, 0.8437245354165046, 0.9303707407777815, 0.9593274438554965, 0.9668163112607557, 0.9661766028454698, 0.9674942457208684, 0.9679769013938431, 0.9667170717071707, 0.9680045189704156, 0.9668401358654384, 0.9669663410785523, 0.9670171906079497, 0.9681738988713686, 0.9670714775181222, 0.9671890003815197, 0.9664897008219341, 0.9674156897171198, 0.9674222088875554, 0.9673677441818257, 0.9671173784045072, 0.9672367681212566, 0.9673013079085687, 0.967348127405333], "f1": [], "aucrecauc": 0.947370047652924, "aucloss": 115449.70961246226, "convergence_rate": 0.9266172242204335}