{"bestEpoch": 124, "lastEpoch": 134, "mae": [], "medianabsoluteerror": [], "mape": [], "mse": [], "recauc": [], "f1": [0.02209090219521844, 0.02665658603460819, 0.02233729716695699, 0.023258797639354394, 0.02430210184774102, 0.01606187996932453, 0.021983150622475498, 0.018870709283743483, 0.022125181328504447, 0.020280857232901503, 0.022224735062503376, 0.02099511277146281, 0.024925740642736796, 0.02111125459756363, 0.019575064981276577, 0.016862764293061577, 0.021751802961112825, 0.020431830538983394, 0.0187260058554427, 0.018967190896315298, 0.020315953053526806, 0.021741693034439853, 0.015658045950997852, 0.024719883739161515, 0.02015140148606394, 0.025850636617362713, 0.02262147442269816, 0.01991731331866178, 0.02532158936752145, 0.022939079405465603, 0.02524038242605568, 0.022746860199319183, 0.025060097364314977, 0.022798302217697988, 0.02411971755623027, 0.020712505251164626, 0.027220419749817686, 0.024969186424149706, 0.022851425935166477, 0.024509276934570744, 0.026636974795454984, 0.023293593496218363, 0.024427958693786216, 0.026664305046731666, 0.019041428641159607, 0.02354376918889135, 0.021998102230953137, 0.02378059487891298, 0.02168739309860689, 0.025891059749623503, 0.02532246770962083, 0.024473552896528524, 0.023481554299612375, 0.025558253185458894, 0.026224387621149876, 0.022450654539480214, 0.023444773988603368, 0.02236565555869124, 0.024113766550499117, 0.023459172910911125, 0.02104604169923715, 0.024704931970054626, 0.022412315039847072, 0.025442868841742267, 0.02730857387717885, 0.024492445312700895, 0.027267318590005547, 0.025042786108665904, 0.02530913194622955, 0.025644939413230237, 0.027591874243773278, 0.02274550876730354, 0.024919094729486495, 0.027110980533071916, 0.02771959159849143, 0.02504517677088073, 0.02153148118798463, 0.024507517739770165, 0.02534292771319459, 0.02388688621792045, 0.026278841231496992, 0.02613044693210695, 0.024980420161314416, 0.02597408633445428, 0.023013104451148066, 0.02538765453692185, 0.025966866757273107, 0.02878552530453968, 0.026142645273351955, 0.02729189309413808, 0.026148213853502935, 0.028002174680317796, 0.02818595060503355, 0.026429433643527827, 0.022619825692075816, 0.02736786144812284, 0.02425580944054539, 0.02493951589992223, 0.0273275416768544, 0.02503150790948976, 0.027152092008358178, 0.028289307659151258, 0.02535438536304206, 0.026981445528859054, 0.026827228943358032, 0.028336663105117083, 0.031575152127528455, 0.023657034037604274, 0.026616243510401906, 0.027955233079428307, 0.025921096179225625, 0.027488776656961422, 0.03057437614443799, 0.025301343962572984, 0.023276622167314572, 0.025402627062959524, 0.030358974647653164, 0.029504780275130028, 0.029143730703699196, 0.02952874876272121, 0.030000034332253143, 0.02918679842221698, 0.02879345963664795, 0.02881917308836159, 0.029467537772494286, 0.029357671238996828, 0.02933511076957039, 0.029312163934348812, 0.029369473062541212, 0.02909820847267117, 0.029210962178181633, 0.029286331937706495, 0.029187385279101002, 0.02912957386281818], "f1auc": 0.7889959780312573, "convergence_rate": 0.581426170103264}