{"bestEpoch": 35, "lastEpoch": 45, "mae": [], "medianabsoluteerror": [], "mape": [], "mse": [], "recauc": [], "f1": [0.02546662471398332, 0.031829804899564336, 0.033140995528141405, 0.03623648184726573, 0.03695347486717131, 0.03686369105276104, 0.03560164721276431, 0.035565947098344534, 0.03490270534909789, 0.03562703406424677, 0.03641209553735546, 0.03860580130916418, 0.03784762431025151, 0.03798480148387221, 0.0388082242730722, 0.040105033730065, 0.04052147733997577, 0.03852947417425924, 0.039647824614846464, 0.03944309626947804, 0.03922376782000733, 0.04018056403881893, 0.03819533929602789, 0.04003906343947262, 0.03877382514411761, 0.038867107297674584, 0.03906451191344274, 0.038595600044622536, 0.04036067314670463, 0.03944362807480142, 0.03915395757393725, 0.04005669504631576, 0.04027989591791068, 0.04053354755160312, 0.03994987831483144, 0.04031814147014417, 0.04018575679893531, 0.040477023712906755, 0.04042398365714816, 0.040392690736794135, 0.040410197325153496, 0.040129997878289886, 0.040242825989371615, 0.04024635009885903, 0.040250663274740604], "f1auc": 0.9492871301058814, "convergence_rate": 0.863570514995997}