{"bestEpoch": 32, "lastEpoch": 42, "mae": [741.8730202025029, 361.51395120049193, 187.72291722018747, 133.51336929725232, 110.81542503321761, 97.9601112498206, 98.3144128266169, 97.00464973425116, 93.70403802640047, 95.39421780440858, 93.36923467739352, 93.25623653998959, 94.21236340259027, 91.45699334100348, 90.05192547082174, 89.55249874903936, 90.82811526688542, 92.43435264291553, 86.9929522714074, 92.73094176307754, 90.8140949038183, 93.00227350473493, 85.7136622507442, 84.07959163034259, 89.6610636359838, 84.79401493426968, 90.54958190110646, 83.14863978864697, 84.28787541232175, 80.21001878362732, 82.11707421380902, 76.50365837642477, 80.14249380887615, 83.48363930081945, 83.67766874228009, 79.42590812498727, 80.00891157859027, 82.22181889745949, 81.49170096748612, 80.9770518245845, 80.80864032976736, 81.52288273470255], "medianabsoluteerror": [658.8889771132813, 330.3677977890625, 176.29028278906253, 126.42370558593757, 103.41088837500001, 90.49548322656256, 90.760498046875, 89.41589325781251, 86.41272007812495, 87.87634242187505, 86.12622046875003, 86.00512724999999, 86.89880359375002, 84.70019501562501, 83.298828125, 83.01403779687507, 84.18322724218751, 85.3419189453125, 80.39099092187507, 85.67822265625, 84.07604985937496, 86.00427239843748, 79.15527314843757, 77.68164103124991, 83.02148442968746, 78.27331536718748, 84.15368640625002, 76.97265636718748, 77.94030720312503, 74.23059122656241, 75.87792980468748, 70.3090818515625, 74.19287079687501, 77.08850144531243, 77.37158174218757, 73.35668903906253, 74.03063971093752, 75.9683836718749, 75.37866170312509, 75.06030302343743, 74.88647478124994, 75.37756307031259], "mape": [0.4481212784290331, 0.2159326907959911, 0.11189996017270247, 0.08054489234979001, 0.06761004516939664, 0.060300043317630767, 0.06048745481979216, 0.05974963742140555, 0.0579038336526323, 0.058858177729734396, 0.057731926573816116, 0.05766777446718146, 0.05821414192231958, 0.05667338837380215, 0.05589767331647584, 0.05561692766347311, 0.05634043032258742, 0.05723317543370633, 0.05420510506881877, 0.057406431074513216, 0.05634408382848055, 0.057584145760007074, 0.05351962458661565, 0.05260617391495248, 0.05571475383608206, 0.05302366539663068, 0.05624481546673463, 0.0521338994056872, 0.05275454194234394, 0.05049631023070835, 0.0515451634027267, 0.04845038900538204, 0.050460640082977466, 0.05230146568867199, 0.05240973260028255, 0.050061020088044805, 0.050382509810902774, 0.051605010694050435, 0.05120115905683326, 0.05091446711432073, 0.05082138169639341, 0.05121592682780037], "mse": [614308.9171008922, 150263.43426825892, 42839.890658931705, 22572.27612901228, 15979.210559889012, 12799.271455679527, 12889.111313378186, 12583.31728024304, 11824.467707352125, 12201.824591225628, 11738.260023039766, 11712.652888040539, 11919.495548915142, 11305.584067867818, 10993.863259535134, 10887.08007530826, 11154.313509730106, 11509.413069707676, 10336.645689463556, 11568.831968412971, 11140.640411936698, 11611.693474458003, 10054.496072802463, 9728.132616838166, 10879.421281292236, 9856.927177439378, 11048.061941079652, 9512.850200327299, 9744.266662253427, 8952.15987199448, 9319.11057975746, 8279.700090145436, 8935.544046233734, 9584.1876999367, 9620.778291721648, 8801.200160042683, 8909.604451026067, 9332.84649315435, 9191.171712339825, 9093.479075652054, 9061.352147157897, 9198.234265390418], "recauc": [0.6214558492886326, 0.8155360869420275, 0.9042131324243535, 0.9318742096431866, 0.9434551010656622, 0.9500158163964545, 0.9498352353753894, 0.9505022057761331, 0.9521866408863108, 0.9513249250851011, 0.952358391394695, 0.9524159378900853, 0.9519268519444537, 0.9533345186370489, 0.9540500568575376, 0.9543058750319476, 0.9536546988032136, 0.95283458716242, 0.9556112203812974, 0.9526832535105363, 0.9536629959292225, 0.9525453434232312, 0.9562640560352332, 0.9570986876465424, 0.9542497212684231, 0.9567330807154789, 0.9537971426772307, 0.9575734906824015, 0.9569910324365769, 0.9590724850262804, 0.9580988172891363, 0.9609647335103881, 0.9591070662621818, 0.9574015327458671, 0.9573029154767329, 0.9594726139280594, 0.9591752508584191, 0.9580453897241575, 0.9584182566404789, 0.9586806828831032, 0.9587665285047023, 0.9584025217336549], "f1": [], "aucrecauc": 0.9841601171837606, "aucloss": 22475.369370846885, "convergence_rate": 0.9551690029617652}