{"bestEpoch": 62, "lastEpoch": 72, "mae": [1.5882377885601753, 1.3026076896960819, 1.421193369177969, 0.922117659164138, 1.3735608936706605, 0.8543669365134142, 0.7602160128784311, 0.7857721598542027, 0.7247225047385533, 0.6658578447734127, 0.559337240230411, 0.5227019643194275, 0.5717898915508053, 0.4927355255247431, 0.46534528013688364, 0.4782323350294161, 0.47771500305256975, 0.4467888417785781, 0.4565359713734117, 0.44975996295733833, 0.4611024137955943, 0.4530517707114935, 0.4363242965197997, 0.43052504130585106, 0.4293184396617404, 0.42673438879537534, 0.43562264774740256, 0.42654801511780893, 0.42255336698943957, 0.42443717283110743, 0.42774075132606365, 0.4272911072268422, 0.42726491956910523, 0.4234334922434332, 0.4341687242722045, 0.4213748260580548, 0.42001027124590207, 0.4183498421690941, 0.4248384274529543, 0.42901030144984476, 0.42282998042134456, 0.4214158898729088, 0.41386656126041327, 0.4120337336979246, 0.41156226312668104, 0.4121637266606266, 0.419216896961368, 0.41478100454852296, 0.41181800441565153, 0.41142870264285786, 0.41136404561947354, 0.41235019118770305, 0.4115987003279272, 0.41155265828730764, 0.4114092056832279, 0.4116268777536274, 0.41132074617005443, 0.41100103790474396, 0.410827127224876, 0.4114029408319685, 0.4108924314896347, 0.41114333811143483, 0.4110591017090902, 0.4110910557734774, 0.4109050490133467, 0.41164823704636716, 0.4112634608887169, 0.41156269232923126, 0.41136483731975354, 0.4110755797640548, 0.41124932495049094, 0.41147822732987616], "medianabsoluteerror": [1.0724663734436035, 0.8330421447753906, 0.8196239471435547, 0.5610101222991943, 1.0690243244171143, 0.5657107830047607, 0.5196332931518555, 0.5739057064056396, 0.5303330421447754, 0.5053119659423828, 0.42752909660339355, 0.4121079444885254, 0.4581642150878906, 0.39791345596313477, 0.37153148651123047, 0.3993263244628906, 0.3793034553527832, 0.3556509017944336, 0.37081384658813477, 0.3556990623474121, 0.36374950408935547, 0.36516427993774414, 0.345395565032959, 0.35364484786987305, 0.3482193946838379, 0.3398571014404297, 0.35273075103759766, 0.3336048126220703, 0.3399825096130371, 0.34492945671081543, 0.34563207626342773, 0.34551191329956055, 0.3521871566772461, 0.3397865295410156, 0.35056304931640625, 0.33064937591552734, 0.34203577041625977, 0.3336753845214844, 0.34223127365112305, 0.34891510009765625, 0.33597660064697266, 0.3412351608276367, 0.33197832107543945, 0.3280467987060547, 0.325467586517334, 0.3263998031616211, 0.3435802459716797, 0.3315105438232422, 0.32570505142211914, 0.3264589309692383, 0.3254408836364746, 0.32998085021972656, 0.32994985580444336, 0.3286871910095215, 0.3286781311035156, 0.3300657272338867, 0.32868337631225586, 0.3257880210876465, 0.32537317276000977, 0.32999610900878906, 0.3249967098236084, 0.32834672927856445, 0.3264191150665283, 0.32616472244262695, 0.32474279403686523, 0.32938146591186523, 0.3296480178833008, 0.32978272438049316, 0.3294100761413574, 0.3258395195007324, 0.32707929611206055, 0.32942628860473633], "mape": [0.34920111623165523, 0.26568689751643976, 0.3134413923274223, 0.1853828539599012, 0.2974423154667242, 0.17724721798084073, 0.1539702379565722, 0.15337707573566411, 0.15320857523012285, 0.12876031932088502, 0.11251496976934017, 0.1076030718911434, 0.11177068679662398, 0.10129134005672284, 0.09319542657593366, 0.09987697466642798, 0.09612528478826192, 0.09065929172501937, 0.09356681088456353, 0.09126638210175063, 0.09115809789435618, 0.09217086880728627, 0.08762161796888124, 0.08789088519340017, 0.08780183782680889, 0.08555656373871282, 0.0896611566675318, 0.08532632679814503, 0.08540508145782201, 0.08605721365379729, 0.08640845892558344, 0.08737834777077565, 0.08743899912907489, 0.08669936211875895, 0.08998581069675482, 0.08463746803214994, 0.08541739346498307, 0.08502192636392861, 0.08634080225464667, 0.08917754966108778, 0.08637629574009577, 0.0858750909236578, 0.08387606325701474, 0.08338733954648668, 0.08360950661377443, 0.08292843974033809, 0.08649190514159118, 0.08478930899841156, 0.08359539153792182, 0.08346768402261572, 0.08346271134759921, 0.08406526110223042, 0.08366767241996084, 0.08355369794583165, 0.08355929601780235, 0.08365184230613568, 0.08356988978571105, 0.08340546440300155, 0.08318126697314819, 0.08361447656542655, 0.08332375970291479, 0.08350060117783309, 0.08343261118399077, 0.08343498546051058, 0.08331025905158002, 0.083777605655041, 0.08356076072028305, 0.08368543720772229, 0.08360462884532206, 0.08341841859212547, 0.08350107126343093, 0.0836936633787024], "mse": [70.18773389003279, 52.62994800364085, 38.95362071931315, 26.76850958995266, 18.7863842056651, 11.717482162358781, 7.349052238813716, 4.69841621035777, 2.6764558791967743, 1.6486391055907517, 0.8840639510404313, 0.5761075119860032, 0.5805708901132279, 0.4091433032441286, 0.37561667713413255, 0.3724828205248311, 0.38724775628046265, 0.33814477225607853, 0.35186805470445387, 0.34394265157997056, 0.3660551026509681, 0.34678975720906763, 0.3254199095405237, 0.3139189199187609, 0.31071994028851896, 0.3123055651855051, 0.3183646709507023, 0.31455354423244974, 0.30414004799835503, 0.3042793059740227, 0.3139376792138426, 0.3076967026781868, 0.3063285468074829, 0.30377085092759554, 0.311050927698241, 0.3060558158542002, 0.2976132728582907, 0.29953494995047725, 0.30917868416810396, 0.30577534849965254, 0.30184638448244056, 0.3019162642543442, 0.29212755200265167, 0.28975549346861373, 0.2891196385615058, 0.29200171266852815, 0.29445821610401196, 0.29163688170227065, 0.2890523609633258, 0.288670315735912, 0.28897555945903786, 0.2883041320626091, 0.2882484574666783, 0.2884178002609546, 0.2881574801814456, 0.2881173913574747, 0.28773289694585147, 0.2877313455769358, 0.2881080565884292, 0.287728947106037, 0.28776829879340204, 0.2878002501719217, 0.28774581539012506, 0.2878038397357387, 0.2878308020455523, 0.28795818417000024, 0.28783907175836626, 0.2881068610029435, 0.28786517944445844, 0.28796457387414925, 0.2878358038196793, 0.28789223192456326], "recauc": [0.7121309796616464, 0.7663994858119522, 0.7315142774146965, 0.8331185847729984, 0.7176510991298238, 0.8304049423136616, 0.8453965204278752, 0.8335651450486621, 0.8420880879711727, 0.8522363393222261, 0.8734212418838864, 0.8799979895002888, 0.8675074510540652, 0.8854345784732954, 0.8917699013293022, 0.8887719358959584, 0.8888931632607133, 0.8960852315921604, 0.8938187845561075, 0.8953935386672893, 0.8927556161040066, 0.8946276536338839, 0.8985187052862512, 0.8998687888012968, 0.9001492150588215, 0.900750167704721, 0.8986834316799343, 0.9007926710968386, 0.9017210165918755, 0.9012833483828988, 0.9005159870604293, 0.9006199109440638, 0.9006260220941421, 0.9015173916979752, 0.8990207808971765, 0.901995640690056, 0.9023125278542273, 0.9026999679027292, 0.9011904108364837, 0.900220523253836, 0.9016581884759023, 0.9019863709680271, 0.903742674301759, 0.9041683262044021, 0.9042783955704189, 0.9041373584663651, 0.9024984372793613, 0.9035301573411719, 0.9042191723463455, 0.9043097409637978, 0.9043245038544363, 0.9040950954003742, 0.9042699498236814, 0.9042786702288492, 0.9043143071602047, 0.9042629803660077, 0.9043355245239595, 0.9044081716788225, 0.9044491987818761, 0.9043154744585341, 0.9044343328943263, 0.9043765172947092, 0.9043958120494509, 0.9043887395948658, 0.9044312086546795, 0.9042581395111706, 0.9043467511873056, 0.9042775372628236, 0.9043239888698791, 0.9043908681977021, 0.9043511457221933, 0.9042973813344259], "f1": [], "aucrecauc": 0.9802419143288847, "aucloss": 3.1034031644294697, "convergence_rate": 0.9168500690212225}