{"bestEpoch": 6, "lastEpoch": 16, "mae": [0.48795236703227435, 0.44596899644807125, 0.4249978864019253, 0.41667375834733206, 0.4116546285925887, 0.40210664690033177, 0.41167725347915557, 0.4132146959274016, 0.40323812280699745, 0.40681543840315804, 0.40536920396055665, 0.4041385186902042, 0.4073523698769318, 0.4101739978424645, 0.4085844449747701, 0.40865840163146605], "medianabsoluteerror": [0.39094384670257565, 0.35782482624053946, 0.34007154703140263, 0.32834315299987793, 0.32617629766464223, 0.320096790790558, 0.3249166560173035, 0.33177459239959717, 0.31894161701202384, 0.322941312789917, 0.321039080619812, 0.31961338520050053, 0.32299802303314207, 0.3262027740478517, 0.3235157918930053, 0.32310822010040297], "mape": [0.2523591097867268, 0.23226201552563283, 0.2239037681399182, 0.21401647202780602, 0.21226347668799678, 0.21159222410257061, 0.21384019837123378, 0.22019833108551243, 0.21115702101728087, 0.2131562272598447, 0.2117493746077581, 0.21073757665532225, 0.21260755567918946, 0.21583151686988383, 0.21357102420272264, 0.21293439032458597], "mse": [0.4106081092265731, 0.3438651657381839, 0.3121972103189927, 0.3046115975003691, 0.2957801021003502, 0.2815690709104093, 0.29633923634847137, 0.29253895724201745, 0.28307644499556683, 0.28898511175449015, 0.2863139911316863, 0.2851349063139904, 0.2890151617738401, 0.2911614871543421, 0.2904192922487543, 0.2911735047069311], "recauc": [0.8865121951557625, 0.8962765850787106, 0.9011537582904998, 0.9030895199858673, 0.9042573394934339, 0.9064775039667504, 0.9042520000590624, 0.9038959547474396, 0.9062151875608908, 0.9053861704257832, 0.9057230852371828, 0.9060082865986568, 0.9052619586277223, 0.9046054980641127, 0.9049754319461448, 0.9049587289914612], "f1": [], "aucrecauc": 0.9967751494362513, "aucloss": 0.29945990283321444, "convergence_rate": 0.8534800623033986}