{"bestEpoch": 28, "lastEpoch": 38, "mae": [], "medianabsoluteerror": [], "mape": [], "mse": [], "recauc": [], "f1": [0.3148818404241996, 0.29622093211295597, 0.2858672723208067, 0.24517915303039114, 0.3103131287012325, 0.3582662344061414, 0.3537812380800115, 0.29623672245428606, 0.3297557081627581, 0.333380011782746, 0.3556294007014122, 0.31533169251998205, 0.3116141721061595, 0.3351067399832428, 0.32496370131868907, 0.36500443131590127, 0.3647005597680376, 0.36378940017316663, 0.3613798368924696, 0.3541322609544891, 0.37058621985039486, 0.3636871858078368, 0.3437497975178492, 0.36720949599384134, 0.36148535404110715, 0.35595534261546125, 0.35935561299640806, 0.36962479757224814, 0.36587385874967865, 0.36547260602629383, 0.3640387689982742, 0.3671260764519889, 0.3690054220741139, 0.3703885538308358, 0.3674574496396203, 0.3692717673334685, 0.3685856529538261, 0.3683420017478479], "f1auc": 0.9335930403027582, "convergence_rate": 0.8037630191823215}