{"bestEpoch": 12, "lastEpoch": 22, "mae": [], "medianabsoluteerror": [], "mape": [], "mse": [], "recauc": [], "f1": [0.01897635353860824, 0.012243114342202278, 0.021910232268930848, 0.01571193634011898, 0.01789087709330066, 0.01622122502009805, 0.018219274948499408, 0.017796207529488135, 0.017250178257562886, 0.02114408628267178, 0.018400557881079915, 0.023521211968486402, 0.021106702698784396, 0.025225811009308565, 0.0233988766775318, 0.025787116826004763, 0.026930289948396358, 0.024520131483794106, 0.024933273421139924, 0.024547238827231376, 0.02546498579417604, 0.024532925177149383], "f1auc": 0.7850568278099337, "convergence_rate": 0.6058818860267883}