{"bestEpoch": 71, "lastEpoch": 81, "mae": [], "medianabsoluteerror": [], "mape": [], "mse": [], "recauc": [], "f1": [0.2188072840634121, 0.22205024292105702, 0.21581392855868117, 0.21210145115518442, 0.21553581273045627, 0.21484756558287793, 0.21735211826569847, 0.2145637142029701, 0.21936512340202988, 0.2200382580168918, 0.22631896928931658, 0.21272707122758225, 0.22092721664290355, 0.22519875635211, 0.21222123400679824, 0.21711038756962267, 0.2584051290486469, 0.30221627758318953, 0.28560884322684954, 0.22189777620772538, 0.3699261431921738, 0.3365700239297824, 0.2721648907060429, 0.3463004340407778, 0.26779378470992105, 0.2900784043987546, 0.3592411982019722, 0.33036701995907514, 0.3304590092938512, 0.33297849991326767, 0.3379082410512789, 0.294273859790755, 0.3294244654056895, 0.265207958524194, 0.34082463276008906, 0.37785969145365417, 0.36996121394435, 0.3641222271199393, 0.34229005461910944, 0.36322481009137103, 0.37552353002937466, 0.35690403106507906, 0.3725763119547439, 0.37545743211430427, 0.3694470423035546, 0.37279180539247797, 0.3748502888078382, 0.37836196621312795, 0.37423522139613796, 0.36821590714510355, 0.37163795563021873, 0.366287211043689, 0.3635301055629904, 0.37262166368126814, 0.37349059508929633, 0.3744324622847039, 0.3775553772036239, 0.3719942311965743, 0.37697422381774165, 0.3752904768160901, 0.3714743616729977, 0.37559666605721664, 0.37435286625147235, 0.37559011722333346, 0.3760729344285673, 0.37462047246402214, 0.37117247473860737, 0.37235585973676255, 0.3757981234609942, 0.37635973811121787, 0.37218272901989874, 0.37261903018365516, 0.37301613258115746, 0.37940727089488663, 0.37560932848332357, 0.3778956881775494, 0.3723162538590709, 0.37463896743936026, 0.3731909119590057, 0.37203356928913084, 0.377295372208681], "f1auc": 0.862589198681515, "convergence_rate": 0.6883870674622193}