{"bestEpoch": 17, "lastEpoch": 27, "mae": [0.6756902653607442, 0.7070412701769484, 0.7296008043395029, 0.7520254428693882, 0.7113205046992578, 0.6929631262451609, 0.7333794523694468, 0.7777629782253647, 0.7488855851688179, 0.7311042228622329, 0.7365720250674213, 0.7797810893126262, 0.7222986998830723, 0.7185332834753241, 0.7479499337691007, 0.7521157349709653, 0.7558115579411445, 0.7564115271025014, 0.7681183220186223, 0.7607326611382828, 0.7643470569419806, 0.7565726239793203, 0.7657411048188651, 0.7572518563423083, 0.7569938721416327, 0.7576808947029177, 0.7592694618733449], "medianabsoluteerror": [0.563713161945343, 0.5876611375808716, 0.6021546459197998, 0.6285909295082092, 0.591170871257782, 0.573207426071167, 0.6151847290992738, 0.6454740762710571, 0.6224461317062379, 0.6088371253013611, 0.6133052349090576, 0.6474984455108643, 0.6024331688880922, 0.5969664716720581, 0.6219200992584228, 0.627800703048706, 0.6297362232208252, 0.6282024312019349, 0.6410329580307006, 0.6301333189010621, 0.6339906048774719, 0.6277098298072816, 0.6372677087783813, 0.6281111836433411, 0.6279964828491211, 0.6290428161621096, 0.6308801865577698], "mape": [0.3653005191573835, 0.3906502899111955, 0.4137937738809966, 0.42181399311261597, 0.39585053232944706, 0.3847883010216979, 0.4084468899921978, 0.4295621055175497, 0.4201737104797468, 0.40479883150248736, 0.40305176652579777, 0.44167703938071573, 0.39613006009716734, 0.3936400522260461, 0.416180394990729, 0.4178330793565554, 0.4142547128754089, 0.41422574995845673, 0.4251734677870656, 0.4150224381492419, 0.4166520702093187, 0.41535636511775925, 0.4221912267882356, 0.41460550504529425, 0.415314527368268, 0.41506516557365564, 0.41594342953668967], "mse": [0.736089072543117, 0.8034953478960287, 0.8627921756238358, 0.9027260342304742, 0.8129447549736264, 0.7781499318730704, 0.8588167290060468, 0.9744725585104093, 0.9012038541464648, 0.8575835492597098, 0.8691617772500367, 0.9771989180284719, 0.8352950054480915, 0.8315125898964649, 0.8987097249269534, 0.906997716404147, 0.9182973757461186, 0.9220547046165944, 0.9452763682308412, 0.9356591862911035, 0.9415953845172162, 0.9226827599914745, 0.9443781383898439, 0.9237401138513626, 0.9239574713767121, 0.9255132098665544, 0.9279762875534113], "recauc": [0.842856750280174, 0.8355647320274396, 0.8303160881770005, 0.8251020314188597, 0.8345683620966904, 0.8388382350591466, 0.829440134255467, 0.8191180352192313, 0.8258323357875188, 0.8299664998927513, 0.8286965311129901, 0.818645979090724, 0.8320159444836859, 0.8328917028661876, 0.8260494763180697, 0.8250800552693139, 0.824221050713439, 0.8240833488418572, 0.8213584234096336, 0.8230776725249991, 0.8222382547270878, 0.8240445775322308, 0.8219121184086533, 0.823887018115571, 0.82394621610014, 0.8237864384547904, 0.82341682835148], "f1": [], "aucrecauc": 0.980996065513241, "aucloss": 0.8925480023230736, "convergence_rate": 0.3384000452603232}