{"bestEpoch": 23, "lastEpoch": 33, "mae": [], "medianabsoluteerror": [], "mape": [], "mse": [], "recauc": [], "f1": [0.12187579196225874, 0.19320861128108036, 0.2149507285488198, 0.27007834004264414, 0.2715638296402435, 0.27327593942961526, 0.22666730532524074, 0.28911370463712976, 0.295209894653923, 0.2944144167792731, 0.31793375996331336, 0.30104830062433563, 0.31092746635022894, 0.3018910489228058, 0.28889663436728485, 0.32422800221042286, 0.30785456419348534, 0.2981034448835617, 0.3011359820346369, 0.30677509866767555, 0.3155440885530873, 0.3093196618228694, 0.36355150293693395, 0.349063904392039, 0.3365090200694826, 0.3132117155973669, 0.31898427731520423, 0.33196967296587243, 0.3381553729820397, 0.3398336756819478, 0.3414272941277647, 0.3453018726094918, 0.343648263400186], "f1auc": 0.8271619599933573, "convergence_rate": 0.7400006440213874}