{"bestEpoch": 26, "lastEpoch": 36, "mae": [], "medianabsoluteerror": [], "mape": [], "mse": [], "recauc": [], "f1": [0.018486277735588592, 0.026188498569804822, 0.029355552403363586, 0.03137059954146005, 0.031738912207841814, 0.03245830126374335, 0.03210997365607639, 0.033633002917173194, 0.031117664798014255, 0.032667729132997016, 0.031141483112126642, 0.030288996456435225, 0.030554190883961368, 0.03177993718275257, 0.029863390594328618, 0.03223093547221896, 0.032353219308227904, 0.03202779594080194, 0.03212839149657222, 0.03322325121643938, 0.03106684665640942, 0.029847949967061176, 0.03349703110342178, 0.03398508297760835, 0.03366555489697023, 0.035179524430181845, 0.03457070106774315, 0.03369551181776088, 0.033982991986712306, 0.034167654647696256, 0.033677325358552106, 0.03380172052402463, 0.03415320533082585, 0.03406189268303464, 0.03410167431995581, 0.03429683169499347], "f1auc": 0.9145563805546938, "convergence_rate": 0.8199352137620493}