{"bestEpoch": 7, "lastEpoch": 17, "mae": [], "medianabsoluteerror": [], "mape": [], "mse": [], "recauc": [], "f1": [0.3081592699616582, 0.2886280368488047, 0.3021435385922229, 0.2749701285852329, 0.2556238098032808, 0.2196439735641651, 0.3033249213517035, 0.27429442661907866, 0.2602328581921844, 0.2872760065875319, 0.23055839220729174, 0.2687931104865451, 0.28134030815153455, 0.26691731654192524, 0.2863468973912075, 0.2829561494991331, 0.30449658713694516], "f1auc": 0.8902413116432614, "convergence_rate": 0.6178834771780793}