{"bestEpoch": 29, "lastEpoch": 39, "mae": [], "medianabsoluteerror": [], "mape": [], "mse": [], "recauc": [], "f1": [0.21424802638733176, 0.32418615355320907, 0.37015158575969387, 0.39674415126723384, 0.39194558244281513, 0.3979567913534696, 0.41180317922244086, 0.44200673304251037, 0.3894944736875327, 0.4307819156623854, 0.40836710714630814, 0.4197588573322431, 0.453237198348867, 0.46534219703366997, 0.4502943021092664, 0.4684480630546951, 0.4643692397314855, 0.4153549524741288, 0.5187187401784871, 0.5063838206318193, 0.5236090854176662, 0.5206261397746701, 0.525538353560466, 0.5208058749074091, 0.5160100487544566, 0.5202190968047782, 0.5238932475136775, 0.5241078969567278, 0.5217644319758953, 0.5230210893328473, 0.5209893136598658, 0.523055526881561, 0.5217451811390627, 0.5223427547163074, 0.5251285883712595, 0.5242789396997884, 0.5255673265226454, 0.5250862041053124, 0.5255668894221787], "f1auc": 0.8964268704732139, "convergence_rate": 0.825148480157456}