{"bestEpoch": 10, "lastEpoch": 20, "mae": [], "medianabsoluteerror": [], "mape": [], "mse": [], "recauc": [], "f1": [0.01460409959570183, 0.016851277079882696, 0.020518342005739834, 0.02154548333764193, 0.022559031502221046, 0.02288729417627344, 0.023562010175386828, 0.02610085111553408, 0.02796669803540604, 0.02816586662811481, 0.02871589124507505, 0.02910947029543615, 0.030300352835962836, 0.03259486504729546, 0.031941508523904746, 0.03340934245805721, 0.03297835918379537, 0.033301606949233294, 0.033291634775294815, 0.03314846043375578], "f1auc": 0.8186745117735552, "convergence_rate": 0.6778576391236807}