{"bestEpoch": 21, "lastEpoch": 31, "mae": [0.40077817735721316, 0.38706692636988604, 0.3870563618117513, 0.38645794557202956, 0.37434884487172143, 0.3760637059005621, 0.3717336383559221, 0.38360070184545575, 0.3669646664619062, 0.37112390709422816, 0.3740593406771627, 0.3649001405492897, 0.3626839467973283, 0.3554741741443966, 0.36151801049346965, 0.3561621138535824, 0.35645762739487885, 0.37218775081218264, 0.3579446362708759, 0.3558003428281789, 0.3512440069418835, 0.35592098865470145, 0.35667099804522, 0.3556944943353442, 0.35574251987342453, 0.3550635073923667, 0.353310757594147, 0.3535836837465668, 0.3545211735409294, 0.3548622403137824, 0.355413845841998], "medianabsoluteerror": [0.3154264926910402, 0.30630382299423226, 0.3137838840484619, 0.3181277894973755, 0.2902181434631348, 0.2910623550415039, 0.2959023118019104, 0.30949168205261235, 0.28971825361251835, 0.2978704690933228, 0.3059007048606872, 0.28043373823165885, 0.28648813009262075, 0.2710793614387512, 0.27786210775375364, 0.2783131837844848, 0.2751038551330566, 0.3017979621887208, 0.2759399175643922, 0.27426221370697035, 0.2694911336898804, 0.2779590845108032, 0.27707862854003906, 0.27967782020568854, 0.2776193499565125, 0.2767371296882629, 0.271681261062622, 0.272630214691162, 0.274788498878479, 0.27510584354400625, 0.276068377494812], "mape": [0.21613636407044914, 0.19647245121311288, 0.21035557804645055, 0.20546327601750272, 0.1908779519151978, 0.18976332457816691, 0.19963495086163147, 0.20857683994352572, 0.1956555428043263, 0.20012944390915252, 0.20115206986012404, 0.18012314200503685, 0.18935281242803795, 0.17776216948312604, 0.1879560075316211, 0.1856694523308153, 0.18517004044660237, 0.20155066110874575, 0.18631842370912707, 0.1816017110547956, 0.1796962368761235, 0.1841949841207748, 0.18596660163985024, 0.18533054299207197, 0.18551163812955826, 0.18443947994374138, 0.1814082299178609, 0.1821432479111917, 0.18291340152508814, 0.18347137670367408, 0.1838594084915556], "mse": [0.2870942198295305, 0.26410450398944596, 0.2550154609228368, 0.2517678472154219, 0.25234124662204127, 0.25810872461290707, 0.24002770032105494, 0.24922854902441713, 0.23864123083098152, 0.23875721557356555, 0.23802878357503102, 0.2426829470644254, 0.23170119943847217, 0.23379579166649533, 0.23733503181499663, 0.22888243624563723, 0.2314216940829199, 0.2376115682440218, 0.231716013722105, 0.23107432843313827, 0.22665400252909565, 0.22809975374567384, 0.2293825355975498, 0.22821186885789344, 0.227996376828302, 0.22727082624426095, 0.22874466138449226, 0.2285921720131955, 0.22871460420726436, 0.22889650183866925, 0.22877009441286053], "recauc": [0.906787647947958, 0.9099771142389133, 0.9099786748417541, 0.9101182388384232, 0.9129344645710386, 0.9125352787917509, 0.9135423302408237, 0.9107827991692391, 0.9146519077324204, 0.9136839667392622, 0.9130029424459126, 0.9151331266397803, 0.9156486809293027, 0.9173238245998309, 0.9159199820622137, 0.9171645668021509, 0.9170953952671347, 0.9134372171480214, 0.9167495317629768, 0.9172483322258723, 0.9183082269059427, 0.9172204167769581, 0.9170459546272545, 0.9172736388979494, 0.9172622149672048, 0.9174199953588679, 0.9178285500543611, 0.9177640179345814, 0.9175458742729006, 0.917466919427308, 0.917338311975405], "f1": [], "aucrecauc": 0.9965472869871104, "aucloss": 0.23775792445891689, "convergence_rate": 0.7247725139656305}