{"bestEpoch": 11, "lastEpoch": 21, "mae": [], "medianabsoluteerror": [], "mape": [], "mse": [], "recauc": [], "f1": [0.002823393598200658, 0.002823393598200658, 0.005353594208514619, 0.005481235527573587, 0.008248256393181356, 0.0068400759724373305, 0.008125813485498066, 0.008232057422671926, 0.008282352468732946, 0.008293677623868043, 0.008302855758923368, 0.00828388097763211, 0.008248852818958954, 0.008272944191159702, 0.008175194775877822, 0.008190558357192994, 0.008239180020776568, 0.00826082580932077, 0.00823555095233378, 0.008250325768743304, 0.008272625035140755], "f1auc": 0.9014286156145314, "convergence_rate": 0.850637897935225}