{"bestEpoch": 15, "lastEpoch": 25, "mae": [], "medianabsoluteerror": [], "mape": [], "mse": [], "recauc": [], "f1": [0.008754391152329547, 0.005808181530345855, 0.013456787678254919, 0.007542141288638135, 0.0059549924156998765, 0.010196902215611424, 0.00591279524813598, 0.005992477668035317, 0.005914314997925868, 0.005882547549462749, 0.005955750847591671, 0.005904335615757947, 0.006686324578938433, 0.007009861751931655, 0.007073696171663443, 0.007042020753694894, 0.007059401434818278, 0.006971004831866428, 0.0070291393323562235, 0.007284744169506856, 0.007277069763713183, 0.007026197651785229, 0.007018830141670699, 0.0070191605392325145, 0.007020448407126546], "f1auc": 0.5291818214800008, "convergence_rate": 0.1716529599136998}