{"bestEpoch": 67, "lastEpoch": 77, "mae": [1.9193103458838512, 1.9631725519619323, 1.913464988742012, 1.871937767402683, 2.055733999455462, 2.3304901260983644, 2.633996242925223, 1.9911416105585862, 1.886581362767028, 1.9184709089730476, 1.7322131935014702, 2.0021293494521735, 1.652339603947562, 1.6702577749294716, 1.4962446291832183, 1.4243687761278034, 1.6768316974600606, 1.4444841722565502, 1.466825341875513, 1.409099143782392, 1.3768468268172176, 1.3035110660610927, 1.2685507770015167, 1.2739433407824432, 1.198251853601408, 1.2103819954325725, 1.2906114345066662, 1.2120263601675338, 1.1389410049285915, 1.096510237213921, 1.055473149047862, 1.0542467674601745, 1.0081282450372806, 1.025456850200513, 1.0290339613059032, 0.9730036494415157, 0.9578069995000442, 0.9780551787917244, 0.9249986500172037, 0.898226836846532, 0.8806186105801483, 0.849007183278585, 0.847555074491658, 0.8204217700666879, 0.8123162152879311, 0.7679865216210336, 0.7305879641389503, 0.746717979930088, 0.7012302752953806, 0.6923449188828918, 0.686209989257011, 0.7052504976631397, 0.6607704950062385, 0.6732042304764816, 0.6052867406183119, 0.6096726353537615, 0.5892688860158268, 0.5952414304089636, 0.5945946833050378, 0.5999854778940638, 0.5754720439544216, 0.5996151897778759, 0.5989855806564818, 0.6479058708475088, 0.5923227216220991, 0.5542623887060436, 0.5496824803403101, 0.5472627921976914, 0.5539994182514645, 0.5519325765514145, 0.5512658702193606, 0.5511204616498833, 0.5516038414869692, 0.5527335730279961, 0.5521394970324536, 0.5525604991048544, 0.5533373439144196], "medianabsoluteerror": [1.008836269378662, 1.1024909019470215, 1.0621118545532227, 1.0858983993530273, 1.2578999996185303, 1.503936767578125, 1.7490253448486328, 1.2501435279846191, 1.1532385349273682, 1.1277084350585938, 1.0815796852111816, 1.1750993728637695, 1.0356049537658691, 1.0418930053710938, 0.9330906867980957, 0.8746497631072998, 0.9858098030090332, 0.917351245880127, 0.899019718170166, 0.8838191032409668, 0.8507871627807617, 0.818260669708252, 0.822232723236084, 0.8057384490966797, 0.784062385559082, 0.779632568359375, 0.8613419532775879, 0.7704057693481445, 0.7451205253601074, 0.7517898082733154, 0.7116298675537109, 0.7261710166931152, 0.6883831024169922, 0.7056550979614258, 0.7048044204711914, 0.6886172294616699, 0.6793627738952637, 0.6810135841369629, 0.6365389823913574, 0.6671109199523926, 0.6517815589904785, 0.617917537689209, 0.6309490203857422, 0.5835905075073242, 0.5995798110961914, 0.5648784637451172, 0.5652532577514648, 0.5605063438415527, 0.5273795127868652, 0.5191497802734375, 0.5312461853027344, 0.5283222198486328, 0.5127353668212891, 0.5045347213745117, 0.4760007858276367, 0.4722309112548828, 0.4560837745666504, 0.4649777412414551, 0.4730496406555176, 0.4548001289367676, 0.46006250381469727, 0.4551267623901367, 0.46745872497558594, 0.5062947273254395, 0.4829745292663574, 0.4423942565917969, 0.44508886337280273, 0.44651079177856445, 0.44501829147338867, 0.44333696365356445, 0.44712162017822266, 0.4428243637084961, 0.4453725814819336, 0.4426689147949219, 0.44100427627563477, 0.4442572593688965, 0.44374799728393555], "mape": [0.3769762629360535, 0.39250302253065916, 0.38638462146475305, 0.37302567153341326, 0.40186466029812007, 0.4810090999398282, 0.5390205046287395, 0.4045550647851842, 0.3839416635712834, 0.39118526058907177, 0.35371573629976155, 0.41483306800594777, 0.338079498303125, 0.3415812359677141, 0.3041835842901784, 0.2976687662768133, 0.3598792349555601, 0.29525168377418676, 0.3054656930975877, 0.3005097594306218, 0.28803376575323475, 0.2632926943402315, 0.2569137746171972, 0.2707135425786852, 0.24692652015159083, 0.2495560986880339, 0.28315804663314814, 0.2571746515087296, 0.2357511139758893, 0.22247668688937366, 0.2195637447188433, 0.22194974353362698, 0.21000789773437256, 0.21678778247167751, 0.22329131904137733, 0.20360224123894086, 0.19584604791557858, 0.21101844842970208, 0.19504734803793433, 0.18871724436809828, 0.18737471323358715, 0.17778283695412378, 0.18120941678422503, 0.16782502891191325, 0.17192551838571193, 0.15987787570429157, 0.1498869814093853, 0.14838448620081413, 0.14382931004641192, 0.14380478784105236, 0.14390213784019348, 0.14916742061686888, 0.13410328761942897, 0.14122632809019703, 0.12287628567084137, 0.1262847132913952, 0.11924512174475232, 0.12389712325982748, 0.12255529070336026, 0.12016970001127197, 0.11861645547163087, 0.12191056060894775, 0.12169494366637847, 0.13691895929982037, 0.11715884978806694, 0.11215883838154905, 0.11190849792411373, 0.11237843095531833, 0.11386790974205646, 0.11213047344779233, 0.11293414139409604, 0.11294436447644414, 0.11229267852365854, 0.11353367423731084, 0.11267783768081174, 0.1130596174031844, 0.11349959025237562], "mse": [270.40149972391873, 245.9736061784168, 221.5017382970323, 200.14546529362963, 179.7623740764102, 161.17771035195486, 148.2412698465109, 133.5129537839625, 125.22260629772198, 130.3446099991118, 118.73475438733782, 113.33469113670044, 102.76025845326312, 95.67350855492643, 94.78647510334496, 77.44870656921753, 80.25260734636856, 73.64308330064246, 65.17515032994477, 61.74733979079256, 58.274672413442865, 63.273417022364214, 47.26852077949653, 42.19357421855261, 45.13771339894955, 34.76408691653897, 35.59361419813938, 32.8470433221128, 38.06477237958418, 25.04219718402745, 18.275986918851267, 17.067457821336628, 17.37737107645337, 15.427080137568142, 17.52037459346151, 11.556971659065038, 12.408032906730895, 10.29903611673041, 13.717615038958314, 7.07437334414087, 6.147505780574831, 6.753978610688022, 5.062632911306365, 7.331807896109467, 3.2659848450712636, 5.099257607894006, 2.163929455483667, 2.713140609752657, 2.0737175256966953, 2.482255115119805, 1.5517801017143846, 2.9339586175342633, 0.9448894031758995, 2.427570351267479, 0.6918101271137831, 0.8982647795099706, 0.6903342966736242, 0.8475963697372391, 0.6482551622269435, 0.9634647430869284, 0.5684656217009098, 1.3312161009312082, 0.6315359274232193, 1.241266469794335, 0.6055315164665942, 0.5245332262559359, 0.5103586240562374, 0.5082580171149232, 0.5186559249901075, 0.5228463727919297, 0.5184707482873995, 0.5194544039156348, 0.5222845511345998, 0.5227695940663958, 0.5233244029168544, 0.5231605959843221, 0.523751191540274], "recauc": [0.719494331856804, 0.7011896177602656, 0.7061183117968509, 0.7059075114514541, 0.6577895688641986, 0.5965360868390306, 0.5420168862063001, 0.6577370747716722, 0.6867456913902856, 0.6881413167063359, 0.7053026105906163, 0.6685194094418024, 0.715184958248657, 0.7149678750916629, 0.7471651215928322, 0.7561580222560532, 0.7150853774014545, 0.7472216497310561, 0.7484370132859494, 0.7515014632256222, 0.7613315056188077, 0.7732443000565076, 0.7729581403042468, 0.7711750062750868, 0.784940268829492, 0.7788038158433077, 0.755508420735654, 0.779585133247276, 0.7929674704511303, 0.7910247255415551, 0.7952393076588813, 0.7956438795269847, 0.8034218629552622, 0.800051769680916, 0.7977511105041161, 0.804856009116188, 0.8081380571974123, 0.8029387731083442, 0.8172233117578837, 0.813351537694106, 0.8156947517614789, 0.8234847343299383, 0.8208254055752298, 0.8314517685891487, 0.8245349766696546, 0.8389737703602149, 0.839185223019384, 0.8371961638319685, 0.8457765446987542, 0.8493230201839271, 0.8467812624036178, 0.8478134287853776, 0.8489793881550873, 0.8537650366478461, 0.8602857711105817, 0.861182359224594, 0.8643158514272299, 0.8643334810652367, 0.8625748946333013, 0.8640611572314115, 0.8661855200281443, 0.8665578195306658, 0.8610108007024527, 0.8543387294445203, 0.862495209356157, 0.871088945489125, 0.8721541738794546, 0.8727173953234665, 0.8711499883253001, 0.8716310868985973, 0.8718104216875516, 0.8718468482618945, 0.871739147824841, 0.8714759220515255, 0.8716196027429726, 0.8715204853818717, 0.8713397601346129], "f1": [], "aucrecauc": 0.9137698802395288, "aucloss": 42.024601479067, "convergence_rate": 0.7496132151413405}