{"bestEpoch": 125, "lastEpoch": 135, "mae": [2097.8867185622394, 1946.0605526867694, 1875.4631751470288, 1806.3143788535228, 1743.5038190719627, 1679.5995224580354, 1612.0108190363324, 1553.7678539472581, 1494.6218380261246, 1434.8337325166847, 1374.5847108582466, 1317.7914854486328, 1262.2306532229745, 1210.9053491684317, 1159.6785424464265, 1109.316759740625, 1058.0388043912326, 1011.4406217378762, 968.4405037546586, 923.937511214511, 881.2416596972222, 838.5402277310764, 800.7208741611979, 761.3653988103588, 724.650442412066, 690.5150989242911, 655.5988484721788, 622.2862163200243, 592.0505023443299, 562.094680476617, 532.1428983225521, 504.39285410579623, 475.7212154875127, 450.76423785752087, 426.4073192565984, 403.3099343274815, 381.3203590954283, 359.74420774676275, 339.76741687624656, 320.42682965464115, 302.8374822700961, 285.4468117693623, 268.7674415437534, 252.97917479742938, 238.22182703282292, 223.48436949521178, 211.03658220520023, 198.54887121399537, 186.83000055365974, 175.7416716147141, 166.07880535036344, 156.50772330155672, 147.38435622183914, 139.10771243391898, 131.59986096151042, 125.22827285249421, 119.24391951734145, 113.67331873204861, 108.54262298527316, 103.86504692253703, 99.56576393702778, 95.80779153519214, 92.06163559342478, 89.17188758231134, 86.17738027641319, 83.46406083279282, 81.29839219474538, 79.63712884768982, 77.86520375293517, 76.09114237339584, 74.67817212214467, 73.42450771548843, 72.34620675360185, 71.31617628090856, 70.43349442309376, 69.51253945350811, 68.9281565686007, 68.26187855578473, 67.91800312109491, 67.45277227257061, 66.62370235720023, 66.23992289744213, 65.76989685564584, 65.65614150274305, 65.43236497332292, 65.27701843858449, 64.80229325095486, 64.57825594258101, 64.59420083913773, 64.07739987642246, 64.0436521369838, 64.01825973973611, 63.606621954001156, 63.6003280267361, 63.98364184694098, 64.2241844719838, 63.710870326503475, 63.43899463932061, 64.22526928827779, 64.01651986705093, 63.5775538117419, 63.6603214262118, 63.61560569632176, 63.61341510387384, 63.503788331315974, 63.62698105801157, 63.56907035922685, 63.372619313799774, 63.320743481913205, 63.476421469336806, 63.34457643547223, 63.47031516870023, 63.42101948741089, 63.38206813469098, 63.42332348770024, 63.37929278023496, 63.32948532580788, 63.322641286456026, 63.35406466246876, 63.368938342300936, 63.34825845587154, 63.31880028529862, 63.26788795890973, 63.29899308405441, 63.21779583626853, 63.326031477428245, 63.2866827361088, 63.26712506466783, 63.28000133058218, 63.29100697294329, 63.281093669991904, 63.2711167277176, 63.281844375287044, 63.281402625431724, 63.281378157115746], "medianabsoluteerror": [1844.8453676113281, 1701.9491271347656, 1640.9728853037109, 1580.212402109375, 1525.5707698496094, 1469.1306626837159, 1409.9686052133789, 1358.2588807949219, 1306.8423460742188, 1254.2992860058594, 1201.5677180371094, 1152.2344357460938, 1102.6358949472656, 1057.5035099902343, 1013.0529178867187, 969.9530948964843, 925.7750851601563, 886.0197144101562, 849.71814, 810.4549558203125, 774.2020263046875, 736.8419190625, 705.1152343125, 671.8963013320313, 640.4360353359375, 611.29455525, 582.0242921640624, 553.5193480273438, 528.2022093554688, 502.9602661679687, 477.53649860937503, 453.2000729531251, 427.86291480468753, 406.7154538046875, 385.7120358359375, 365.56445271093753, 346.338622984375, 327.31127882812507, 309.397338984375, 292.28625441406257, 276.69635027734375, 260.945068421875, 246.4509279140625, 232.31274455468747, 219.81066853125003, 206.807007015625, 196.11029038281254, 185.43969743749994, 175.83593773437497, 165.74267572656254, 157.13818347656252, 148.2561031093751, 139.9794920078125, 132.3165287265624, 125.20104963281256, 119.35742152343755, 113.43981898437505, 107.92712442968741, 102.99963332031257, 98.42321783593752, 94.2426756015625, 90.4785154453125, 86.84912103906254, 84.14355439843757, 81.19152843749998, 78.47705037500009, 76.50122087499994, 74.99584954687498, 73.40930133593747, 71.56994634375019, 70.19885266406254, 68.77612310156246, 67.45312482812506, 66.29321306249994, 65.353149234375, 64.34204072656257, 63.964355234375034, 63.26123046875, 62.94140614062508, 62.46044927343746, 61.34558093750002, 60.85534673437519, 60.254882992187504, 60.11022960937498, 59.852050546875034, 59.649169687500034, 59.22241257812493, 58.92456066406248, 58.90527355468748, 58.28662097656252, 58.29199207031252, 58.27600056250003, 57.87207071874991, 57.87622064062498, 58.3164058359373, 58.61499052343743, 58.0332027109373, 57.685424976562444, 58.700317148437534, 58.418823476562466, 57.86669910156252, 57.98510782812491, 57.911865414062504, 57.90905750000002, 57.803222890624966, 57.94287097656252, 57.86633289062502, 57.67187540624991, 57.62670886718752, 57.790649648437466, 57.63415515625002, 57.782226796874966, 57.75195300781252, 57.71191446874991, 57.76135242187502, 57.72045939062491, 57.63952613281231, 57.63354457031255, 57.68286121093752, 57.70446817968741, 57.67834460937502, 57.63610804687505, 57.541747875000056, 57.619872875000056, 57.473877187499966, 57.65612769531231, 57.57690406249981, 57.539062734374966, 57.56884742187481, 57.59301734374981, 57.57275367187481, 57.55151343749981, 57.57543921874981, 57.57482886718731, 57.57495093749981],