{"bestEpoch": 18, "lastEpoch": 28, "mae": [0.6188396751536526, 0.582022660016015, 0.5342518139561481, 0.5176027888512351, 0.517321899233345, 0.5001051961089255, 0.4860171836047924, 0.5060431462759788, 0.4804759045972634, 0.4843392108208814, 0.49378020508457776, 0.4620176663727146, 0.4717068862507959, 0.4834146143759353, 0.4649136819634115, 0.46790109449586353, 0.456336725351144, 0.45206572323968575, 0.45589948130526875, 0.4587222966675829, 0.4543004856871154, 0.4613199488092062, 0.4554443109033408, 0.45600208463484204, 0.45799920403807176, 0.4581456665929274, 0.4572795041992825, 0.45796970842921764], "medianabsoluteerror": [0.5027408027648925, 0.46486412048339854, 0.4193819105625153, 0.40514642715454097, 0.3889393746852875, 0.3933086526393891, 0.370048725605011, 0.3996801853179932, 0.3568225622177124, 0.3778111863136292, 0.3921756803989411, 0.35146077871322623, 0.36003578305244444, 0.36947144627571105, 0.3550697898864746, 0.3618498802185057, 0.3451713889837265, 0.34164782762527457, 0.3456067597866058, 0.3493765258789063, 0.3431898021697998, 0.35072017312049864, 0.34270564794540403, 0.344108237028122, 0.34619845390319814, 0.34530526518821714, 0.3445990037918091, 0.345373945236206], "mape": [0.8939887747447505, 0.8215690604501263, 0.7213595989055439, 0.7026695859836228, 0.6275496621336202, 0.6877124656767669, 0.6296145960695071, 0.7002628430927563, 0.5722826984280877, 0.6678380358591517, 0.7317082849099434, 0.6155955453598216, 0.6423099861979918, 0.599247357364461, 0.6291243353656041, 0.649067968901585, 0.5646465550621227, 0.5802926808597642, 0.5985385498638338, 0.6264723796726813, 0.5997909711841785, 0.6141832285888281, 0.5888898727528903, 0.5970519240545772, 0.6058080776217288, 0.6012466472271487, 0.5942582669195748, 0.6018043363633776], "mse": [0.6573477531660611, 0.5929402432814973, 0.5106730175891263, 0.4786119859909708, 0.4944558116105388, 0.4430855985750975, 0.42904278279834174, 0.4444421356796765, 0.430829126972851, 0.4169380984663542, 0.4232858884834668, 0.3865132133453302, 0.4015177929063471, 0.42059124273360293, 0.3895860423270359, 0.38841450549612305, 0.37877688652148794, 0.37123611660069034, 0.37506085350574403, 0.37887966266604883, 0.3741693118769421, 0.3835179110153601, 0.37714472020282885, 0.3772001581173637, 0.37994638269652303, 0.3808554646012579, 0.3799247618047342, 0.38055758264708456], "recauc": [0.8561100692912701, 0.8647166811185789, 0.875791238692564, 0.8796487245664859, 0.8796990503645095, 0.8837078457370888, 0.8869823100563645, 0.8823244530983404, 0.8882778051428081, 0.8873638578437975, 0.8851768829151208, 0.892548220749226, 0.8903012175934946, 0.8875680776119683, 0.8918747995508143, 0.8911788598523129, 0.8938669922320234, 0.8948622902939964, 0.8939701123214023, 0.8933138323070867, 0.8943425979826155, 0.8927089128485678, 0.8940754679786198, 0.893945668066994, 0.8934813638871671, 0.8934473774409603, 0.8936489171121963, 0.8934883981724442], "f1": [], "aucrecauc": 0.9922330674299622, "aucloss": 0.419503421621182, "convergence_rate": 0.8205467277418762}