{"bestEpoch": 58, "lastEpoch": 68, "mae": [0.6890480150927949, 0.5932498684580533, 0.5759724503090149, 0.5805009401447264, 0.5704239239980492, 0.5662272079853085, 0.5656404274857837, 0.563799612896805, 0.5676530064012221, 0.5678566315640267, 0.5594688128615911, 0.5818517653364351, 0.5589111443701441, 0.5574959104564601, 0.5885355820351801, 0.5908276987937393, 0.5593413940809823, 0.5591156115400295, 0.5532959449427524, 0.5548264829978709, 0.5529166706587227, 0.5530543983376136, 0.552821155046312, 0.5524493777113566, 0.5520319436648999, 0.5528777095897557, 0.5517326545315989, 0.5516413467963924, 0.5514405078003188, 0.5548281315373822, 0.5514367540235936, 0.5579149285831, 0.5508566487785839, 0.5542434027899668, 0.5530529111492003, 0.5503185809762069, 0.55017576369816, 0.5499748177500648, 0.5503275729495933, 0.5544431314567401, 0.5522089931252858, 0.5503451132632218, 0.5493699634551031, 0.5496093901641391, 0.5496330372371223, 0.5492631721042159, 0.5496247581927926, 0.5493137771196006, 0.5491783915473547, 0.5492714300133164, 0.5494574719946984, 0.5495031402229762, 0.54920093382643, 0.549077009279299, 0.5491030980614191, 0.5491551622447444, 0.5490784121600504, 0.5490739263591545, 0.5492223188054913, 0.549184265358185, 0.5491588520481082, 0.5491365710345013, 0.5491323546729269, 0.5491356321865845, 0.5491391056812035, 0.5491325898897177, 0.5491246816735973, 0.5491301362363061], "medianabsoluteerror": [0.5756603956222534, 0.48598268032073966, 0.4737456703186035, 0.48173216581344613, 0.464629089832306, 0.46160788536071784, 0.45921378135681157, 0.45995757102966306, 0.45933811664581303, 0.4587210893630982, 0.45529274940490727, 0.47000204563140857, 0.4501472949981691, 0.4519996404647828, 0.49602046251297005, 0.48180074691772456, 0.4581019639968873, 0.4489528656005859, 0.44638024568557744, 0.4465071201324463, 0.44782960414886475, 0.445982666015625, 0.44610157489776614, 0.44754848480224607, 0.4464114856719972, 0.4494788765907287, 0.4460793972015381, 0.44615769386291504, 0.4462469935417175, 0.4544973492622375, 0.4452775716781616, 0.44769674301147466, 0.4461945772171021, 0.4542427778244019, 0.45190892219543444, 0.44524043798446655, 0.44553058862686157, 0.44501643896102916, 0.4462805604934693, 0.4554763317108155, 0.4511494874954225, 0.4427737951278685, 0.44512705802917474, 0.4459023380279541, 0.4458782100677491, 0.4450522541999816, 0.44586248397827144, 0.44579756259918224, 0.4451419138908387, 0.4456672143936158, 0.4456766986846923, 0.4459174871444702, 0.44421136379241943, 0.44467480182647723, 0.44555068492889416, 0.44543278217315685, 0.44560061454772937, 0.44564949750900273, 0.4456285953521729, 0.4454925298690796, 0.44552309513092037, 0.4454334735870361, 0.44539720058441157, 0.4454085588455201, 0.4454957199096681, 0.4453891038894653, 0.4454100608825684, 0.44544062614440916], "mape": [0.4252791998072688, 0.35205744609487777, 0.32244130086416034, 0.3093941383806055, 0.3318048833432603, 0.3217133252966721, 0.3283498299836383, 0.3145525939564637, 0.3383845148883447, 0.33953841180038097, 0.3157172727729464, 0.35885650986578127, 0.3261174166379521, 0.3189109843167663, 0.2992787746848781, 0.3699573620325428, 0.306667208496625, 0.33463017786652893, 0.3201276928794154, 0.32671063289887065, 0.3156161306280425, 0.321902234449424, 0.3216852509561863, 0.3152428464038023, 0.31715645785615354, 0.31194881066113195, 0.31660455250016295, 0.3186179610217771, 0.31725466165560173, 0.30768060002055725, 0.32101137514683314, 0.3359267674956396, 0.3144802283475243, 0.3075808248020553, 0.30878431643365384, 0.3182223814705579, 0.31497590707039513, 0.31840774416075474, 0.3128170343308066, 0.3061967686706028, 0.3082957533510027, 0.32306644906509446, 0.3155963484288519, 0.3135992783143307, 0.31368238959466, 0.3168681565368163, 0.3131935968698021, 0.31441506454311274, 0.31566584701198264, 0.31445578062718144, 0.3134996734780582, 0.31315294972287394, 0.3188743801046827, 0.31754013361358796, 0.31523613016938085, 0.3147115693320712, 0.31548186084935603, 0.3154664984033764, 0.3141510380882333, 0.3143774043839698, 0.31455264690809276, 0.3147052693655501, 0.3147323233780207, 0.3147057060749829, 0.31467345548806247, 0.3147284662123214, 0.31479490286345474, 0.31474455679492075], "mse": [0.7514853138929507, 0.5704477333166597, 0.5446289747738137, 0.5556056811580143, 0.5336891288827772, 0.5278267419841386, 0.5260526093593318, 0.5243566912700784, 0.5284219080393416, 0.528778908909624, 0.5164280417378432, 0.551173590509246, 0.5142895708856856, 0.5124608326548608, 0.56865613376333, 0.5660446687670477, 0.5156624406671977, 0.5141620683489373, 0.5045840796236817, 0.5070330742797954, 0.5038481107265447, 0.5041069602990953, 0.5036864621217614, 0.5029567327005974, 0.5022651574151318, 0.503558533206447, 0.5016810618541103, 0.5015335493227957, 0.501142006555997, 0.5065853341850296, 0.5011357159721305, 0.5122006973114738, 0.4999387137308623, 0.5052604009406073, 0.5031984726804544, 0.49905815856153546, 0.4986465586124434, 0.4983750962818356, 0.49864314234601376, 0.5049781807518293, 0.501313443554322, 0.49910167692622454, 0.49709850304434694, 0.49735024314692894, 0.49738477711664797, 0.49695155146136494, 0.4973029842141869, 0.49687819665587385, 0.49672294991636623, 0.49678141667704234, 0.49700360833043117, 0.49704543856953015, 0.4968891843001289, 0.4966141446189345, 0.4965182941918356, 0.4965688660122443, 0.4964891607366168, 0.4964787863838065, 0.49663445031824605, 0.49658758114565343, 0.49655752640417694, 0.49653060252516334, 0.49652478900668356, 0.496528360371986, 0.4965319078033257, 0.49652448104293945, 0.49651547066388124, 0.4965212795056015], "recauc": [0.8397447831553534, 0.8620266460540336, 0.8660461039957584, 0.8649941331507573, 0.8673352933614755, 0.8683116557808974, 0.8684475172539509, 0.8688762177688669, 0.8679786872545081, 0.8679309280383339, 0.8698827212847181, 0.8646753748538348, 0.8700117987721794, 0.8703412730319702, 0.8631259018403218, 0.8625886305302142, 0.8699141066240912, 0.8699655053038685, 0.8713196560213862, 0.8709636345559867, 0.8714084985710219, 0.8713762208529785, 0.8714305383104967, 0.8715175150256326, 0.8716146030693951, 0.8714183359330381, 0.8716843760591566, 0.8717056002577919, 0.8717525412835463, 0.8709654007662646, 0.8717534108758253, 0.8702460147884146, 0.8718886724838819, 0.8711018361384271, 0.8713787363645864, 0.8720139859774625, 0.8720473060404257, 0.8720939730995694, 0.8720125149304383, 0.8710559538849906, 0.871575303433442, 0.8720080058745564, 0.8722352481952447, 0.8721796896742787, 0.8721742760516566, 0.8722599645408142, 0.8721762950319024, 0.872248436746519, 0.8722797452480614, 0.872258381151582, 0.8722151336408703, 0.8722045533365173, 0.8722743777281379, 0.8723034627018293, 0.872297495316909, 0.8722855425299217, 0.872303282000448, 0.872304349251423, 0.8722698485354449, 0.8722785656548785, 0.8722844890567646, 0.8722898104739897, 0.8722908607676503, 0.8722898942007296, 0.8722892137884891, 0.8722907855195676, 0.8722926646019695, 0.8722912974184961], "f1": [], "aucrecauc": 0.9978952323504794, "aucloss": 0.5105452778559144, "convergence_rate": 0.9436460320480458}