{"bestEpoch": 38, "lastEpoch": 48, "mae": [], "medianabsoluteerror": [], "mape": [], "mse": [], "recauc": [], "f1": [0.2935483788621276, 0.4348794702392495, 0.46252778664859856, 0.5078161548874291, 0.509914580442156, 0.5965048997584681, 0.4117615249064043, 0.5334471244109735, 0.6000692799356542, 0.5238435358046092, 0.7574889260432346, 0.7645847063666712, 0.7735904887417402, 0.6657385574222215, 0.7680165994344822, 0.7156040985433083, 0.5658338211277724, 0.8352520598576132, 0.82455298057635, 0.8237495069934327, 0.8298201256864363, 0.8228741158942796, 0.837155092380213, 0.8391604194566908, 0.8363257213478962, 0.8380294411357919, 0.836334793586734, 0.839111130848994, 0.8400151037594311, 0.8391480958512371, 0.8393653269249035, 0.8400290773837135, 0.8403076560704968, 0.8397359325782888, 0.8400646645701424, 0.8408189745826162, 0.8408771395671223, 0.8404299522911522, 0.84052718738559, 0.8405124365972116, 0.8392825396846728, 0.8383114919804445, 0.8419388570879036, 0.8427116605220504, 0.839379199828549, 0.8398896761779144, 0.8406884254856992, 0.8424951552481835], "f1auc": 0.8908941083046933, "convergence_rate": 0.8325729154990573}