{"bestEpoch": 42, "lastEpoch": 52, "mae": [0.4732359881578949, 0.4137155063392854, 0.40666867452262945, 0.3874743463199624, 0.4142811337105988, 0.37468622852467337, 0.36721685202389565, 0.4044143606596387, 0.3638139806868279, 0.3799896382176672, 0.37295982960850665, 0.3665797619919095, 0.3743046964706319, 0.3528413229188626, 0.3543629837862895, 0.3495792615442239, 0.34423965268177736, 0.3490002468698193, 0.3488830517997221, 0.34930768580148386, 0.3841253374693638, 0.34580614337396376, 0.33983377961035055, 0.34151701634088133, 0.33939311604151523, 0.3418087610336425, 0.3401370372194758, 0.3388779403974561, 0.33915630113993916, 0.3396369721390439, 0.3425493158741757, 0.3405127830585267, 0.33857479331525125, 0.3395977879682662, 0.3387635803664976, 0.338701315000477, 0.3387045580105703, 0.3386169859543634, 0.3385092450292597, 0.3387490232908466, 0.3386696882469298, 0.3384266164791897, 0.3385161527448643, 0.3385299856584764, 0.3385371779497448, 0.3385348957329621, 0.33853108114018726, 0.3385094875023359, 0.33852122872515855, 0.33848243078876095, 0.33850759879804915, 0.3385004646870614], "medianabsoluteerror": [0.36401531457901004, 0.3327660930156707, 0.31597263813018805, 0.29549900770187376, 0.34068580985069263, 0.29098252058029184, 0.2821445941925049, 0.3112787270545959, 0.2802756547927856, 0.2927170860767364, 0.2952588081359864, 0.2789973974227905, 0.2915893721580505, 0.27250909328460704, 0.2727190732955933, 0.2692625570297241, 0.2629536652565002, 0.26857272744178773, 0.2694710803031922, 0.2668463981151581, 0.30525173544883727, 0.26645998954772954, 0.2603318572044372, 0.261606537103653, 0.25871829748153685, 0.2616018187999726, 0.26099220514297483, 0.25907277226448067, 0.25879110097885133, 0.2594901549816131, 0.26284582614898677, 0.2608168160915375, 0.2589931273460388, 0.26052257061004636, 0.2590157508850097, 0.2588883483409882, 0.2590654277801513, 0.2590725898742676, 0.2590301489830017, 0.2591924095153809, 0.2589550065994263, 0.2589040243625641, 0.25897247552871705, 0.25899126529693606, 0.2589921891689301, 0.2590716922283173, 0.25896607398986815, 0.25898686170578, 0.2589856761693955, 0.2589768373966217, 0.2590358138084411, 0.259048728942871], "mape": [0.6438593151500268, 0.6191488857043401, 0.5180396724391895, 0.5449193365158821, 0.681200672956319, 0.4879719949224893, 0.5486612032406878, 0.5545934576747793, 0.5294524192463809, 0.5501524893291765, 0.6027860853825625, 0.48814569987383405, 0.5616054156292293, 0.5370216608111742, 0.5367451845568137, 0.4997326317708605, 0.5003512369501094, 0.5213811973578717, 0.5400592954518837, 0.4709581149048698, 0.6007518477762225, 0.5265490065506916, 0.5024680841382889, 0.4810818473369302, 0.4921944319058961, 0.5065283486065204, 0.5088954694294672, 0.4963039263579687, 0.4935209790551459, 0.4795490769257887, 0.5197070928098984, 0.5054221732224023, 0.49733192943154897, 0.5105250082860275, 0.5006078283687841, 0.4996915138750251, 0.501405532406324, 0.501159036462077, 0.49981616039354543, 0.5020439185626052, 0.5008049664355907, 0.4997479295357173, 0.4999769624764638, 0.500173568934684, 0.5003841570897775, 0.5005192281800874, 0.5002332275278732, 0.5002281074942582, 0.5001958901325437, 0.5000268957946727, 0.5003681836510468, 0.500106185743547], "mse": [0.3990243618290739, 0.28817947425014834, 0.28636459215216137, 0.2676769152002057, 0.27886917896878405, 0.2425194538752998, 0.23549999213793027, 0.283724421558052, 0.23106871467436507, 0.2512857253365274, 0.2355066338289585, 0.23814332720154452, 0.24260482117128931, 0.21490540724108947, 0.21727177304790754, 0.2135861029078846, 0.20681146308017745, 0.2110372479790907, 0.21055795528577215, 0.21476216335606688, 0.2509340701554315, 0.20694725474475367, 0.20211805477344405, 0.20407918529761665, 0.20195990795763083, 0.20344403546668854, 0.20160724482867712, 0.201398124673451, 0.20123325073583403, 0.20182054578884118, 0.20392084437095542, 0.20195991285994466, 0.2002337396022796, 0.2009744547714125, 0.2003681972488715, 0.20031962584851035, 0.2002774097375221, 0.20021471332922705, 0.20014331500295787, 0.20030229969643581, 0.20025824782645651, 0.200089059785284, 0.2001450655216599, 0.20015321902372848, 0.20015463201492512, 0.20015269365256852, 0.2001535376260223, 0.2001358122662184, 0.20014350270596418, 0.20011845226326175, 0.20013381509889272, 0.20012937629433258], "recauc": [0.8899353759623634, 0.9037774463425695, 0.9054164936088404, 0.9098807209936814, 0.9036458780063269, 0.9128550141332018, 0.914592181505696, 0.905940811801129, 0.9153836015958527, 0.9116215066262612, 0.9132564652586356, 0.9147403272881912, 0.912943755838507, 0.9179356463678618, 0.9175819194468385, 0.9186943728936743, 0.9199362179056405, 0.918828979922271, 0.9188562603110801, 0.918757658200924, 0.9106596981458511, 0.9195719683089469, 0.9209609014084513, 0.9205693068111612, 0.9210635301251883, 0.9205014773569149, 0.920890417055867, 0.9211833475156852, 0.9211183900553817, 0.9210067486404423, 0.9203294756103342, 0.9208029889081966, 0.9212539165097108, 0.9210158369344359, 0.921210123286436, 0.9212242454847736, 0.9212236336111483, 0.92124385257773, 0.9212690085309747, 0.9212133991040492, 0.9212316848859565, 0.9212885510121438, 0.9212674145581835, 0.9212641833227034, 0.9212624730486951, 0.9212631521185792, 0.9212639869028703, 0.9212689180744725, 0.9212663465253403, 0.9212752623058619, 0.9212695008727935, 0.9212711071218243], "f1": [], "aucrecauc": 0.9961002219903494, "aucloss": 0.21874208739196915, "convergence_rate": 0.8854201761807337}