{"bestEpoch": 14, "lastEpoch": 24, "mae": [1180.490210546289, 744.9058433904369, 342.555494078831, 198.1410454938275, 158.7948751016447, 150.90051854839467, 145.96263508467015, 142.41952446221993, 143.33611974947107, 141.8035650438588, 140.0368520084514, 139.024479974544, 138.1240518423102, 135.32809401555556, 139.0695133404294, 136.75785099595603, 144.41637533709257, 138.10241751071297, 136.6218252798102, 135.0427412052257, 135.49148599689238, 135.62767333413194, 135.3512912088426, 135.60748158427663], "medianabsoluteerror": [1038.991821, 661.2902222304688, 312.26989704687503, 184.16076625000005, 148.1877445468749, 140.34240693750007, 135.6054685156248, 131.99975614843743, 132.79394543750004, 131.37084989843743, 129.57470656250007, 128.54882783593757, 127.69897432031257, 125.05786103906257, 128.65209967187502, 126.48876924218757, 134.06664997656253, 127.80615263281243, 126.40173310937507, 124.96411103125001, 125.36865187500007, 125.50146437500007, 125.25097609375007, 125.47607375000007], "mape": [0.7166913120916506, 0.4499076819260234, 0.20396341858417127, 0.11754257903461857, 0.0943130690081921, 0.0897397456337506, 0.08690027038963609, 0.0848681912139813, 0.08539481249725044, 0.08451326600099614, 0.08351470683803351, 0.08294281899878408, 0.08243251900555539, 0.08084413052676512, 0.08298652169214409, 0.0816809740798731, 0.08604593052779455, 0.08246168656886965, 0.0816175287513304, 0.08071790141334215, 0.08097242148774614, 0.08105128972753341, 0.0808934549153468, 0.08103884548186474], "mse": [1541540.2091393634, 619457.426361178, 136013.44051142372, 47884.79144580201, 31866.650391378782, 28998.553658045486, 27262.41372862725, 26049.495315104177, 26359.28915456622, 25842.162065173958, 25239.007556049506, 24896.077623809273, 24594.90221039664, 23677.810079471394, 24896.031393539393, 24124.319446302616, 26700.42949505661, 24554.260831768697, 24068.629536843233, 23556.686710041402, 23702.29013793329, 23745.33809914364, 23656.27152005507, 23739.5068326673], "recauc": [0.399231449070833, 0.6199079611664869, 0.8252090542387572, 0.8988981416660184, 0.918974164083075, 0.9230025076581733, 0.9255224633574468, 0.9273293403414415, 0.926862389942698, 0.9276441866408863, 0.9285445729758162, 0.9290616913543206, 0.9295214114003993, 0.9309476577287358, 0.9290388446252033, 0.930218547780704, 0.9263109273890353, 0.9295323754597682, 0.930288954821408, 0.9310937167790853, 0.9308642716123464, 0.9307955832620298, 0.9309366344041812, 0.930805154589533], "f1": [], "aucrecauc": 0.9640613496405936, "aucloss": 89990.7015329446, "convergence_rate": 0.9372068309991508}