{"bestEpoch": 31, "lastEpoch": 41, "mae": [], "medianabsoluteerror": [], "mape": [], "mse": [], "recauc": [], "f1": [0.01996034507122588, 0.027739471886423877, 0.041175110693768946, 0.059654997286158314, 0.09561072570022945, 0.13636662160916987, 0.15258694895440178, 0.1762500501303564, 0.20323496521756415, 0.21876962606757144, 0.22464952995405524, 0.2450137358399469, 0.25606293269510094, 0.262230716390711, 0.272397451256638, 0.2869499319806845, 0.29137119371100956, 0.2982393903400867, 0.29659716209831954, 0.29658618150418237, 0.3040816217565535, 0.29486990617624387, 0.30717186700356286, 0.297925271718908, 0.29626052047189827, 0.29458075205252754, 0.30522748210965517, 0.31786404900209153, 0.31606351315380055, 0.319978047752027, 0.318085938949642, 0.31752612585796647, 0.31712404620053725, 0.31474771240633026, 0.3140417400480262, 0.3151063464434997, 0.31582655612745547, 0.316160993103815, 0.31554912969558396, 0.31434426113662306, 0.3139127253521855], "f1auc": 0.7985672166810452, "convergence_rate": 0.7851657812731437}