{"bestEpoch": 39, "lastEpoch": 49, "mae": [0.698083334865269, 0.523489703447976, 0.47553769925921935, 0.4677357650276122, 0.45568665071725756, 0.45078179336465085, 0.4460431566467456, 0.459777923245506, 0.48151304262579814, 0.4317075328131004, 0.4326016676502769, 0.4337635145673103, 0.42058958567641114, 0.41680220353440023, 0.4140055992016064, 0.41003119668785487, 0.4124855471723097, 0.4254123052835425, 0.4188256820767258, 0.4450123721342436, 0.39824525547848977, 0.40006385334819805, 0.39699445430929253, 0.4073402294389156, 0.40667040597499865, 0.41096326647122233, 0.40677790336508934, 0.396130381351978, 0.39514917297879126, 0.3951173816739513, 0.3971840597201536, 0.3978531381866953, 0.3991366465167779, 0.39696800109510927, 0.3959982801854965, 0.3962545604707641, 0.39541889582899925, 0.396226682156207, 0.3955065739059652, 0.39549012670230027, 0.3958649123499156, 0.39599554700014816, 0.3958609159586386, 0.3957255929984064, 0.39579208200463484, 0.395825160864024, 0.3957376838794531, 0.39569284661062554, 0.3957047518348676], "medianabsoluteerror": [0.5922537326812743, 0.4272180795669556, 0.3827989137172699, 0.38244425058364867, 0.3704066622257233, 0.3523021769523621, 0.3666488361358642, 0.38644837379455554, 0.36022281646728516, 0.3350399255752564, 0.34333589553833005, 0.3532535946369171, 0.32151721715927134, 0.3204789662361145, 0.3210332226753235, 0.32351667165756226, 0.3270578157901763, 0.3416807115077972, 0.3205236840248107, 0.36390674114227306, 0.30870503187179577, 0.3083286082744598, 0.30805163621902476, 0.3232059115171433, 0.3225185728073121, 0.32818443536758424, 0.3225631260871888, 0.30869493901729583, 0.3070832586288452, 0.3064542388916015, 0.31068218946456916, 0.31182834744453425, 0.31365300893783565, 0.3106370794773102, 0.309097192287445, 0.30959140539169316, 0.3084486675262451, 0.30956891775131234, 0.30856270790100093, 0.30848065614700315, 0.30904755830764763, 0.3092372000217437, 0.30907510042190556, 0.3088249588012695, 0.30884292721748363, 0.3088752126693725, 0.30877262353897095, 0.30870726585388186, 0.30871651411056517], "mape": [1.0481607903791512, 0.7849302067989584, 0.6803547352534108, 0.6957091507773108, 0.6728686670595427, 0.5757483192969244, 0.6804933367756906, 0.7295732507136277, 0.5187456411956993, 0.5606510229419762, 0.6458248859873285, 0.6586847698048808, 0.543344841389206, 0.5379696688243606, 0.5764212589095216, 0.5933821007919807, 0.5871917708752844, 0.6672221085214478, 0.49533511913491285, 0.6806174451491117, 0.5641074735698564, 0.5232220369084197, 0.5506846772091147, 0.6154070238256197, 0.6167365812333377, 0.6285292464513883, 0.6141917234499242, 0.5723858517464808, 0.5642481091124638, 0.5546946633607063, 0.5808843196804415, 0.5877485182764713, 0.5942753412784278, 0.5836648879975324, 0.5779233661196966, 0.5794874416003175, 0.5740206934245441, 0.5795414614867617, 0.5746854957240838, 0.5747841440555038, 0.5771833905644662, 0.5781030953961956, 0.5772499693021702, 0.576520137751746, 0.57721986189256, 0.577456996681965, 0.5768428240739838, 0.5765684006120544, 0.5765971663901225], "mse": [0.7803608677614696, 0.45498900343684695, 0.38509343968997173, 0.3671325150246785, 0.3497757681662989, 0.35384727726599635, 0.3307945681271071, 0.3405090917297273, 0.42018224000359655, 0.32839603895619074, 0.31955623753764206, 0.31209142092767134, 0.31505138453452275, 0.30801227935734077, 0.30121243595895697, 0.28873071337765577, 0.2916862842464147, 0.3051814843715539, 0.31176735144808737, 0.3250693093883406, 0.27677230183568824, 0.2820130897303928, 0.27531049156148796, 0.2812658807449199, 0.28054060131552494, 0.2838369327940068, 0.28055560423170456, 0.27173561616636627, 0.2716253656709967, 0.27277484491754705, 0.27181945842989463, 0.27220447441011636, 0.27297384392755913, 0.27143458049719804, 0.2708841901396613, 0.27098051258795036, 0.2705999960169199, 0.2709394843718165, 0.27055509116509263, 0.2705816807719346, 0.27072179747803254, 0.2707884710525573, 0.2707113140513809, 0.27063527395419146, 0.27066428712134327, 0.27067897697578047, 0.27063561244812073, 0.27061108517842625, 0.2706178569427459], "recauc": [0.8376459152382232, 0.878247786596912, 0.8893992657958442, 0.891214082645069, 0.8940160471023652, 0.8951572043356829, 0.8962588999199431, 0.893064321937472, 0.8880111060994332, 0.8995934561088841, 0.8993850850333829, 0.899114916660092, 0.9021793516423471, 0.9030600923594226, 0.9037106690912783, 0.9046345691899956, 0.9040637246958322, 0.9010572794387445, 0.9025894187496096, 0.8964982882069686, 0.9073757604463301, 0.906952918942612, 0.9076667086165157, 0.905260165389609, 0.9054160103126719, 0.9044175346430022, 0.9053909499848722, 0.90786744710159, 0.908095701808497, 0.908103181268988, 0.9076222227548819, 0.9074668753425806, 0.9071681223915551, 0.9076725999192764, 0.9078982178191459, 0.9078386502741344, 0.9080327834961988, 0.9078452019093606, 0.9080125819747998, 0.9080163934241292, 0.9079293355019995, 0.9078987385901512, 0.9079301528411081, 0.9079615567541792, 0.9079461455506863, 0.9079384153964607, 0.9079587752167385, 0.9079692016208456, 0.907966500848139], "f1": [], "aucrecauc": 0.9938691213849591, "aucloss": 0.3039462305301525, "convergence_rate": 0.9209862621763123}