{"bestEpoch": 60, "lastEpoch": 70, "mae": [2.7787679783621866, 1.4659892774555001, 1.1343214547378953, 1.0132085448868635, 0.9497946116149766, 0.9062524092678919, 0.8745527269800716, 0.8481250862462383, 0.8282221420314694, 0.80963678169983, 0.7954385648622933, 0.7840137766210444, 0.7740310347408913, 0.7654856702625433, 0.757621017627785, 0.7509616067509356, 0.7459729065906463, 0.7403613647585132, 0.7355140215450731, 0.7310944040068265, 0.7273103545168592, 0.7228165881124902, 0.7195983187523739, 0.7167946992010701, 0.7135679855235886, 0.710823502274854, 0.70799433956932, 0.7049948623537188, 0.7027932514907312, 0.7016087223877611, 0.6990304900620569, 0.6965944547399656, 0.6955581310181033, 0.6934824098215215, 0.6921844279948128, 0.6905722956136797, 0.6897357044573601, 0.6885398722701636, 0.686519245940233, 0.687312189027463, 0.6863043255978197, 0.6848175385623577, 0.6829143768172176, 0.6832966921763731, 0.683099384764601, 0.679784065783256, 0.6805688426984318, 0.6798423305437218, 0.6773763885783692, 0.6786484499257758, 0.6771821036057997, 0.6779878683175955, 0.6773806124796921, 0.6776026832560866, 0.676203284258267, 0.6744424996933366, 0.6756603044897316, 0.6746900735493201, 0.6751431892826818, 0.674091718741361, 0.6756550775316004, 0.6750193350031963, 0.6739748822369009, 0.6736329458253447, 0.6745107641260232, 0.6745424097556851, 0.6747850356040384, 0.675333066084803, 0.6753626888668439, 0.6752166431489771], "medianabsoluteerror": [2.4285460758209227, 1.1748989343643188, 0.868893220126629, 0.7626864469051362, 0.7086464834213256, 0.6736921513080597, 0.6487131583690644, 0.6299454927444458, 0.6155167317390442, 0.6026842212677002, 0.5931289994716644, 0.5854359042644501, 0.5783833050727845, 0.572796893119812, 0.5669910195469856, 0.5629722213745117, 0.5598981237411499, 0.5563176888227462, 0.5533884358406067, 0.550343644618988, 0.5477321565151215, 0.5450237226486206, 0.5426102185249329, 0.5411159384250641, 0.539015063047409, 0.536893925666809, 0.5349526047706603, 0.532232916355133, 0.5307487452030182, 0.5306630849838256, 0.5280691480636597, 0.5262007284164428, 0.5254080772399903, 0.5238431692123413, 0.52344251871109, 0.5222864127159118, 0.5218957424163819, 0.5206761860847473, 0.5188440203666688, 0.5200535416603088, 0.5191556572914124, 0.5176364013552666, 0.5160236656665802, 0.5167737126350403, 0.5166317534446716, 0.5130743622779846, 0.5144795489311218, 0.5139488697052002, 0.5105537915229796, 0.5125597238540649, 0.5105240380764008, 0.5119367957115173, 0.5106512403488159, 0.5109844517707824, 0.5095775282382966, 0.5074368333816528, 0.5096299314498901, 0.5082641816139222, 0.508950538635254, 0.5075952053070067, 0.5098643219470977, 0.5084389448165895, 0.5070577168464661, 0.5064022493362427, 0.5076459860801696, 0.5075385069847107, 0.5079469871520995, 0.5086119854450226, 0.508581862449646, 0.5082794630527496], "mape": [3.249415171620272, 1.7722892350555075, 1.3311385351525706, 1.144868012804718, 1.0477960026219126, 0.9891742243820405, 0.9544288872955955, 0.9302211189253706, 0.9164555565169226, 0.9042553228968587, 0.8948559784285872, 0.8922440815392509, 0.8893843108449654, 0.883641366244723, 0.8779906274469824, 0.8740951993285742, 0.8772788348137144, 0.8739305202021421, 0.8702951662835624, 0.8688883749328951, 0.8732979872106734, 0.8625921143409621, 0.8631061524440559, 0.8638154915802728, 0.8629261707612256, 0.8617916942898161, 0.8599619746308702, 0.8543392721723208, 0.8555252393977871, 0.860730131170105, 0.8546633777036896, 0.8505406487581214, 0.8538478998555824, 0.8502674188794677, 0.8524368497963742, 0.8506182267475867, 0.8527297663676687, 0.8520965448951887, 0.8463579406247447, 0.8567861446840472, 0.8563321882609454, 0.8527640253941728, 0.8472237146787723, 0.852335902566143, 0.8557357350639961, 0.8415771941612898, 0.8490032691485175, 0.8482044532359914, 0.8379127548120997, 0.8466805811446507, 0.8416712830148999, 0.8476908685678036, 0.8459952595081249, 0.8482633180383554, 0.8424260813715029, 0.835261551591427, 0.841607112017968, 0.8382886629059803, 0.8418406429669688, 0.8368988390676055, 0.8452072351634919, 0.8405330325672952, 0.8354654419272967, 0.8344432975677337, 0.8381545394841088, 0.8380623289089374, 0.8392863427693416, 0.8416608077940629, 0.8416287342527762, 0.8408682530251551], "mse": [11.929631544713274, 3.6784976290778713, 2.296586174083759, 1.867122638496871, 1.6548615535517914, 1.5131600351585333, 1.4116603499793816, 1.3282290905852832, 1.266802447331986, 1.2102961382742436, 1.167670275946937, 1.1325642093540613, 1.103242559491278, 1.0781990132925368, 1.0558475186835814, 1.0368583055386817, 1.0220195374853125, 1.006366672930623, 0.992918714450561, 0.9809099239943193, 0.9695662574310182, 0.9586452302735293, 0.9500322237167079, 0.9421159092259432, 0.9333170437549064, 0.9264402783028115, 0.9190011863082381, 0.9118891471929484, 0.9061119734439389, 0.9021110101719383, 0.8964706627362966, 0.8906779731116334, 0.8877273238820653, 0.8830090572225702, 0.8794478534670271, 0.8756772431077203, 0.8730398031862651, 0.8708184255799114, 0.8664730583028085, 0.8670883110732945, 0.8646492542210642, 0.8616106238603604, 0.8581249889348195, 0.8585719487584863, 0.8575766774954153, 0.8516421291509395, 0.8526893527289777, 0.8509576917337404, 0.8466315076400409, 0.848679859005868, 0.845850352905401, 0.8471904396111433, 0.8465165155115357, 0.8467074702548106, 0.8443243221854495, 0.8409045294171, 0.8430192223388575, 0.841287821454938, 0.842076852358216, 0.8402348207577826, 0.8432509010722985, 0.8428525011397664, 0.8410804289090181, 0.8404743007313275, 0.8424374569345627, 0.8426253084507436, 0.8430828585992212, 0.844249972760689, 0.8443652115392314, 0.8440727871276913], "recauc": [0.43086034922409977, 0.6675154248721166, 0.7391116700728515, 0.7660051525160786, 0.7802298564848021, 0.7900515026629613, 0.7972418926024243, 0.8032604392324545, 0.8078117894742713, 0.812069347658087, 0.815332349523247, 0.817956395086487, 0.8202622586112189, 0.8222319295617492, 0.8240447741361684, 0.8255807093895337, 0.8267350322436788, 0.8280332956221467, 0.8291486304316348, 0.830171087735316, 0.8310492982548032, 0.8320833242989902, 0.8328271629767863, 0.8334746732332196, 0.8342188504767807, 0.8348579615239314, 0.8355111253117481, 0.8362022973064688, 0.8367147644047416, 0.8369926377336608, 0.8375891612134868, 0.8381511664920965, 0.8383943978882273, 0.838876974927604, 0.839181154299581, 0.8395551408926119, 0.8397482125430121, 0.8400331531092199, 0.8404983996519636, 0.8403212128094568, 0.8405559051117857, 0.8408995387024651, 0.841341179651799, 0.841258575097105, 0.8413086153110292, 0.8420710528148418, 0.8418954625295977, 0.842063121394899, 0.8426327786474718, 0.8423443745664089, 0.8426829403315559, 0.8425009324805439, 0.8426461358422483, 0.8425955380286004, 0.8429198026207593, 0.8433240020085634, 0.8430455248824922, 0.84327045402071, 0.8431683195841453, 0.8434103863528111, 0.8430552030821032, 0.8432028109714698, 0.8434446948887775, 0.8435243521767963, 0.8433251543597888, 0.8433193793582452, 0.8432637091962398, 0.8431392565561261, 0.8431328732346055, 0.8431658307381008], "f1": [], "aucrecauc": 0.9795243056650607, "aucloss": 1.0996230470374126, "convergence_rate": 0.9631363711844426}