{"bestEpoch": 43, "lastEpoch": 53, "mae": [0.8968940063559063, 0.7549564081739405, 0.5660371650259723, 0.5372919138051618, 0.5128355075762192, 0.5193092934339676, 0.4967069715885538, 0.5076248033571358, 0.6058486548232901, 0.47732397579385616, 0.4759161600819413, 0.478997863529885, 0.4756120747403513, 0.46267801332915726, 0.47034082558406326, 0.476367111268258, 0.46105913308900204, 0.46834747266654825, 0.4722931623213323, 0.4723910751147979, 0.5008892996835823, 0.46594817685254286, 0.44703483986682674, 0.44161057930568876, 0.4400133399099081, 0.4427103285850056, 0.4390049142768773, 0.44260006944543095, 0.4411230409755111, 0.43744693144547175, 0.4410375736850748, 0.43654642152573453, 0.4408632435423788, 0.45313328645747425, 0.4396812496748406, 0.4379382122843854, 0.432957493395401, 0.43299366197674455, 0.43221716581240494, 0.43398116783223284, 0.43225065637936183, 0.434855891796391, 0.43185075361459396, 0.43203078395019806, 0.4325202003279953, 0.4318940606757287, 0.43196491232615664, 0.43222818569428234, 0.4324813787772653, 0.4318200022012885, 0.4321276490073657, 0.4324237287064987, 0.4324984880317088], "medianabsoluteerror": [0.6994833946228027, 0.5941228866577148, 0.4293241500854492, 0.4233994483947754, 0.4087400436401367, 0.4109978675842285, 0.3994016647338867, 0.40158843994140625, 0.5017189979553223, 0.3839898109436035, 0.3819103240966797, 0.3899855613708496, 0.3830385208129883, 0.3695106506347656, 0.37270355224609375, 0.39029836654663086, 0.3684697151184082, 0.37004995346069336, 0.37977123260498047, 0.37140417098999023, 0.3760981559753418, 0.3810596466064453, 0.36475324630737305, 0.3521270751953125, 0.34926748275756836, 0.35805177688598633, 0.35259294509887695, 0.3603944778442383, 0.3567495346069336, 0.34818601608276367, 0.35408806800842285, 0.3511524200439453, 0.35994434356689453, 0.36084413528442383, 0.353271484375, 0.36028242111206055, 0.35584068298339844, 0.35556888580322266, 0.35121679306030273, 0.3577747344970703, 0.3516855239868164, 0.35538196563720703, 0.3513660430908203, 0.3538656234741211, 0.35723066329956055, 0.35306692123413086, 0.35103750228881836, 0.35462188720703125, 0.35662102699279785, 0.3506765365600586, 0.3537626266479492, 0.35524606704711914, 0.3569808006286621], "mape": [0.1942678319309685, 0.16227968164666975, 0.1152274567417522, 0.10858221323360316, 0.1048222599908334, 0.10212955980419525, 0.10115601317850594, 0.10043758256186086, 0.11480305096132923, 0.09680016970959936, 0.09625221214860483, 0.09914913695465363, 0.09601909132979461, 0.09391006491183124, 0.09404279299272544, 0.09588769883484938, 0.09406171379802472, 0.09289275817733499, 0.09374298960274148, 0.09316538136988406, 0.09869052551005737, 0.09695993264133562, 0.09092831083866428, 0.08975650591314005, 0.08905734881189455, 0.09109513873240822, 0.09003936592257397, 0.09145876439652692, 0.09107445829171586, 0.08963792280834251, 0.08844360870128148, 0.08855023030711576, 0.09061551928109078, 0.09083152491978413, 0.08890341574165248, 0.08983629112687559, 0.08830487417026725, 0.08862916352930814, 0.08802524019782623, 0.08910911182604017, 0.08806375078142671, 0.08950693525180192, 0.08810329001857505, 0.08826965564813752, 0.08852679346509049, 0.08814386357037117, 0.08809319519478666, 0.08824607790880105, 0.08857364900829208, 0.08804506582088689, 0.0882802643617579, 0.08848455364010077, 0.08854206487636872], "mse": [7.049265165788622, 2.518068698301303, 0.9266116253508411, 0.54826955526562, 0.4545468957871725, 0.4599080819150154, 0.4228540781657328, 0.4409587425534011, 0.6084353962922806, 0.3855201270497524, 0.38464841304654535, 0.38096761070816076, 0.3812437190087045, 0.36376738288879046, 0.3790191943305159, 0.38232745084734837, 0.3614462400822557, 0.3791365562525145, 0.3829126507524247, 0.3892531363942436, 0.7936066462312884, 0.3917297984804346, 0.3463310785994668, 0.33451526287937655, 0.33358098285769977, 0.33112860880620504, 0.3282911755050206, 0.3306461992602185, 0.32754721767159184, 0.32450024745482103, 0.335352708246648, 0.32776072020790914, 0.3277682189774023, 0.35207316162428015, 0.33177829816477167, 0.32553904103930903, 0.3214186637041538, 0.3206913287949251, 0.3209795543718627, 0.32078826470390076, 0.32079781035574706, 0.3213505013205376, 0.3199279817492011, 0.3197587984641687, 0.31984541489700574, 0.3198083942028487, 0.32005159099516367, 0.3200878731921157, 0.3196732526326499, 0.32002746701204665, 0.3199404275886851, 0.3197985186263104, 0.3198211870610264], "recauc": [0.8127253164726017, 0.8343776533506423, 0.8721665163426745, 0.875937044442515, 0.8807234482459575, 0.8792180110561691, 0.8844980275576476, 0.8819351382443428, 0.8590901314642279, 0.88898215259219, 0.8893105925765937, 0.8885942662237388, 0.8893810939624687, 0.8923889127670063, 0.8906071691961506, 0.8892055185607817, 0.8927661561212764, 0.8910714449405805, 0.8901520945091421, 0.8901809508104949, 0.8871983490831061, 0.8920095236437479, 0.8960278623124929, 0.8972896088098341, 0.8976604320232917, 0.8970336271526227, 0.8978966382735082, 0.8970593763804805, 0.8974034547292697, 0.8982566468112655, 0.8974224748255808, 0.8984676188181813, 0.8974641885747106, 0.8946088395313957, 0.8977385380144606, 0.8981440711870707, 0.8993030267668031, 0.8992939973709009, 0.8994751002735015, 0.8990639022707627, 0.8994664485329413, 0.8988604147060776, 0.8995600040608249, 0.8995171916779732, 0.8994034830877528, 0.8995494983758588, 0.8995329502054222, 0.8994708774001328, 0.8994125124836548, 0.8995671108477137, 0.8994948756804964, 0.8994271380450781, 0.8994093882440082], "f1": [], "aucrecauc": 0.9908341317808268, "aucloss": 0.4846448834622157, "convergence_rate": 0.9185335228529036}