{"bestEpoch": 24, "lastEpoch": 34, "mae": [], "medianabsoluteerror": [], "mape": [], "mse": [], "recauc": [], "f1": [0.006983906372339842, 0.015525605085174752, 0.027300002026517313, 0.03141649477728355, 0.03741913345109394, 0.035773685879374635, 0.046404988821956046, 0.04440403888864576, 0.05374994338566012, 0.05435761842001268, 0.054381163840708305, 0.06425660718028235, 0.07097729980253736, 0.07571690773662142, 0.07633740942968428, 0.07834104033043818, 0.07910749508544382, 0.07962073072803959, 0.08259143733771088, 0.08415834830785805, 0.0860559533091533, 0.08697606879717718, 0.08588874289794338, 0.09220300436184341, 0.09393711842538982, 0.09340509489368101, 0.09243602501263473, 0.09170798612321424, 0.0935186288942238, 0.09280039158989302, 0.09317599843561417, 0.09274490380599469, 0.09294157404783783, 0.09258870131248707], "f1auc": 0.7514432813879, "convergence_rate": 0.7314797077600063}