{"bestEpoch": 54, "lastEpoch": 64, "mae": [], "medianabsoluteerror": [], "mape": [], "mse": [], "recauc": [], "f1": [0.015398457538223206, 0.0057201169290691444, 0.004161686016503184, 0.004482157076075502, 0.013170338241271156, 0.02127837550320454, 0.018276716943117888, 0.061037663786047275, 0.1006223727247049, 0.10940468419686561, 0.1262873753318156, 0.12396451192493131, 0.14302731403397229, 0.16027468200916134, 0.18138894919003376, 0.16214469212117794, 0.19780362014539174, 0.1214559007486863, 0.18961537995197983, 0.2107262533343037, 0.18836977196475155, 0.20461757535622388, 0.18129323508644665, 0.17732054100520142, 0.22470536737766997, 0.20201296568498797, 0.20664997487714096, 0.23497586385968872, 0.1685706238062532, 0.21928040247986072, 0.21790955307032125, 0.24441490736550855, 0.2411141691321993, 0.24265603437181035, 0.21423817293814693, 0.2605457569606481, 0.22445487321546706, 0.23322665786993968, 0.21974414101098105, 0.1836240825458325, 0.26373282368729206, 0.2631187694973717, 0.2629436240212857, 0.2664976818185112, 0.2653541638009645, 0.2639449534873379, 0.2674694836560034, 0.2714526146304082, 0.2648787625502172, 0.2716404898222045, 0.26989433433125215, 0.26797223583208324, 0.2737754926733439, 0.2733699083117839, 0.27346862741154554, 0.27321979943995145, 0.27240700987181293, 0.27353462144611534, 0.27415323735437364, 0.2750144554422637, 0.2747620733677821, 0.2742642463222965, 0.2738769965117883, 0.273821045930575], "f1auc": 0.7272300914260341, "convergence_rate": 0.7230389483314229}