{"bestEpoch": 32, "lastEpoch": 42, "mae": [], "medianabsoluteerror": [], "mape": [], "mse": [], "recauc": [], "f1": [0.2211369694886211, 0.24317961063484156, 0.24122331155523313, 0.24323546883679753, 0.24813554354193829, 0.25759728204983096, 0.2336573316199143, 0.24386191214459943, 0.2517966134353771, 0.24389975831690364, 0.23280679492203094, 0.22314566415070947, 0.248160638947223, 0.21599193698489483, 0.20410360492109064, 0.23130991671250392, 0.23062515811376935, 0.20287602066869848, 0.2228109857383248, 0.21272705385479662, 0.2383820683575896, 0.2417958676189867, 0.249136406478472, 0.23569160266611286, 0.24426778420920212, 0.2512838013033575, 0.2509104474326167, 0.24634984843143773, 0.24871729637886042, 0.24907905941664843, 0.2482847502539367, 0.24944335449646862, 0.24955517259944715, 0.24933424958308265, 0.24948858758067574, 0.2497806863241316, 0.25024624213243873, 0.2501564104475401, 0.2501604542657314, 0.2504005459182257, 0.2498942899563502, 0.24942558134085152], "f1auc": 0.9344122988509522, "convergence_rate": 0.6912495595776484}