{"bestEpoch": 10, "lastEpoch": 20, "mae": [0.4862033558609577, 0.465453182816319, 0.46024792821505445, 0.43660388590138294, 0.44411864509042853, 0.4393373186770781, 0.44059209145215505, 0.4441685904449876, 0.42787520248050154, 0.4318157836070606, 0.43395215580963536, 0.43046094852888545, 0.4359395353103252, 0.43577707593276055, 0.43250939725115223, 0.4327811277607878, 0.4308381088323352, 0.43266013787838337, 0.4317960127820513, 0.4320577942634842], "medianabsoluteerror": [0.3938379764556885, 0.3868083953857422, 0.3811763405799865, 0.35336987972259526, 0.36634222269058236, 0.3562455892562868, 0.35913323402404784, 0.36648801565170286, 0.3426803827285766, 0.3514264583587646, 0.34327596664428717, 0.34861346483230593, 0.3567246198654175, 0.35653879642486574, 0.35130549669265754, 0.35166406631469727, 0.3478951692581177, 0.3509804248809816, 0.3495604991912842, 0.3500439643859863], "mape": [0.2571865713230454, 0.25948123199185524, 0.2551871495735436, 0.23110307817656656, 0.23923078935128272, 0.22947821947817112, 0.24459450514858969, 0.2508405263175374, 0.22352567610963114, 0.23374877018396098, 0.21969826274621315, 0.2308456783487308, 0.2371053927830392, 0.2363732623119208, 0.23218790342908982, 0.23259698683147492, 0.22942100240619676, 0.2325118337396781, 0.23095870787647366, 0.23126838249139914], "mse": [0.3985924096463651, 0.35429563800366537, 0.34728810600965454, 0.3234272109144238, 0.3247877856912239, 0.3257450769249329, 0.3253958334720566, 0.32445043504076393, 0.3142756673505743, 0.3119302140842085, 0.32746743961918756, 0.31204583144184966, 0.3154651720572761, 0.3154594985610931, 0.31379522949368666, 0.3140733911368181, 0.31402362386312044, 0.3143027791554675, 0.3141152330110599, 0.3142212960981244], "recauc": [0.8869213629641545, 0.8917470182650498, 0.8929578351629407, 0.8984567339994565, 0.8967086903044084, 0.8978214298052246, 0.8975290687476616, 0.8966965499271304, 0.9004868557306327, 0.8995701602715058, 0.8990741757826327, 0.899885303480965, 0.898610737149337, 0.8986485498407837, 0.8994087160401005, 0.899345429223097, 0.8997975970713937, 0.8993736080403004, 0.8995747292079045, 0.899513872586021], "f1": [], "aucrecauc": 0.9970577639408672, "aucloss": 0.3236184746685951, "convergence_rate": 0.8047085018480846}