{"bestEpoch": 1, "lastEpoch": 11, "mae": [], "medianabsoluteerror": [], "mape": [], "mse": [], "recauc": [], "f1": [0.36438081161746694, 0.27712166958483747, 0.276178375973156, 0.3013580110485305, 0.2654171387723552, 0.3105632261419239, 0.2614284495852906, 0.28900925857218823, 0.3143235977460422, 0.2761692601571942, 0.29748952264715883], "f1auc": 0.7965579037572726, "convergence_rate": 0.2799543916931659}