{"bestEpoch": 20, "lastEpoch": 30, "mae": [], "medianabsoluteerror": [], "mape": [], "mse": [], "recauc": [], "f1": [0.002548052898998022, 0.002860844331194018, 0.019737760164932318, 0.03238547391998547, 0.04840233736014344, 0.05822471205444021, 0.06502751312429364, 0.08027059970084287, 0.07021868364619197, 0.09117736782645282, 0.1028597676753164, 0.09864266109383805, 0.10168637271893201, 0.1139140411316066, 0.12169586496745095, 0.11915389803777864, 0.122769965416309, 0.12846748170640912, 0.12046978214020329, 0.13488242280196186, 0.13213913065921193, 0.1325945591628001, 0.12766663462900993, 0.12325853336961466, 0.1433399105176132, 0.1419826527513556, 0.1445327302240027, 0.141596050154309, 0.14337703662473, 0.14367039286365552], "f1auc": 0.7005796532756798, "convergence_rate": 0.695206264422293}