{"bestEpoch": 14, "lastEpoch": 24, "mae": [0.4855915157494529, 0.470258538485452, 0.4512658968504995, 0.4515322110246877, 0.43949958005264295, 0.4308984977974916, 0.44900397838412787, 0.4346647195522972, 0.4265039611247079, 0.4914295877767969, 0.4307207430862393, 0.4467297481275115, 0.41934219836499365, 0.4148256282705578, 0.4433011054622156, 0.4394641171032549, 0.4201452748518127, 0.427137076198303, 0.42144230972541613, 0.42370142115909276, 0.4263721445830926, 0.43111958216563157, 0.43024159350677765, 0.43054132796658684], "medianabsoluteerror": [0.39188447713851926, 0.3881441688537599, 0.36337239980697644, 0.36288291215896606, 0.35559540271759027, 0.33869379043579106, 0.37437320709228517, 0.3376606559753418, 0.3485373735427856, 0.4246340870857239, 0.35614342689514156, 0.3701152324676513, 0.3289445638656615, 0.328629720211029, 0.36951423883438106, 0.3586102485656737, 0.33147210836410523, 0.34349777698516837, 0.3357771754264831, 0.33761013746261603, 0.33772419929504394, 0.34300955533981314, 0.34283761978149413, 0.34243264198303236], "mape": [0.25363876970927196, 0.2568691551778139, 0.24320082992965672, 0.23439602565271994, 0.22900669371307225, 0.21739646844948585, 0.24309419724412784, 0.2144585521478045, 0.23155763980456762, 0.275662589934497, 0.23750392250104263, 0.23907599224470402, 0.2108354199020518, 0.21098831493129133, 0.24590763308987112, 0.2324795713611748, 0.21370709417815467, 0.22094797623222803, 0.2206867644479895, 0.21746896233562896, 0.21808923706783193, 0.22036967003367489, 0.22155948297928427, 0.22020447569825638], "mse": [0.40179586226281966, 0.3673764898442221, 0.3488087816372259, 0.3508986862189656, 0.32998184118655577, 0.32865602290713974, 0.3292319173070075, 0.3396852603282737, 0.3063960477835065, 0.3754338247899071, 0.30532804707401034, 0.32620831981417925, 0.31217232068835654, 0.30009443693648674, 0.3209627010672871, 0.32330492051265564, 0.3102456924841775, 0.31190418468202674, 0.30512958141891805, 0.3101633865418304, 0.31607498070853324, 0.3211959588313484, 0.3188011023403884, 0.3203410716723009], "recauc": [0.8870638913113472, 0.8906290887661952, 0.8950473689647801, 0.8949859962046395, 0.8977833436770831, 0.8997843512891834, 0.8955725327524063, 0.8989072818943121, 0.9008050099232296, 0.8857054085299166, 0.8998236090617667, 0.8960997467853266, 0.9024709865755768, 0.903521312031165, 0.8968970918964646, 0.8977910322294151, 0.9022831260278332, 0.9006591081303034, 0.9019829969305267, 0.9014588516415967, 0.9008371890768831, 0.8997331693450809, 0.8999376618387539, 0.8998678083017492], "f1": [], "aucrecauc": 0.9939941233658035, "aucloss": 0.32691839009002444, "convergence_rate": 0.6953972383196272}