{"bestEpoch": 5, "lastEpoch": 15, "mae": [], "medianabsoluteerror": [], "mape": [], "mse": [], "recauc": [], "f1": [0.011716345839820896, 0.015249741034526313, 0.013219228459918464, 0.017475873821823532, 0.02261037688440895, 0.02619556531949473, 0.022162603990504175, 0.020523456867393066, 0.02244181120520208, 0.022824277287783117, 0.02710313150184298, 0.026826451037132392, 0.03142824040754773, 0.03113861248592064, 0.0316096759415724], "f1auc": 0.7250546179667977, "convergence_rate": 0.5631231984163297}