{"bestEpoch": 11, "lastEpoch": 21, "mae": [], "medianabsoluteerror": [], "mape": [], "mse": [], "recauc": [], "f1": [0.3030813193816796, 0.32117222515048643, 0.29638272493877393, 0.33687299372951734, 0.34694409518049746, 0.3422004121277135, 0.3558868882209847, 0.3577516899417531, 0.34317021213265136, 0.3429347790688891, 0.3530514735321292, 0.3463859714045602, 0.3478031621007504, 0.3373392879334034, 0.34159025917551156, 0.33951754995486305, 0.3364321451699985, 0.33843121390891734, 0.33685762899467997, 0.33951533637349685, 0.3365144897504106], "f1auc": 0.9475899267882573, "convergence_rate": 0.694474360769132}