{"bestEpoch": 53, "lastEpoch": 63, "mae": [0.6228249434788511, 0.5558405657318267, 0.5087070066347422, 0.482972588697196, 0.4878128843623921, 0.5352526587238529, 0.4597302776477649, 0.444099742466727, 0.46063192606511016, 0.4510541858194796, 0.4447891620354968, 0.43918922975328006, 0.4941337846949228, 0.5206241468054806, 0.4210390645702934, 0.417995426444733, 0.41301150591524705, 0.41313352474176035, 0.4129169432595451, 0.41757838411288495, 0.41421841597874215, 0.420813984648337, 0.40998915627615035, 0.41111117737224573, 0.40986591822637247, 0.40987070602007136, 0.4097456361228856, 0.41076949871051227, 0.40948342101211893, 0.4094218240155277, 0.4101533010998565, 0.40905644466342184, 0.4095793295206107, 0.409936585678166, 0.40875355406936953, 0.4090002653025071, 0.4099321810998658, 0.40881402609201467, 0.40911876853994766, 0.4087106866669484, 0.40897706116617316, 0.40944987166102886, 0.4087447338509663, 0.4085375110188262, 0.40832243332395174, 0.40861031018712796, 0.408353116847227, 0.4084518464720995, 0.4087482874394667, 0.4087540657680419, 0.40869368610964096, 0.40871020452656626, 0.4083086590144973, 0.4086695412602476, 0.4087786420617058, 0.40867964961201064, 0.4088364444150934, 0.40867100917557836, 0.4086554511589117, 0.4087686386860175, 0.4088238365587502, 0.4084676527087911, 0.40832241831451105], "medianabsoluteerror": [0.5136027097702025, 0.45066528081893925, 0.39401768922805785, 0.36645044088363643, 0.38492218971252445, 0.4520809137821198, 0.35266433596611024, 0.33131218552589414, 0.35963475465774536, 0.3511673355102539, 0.3241943621635437, 0.3246196508407593, 0.4119513583183288, 0.4272451567649841, 0.31750824451446524, 0.31231563091278075, 0.3042835748195648, 0.30648249268531796, 0.30319966316223135, 0.3138818264007568, 0.3057014656066894, 0.3095883214473724, 0.30210458040237426, 0.30439342081546783, 0.30308370113372807, 0.3035280621051788, 0.30322700977325434, 0.3048766541481017, 0.30270875930786134, 0.3030721306800842, 0.30335322380065916, 0.30216097593307495, 0.30339296102523805, 0.3033291697502135, 0.30104694366455087, 0.3016259860992432, 0.3038431000709534, 0.3018088340759278, 0.30287944436073305, 0.3020405453443527, 0.3023282289505005, 0.30317634105682356, 0.30151056528091436, 0.30146031498909, 0.3010451555252075, 0.30157766342163095, 0.3015363574028015, 0.3013785529136658, 0.30199005126953127, 0.30192120552062984, 0.30175389051437373, 0.30180817604064947, 0.30128340721130364, 0.30209146261215203, 0.30188953757286074, 0.30217358469963074, 0.30208632826805115, 0.3019025635719298, 0.3018886637687683, 0.30222891211509706, 0.3022798180580139, 0.30154885292053224, 0.301384733915329], "mape": [0.9271378855371449, 0.8240452439812228, 0.7304037464750229, 0.6551029620874054, 0.646753194844636, 0.8223884853659645, 0.6315865484281143, 0.5270437066445172, 0.6629524668993169, 0.6401638877198031, 0.49744857821316557, 0.5262144850391522, 0.7315826186324991, 0.8126187049769538, 0.5822752826680563, 0.5665356091124757, 0.5463891944003749, 0.5329077066938707, 0.506800805990711, 0.5723023563166542, 0.5145594115220895, 0.4949738842766288, 0.5428943559851666, 0.5501832286385381, 0.5400113293299158, 0.5398304819181253, 0.5414832770668384, 0.546041562154434, 0.5416135661318832, 0.5429765152023591, 0.5449072754320589, 0.5384430691664326, 0.5444538058462424, 0.5433323289851334, 0.5372935764900547, 0.5376287599211274, 0.5466256966671814, 0.5384579713613549, 0.5417789651040051, 0.5381011031451034, 0.5412113313703397, 0.5444710500749848, 0.5387800236071402, 0.5374081005048719, 0.5360563310353907, 0.5389661828674993, 0.5362260730285057, 0.5373967913088697, 0.5405271343567101, 0.5399730628829076, 0.5401545396385338, 0.5397796817518457, 0.5365557750120382, 0.539015614195172, 0.5399728877631607, 0.5395315956602384, 0.5411646354891938, 0.5391718482732725, 0.5397818280744744, 0.5406990068683295, 0.5405484112777649, 0.5384860422251768, 0.5366876602122794], "mse": [0.6420297780314237, 0.5139397583804192, 0.4494476008699236, 0.4198320495193189, 0.41301943630045934, 0.45336751189420993, 0.3714420932821779, 0.3607948833122123, 0.3663563099993484, 0.3525519440211534, 0.37391357943387926, 0.35565467363840797, 0.39410200409552215, 0.43885472842523393, 0.319105810462398, 0.31701481709220364, 0.31277735060064815, 0.3130728870529563, 0.31639816563363277, 0.3141971649694171, 0.3165185511736455, 0.32943259647062256, 0.30917194487027383, 0.3091111068322498, 0.30837444486473575, 0.30801555197288966, 0.30796454508560106, 0.30810816678230185, 0.30734216115035057, 0.3075432414957007, 0.30798303001780547, 0.307798049862284, 0.3071547266720012, 0.3076617593926187, 0.3071949927995026, 0.30721396093361003, 0.30720193623572645, 0.3066790109815286, 0.30644766744818286, 0.306416065476839, 0.3065634176283105, 0.306940296844672, 0.3065627569289846, 0.30645929894083807, 0.30632623060007985, 0.3063147704625938, 0.30633361211310833, 0.30634146310740995, 0.30631289891958413, 0.30637633509681705, 0.30630189377567085, 0.3064216465996944, 0.306209056839959, 0.30634911277720017, 0.30645674612610496, 0.30633868868433073, 0.30642359975919115, 0.3063824187707785, 0.3063585339715929, 0.3062801070133004, 0.3063852220981178, 0.30621078410345315, 0.30631834918818435], "recauc": [0.8551493181827583, 0.8707220194840024, 0.8816842950171776, 0.8876708833650024, 0.8865440163206686, 0.8755101932479501, 0.8930751931937344, 0.8967106122316133, 0.8928655440970816, 0.8950930574302502, 0.8965503307401793, 0.8978527664248083, 0.8850735919275646, 0.878918633338661, 0.9020741865899018, 0.9027821566801285, 0.9039413212185509, 0.9039127744387117, 0.9039632478746692, 0.9028789451374168, 0.9036604537794106, 0.9021265105074461, 0.904644033201532, 0.9043832516286916, 0.9046726529926906, 0.9046716411721025, 0.9047009096656051, 0.9044625561363522, 0.9047617390788218, 0.9047760893567682, 0.9046059122470593, 0.9048611333294895, 0.9047394783797633, 0.9046563495004158, 0.9049315524241685, 0.9048741073763675, 0.9046573671360649, 0.9049173223241463, 0.9048465420495767, 0.9049413811692437, 0.9048795780563933, 0.9047694705252831, 0.9049335166225008, 0.9049817609517984, 0.9050318421942074, 0.9049649412113437, 0.905024506171884, 0.9050016155078999, 0.9049326889455063, 0.9049315776227655, 0.9049454219904179, 0.904941496824343, 0.905035049523326, 0.9049509404831663, 0.9049257031190695, 0.9049486480569549, 0.9049123491548825, 0.9049507091729678, 0.9049543649078899, 0.9049280142826992, 0.9049152133954108, 0.9049980424760654, 0.9050316522355529], "f1": [], "aucrecauc": 0.9951078283587081, "aucloss": 0.3315161166818321, "convergence_rate": 0.9112551496689101}