{"bestEpoch": 36, "lastEpoch": 46, "mae": [], "medianabsoluteerror": [], "mape": [], "mse": [], "recauc": [], "f1": [0.2226985703051727, 0.3453323507117165, 0.28799161443881316, 0.23113052441538, 0.3297370382219613, 0.27389983297589593, 0.3282071645082469, 0.3224110813293427, 0.27329346532869797, 0.3165246104403805, 0.2921228434653737, 0.3345872241297742, 0.3440376999732441, 0.3409887887942403, 0.35255945841342046, 0.34409882788196167, 0.3491137380671985, 0.3436399783993291, 0.3451354333256961, 0.3529088254535846, 0.352969404764279, 0.3485982258440975, 0.3614379501908814, 0.367929839784694, 0.33997745950257163, 0.3517489860114575, 0.3559474359677819, 0.37469003605465295, 0.36045629897065046, 0.35539712397000495, 0.35491899559088763, 0.3539780330717655, 0.3539963514358746, 0.35591152298164125, 0.3600887133734623, 0.3549737636417617, 0.35971435387532463, 0.35490280421645126, 0.3576542675918077, 0.3519987106325069, 0.3566778961446008, 0.3556183698961133, 0.354987677152877, 0.3573947272787692, 0.3572588671669668, 0.35588269617303464], "f1auc": 0.9077867318926249, "convergence_rate": 0.7726754421276582}