{"bestEpoch": 9, "lastEpoch": 19, "mae": [], "medianabsoluteerror": [], "mape": [], "mse": [], "recauc": [], "f1": [0.20767004032273248, 0.22675057053165865, 0.28296066574063006, 0.3367586692378307, 0.30422273311684805, 0.29781114074263726, 0.2582837127568605, 0.2797012314601965, 0.347203115662355, 0.3341549704027515, 0.3424415765085304, 0.3532749635624688, 0.33052871382044413, 0.3504010465636085, 0.35329071279111884, 0.34823398120004595, 0.3518796413051995, 0.3472521098119107, 0.3492715103955252], "f1auc": 0.9000488712029258, "convergence_rate": 0.7575082923431677}