{"bestEpoch": 6, "lastEpoch": 16, "mae": [0.7598301930408329, 0.7548023787276201, 0.7743624096313038, 0.763558224356398, 0.7738195971356523, 0.7669053523808173, 0.7578008167862871, 0.7606484650290174, 0.7746945372894929, 0.7655712709594712, 0.7713147050828882, 0.768930305274654, 0.7705802740138918, 0.7710107471435124, 0.7674651583425897, 0.7672259361775381], "medianabsoluteerror": [0.625077362060547, 0.628825786113739, 0.6683208107948303, 0.6375273513793945, 0.666129982471466, 0.648202474117279, 0.6345266461372376, 0.6269533777236939, 0.6705313086509704, 0.6407221508026123, 0.6527808666229248, 0.6501325988769531, 0.6511593580245973, 0.6512699484825134, 0.6503671050071718, 0.649737322330475], "mape": [1.111484579724274, 1.0757453923667988, 1.1863674325055313, 1.134275196944675, 1.1838880201562376, 1.1511670072516378, 1.097850754889996, 1.117351691001075, 1.1878792868439445, 1.1445314491765737, 1.1722966702443534, 1.1610245839857345, 1.1688514351780754, 1.1708755542228533, 1.1539015951964873, 1.15270577607222], "mse": [0.9542537466337153, 0.9597161515002747, 0.953953290921518, 0.9524022342775882, 0.9536722467427058, 0.9520890691369894, 0.9557715884811459, 0.9534619860048903, 0.9540759491080605, 0.9521249941890461, 0.9528048128207879, 0.9522788275207156, 0.9526088736021203, 0.9527203796829926, 0.9521098791907082, 0.9521056491219255], "recauc": [0.8232991602495175, 0.8244706462557669, 0.8199155517608794, 0.8224307400310922, 0.8200419421084925, 0.821651441112222, 0.8237718494240338, 0.8231084653437111, 0.819838246988034, 0.8219619821607708, 0.8206248922671135, 0.821179881028688, 0.820795821458026, 0.8206959064363532, 0.8215211533816025, 0.8215769676278935], "f1": [], "aucrecauc": 0.9965543054536845, "aucloss": 0.9535313320704908, "convergence_rate": 0.3868383688999545}