{"bestEpoch": 48, "lastEpoch": 58, "mae": [807.4127639000578, 391.8093822437153, 194.62601138609838, 113.88443629956828, 86.04599945450578, 80.97324992259607, 73.94417231975926, 72.0393513560625, 68.65480571108564, 66.01857451973612, 67.53114067141898, 65.75642959041899, 66.0150766711331, 66.05780232946644, 59.97728750126041, 62.81819621005903, 59.34402654187616, 61.40282388664468, 60.80997156383911, 61.60176664932407, 57.793475110964124, 60.126286812607646, 55.7258942917963, 55.0452475000081, 57.00141675135649, 60.38274684667246, 57.91518653641898, 60.592780176796296, 62.86051191080325, 64.76700294113658, 64.97913976971296, 67.60104797254398, 65.48480211332986, 65.95495306474537, 64.36383795820255, 64.28921449538426, 64.64943217834376, 64.10570516431018, 63.79963897535185, 65.31406282014467, 63.86297751678704, 65.53568458346527, 66.52898402562501, 65.30316895898842, 66.11535734414699, 66.37930097478934, 66.43249449683218, 65.88350381081713, 67.9298621007662, 67.363484406603, 69.18287729226158, 68.5702591462882, 69.6011421578148, 69.415314809897, 69.35237354832292, 69.61833605962268, 69.5947206082338, 69.60168572325115], "medianabsoluteerror": [715.431030390625, 356.54089360937496, 182.08313017187493, 107.36144978906259, 80.93505871093748, 76.39843791406247, 69.24707060937499, 67.28698724218748, 63.57446282812498, 60.48767124999995, 62.36328119531254, 60.297729664062444, 60.64843755468746, 60.73742646875007, 52.91528301562539, 56.60864228125001, 52.25366253125003, 55.137939624999944, 54.51184093749998, 55.46936064843749, 50.49218738281252, 53.639221632812564, 47.56921339843757, 46.81738322656247, 49.52062959375007, 54.12316853906259, 50.57397425781255, 54.39245634374993, 56.95642060156251, 59.17272978124993, 59.28918410156257, 62.031982593749944, 59.68505894531245, 60.20654326562499, 58.26892096093752, 58.200317562500004, 58.627075375000004, 57.98144501562501, 57.53149443749999, 59.382080257812504, 57.55413830078135, 59.30261235937496, 60.33178752343747, 58.82421875, 59.78137201562504, 60.04760707812511, 59.956543140624944, 59.36694371093745, 61.33508312499998, 60.66760289062495, 62.366210703125034, 61.52990716406248, 62.36877394531257, 62.19006353906252, 62.15393072656252, 62.37695277343755, 62.34704554687505, 62.34851039062505], "mape": [0.4882462479316916, 0.23401344830696214, 0.11599108563364141, 0.06953919775641092, 0.053938993065991404, 0.05116547167610719, 0.047304555322404955, 0.046272069076311644, 0.04442607329131434, 0.0430014000820638, 0.04382166986622211, 0.04285940084498592, 0.04298870514030281, 0.042995469617441176, 0.03969918822758875, 0.04115732171111993, 0.03919850655320757, 0.040262707519370285, 0.039926994194893047, 0.04033055752937808, 0.038302374216650066, 0.0395363857842957, 0.037195182713443, 0.036837378422183605, 0.037822582389530984, 0.039605389860199, 0.03832400355026297, 0.03963969167462126, 0.040872700310253085, 0.04183433450892786, 0.04188138596785322, 0.0431978298936337, 0.04202129756035794, 0.04228329721232298, 0.041378562768482105, 0.04132338276351984, 0.04150093386524882, 0.04119197184417269, 0.040993589754287595, 0.041812435088793655, 0.040994153687983384, 0.04188123847044655, 0.042418568346536296, 0.041695122504866636, 0.04212555514445362, 0.04227791957188481, 0.04225992766173517, 0.04194932269143808, 0.04304737759664777, 0.042709745566524564, 0.043744413377077816, 0.04331703373583488, 0.04389860963172847, 0.04379754207954063, 0.04375991393399757, 0.04390354978238587, 0.043889945958969306, 0.04389277068033959], "mse": [726102.9708540702, 176150.4731505262, 45774.191729607395, 16668.01224813258, 9974.619621940617, 8952.487039063453, 7689.584331754285, 7370.3385643115, 6843.511353721037, 6460.739223887201, 6671.220088336761, 6417.052680296494, 6449.896450791158, 6451.136405385132, 5676.651686583584, 6005.034649629594, 5562.881537863895, 5789.573921277406, 5713.133187229688, 5808.2253526933455, 5370.935344868038, 5631.182156944608, 5161.359376093847, 5091.943062587178, 5274.07566111034, 5642.987803912892, 5389.136652761797, 5664.477134783091, 5959.553885507224, 6213.374559416735, 6246.681347537366, 6606.87109264698, 6304.529875714808, 6367.345368619124, 6143.203641777292, 6131.805507538808, 6177.929898814349, 6104.155805185863, 6060.106892475923, 6266.521419120959, 6069.421470785218, 6302.859609827368, 6446.987425543509, 6272.774318726517, 6389.6524344844565, 6429.568309817255, 6441.805074200278, 6361.149837666298, 6666.979361089255, 6586.440739818701, 6860.071658434725, 6778.81133423064, 6937.739537007554, 6907.716137006367, 6896.515365500975, 6939.326163941512, 6935.878356383105, 6937.0773511313755], "recauc": [0.5880136902579147, 0.8000773558837365, 0.9006908542706121, 0.9418897889788979, 0.9560951206231734, 0.9586830831231271, 0.9622696343708445, 0.9632416426827868, 0.9649693413785824, 0.9663135943223952, 0.965541902338382, 0.966447563274846, 0.9663152833801898, 0.9662935923221951, 0.9693969248776729, 0.9679468835772466, 0.9697199201401622, 0.9686685261118705, 0.9689720527608316, 0.9685685457434633, 0.9705106362488101, 0.9693200875643119, 0.9715655861882484, 0.9719139173176576, 0.9709147359180363, 0.9691889929733715, 0.9704487337622651, 0.9690825526997144, 0.9679259333340741, 0.96695226559693, 0.9668444029588145, 0.9655058394728361, 0.9665853548317794, 0.9663460420116086, 0.9671575305678716, 0.9671963196319632, 0.9670125679234589, 0.9672900771558637, 0.967446329818167, 0.966673245102288, 0.9674129338859813, 0.966559870801895, 0.9660530941983086, 0.9666790827230871, 0.9662647598093143, 0.9661292795946261, 0.9661032029128839, 0.9663815714904824, 0.965338859811907, 0.9656263552281154, 0.9646991513966211, 0.9650128420249433, 0.9644855300344849, 0.964580739555437, 0.9646120612061206, 0.9644764031958751, 0.9644879895396947, 0.9644847595870697], "f1": [], "aucrecauc": 0.9864626381220996, "aucloss": 16543.52036750023, "convergence_rate": 0.9657301477322294}