{"bestEpoch": 19, "lastEpoch": 29, "mae": [0.9666790295171034, 0.7186843299636553, 0.6605768199643032, 0.646535184777892, 0.6127720844937975, 0.5857672183181345, 0.5910175736345175, 0.6259514784591942, 0.5819740003218489, 0.5760407018121313, 0.559747915076833, 0.5567083519183603, 0.5510528633940723, 0.5504956373205063, 0.5532211367100979, 0.5479639577898339, 0.5502176135829581, 0.5853174134521111, 0.5446654437304853, 0.5455881401799284, 0.5442226232121256, 0.5440175199156727, 0.5429534282403593, 0.5429907390599066, 0.5430861587197847, 0.5431091392875086, 0.5430061436071864, 0.5430358602363876, 0.5429880163778442], "medianabsoluteerror": [0.7919034957885742, 0.5820674896240234, 0.5312037467956543, 0.5297045707702637, 0.49560999870300293, 0.47647643089294434, 0.4887237548828125, 0.4961667060852051, 0.4648923873901367, 0.4575462341308594, 0.44293880462646484, 0.44635915756225586, 0.43950843811035156, 0.44113683700561523, 0.4373354911804199, 0.44304800033569336, 0.44664955139160156, 0.4930915832519531, 0.4447789192199707, 0.43553876876831055, 0.4360928535461426, 0.4348583221435547, 0.4328904151916504, 0.4338536262512207, 0.43451929092407227, 0.43514394760131836, 0.43401384353637695, 0.4335165023803711, 0.43465518951416016], "mape": [0.18720606725625147, 0.1390008434020905, 0.13004564264522192, 0.12963201953049058, 0.12653379652065486, 0.11818313246879356, 0.1216456577581683, 0.11878096301088681, 0.11904654700989845, 0.11290943501731619, 0.1104365094638528, 0.11072922905602711, 0.11028788757325693, 0.10955414425629344, 0.10914420464036424, 0.11064557625765564, 0.10984992139740694, 0.12302260816644688, 0.11009741552745304, 0.10834922828617964, 0.10892174633548411, 0.10872377601525901, 0.1088400977582743, 0.1088471087010652, 0.1088811328911543, 0.10873224009232257, 0.1088616497781777, 0.10881177502371743, 0.10887060445936403], "mse": [1.5668799689499637, 0.8863716375814634, 0.8077016961905774, 0.6926010778302172, 0.6231303432604783, 0.5736677939325981, 0.5993945112094409, 0.683747169942744, 0.7482556675069982, 0.5784160900469756, 0.5339788829303732, 0.5282360842933256, 0.5226374165468091, 0.5179752432581005, 0.524553419064461, 0.5140098636944057, 0.5153421599263242, 0.5576168436353153, 0.5031523565861541, 0.50991722032346, 0.5057167091331309, 0.5053332835201648, 0.5036535159467103, 0.5038371634207777, 0.5039957346036359, 0.5044056106177949, 0.5038518815314584, 0.5040389940893467, 0.5038010972842794], "recauc": [0.7754289675448837, 0.833153998544379, 0.8475761067352874, 0.8498018013267171, 0.8577099385187403, 0.8638836420545591, 0.8629967528163733, 0.8548926296680475, 0.8670884424522096, 0.8663881492852342, 0.8699436370001573, 0.8706660573369387, 0.8720232133065693, 0.8720882043576826, 0.8714569362875182, 0.8727320037187379, 0.8721662760165478, 0.86392878903407, 0.8734315930734852, 0.8732256679152296, 0.8735519621306449, 0.8735898649940518, 0.873841898436325, 0.8738369202522724, 0.8738161148761634, 0.873810381381427, 0.8738345513233094, 0.8738283371763199, 0.8738397698334889], "f1": [], "aucrecauc": 0.9902861262131948, "aucloss": 0.5889599608478701, "convergence_rate": 0.9121013857068673}