{"bestEpoch": 30, "lastEpoch": 40, "mae": [0.9863492698702095, 0.6992033682728718, 0.6268737074747398, 0.5519693038367732, 0.5190101042003039, 0.5121232554871338, 0.48408850490604405, 0.4801982835252703, 0.4821888076863742, 0.4771873477042207, 0.47949386581608544, 0.4785159386092995, 0.47831460411602544, 0.4714226095634864, 0.48260276095532356, 0.47664340457855653, 0.47590402371282114, 0.4718166000826265, 0.46815531253503345, 0.46768934256448996, 0.4713182135097695, 0.4704977288684172, 0.46885756041720034, 0.46868361193402697, 0.4694094735775741, 0.4678955528021641, 0.4672745896319954, 0.46807843103433344, 0.47021159600695056, 0.4660678574066858, 0.467391220708197, 0.46728423858005047, 0.4679391602875341, 0.46725617078898124, 0.46740738736357734, 0.46739310481748647, 0.4673918252828766, 0.46732615122067367, 0.4673752667209375, 0.46731079322458036], "medianabsoluteerror": [0.8789641797542572, 0.6007593512535094, 0.5360345721244812, 0.46697251081466673, 0.4347676396369935, 0.4320187687873842, 0.3992836833000183, 0.4028653144836427, 0.4070034170150757, 0.3992881059646606, 0.40254635810852046, 0.39769914627075176, 0.40216529130935674, 0.396274642944336, 0.40734523296356207, 0.3958556175231934, 0.3978792667388915, 0.395369553565979, 0.39144896030426024, 0.3912603259086609, 0.3973814129829406, 0.39505687952041624, 0.39256386041641234, 0.39028997421264655, 0.3941718626022339, 0.3890540480613709, 0.38974762439727795, 0.3907180428504944, 0.3946165800094604, 0.38740131855010995, 0.39005129337310795, 0.39009540081024174, 0.3916036510467529, 0.3905037403106688, 0.389907512664795, 0.3900434494018554, 0.38998630046844474, 0.38980077266693114, 0.39003349542617805, 0.38998391151428224], "mape": [0.47807101824320736, 0.3195421884958921, 0.2869005349670627, 0.2689932640034571, 0.2568953052660775, 0.26183419583379797, 0.2674314910502633, 0.27059366384127737, 0.2585753205021287, 0.2658620882588275, 0.278107840312336, 0.27755013428956754, 0.2739092721598623, 0.26259699592782487, 0.26823969191542935, 0.2652413208917359, 0.2603687075053056, 0.25850220958955966, 0.26063499109123145, 0.26000426270386956, 0.26109494500535674, 0.2590056560239353, 0.2663021140778881, 0.2638526107429036, 0.261287416615635, 0.26315043138206257, 0.264235168312065, 0.25810364292702503, 0.25962919338949536, 0.26065104910737263, 0.2610042137429058, 0.26079911522212484, 0.26087500504832456, 0.2608972369009077, 0.2615542900030665, 0.2617201852308139, 0.2616082803593302, 0.2617463579576765, 0.2615681226542292, 0.2614713764709141], "mse": [1.4713635518839119, 0.773086832898269, 0.6269555062015124, 0.49200892011907393, 0.4426748077511155, 0.42532571416404835, 0.3856761529574539, 0.3712188099434893, 0.37583185643763956, 0.3680450315373334, 0.36833455727182457, 0.3714264040052358, 0.36599540727113833, 0.35815469261479865, 0.37282811169573327, 0.3713128289051738, 0.36775262533407455, 0.3596765914076937, 0.3542122972726076, 0.35385785408072445, 0.3567170854197718, 0.3569387376802902, 0.3537446029170469, 0.35528788441576986, 0.35473908057156484, 0.35508192120690185, 0.3525995324089459, 0.35552350349316597, 0.3564442459892138, 0.35270446182350956, 0.35333632117928837, 0.3529651663001919, 0.35330914378927086, 0.3527304908558968, 0.35286468069479565, 0.3529077483768628, 0.3528740032693172, 0.35290686560551005, 0.3529223493657259, 0.35288632098885425], "recauc": [0.7706474008852287, 0.8373880953438059, 0.854209239329257, 0.8716286484949626, 0.8792927923626155, 0.8808938898001538, 0.8874126619350927, 0.888317143358607, 0.8878554815339106, 0.8890181597957176, 0.8884809446567139, 0.8887077900702622, 0.8887547862072885, 0.8903578135991718, 0.8877578471466748, 0.8891439486240177, 0.8893152985766127, 0.8902667745474051, 0.8911177137806188, 0.8912261271907361, 0.8903822119950964, 0.8905730988935441, 0.8909539516963014, 0.8909946587893497, 0.8908260861269036, 0.8911775937671763, 0.891322128906545, 0.8911353610457482, 0.8906394571041183, 0.891602842938696, 0.8912949876650162, 0.8913199615497984, 0.8911675661652892, 0.8913262919272301, 0.8912911606111228, 0.8912945086208847, 0.8912949346734088, 0.8913101040509714, 0.8912987331118343, 0.8913136481296811], "f1": [], "aucrecauc": 0.9931215909322308, "aucloss": 0.39854096829918884, "convergence_rate": 0.9493053500430663}