{"bestEpoch": 23, "lastEpoch": 33, "mae": [962.5430434682003, 685.897449709158, 504.9457993278739, 378.7805460348252, 276.61414425301854, 223.9438523515798, 181.2798405781528, 149.4560913923206, 122.47660506485995, 111.5461664245139, 98.88972728065626, 91.43464461746065, 85.77138270041318, 86.15777547733335, 85.1210710683368, 81.46873399084029, 81.61077475362038, 76.28020914093518, 78.81314852350464, 79.82677258358798, 77.90560891870602, 82.4703188080324, 71.90245641018403, 78.75622538209953, 75.43263486818866, 70.27764796027199, 72.3686259339757, 74.55631128254167, 76.82995418634954, 78.63444420436807, 79.01215826936459, 78.66189930016088, 78.96135144877431], "medianabsoluteerror": [846.7966307421875, 607.9872440585937, 453.0697628320313, 343.5721438437499, 253.05822748437504, 204.83813482812502, 169.96350139062497, 141.63549828124997, 115.26867670312504, 105.81054640625007, 93.43725603124994, 85.84643514062509, 80.09411597656253, 81.01086449218747, 80.49572748437504, 76.5584715, 76.47351079687496, 71.46874958593753, 74.02807652343745, 74.29968221093759, 72.13586442968744, 77.82470744531247, 66.04296886718748, 73.23559582031248, 70.54235845312496, 64.86962854687499, 66.673705875, 68.69628917968748, 71.35620075781253, 73.52441382812503, 73.85607928125, 73.23107928125, 73.42443818750007], "mape": [0.5822132548652041, 0.4127709068362616, 0.3017920128163596, 0.22528772527541324, 0.1634543197710981, 0.13290866188228048, 0.10799857557210354, 0.08948451419958232, 0.07392840969345105, 0.06814724128718867, 0.06099904356260765, 0.05677602007994591, 0.053498779350197936, 0.05383362916559463, 0.05331164757482136, 0.051238447472636964, 0.05121724483092076, 0.04834767846942759, 0.04975276140687078, 0.05022392858911491, 0.04906096232937501, 0.05181279088954246, 0.04575481103054754, 0.04958396363294537, 0.047832335854777586, 0.04491275708286617, 0.04607771078952272, 0.047319950125050025, 0.04860902390967875, 0.04965807812920994, 0.04985322699446358, 0.049603788838980443, 0.04977384341327808], "mse": [1031633.1857340558, 528827.7832889191, 290950.6844271472, 166012.31092739102, 90775.63762014074, 59875.16091063569, 39971.57053618314, 27800.91530955733, 19160.82023938913, 15948.3619849526, 12761.272131721867, 11065.372996983837, 9886.234751566024, 9927.728818635584, 9705.368057076668, 8997.506076758646, 9016.030300205852, 8048.321647840728, 8501.562461054331, 8695.94100099887, 8341.305630533163, 9172.431352122681, 7355.340866780226, 8512.103491292564, 7925.352359346165, 7073.26691479935, 7411.042386880378, 7795.717055046214, 8181.632903345337, 8492.739788051771, 8584.527067190951, 8507.415909793037, 8556.651304255909], "recauc": [0.5088582784204346, 0.6500170461490594, 0.7423484126190397, 0.8067248650791005, 0.8588557374255944, 0.8857305434247128, 0.9075008389727862, 0.9237383738373838, 0.9375055875957966, 0.9430827082708271, 0.949540835565038, 0.9533443862904809, 0.9562348975638304, 0.9560381667796409, 0.9565654787700992, 0.9584298726168913, 0.9583575987228352, 0.9610773966285517, 0.9597852970482234, 0.9592680897719401, 0.9602475062321046, 0.9579185918591858, 0.963310953317554, 0.9598148111107407, 0.9615099435869513, 0.9641403695925147, 0.9630734480855493, 0.9619577216980957, 0.9607976056864945, 0.9598764172713568, 0.959683746152393, 0.9598629048089994, 0.9597100006296926], "f1": [], "aucrecauc": 0.9558587506467932, "aucloss": 61043.01180410925, "convergence_rate": 0.9065233807899276}