{"bestEpoch": 44, "lastEpoch": 54, "mae": [1672.4945259801566, 1310.6260685061777, 998.6700351945457, 781.111178043938, 615.5895792757535, 494.9779027708832, 397.1948588786227, 322.8197190318113, 264.6243047348102, 219.19825415255903, 184.11465027564466, 158.13348341062039, 139.91783502741552, 127.54550270680903, 117.8226852683125, 113.1484210000984, 109.52134148255556, 108.73500870998033, 108.9987960182477, 106.18690843161806, 105.28521839937731, 100.72995329969794, 102.34288980462965, 95.38250818733796, 91.91284313137615, 89.30549437223843, 84.63219279555555, 80.15743416918866, 76.82866121860418, 76.17910360043518, 69.1662134268692, 72.17911323882524, 63.29844452851158, 62.11343494388195, 63.60558806521644, 63.70776534789584, 62.68438638710533, 59.841888467168985, 67.16962662140855, 64.32007538825694, 57.67786112463426, 60.811824411564814, 58.78364197547222, 60.47331314436227, 60.126322838204864, 60.708902500391204, 62.18270541464352, 63.76496563294792, 62.71973006432755, 63.27263739980903, 63.58346863518171, 63.60920069512616, 64.0698323861794, 64.2770727107361], "medianabsoluteerror": [1456.9549829372559, 1147.29736321875, 878.8739619882813, 690.6901856015625, 549.2625734140624, 446.52661091406253, 360.2169189453125, 294.91980015624995, 242.01416039062497, 202.67346185937504, 173.00305222656243, 149.86621058593755, 133.3021242578127, 120.97790521875004, 110.9804685703125, 106.88378876562501, 103.38452189843747, 102.34509260156256, 102.7988283046875, 99.69079631249997, 99.36743158593754, 94.44274872656251, 96.404418765625, 89.56347649999998, 86.40869182031247, 83.69909661718748, 79.21093755468746, 75.26257318750004, 72.18078572656259, 71.280029296875, 63.81750517968749, 67.76342750000003, 57.19274907812496, 55.80322235937501, 57.74426275781252, 57.87426763281246, 56.63415514843746, 52.78186028906248, 62.411133046874966, 58.72583019531248, 50.17919892187501, 54.60205037500009, 51.961303539062556, 54.058227304687534, 53.411254703124996, 54.23547333593751, 56.04565423437498, 57.970337148437466, 56.725097890624966, 57.507446109374996, 57.9078364999998, 57.93566865625007, 58.545776539062444, 58.710083242187466], "mape": [1.011741622534459, 0.7932691287469151, 0.6024318178291057, 0.4698702124557578, 0.3690618891305695, 0.29580577660474316, 0.23671730998822993, 0.1921714272365334, 0.157535481023041, 0.13060953440757384, 0.10994473480359185, 0.09481508940824981, 0.08431771781593893, 0.07725399022931964, 0.07170360971260556, 0.06905326700155734, 0.0670228183963576, 0.06653814284947605, 0.06672267904270375, 0.06512225036658162, 0.06460134245701471, 0.06204303230756705, 0.06291079460931331, 0.05901940558028245, 0.05703810279534348, 0.05565241269902344, 0.05298731014080334, 0.050524152506815204, 0.04867608678048042, 0.04830214409678518, 0.04446864686884133, 0.04615122291494876, 0.04127846151668336, 0.04066569235700089, 0.04150424450277957, 0.0415092933133166, 0.04100483173637201, 0.0394761166618705, 0.04331700787666733, 0.04184464954460425, 0.03834014179353498, 0.03998855260548565, 0.03891141377710037, 0.0397739772807011, 0.03961937479975296, 0.039895344261941135, 0.040651088324107534, 0.04153996590911733, 0.04098036752799356, 0.04127727506775835, 0.041463560486859806, 0.04146286015109935, 0.041719159276833125, 0.0418303564550354], "mse": [3120179.6007313966, 1912460.327047751, 1117253.726192587, 686973.2678370586, 429700.16409025685, 279923.86221056676, 181800.0303010357, 121023.1242362107, 82119.66968355737, 57114.351657466446, 40973.51333619888, 30766.354801426944, 24411.064949958298, 20498.438258333932, 17668.715777648664, 16362.577094850954, 15383.602305789736, 15202.457137833118, 15261.531815510825, 14534.637819442642, 14305.751313071622, 13185.537249843526, 13563.89534550981, 11938.755765029284, 11147.69793293224, 10591.47643740262, 9627.36447703453, 8731.210238480871, 8125.829558556845, 8018.235204316388, 6843.165780783885, 7309.806141333871, 5996.32848212543, 5866.927635615066, 6059.339964619482, 6061.452444465651, 5948.323635796977, 5591.893213165487, 6512.944417407603, 6153.269523132676, 5358.995256261215, 5684.284119815387, 5441.413374552025, 5648.739476851857, 5615.112290164664, 5682.7568277314285, 5852.596204332327, 6074.4306583917405, 5935.454534271854, 6003.1717843764445, 6048.249992468286, 6053.999860086291, 6113.537527192483, 6141.1645020327505], "recauc": [0.21629484429924475, 0.3430899978886777, 0.4904224200197797, 0.601434528638049, 0.6858922781167006, 0.7474352027795372, 0.7973296440755187, 0.8352792168105699, 0.8649741270423338, 0.8881526226696743, 0.9060548869701784, 0.9193123608657162, 0.928604875302345, 0.9349192845210447, 0.9398803435899146, 0.9422643153204209, 0.9441150189092983, 0.9445176073162872, 0.944383193874943, 0.9458177076966956, 0.9462780796598178, 0.9486025787763962, 0.9477797113044638, 0.951330584910343, 0.9531008360095269, 0.9544312801650536, 0.9568162001385324, 0.959099539583588, 0.9607980501753879, 0.9611300833787083, 0.9647080708070808, 0.9631712652746756, 0.9677013182799762, 0.96830582317491, 0.9675445025984081, 0.9674935049060461, 0.9680160460490493, 0.969465998451697, 0.965725980005408, 0.9671810292140325, 0.9705702866582955, 0.9689696821534006, 0.9700046300926389, 0.9691427661284647, 0.9693207394813556, 0.9690232578813437, 0.9682713901019732, 0.9674641686390861, 0.9679974071481222, 0.9677153344964126, 0.9675564149007493, 0.9675434950902497, 0.9673079456093758, 0.9672027795372129], "f1": [], "aucrecauc": 0.9330285057189958, "aucloss": 129994.03294032675, "convergence_rate": 0.9200443969403036}