{"bestEpoch": 61, "lastEpoch": 71, "mae": [0.5617892577741419, 0.5540729379738697, 0.5493113666022053, 0.47927714441086505, 0.4585685298454838, 0.4495064660515389, 0.4421701045490414, 0.43399433796996995, 0.43188037344163077, 0.42548139800898865, 0.4527177028957316, 0.41713072513428345, 0.3930625335955214, 0.38276780042671144, 0.37703131610410906, 0.3981731824263926, 0.369919575453079, 0.35889520605134695, 0.37140065118626336, 0.36301911260794156, 0.3635961826377054, 0.3681741037452849, 0.3632719728262902, 0.3531200547326472, 0.35540130136117265, 0.3541976095057857, 0.35774692168485417, 0.39310910255749615, 0.35446098440207696, 0.3657192517434714, 0.39019625851775164, 0.3686308773620919, 0.3411312620950272, 0.34074848246302575, 0.34040582227726657, 0.3388265707520422, 0.3415721254464173, 0.3391733132086072, 0.3389284761178989, 0.3379848932828192, 0.34529734396432926, 0.34534080523783595, 0.3624724464227584, 0.33819042798172305, 0.34247299655478136, 0.3395387310193105, 0.33567371716052563, 0.3390404756233379, 0.33670540007060945, 0.3381847011560138, 0.3353672193382794, 0.3436170361158112, 0.3380058806517083, 0.33726767109645356, 0.33748734653127627, 0.33620112861280144, 0.3383840191229134, 0.3369092417176925, 0.33673675376739676, 0.33690487674494446, 0.33637915847989847, 0.33641816595074586, 0.3364335569361509, 0.3366163123482193, 0.33651327131031294, 0.3365300091914779, 0.33649275402270323, 0.3364537135021908, 0.33642005648921297, 0.33648286730787713, 0.3365515961072658], "medianabsoluteerror": [0.45639729499816895, 0.4528998851776125, 0.4440361547470092, 0.3951882863044739, 0.38233492374420175, 0.37192252874374376, 0.3627341389656067, 0.3611154270172119, 0.35911056995391855, 0.34024384021759024, 0.38744834661483774, 0.3463857030868531, 0.31956067085266116, 0.29779657125473014, 0.3036732769012451, 0.3340182399749756, 0.2915195322036743, 0.2778929901123046, 0.30437066078186026, 0.270933723449707, 0.28748717308044425, 0.2988898038864136, 0.2744893789291383, 0.2749837493896484, 0.2825436949729919, 0.2638578557968141, 0.2869730377197266, 0.28328264236450207, 0.27639892101287855, 0.2910857558250427, 0.32746201753616333, 0.301257209777832, 0.2624398326873778, 0.2587569665908813, 0.2628646492958069, 0.25616372108459473, 0.26740211009979237, 0.25943952798843395, 0.25750240564346316, 0.26198489665985103, 0.2744613289833069, 0.27527067661285387, 0.2972585916519166, 0.2550741982460023, 0.2707551574707032, 0.26628954410552974, 0.25941741466522217, 0.2664339780807494, 0.2623783636093139, 0.26536343097686754, 0.2590902924537658, 0.27366145133972153, 0.264881591796875, 0.26407373905181886, 0.2645030498504639, 0.26203938722610476, 0.2660517072677613, 0.26336224079132076, 0.26305199861526496, 0.2633345246315002, 0.2624055743217468, 0.2625244188308715, 0.2625290989875795, 0.26282738924026494, 0.262697446346283, 0.26273480653762815, 0.2626725316047669, 0.26258836984634404, 0.2625516653060913, 0.26261517524719236, 0.2627577066421509], "mape": [0.32599226686274146, 0.3092102276141918, 0.3301716314529495, 0.26079726640397033, 0.2569994067876214, 0.2554609285164483, 0.2534301168005043, 0.23407122158897317, 0.2455984167210181, 0.22085204978859743, 0.2463508655283734, 0.22762645407234847, 0.219732693708851, 0.20731003813873705, 0.20899987370869613, 0.21316635133966114, 0.1992614716910254, 0.18614194364483275, 0.2033506629470573, 0.18088292196462144, 0.19534635683055268, 0.19961637188542655, 0.19226843305707267, 0.18586937057354583, 0.18898635986204637, 0.1770648828160831, 0.193663218449797, 0.18784704678474237, 0.18178204038757323, 0.19395073330151483, 0.21041589696036136, 0.20343935912238337, 0.17743726384347744, 0.17427893224897872, 0.17844410055446422, 0.17101045021203556, 0.18002557693740126, 0.1730773080836656, 0.17492246532666308, 0.17593373669107043, 0.185408523190491, 0.18377997313022748, 0.196136092474068, 0.1705922375299143, 0.180913535381778, 0.17823945697995464, 0.1748924160117456, 0.17850122504729382, 0.17661037943461416, 0.17900388569581493, 0.17485010470677112, 0.1829270149463624, 0.1765109676462469, 0.17713690365725915, 0.1773491333031548, 0.1759089683862863, 0.17811304040250256, 0.17682381017989046, 0.17664777096566742, 0.1767690487497325, 0.17623441510928609, 0.17625812157659787, 0.17628773890098273, 0.1764437040962271, 0.17634936298449025, 0.17636661712678833, 0.17633144769419698, 0.1762889092354062, 0.1762603163588899, 0.17632900038977647, 0.17639263173270342], "mse": [0.519403274556249, 0.5066542123898513, 0.4945990080181776, 0.3809399751350707, 0.3434400252601974, 0.3313223818534726, 0.32360671629216886, 0.3118708146838079, 0.30547048074730476, 0.3129766450009138, 0.32692901513672673, 0.28873982028842543, 0.26230368135099025, 0.261956958779004, 0.24478490454798948, 0.26149804223496953, 0.2400575524233722, 0.23453254895828832, 0.23261912927412734, 0.2473751922624103, 0.23386364637798848, 0.23162685808778627, 0.2433635607646452, 0.2257317314769404, 0.22384364187061154, 0.23843052935768852, 0.2232734083602071, 0.29951122003162967, 0.22812385669446952, 0.232658430354152, 0.2510451631712476, 0.23008088830300827, 0.21393483088592027, 0.21813078541724515, 0.2123305958453417, 0.21763181122100833, 0.21082759463147688, 0.21459179171334183, 0.21424897102142362, 0.2096874084526787, 0.21171536502403743, 0.21155488240945175, 0.22411188878830002, 0.2175558335215768, 0.2101764072882339, 0.20860637021424702, 0.20814324628634645, 0.207973981002634, 0.20745494181330576, 0.2079496616973358, 0.20754221935523642, 0.20979797117033633, 0.20768423822060503, 0.20700335762368657, 0.20712420704646647, 0.2069879013367626, 0.2073819921221831, 0.20700426153261486, 0.2069919054504432, 0.2070207469137594, 0.20696772541214334, 0.20697525484404702, 0.20697686583660732, 0.20699712199684547, 0.20698710350773758, 0.20698550643072583, 0.20698464760379517, 0.20697966741865945, 0.2069760793914078, 0.206980881022746, 0.20698526455799715], "recauc": [0.8693419625969211, 0.8711372069766004, 0.8722421938052395, 0.8885322023788154, 0.8933479747449121, 0.8954554329579878, 0.8971620435749649, 0.8990651009698486, 0.8995575641664034, 0.9010467279613384, 0.8947136930004306, 0.9029916100422725, 0.9085905872389621, 0.9109862032152942, 0.9123210252439766, 0.9074045561056465, 0.9139774453898274, 0.9165428226303618, 0.9136351280840432, 0.9155860739946234, 0.9154533835393629, 0.9143899416010866, 0.9155319949993388, 0.9178939130825463, 0.9173644431968948, 0.9176463188050822, 0.9168220412393492, 0.908599631316614, 0.9175891636469823, 0.9149722695553858, 0.9092809433543922, 0.9142973822201007, 0.9206933113302004, 0.920782724599449, 0.9208627212600452, 0.9212301147244137, 0.9205923919932156, 0.9211503263208353, 0.9212078365227053, 0.9214280267202677, 0.9197279467889987, 0.9197183913423346, 0.9157343630594672, 0.9213824141941132, 0.9203863781104913, 0.9210689301518851, 0.9219680127904275, 0.9211850813965293, 0.9217282209972512, 0.9213843017551724, 0.9220397634269807, 0.9201212738161613, 0.9214260745094475, 0.921597949608873, 0.9215468815967265, 0.921845994844917, 0.9213384232111483, 0.921681388074376, 0.9217216320207748, 0.9216823705387791, 0.9218046158182857, 0.9217957619805047, 0.9217918395417177, 0.9217495109054799, 0.9217734800693838, 0.9217696339385115, 0.9217782069207726, 0.9217872992207872, 0.9217950752092717, 0.9217805555088169, 0.9217645976161347], "f1": [], "aucrecauc": 0.9915089823104031, "aucloss": 0.2443914332930783, "convergence_rate": 0.8515553896357002}