{"bestEpoch": 56, "lastEpoch": 66, "mae": [0.9696857791076264, 0.784516962062012, 0.7719847760616709, 0.7521125114031776, 0.8438980794987107, 0.7516188460753385, 0.891641382963694, 0.7871346545249766, 0.7685902712618928, 0.7797138372894135, 0.785313875534725, 0.7415409298284557, 0.7599048331483822, 0.8034025226461653, 0.7649873259911378, 0.7649392327588689, 0.7393745624300673, 0.743181277893822, 0.748012609962142, 0.7491065135140517, 0.8046151864574864, 0.7607724310254828, 0.7555544858203674, 0.7607779721828637, 0.7379775094614592, 0.7325365598527096, 0.7585674400432358, 0.7314082071877598, 0.8113147063271514, 0.7303614026978636, 0.729154899728307, 0.8396893576461852, 0.7651136196772513, 0.7910268595660636, 0.7338376618618758, 0.745375132768025, 0.7380040670477389, 0.7480517933223987, 0.724920653190562, 0.7443375887516273, 0.7366441179719054, 0.7346134966595302, 0.7376389135427388, 0.7302656204229396, 0.7345494926576214, 0.7373193911354998, 0.7313512179488727, 0.7375379895739121, 0.7293853312132841, 0.7332522428680587, 0.7388260012348061, 0.7389384274550471, 0.7349702425206713, 0.735512443044615, 0.7348513747469201, 0.734333960420379, 0.7360685593387846, 0.7346894632563, 0.7354493525119015, 0.7357504384479284, 0.7352666879047135, 0.735316506216902, 0.735037419029593, 0.7350447156544567, 0.7349477237126825, 0.7353614171521572], "medianabsoluteerror": [0.9337234020233156, 0.6820260405540466, 0.6556955289840698, 0.5904094672203064, 0.7887808084487915, 0.5697755336761474, 0.8602223277091979, 0.7043932795524597, 0.6718122839927673, 0.6933169364929199, 0.7025547266006469, 0.6080506038665772, 0.6561060905456544, 0.7327561330795288, 0.667765052318573, 0.6693224239349365, 0.6130423974990844, 0.623110032081604, 0.6336609387397765, 0.6384409427642823, 0.7369881868362427, 0.6656467342376708, 0.6554655718803406, 0.667947998046875, 0.6185333585739136, 0.6029768061637879, 0.6656866335868835, 0.6080623269081115, 0.7511496543884277, 0.6116801071166993, 0.5641327261924745, 0.7923060894012451, 0.682935883998871, 0.7232835483551026, 0.6276458430290222, 0.6501014566421509, 0.6358855557441712, 0.6554757332801819, 0.6068470883369446, 0.6485384368896484, 0.6339398288726806, 0.6297056078910828, 0.6360935473442078, 0.6209317779541016, 0.6299603867530823, 0.6356178450584411, 0.6233760523796081, 0.636060917377472, 0.6193388986587525, 0.6273907542228698, 0.6388211488723754, 0.6391752123832704, 0.6312064647674561, 0.6322020435333251, 0.6308634424209595, 0.6298860692977903, 0.6334954762458801, 0.6305551671981812, 0.6320995926856995, 0.6327845096588136, 0.6318626737594604, 0.631948344707489, 0.6314200711250305, 0.6314447164535522, 0.6312925314903259, 0.6320226502418518], "mape": [1.67074738610978, 1.2145757125854528, 1.1584421116930967, 0.980644003243307, 1.4214671671889771, 0.910442590981359, 1.5464799648880279, 1.2699055930065313, 1.2013824554355603, 1.2465042020897774, 1.2668355548796761, 1.0435244123320029, 1.169325507276424, 1.328639352952441, 1.1959220339657697, 1.199287979750002, 1.0601930880843635, 1.0919858087449097, 1.120600536975955, 1.1329745146071195, 1.3404123107765522, 1.1937037331300104, 1.1730473466314437, 1.1994365955996673, 1.0812835596514432, 1.034517321529878, 1.1966348046187798, 1.0554524444471591, 1.372701973935758, 1.0672755821960207, 0.9094977016405207, 1.4500677041879568, 1.2408589748864567, 1.3258235933602174, 1.1150193518938398, 1.1707349149680921, 1.1368406916807832, 1.1829916450618179, 1.05795507557239, 1.1676638398044126, 1.1319887077004587, 1.1217509140344484, 1.1374406935279935, 1.0971616523160115, 1.1221877123164914, 1.1363625738601975, 1.1044138776178887, 1.1376749223144365, 1.093190790006598, 1.115793863365914, 1.1444004407815094, 1.1449554742203834, 1.125673824120331, 1.1285136185133395, 1.1251096709577395, 1.122504824768909, 1.1315272679450579, 1.1244451183259452, 1.1284420158420925, 1.1300083296982695, 1.1275708367898993, 1.127839720935095, 1.1264048349425542, 1.1264688749278526, 1.1259853975675551, 1.1281353516484114], "mse": [1.307588557796833, 0.9703200568718005, 0.9611828171837319, 0.9938090379714022, 1.0279551503661344, 1.021272705216397, 1.1071000273221336, 0.9371586614971171, 0.9185431088263858, 0.927248152831123, 0.9329211129662297, 0.9210410615158829, 0.9090037398583104, 0.9537990207374921, 0.9095012274282703, 0.9075257119989302, 0.9043728552791983, 0.8990713943753159, 0.8982513515487552, 0.8946416107565417, 0.9511559523990675, 0.8971983577791405, 0.8923528644142713, 0.893968847198931, 0.8875940205875836, 0.8950175716987452, 0.8887415604818746, 0.8805295223735028, 0.9547041981370398, 0.8707371066301393, 0.9394913307986235, 1.0015690440427587, 0.8851015539974056, 0.9189964540056316, 0.8563149628904921, 0.8622089039831047, 0.8577225801068462, 0.8639402175411401, 0.8584590254904938, 0.860762027396371, 0.8561077152699877, 0.8552532376137816, 0.8562749882897165, 0.8547349760989629, 0.8548228577937835, 0.8558615827606245, 0.8542962092710682, 0.855850819210401, 0.8540995071585615, 0.8541978436235428, 0.8562460650911242, 0.856296130921802, 0.8542986927746377, 0.8544691157628035, 0.8542301704729061, 0.854008705600318, 0.854590489523022, 0.8540780663859651, 0.8543103834468952, 0.854410871290606, 0.8542102670248606, 0.8542215251273104, 0.8541200897995056, 0.8541083183003177, 0.8540644893479693, 0.8542041428261118], "recauc": [0.774479991833897, 0.8175572964762267, 0.8204722549962283, 0.825102253936065, 0.8037325313940565, 0.8252192930197106, 0.7926246483524478, 0.8169368475746441, 0.8212519286634645, 0.8186630044524745, 0.8173598312242941, 0.8275484859224621, 0.8232722681775497, 0.8131504469429279, 0.8220887285193316, 0.8220995335485121, 0.8280497926267243, 0.8271631593146522, 0.8260383365872669, 0.8257831468415535, 0.8128667873054023, 0.823067379031263, 0.8242813123972587, 0.8230653547439688, 0.828371880447771, 0.8296390542495129, 0.8235788847061414, 0.8298994966104702, 0.8113064947004824, 0.8301416302523356, 0.8304289268873654, 0.8047061118190431, 0.8220534104241894, 0.8160252198387955, 0.8293300435311449, 0.8266453491446338, 0.8283604803440302, 0.826022358092282, 0.8314054494100838, 0.8268866502636206, 0.8286768009169478, 0.8291492998097504, 0.8284452774997242, 0.8301612260382294, 0.8291642257787212, 0.8285196934795621, 0.8299083723316835, 0.8284686714895307, 0.8303660260202497, 0.8294659686402014, 0.8281689286859248, 0.8281428190627004, 0.8290661011496728, 0.8289399873405092, 0.8290938066840421, 0.8292140253137379, 0.8288105673461924, 0.8291316252553506, 0.8289546529239773, 0.8288844793540897, 0.8289970886536021, 0.8289855903399445, 0.8290506182270959, 0.8290489383206278, 0.8290712784921845, 0.8289752046412632], "f1": [], "aucrecauc": 0.9914594205081249, "aucloss": 0.8978668365350194, "convergence_rate": 0.8752578194322932}