{"bestEpoch": 19, "lastEpoch": 29, "mae": [4.717378336356917, 3.7478231773972306, 2.5663352367949983, 1.609138949667102, 1.198662812879435, 1.135644140089659, 1.1321475120690365, 1.0638930986642101, 1.1059311554270679, 1.2306776026598252, 1.0498163971015362, 0.9735268069795019, 0.9411362219298782, 0.9226035650268356, 0.9076501838619915, 0.8958665720589006, 0.8909025320759599, 0.8781090604452755, 0.8748682091582325, 0.8947251141992092, 0.9051350118202972, 0.8498287617525938, 0.8525500215699982, 0.8449146001149893, 0.8387046133657522, 0.8365941654150322, 0.8347887434666401, 0.8344231837809883, 0.8341439461896316], "medianabsoluteerror": [4.5615644454956055, 3.5872122049331665, 2.3408212661743164, 1.216294527053833, 0.9443202018737793, 1.0066885948181152, 0.9807572364807129, 0.944767951965332, 0.9265327453613281, 0.888911247253418, 0.8868265151977539, 0.8564138412475586, 0.8351316452026367, 0.8149232864379883, 0.8027877807617188, 0.7887115478515625, 0.776832103729248, 0.7720470428466797, 0.763155460357666, 0.7508330345153809, 0.7428417205810547, 0.7375655174255371, 0.7239923477172852, 0.729832649230957, 0.7294001579284668, 0.7264399528503418, 0.727055549621582, 0.7278919219970703, 0.7279257774353027], "mape": [0.9009597157096224, 0.7038382638703252, 0.4649664519228959, 0.2826841011012455, 0.22421314966731068, 0.22252157324468444, 0.22204743508127478, 0.20848035748436763, 0.22010396327132592, 0.24052358572968768, 0.21133180341375812, 0.19473539471107373, 0.18902435830488018, 0.18284934639848868, 0.18277440029418585, 0.18169602442449725, 0.18363114751595383, 0.17986023566196302, 0.18142602694718876, 0.18546955458869768, 0.18689440749905348, 0.17601918047932336, 0.1757368059427693, 0.1748065590701355, 0.17356238136937185, 0.17321267588096378, 0.17303035338573333, 0.17303437976244232, 0.17297069704865703], "mse": [24.531376419428693, 15.535574558104784, 8.200502847219333, 7.55543388626822, 2.7198913880702795, 2.087393261210683, 2.5089119089248193, 1.7502158608467735, 5.527231475229153, 27.319454587651702, 4.897764380828111, 1.5151014734734118, 1.352278391278552, 1.288254539032627, 1.2373359316059964, 1.2038234683918636, 1.209516191248274, 1.1582520160648715, 1.1600911769256257, 1.7483711670693758, 3.244978729791664, 1.1204783006028907, 1.2773331167825555, 1.1485177608281583, 1.0782937234325816, 1.0675100461785634, 1.0607091169474225, 1.0598059770312416, 1.059141382539409], "recauc": [0.07285126040925413, 0.1977512032013363, 0.41487236605569244, 0.6445093702641804, 0.7274418996997537, 0.738605322942181, 0.7433103935178962, 0.7531388394589545, 0.7590065735032137, 0.7631205791365268, 0.7707149534040256, 0.7751909931810209, 0.7815792736156554, 0.7855571688305116, 0.7889946220849343, 0.7917603981476076, 0.7932478967086547, 0.7958756225777058, 0.7967029281026284, 0.7976323722313873, 0.8006056527382914, 0.8028842190775891, 0.8039925516753529, 0.8046516460777557, 0.8051422546992084, 0.8055274288156589, 0.805944720802324, 0.8060305172295467, 0.806096572582078], "f1": [], "aucrecauc": 0.9079586376636654, "aucloss": 4.0652958636436995, "convergence_rate": 0.9058578579711192}