{"bestEpoch": 35, "lastEpoch": 45, "mae": [0.5094848804183206, 0.46052477197417907, 0.44298251481400186, 0.4345011527393093, 0.4274623585821712, 0.4344947850386882, 0.4128534719928018, 0.4165741957536719, 0.40680340133450943, 0.40673271401907835, 0.4130299325966778, 0.3999745482252428, 0.3970668592211729, 0.3901591003508037, 0.42314649004595883, 0.39485041716320113, 0.45775485554129136, 0.3868428702352552, 0.3924461352284549, 0.4042129524482561, 0.38907875055733004, 0.4119954270036757, 0.3785219532505587, 0.3781296935570418, 0.37939966863755936, 0.3906630238750523, 0.3858908467554549, 0.3866460388252255, 0.37339111381687196, 0.37358499441840376, 0.37473927137801416, 0.37154200479832783, 0.3780389376153623, 0.3738313622002011, 0.37229973248005055, 0.3718896810907681, 0.3723137224600042, 0.37222103922686134, 0.37267577743066277, 0.3726850252586605, 0.3728090052608251, 0.372796497968581, 0.37297429001877963, 0.37293883028069086, 0.3728679966739596], "medianabsoluteerror": [0.4113483572006227, 0.37566859722137447, 0.3578841185569763, 0.32905778408050534, 0.3224527835845947, 0.3262520670890807, 0.32109688520431523, 0.3146778106689453, 0.31590259075164795, 0.3213314008712769, 0.33456048250198367, 0.3176594376564026, 0.3166532278060914, 0.30104855537414554, 0.3538813829421996, 0.3169979000091552, 0.39463562965393073, 0.29279456138610827, 0.3178412199020386, 0.3348205089569092, 0.313080620765686, 0.34485342502593996, 0.29588208198547367, 0.29989123344421387, 0.3014141774177552, 0.28976081609725957, 0.31147882938384996, 0.3145241379737854, 0.2951558232307434, 0.29567249059677114, 0.29737172126770006, 0.28796131610870374, 0.30287780761718763, 0.2953532934188843, 0.2923351407051086, 0.29100987911224374, 0.2918396878242492, 0.29139958620071416, 0.29261189699172985, 0.2926797485351563, 0.2928431868553161, 0.29285943508148193, 0.2933717966079712, 0.2932577252388, 0.29309465885162356], "mape": [0.26271259068647695, 0.24969850079800024, 0.24008896588758077, 0.2167819658089041, 0.21371751172949147, 0.21342680963760058, 0.21467814757585382, 0.207740158765415, 0.20831108864894374, 0.21775715295078907, 0.22427450408443186, 0.21355334143583363, 0.21274791685633238, 0.20097529778121861, 0.23996466523492216, 0.20924880846416208, 0.2547683029289414, 0.19201883140885712, 0.21127613479654594, 0.22045225355544287, 0.2113418790337152, 0.22393832236441785, 0.19245050931688992, 0.20095242265749594, 0.20065826134953094, 0.1903334019936393, 0.20382089098431838, 0.20999044307298573, 0.1952770649245078, 0.1962206707664566, 0.1972960738696629, 0.19098311546494373, 0.20015159184368697, 0.19534202607447199, 0.19359030827103413, 0.19256378752178346, 0.19329623516976913, 0.19300745507553968, 0.19375609339314012, 0.1938313231933064, 0.1939817558971194, 0.19397571710673933, 0.1942429499751756, 0.19418418511752392, 0.1940700022740222], "mse": [0.44076363270281627, 0.3586873241163059, 0.33546920190617535, 0.3487550826448591, 0.3398049514188413, 0.3493078534491442, 0.30799903979505644, 0.321021689370213, 0.2985736677254098, 0.2918262667882726, 0.2913690086857877, 0.28182499998525584, 0.2765022049181327, 0.27858045313944796, 0.2917077306125541, 0.2720161736296552, 0.3283128262539794, 0.2771207998236074, 0.26398487273090215, 0.27144970954030956, 0.26227939765849356, 0.27838338319551176, 0.25819367014233935, 0.25116813090342704, 0.25350747896040143, 0.28901767880317625, 0.25673332404961563, 0.2562064940913975, 0.24734624545870876, 0.24806351301073415, 0.24765060363615515, 0.25046406937274834, 0.2492648333696976, 0.24793099549517073, 0.24782536944837558, 0.2484362473403496, 0.24834258587683353, 0.24849236741485517, 0.24824515799690994, 0.2482162314896009, 0.2482344933594254, 0.2482321761766529, 0.24823016671933698, 0.24823263649687508, 0.24824677671604087], "recauc": [0.8815070456221155, 0.8928928324776864, 0.8969727188691061, 0.8989464569999877, 0.9005837037224133, 0.8989478570382579, 0.9039798961032977, 0.9031149040256914, 0.905386981727294, 0.9054031574154829, 0.9039376999460789, 0.9069748132458112, 0.9076500747018452, 0.9092571236268215, 0.9015842138874562, 0.9081651695541305, 0.8935356991042244, 0.9100284546279223, 0.9087260592237003, 0.9059906610600867, 0.9095107843835123, 0.9041816907942329, 0.9119670693914375, 0.912059132770977, 0.9117644316040269, 0.9091449165475235, 0.9102558283677971, 0.9100810546274416, 0.913164060778932, 0.9131189945962507, 0.9128506186000738, 0.9135943420334997, 0.9120837675094711, 0.9130621695758657, 0.9134184406317364, 0.91351367078974, 0.9134151996650218, 0.9134366803430375, 0.9133310617102998, 0.913328957943482, 0.9133001156713527, 0.9133029104487321, 0.9132615557982401, 0.9132699295320571, 0.9132864003835], "f1": [], "aucrecauc": 0.9938241322419632, "aucloss": 0.2774435525388666, "convergence_rate": 0.8242358001628949}