{"bestEpoch": 24, "lastEpoch": 34, "mae": [0.4596384257126525, 0.43762451609326575, 0.41489420301477686, 0.4092980473065985, 0.4062131445695446, 0.40058409027335556, 0.4413878276017878, 0.39268077076408336, 0.394020618044889, 0.3966212795864228, 0.3883727806454645, 0.38169673323192216, 0.38102231089943434, 0.3954031795365304, 0.3749581110951527, 0.3734080286431125, 0.3759125192696222, 0.37076297981023015, 0.38958898756164523, 0.3741232853126223, 0.3727992329275867, 0.36570747728365305, 0.37244343926578444, 0.36769672763710615, 0.3730164106081771, 0.36835276264610645, 0.36607098347208067, 0.3687652905726756, 0.36888300958700654, 0.3688677765775693, 0.36970660078153816, 0.3696802354001375, 0.3690529138917027, 0.36855145561346325], "medianabsoluteerror": [0.3539262771606444, 0.36863660097122186, 0.326674771308899, 0.3239244723320007, 0.3221460700035095, 0.3145505475997925, 0.37499308586120605, 0.30014910697937003, 0.31195000410079954, 0.3148866176605225, 0.29424524307250977, 0.29143902063369753, 0.296874463558197, 0.3218961715698242, 0.2896618366241456, 0.282198872566223, 0.29891349554061897, 0.2816053867340087, 0.30628391265869137, 0.28657929420471184, 0.27523980140686044, 0.28058843612670903, 0.29160380840301525, 0.28296328783035285, 0.28624387741088864, 0.2795527815818787, 0.27832373619079587, 0.2803475141525269, 0.2815052032470703, 0.281960186958313, 0.2819192957878113, 0.2843473911285399, 0.2822354078292848, 0.28085724115371713], "mape": [0.23249092662268642, 0.24334347233797515, 0.2149746796461203, 0.22114694550574057, 0.21486391349700415, 0.21087149160039775, 0.24887965424422262, 0.2012738168405507, 0.21099210294717388, 0.2066739367838327, 0.19559014770217892, 0.19322197027592278, 0.1973411992011777, 0.21261902209508235, 0.1949156360702057, 0.18792603020748522, 0.1992768549449053, 0.19039580970961648, 0.20572167959859997, 0.18939386141033562, 0.18219296677480157, 0.18836702512993347, 0.19539809844104825, 0.19005526598463765, 0.19175544172905265, 0.18679364978617347, 0.18713711502567837, 0.1866657731954566, 0.18894873609138985, 0.18939499279074268, 0.18931706026110587, 0.19009688581261477, 0.18917042103927595, 0.18884297137518566], "mse": [0.38413023644105143, 0.31550434472465716, 0.3068425152657863, 0.29710912808850926, 0.2930094130306484, 0.2872187466130757, 0.31487504954606554, 0.2844686189166559, 0.2761574852611067, 0.27859366730359003, 0.2804771842401208, 0.27009908957096984, 0.2647273252811336, 0.2665334834847397, 0.25414380352297294, 0.26173740033728077, 0.25025950454173146, 0.2551165886158013, 0.2672730566367724, 0.25720598235618153, 0.26720561900334305, 0.24565711625742154, 0.24889766379473433, 0.24568296439876322, 0.25440884895249466, 0.251317900996762, 0.24897216663599642, 0.2526892711174063, 0.25018885472867153, 0.25031807513125165, 0.2515890335656346, 0.2503911978821376, 0.2506701740176692, 0.2500351399141683], "recauc": [0.8930994361570022, 0.8982167175218645, 0.9035038910401998, 0.9048057098957321, 0.9055225676439883, 0.9068316998712715, 0.8973452890836113, 0.9086745784069314, 0.9083622713083058, 0.9077612754705168, 0.9096760943526847, 0.9112260050768758, 0.9113890803899601, 0.908041367911112, 0.9127964489891404, 0.9131540739805827, 0.9125730904233657, 0.9137723975441078, 0.9093923025679702, 0.9129895652445156, 0.9132985720258263, 0.914945996316388, 0.9133814667974363, 0.9144843042864754, 0.9132461490182759, 0.9143311028996165, 0.9148639091368762, 0.9142359527589399, 0.9142083801657264, 0.9142128770335386, 0.9140174514039086, 0.914023058445898, 0.9141705203117488, 0.9142858316394142], "f1": [], "aucrecauc": 0.9950296428216628, "aucloss": 0.26867951399993023, "convergence_rate": 0.7917991967220371}