{"bestEpoch": 30, "lastEpoch": 40, "mae": [0.7536226331118213, 0.679616435511499, 0.6215254272018736, 0.5949065700458614, 0.5965967385090277, 0.6173498007546826, 0.599673150951898, 0.5545155297646724, 0.5381695231957294, 0.5674632036791677, 0.5265906070425221, 0.5131644449294958, 0.5027469804691994, 0.5265207336658312, 0.4834412010202408, 0.4769671215064174, 0.4696868890603101, 0.4780673864035103, 0.46984058395555617, 0.45644780471295315, 0.460136073400633, 0.44569049994247484, 0.46089638189494286, 0.4615673678266631, 0.4747538165905424, 0.4473010195625406, 0.4371822988444605, 0.4346595496154638, 0.4348310751162441, 0.43381670251780663, 0.4382019001104406, 0.43426856289031496, 0.43755069418620385, 0.4390401761242019, 0.4332482236297112, 0.4343044560625265, 0.43662777809072995, 0.4340443555141565, 0.4330313045012369, 0.43400299532365477], "medianabsoluteerror": [0.6693478298187256, 0.5764815235137939, 0.5014228582382202, 0.4867054486274719, 0.5005945348739624, 0.5230694031715393, 0.5017223596572876, 0.44792732834815985, 0.42619416356086737, 0.47792788982391354, 0.4141024482250213, 0.42100716352462775, 0.38833338499069225, 0.445805869102478, 0.3872551965713502, 0.38443367958068847, 0.3777111864089966, 0.38387428760528564, 0.3674139177799225, 0.3600294995307921, 0.359113734960556, 0.341555927991867, 0.3694631695747375, 0.3701997280120849, 0.38539350390434257, 0.34772258520126337, 0.34335704326629635, 0.33757499098777777, 0.33596855163574213, 0.3359489870071411, 0.34218352794647205, 0.33532523393630975, 0.340864839553833, 0.34364447116851804, 0.3341132187843323, 0.3356510162353516, 0.3390486240386962, 0.33459609746932995, 0.33350292444229135, 0.3353177356719971], "mape": [1.215913503680035, 1.038729409047135, 0.8632459746810999, 0.863443445010933, 0.9206798801785547, 0.979152977053565, 0.9294486442486962, 0.7828210623145542, 0.7365734943598924, 0.911888240817233, 0.7077334928345504, 0.7690762573769178, 0.6300323562823649, 0.8570191219543315, 0.686432241962182, 0.7185198416188199, 0.6883585265009075, 0.7078104820900293, 0.6418960000381592, 0.634277137677751, 0.6286496499175273, 0.5689593005093501, 0.690154286243427, 0.6710832910176371, 0.7306369344436947, 0.611464765225695, 0.6329113051922223, 0.6077254339724507, 0.592335804234751, 0.6122598465873901, 0.6275116069569846, 0.6075080660488648, 0.6171932855532183, 0.6305177906649053, 0.5992343751851508, 0.6093676784997597, 0.6270399138640249, 0.602050841827277, 0.5992630616508205, 0.6096940915340872], "mse": [0.8651543496215628, 0.7450187066957406, 0.6580327928616975, 0.5925634890430189, 0.5805841009629149, 0.608338374052341, 0.5851914254385175, 0.5236679860112087, 0.5005880008629412, 0.5179480121468722, 0.4811404337165296, 0.4401563996372508, 0.4466224999188275, 0.44248599648736875, 0.40025320841244283, 0.3840026973045794, 0.37498210931208437, 0.3872712960049252, 0.3860181552002622, 0.3604206046552123, 0.37080017209933763, 0.35118654010126893, 0.35935666356960505, 0.360140635883003, 0.37543387627691854, 0.34937520595821897, 0.329442386583737, 0.3294079708065343, 0.3318961844251844, 0.32856335308190393, 0.33252503067036016, 0.32990961474188824, 0.33245768044994245, 0.33284404359211994, 0.32916603674291356, 0.3297074744292841, 0.330961285038327, 0.33033917028311416, 0.32903563067277236, 0.32913124717452685], "recauc": [0.8247257965882901, 0.8419362739188913, 0.8554462852639846, 0.8616363923420884, 0.8612432732296784, 0.8564159330925405, 0.8605273991795184, 0.8710299027266828, 0.8748316706258769, 0.8680185101450463, 0.8775246970254117, 0.8806475281409758, 0.8830702937723642, 0.8775409953487434, 0.887560619796426, 0.8890663638999667, 0.8907595959032545, 0.888810502514725, 0.8907242080273822, 0.8938387145602781, 0.8929816353258082, 0.8963405882794939, 0.8928040908570589, 0.8926480963577086, 0.8895811234244508, 0.8959660156575527, 0.8983196266469384, 0.8989061343305651, 0.8988663457458638, 0.8991022272281368, 0.8980823333971143, 0.8989972188592756, 0.8982339268645767, 0.8978873479455759, 0.899234598042777, 0.8989888813542499, 0.8984485594683795, 0.8990494419824316, 0.8992849189949165, 0.8990588927485514], "f1": [], "aucrecauc": 0.9841507341109144, "aucloss": 0.422435334423826, "convergence_rate": 0.808844078140241}