{"bestEpoch": 46, "lastEpoch": 56, "mae": [0.742348675074452, 0.7326872802520089, 0.7264763179053175, 0.7155208815229439, 0.6795343501462591, 0.7444979921909618, 0.6352922769504576, 0.7195011761214907, 0.6842273139030929, 0.6652009653552552, 0.5924477315456953, 0.5633377159989391, 0.5812332080792207, 0.5500243964830345, 0.6302624741000628, 0.6009727429023082, 0.5578934833651829, 0.530462990102899, 0.5501285752261692, 0.5695391564015209, 0.5644973271817878, 0.5213561836959945, 0.5496177743930429, 0.5278414952438613, 0.5541895974811385, 0.5362111606523258, 0.584794733995002, 0.5239375547879613, 0.5250058873036259, 0.5288937735109172, 0.5360168348009337, 0.6556100178231231, 0.5116417236135974, 0.5123086083469927, 0.5110457333775542, 0.5060842819337239, 0.5084002618212334, 0.5095600351434674, 0.5073149620664378, 0.5097248485740317, 0.5037123086358529, 0.5071082207006287, 0.5049728858508653, 0.5057441736843445, 0.5047513064020529, 0.5041243261313547, 0.5060310860052047, 0.5045719128950703, 0.5037546661918632, 0.5062960879587296, 0.5053256697967742, 0.5045976186704083, 0.5039590607986026, 0.5037816065304417, 0.5039748713466874, 0.5041723942548773], "medianabsoluteerror": [0.5705852150917053, 0.5365480136871339, 0.5453306925296784, 0.5831648659706116, 0.5558432960510253, 0.6845835566520692, 0.5095932030677796, 0.6120506238937378, 0.5804422616958618, 0.5825186896324157, 0.5052861976623535, 0.4517091369628906, 0.47972722291946407, 0.43781983852386475, 0.5312611126899719, 0.4854992341995239, 0.4505303382873535, 0.409477515220642, 0.43383935093879694, 0.45831038713455197, 0.4651602435112, 0.3921976685523987, 0.43430809140205384, 0.41667422056198117, 0.4421843791007995, 0.42530104637146016, 0.486359314918518, 0.4105105113983154, 0.4028857946395873, 0.4189713501930237, 0.42738401889801014, 0.5538952994346619, 0.39617283821105953, 0.3946190404891968, 0.3927448678016663, 0.3842090320587158, 0.39012255430221565, 0.39409977197647095, 0.38949483513832095, 0.3957695841789246, 0.381169421672821, 0.3864476346969603, 0.38709560632705686, 0.387923721075058, 0.38623851656913755, 0.3850491285324097, 0.38847880482673647, 0.38511866331100464, 0.38403566598892214, 0.3890889763832093, 0.3869993698596954, 0.38536541938781743, 0.38387234210968024, 0.3839947915077209, 0.38409404754638665, 0.38441793203353886], "mape": [0.9265421705953372, 0.829922038931665, 0.8572827581051367, 1.0009475311690768, 0.9630514444611182, 1.2711490798582872, 0.8589523473056322, 1.0637185473228805, 0.996231862658661, 1.0803656983116117, 0.9361774245350963, 0.78232911258854, 0.8655872938299731, 0.7613333901336606, 0.9819360236284491, 0.90895462731744, 0.8354176125476898, 0.7164361253703047, 0.7242238969883432, 0.816789460110448, 0.8459978625921893, 0.6544546364577983, 0.7507456682546944, 0.7379911498536315, 0.8183842824895008, 0.7861710964636438, 0.8972771296471277, 0.7249987322105933, 0.6626403268796408, 0.7552303545651184, 0.7845556962918234, 1.0119079483776898, 0.7111055712422769, 0.7176222850113838, 0.7123981511728349, 0.6596930624029634, 0.6975793005450941, 0.7081625220892349, 0.6889513664589513, 0.701321229338396, 0.6659960747595444, 0.6665696736956189, 0.6876567957748279, 0.6964273413946535, 0.6914821213244485, 0.6873703106328926, 0.6965077703106058, 0.6897140275087128, 0.6866921015962328, 0.7029484693868173, 0.6972170093550335, 0.6925596610745748, 0.6874239252912926, 0.6862702736049507, 0.6878925614910845, 0.6891057478917104], "mse": [0.9889211033089612, 1.007626054140132, 0.9660738069730398, 0.8617394816954136, 0.7793277456276866, 0.8088209229159192, 0.6962586083170591, 0.8219992023745148, 0.7496708127433593, 0.6747892605880284, 0.5579693632006013, 0.539940449484613, 0.5543686481675674, 0.5188152148441803, 0.6334829100714313, 0.6029131198396637, 0.5217229694314607, 0.4980371517921372, 0.5249786745407296, 0.5475316002342885, 0.5263075729392691, 0.4940705923174204, 0.5224729983374644, 0.4822554539488692, 0.5191992039633495, 0.49225837482795626, 0.5548137427103694, 0.4774355490593019, 0.49282705930728365, 0.47918127821740353, 0.4897779894284853, 0.6836041270227946, 0.4600800981729408, 0.46234067518800304, 0.4624303987619086, 0.4606351029714611, 0.4597343210829949, 0.4567956838410426, 0.45751759134131714, 0.4568500993206043, 0.45690942648873945, 0.46027908297228726, 0.45347958188038556, 0.45379569536383174, 0.453332619809267, 0.45285990668464854, 0.4542008149165493, 0.45397439968844466, 0.45316895819953273, 0.4536525465540036, 0.4533364026425467, 0.45333509834016816, 0.45320803820996164, 0.4530528484776003, 0.4530380794147891, 0.4531192649476635], "recauc": [0.827377463044458, 0.8296287644993358, 0.8310685871347074, 0.8336020195122247, 0.8419691574418899, 0.826846274680832, 0.8522548680901453, 0.8326647984013319, 0.8408668732442482, 0.8452867523905622, 0.8622091344844433, 0.8689792660994422, 0.8648164349338427, 0.8720759746694244, 0.8534149963133743, 0.8602279461597782, 0.8702452933650194, 0.8766255952536967, 0.8720513963455576, 0.8675367801662003, 0.8687096827858849, 0.8787437631517857, 0.8721701931928749, 0.8772345962388158, 0.8711067894612649, 0.8752876379467958, 0.8639893200618242, 0.8781439063498561, 0.8778956084204289, 0.8769896949510438, 0.8753338463586774, 0.8475204997920232, 0.8810023482934393, 0.8808472192689789, 0.8811407512645364, 0.8822950705650334, 0.8817562709328703, 0.8814864204495728, 0.882008836470845, 0.8814483492461762, 0.8828466303790587, 0.8820572610670291, 0.8825535416203617, 0.8823740733356475, 0.8826049377126413, 0.8827506876900655, 0.8823073300055446, 0.8826465153977313, 0.8828365076503515, 0.8822455291541067, 0.8824713454121633, 0.8826405184546985, 0.8827891275037082, 0.882830382452921, 0.8827854352631264, 0.8827395285882911], "f1": [], "aucrecauc": 0.984651207543285, "aucloss": 0.550714501700239, "convergence_rate": 0.7579829544779197}