{"bestEpoch": 38, "lastEpoch": 48, "mae": [0.5215604606462106, 0.5090638156858786, 0.48261360527926445, 0.46122800254183377, 0.4590425226150654, 0.4377153836449028, 0.4239046337102804, 0.41147527396372, 0.4285575463687518, 0.44490984122122107, 0.37781004295126497, 0.37281067388556155, 0.3705359242685137, 0.37113604224755353, 0.3753841133654588, 0.3666356402985468, 0.3650301393265991, 0.3633696598324054, 0.361081537413016, 0.3691660448566074, 0.3581362330459296, 0.3589240506961507, 0.35981077326150274, 0.36146277387732295, 0.3611803483684735, 0.3543905380293548, 0.35019015717498225, 0.35344178906593626, 0.35443672068209897, 0.35273299837619876, 0.35502248967671945, 0.3497750516859396, 0.35119361751397943, 0.35120349727542877, 0.34929764029335575, 0.3494861580193595, 0.3507987645087355, 0.3519863781141654, 0.3487967261325196, 0.3519930969674359, 0.35018346598579675, 0.3527288890318735, 0.3485688339014705, 0.34895552043607053, 0.3493695251728062, 0.3499598147080929, 0.351260922595966, 0.3512952215598696], "medianabsoluteerror": [0.4006056785583496, 0.3748445510864258, 0.3712782859802246, 0.3697991371154785, 0.35526514053344727, 0.3406691551208496, 0.32552242279052734, 0.31830644607543945, 0.3228931427001953, 0.3428339958190918, 0.2953462600708008, 0.2870063781738281, 0.2906303405761719, 0.2971000671386719, 0.2923703193664551, 0.28167724609375, 0.2841634750366211, 0.28711700439453125, 0.2824101448059082, 0.28919267654418945, 0.27847719192504883, 0.27961254119873047, 0.27873706817626953, 0.2835226058959961, 0.2787790298461914, 0.2712364196777344, 0.27169132232666016, 0.2767300605773926, 0.2763962745666504, 0.27065420150756836, 0.28464603424072266, 0.2763502597808838, 0.27307939529418945, 0.27379846572875977, 0.2731742858886719, 0.27011585235595703, 0.27247190475463867, 0.27443456649780273, 0.26894044876098633, 0.27562522888183594, 0.2715492248535156, 0.27549171447753906, 0.26929426193237305, 0.27089786529541016, 0.27331066131591797, 0.27158498764038086, 0.2787961959838867, 0.28045177459716797], "mape": [0.10298855857213172, 0.10084581222036335, 0.09680092095821648, 0.09342015260112332, 0.09209500278855984, 0.08883204079048782, 0.08470008615023752, 0.0834867931208064, 0.08762817578875214, 0.08620509927929751, 0.07645430517216963, 0.07475614377759471, 0.07573090763757861, 0.07658949993231236, 0.07456927316719476, 0.07452547533821323, 0.07387530515861505, 0.07375721148719185, 0.0730011420181048, 0.07588141521174648, 0.07198168341010865, 0.07298429573156864, 0.0723147774098749, 0.07344543346283403, 0.07224512948134199, 0.07167965331580985, 0.0706523659178323, 0.07206190371728152, 0.07166160767153074, 0.07138448127260721, 0.07254213892647567, 0.07113888795512494, 0.07089544550720009, 0.0710759198540699, 0.07069104516325238, 0.0709007934159522, 0.07101257482048642, 0.07117616142231235, 0.07060752675553916, 0.07131001353111001, 0.07082915773510491, 0.07158439377670588, 0.07058419148849876, 0.07056592064416971, 0.07090235739266404, 0.07082217391777178, 0.07100791821862575, 0.07113281766227282], "mse": [0.7288188552328526, 1.070392336087717, 0.5863112241531259, 0.46690596476055773, 0.4477234239855378, 0.4094934896910119, 0.3926081718335694, 0.41748177285906124, 0.47359985487067213, 0.40463802952159034, 0.25490586523456216, 0.24837716892839085, 0.24347440834046183, 0.24398433597422603, 0.24935099455867815, 0.239711452712066, 0.23976004924403757, 0.23556803251800387, 0.23256851502521864, 0.23878100347448108, 0.23121127733760027, 0.22777862849706915, 0.23131848308464725, 0.2307908044862392, 0.23683123215732185, 0.22972150460252075, 0.22193718177634691, 0.22438171731367898, 0.2255342911141017, 0.22271781035347835, 0.22219266958526032, 0.2206462357022252, 0.22482056607891643, 0.2223618042238367, 0.22215560793074957, 0.21980197213320238, 0.2220601205462402, 0.22418836079067206, 0.21690716210319366, 0.2209448462140378, 0.22167364629639222, 0.22523661151095398, 0.2197982343770226, 0.2198994958485825, 0.21901182859929808, 0.22031741228518778, 0.22236971880439724, 0.2202794577552972], "recauc": [0.881593514655276, 0.8870931034057749, 0.8900816102894189, 0.8941560136102865, 0.8944926418491489, 0.8992962804691043, 0.9024760697834286, 0.9058238470602982, 0.9022997905695136, 0.8973651913766728, 0.9121290261535594, 0.91329120896985, 0.9138202011069628, 0.9136806746242768, 0.9126932432343818, 0.9147277755581944, 0.9151011050298302, 0.9154877211030408, 0.9160192194983315, 0.9141385988925017, 0.9167051102638585, 0.9165206771277883, 0.9163149579633556, 0.9159304704929814, 0.915996148190171, 0.9175755714946711, 0.9185527031934226, 0.9177954355682736, 0.9175641731698058, 0.9179616039187166, 0.9174281142498046, 0.9186481813303199, 0.9183184195522196, 0.9183164969432063, 0.918760138973046, 0.918715369648877, 0.9184104987910394, 0.9181349820529597, 0.9188761821599256, 0.9181332654377693, 0.9185551407869933, 0.9179624278940081, 0.9189292599016167, 0.9188390689395064, 0.9187435908026093, 0.9186060555935444, 0.9183033820031505, 0.9182950735856285], "f1": [], "aucrecauc": 0.9932632007354448, "aucloss": 0.2897190313621323, "convergence_rate": 0.8363652363641166}