{"bestEpoch": 50, "lastEpoch": 60, "mae": [0.6504194519587738, 0.5854633777689123, 0.5422520766829527, 0.5269350920433937, 0.5148879934985983, 0.5001961524405514, 0.5126709638491472, 0.4901251003908366, 0.48642383635023634, 0.48840638685177334, 0.48529003479208194, 0.4599012740895055, 0.4487331240929323, 0.4451103397877487, 0.45702621603683224, 0.43834757068252955, 0.5138970139179695, 0.5044014160059344, 0.4553461468510312, 0.4456489681992955, 0.44528324580298967, 0.4369329723589943, 0.4360968149940132, 0.43157708223357955, 0.43366938164419955, 0.42196720914254676, 0.42152903671736086, 0.4231272742300561, 0.42043257520815125, 0.42550825671645487, 0.4194529966681101, 0.4155770540646659, 0.411004855712173, 0.4188719694449899, 0.4104627614327407, 0.40547987042200184, 0.4198253403567711, 0.4113891254861127, 0.4133414418027035, 0.40664414748922884, 0.3989598012813538, 0.39772310798781213, 0.39548292865550194, 0.39440978608751803, 0.4011987054466669, 0.3980991634109607, 0.39422237508860886, 0.4001612019956296, 0.3979015140814999, 0.39354787689690895, 0.3975023431872896, 0.3919828628863496, 0.3946318966066391, 0.3969595956916953, 0.3927892640084693, 0.39399741222225754, 0.39456906713164225, 0.39852301566166193, 0.39429742087623815, 0.39848221056329564], "medianabsoluteerror": [0.47242069244384766, 0.47069454193115234, 0.44473838806152344, 0.4319157600402832, 0.42345762252807617, 0.4005436897277832, 0.41661787033081055, 0.3981781005859375, 0.383298397064209, 0.39789247512817383, 0.3981051445007324, 0.3679666519165039, 0.34125471115112305, 0.36137914657592773, 0.3672671318054199, 0.34742021560668945, 0.38353490829467773, 0.391176700592041, 0.35236454010009766, 0.35092782974243164, 0.35545969009399414, 0.3491334915161133, 0.34714603424072266, 0.34026384353637695, 0.3470792770385742, 0.3380115032196045, 0.33857250213623047, 0.3403778076171875, 0.33217382431030273, 0.34491491317749023, 0.3413674831390381, 0.32532644271850586, 0.3215498924255371, 0.3373870849609375, 0.3165125846862793, 0.32465457916259766, 0.3462643623352051, 0.32169580459594727, 0.32166433334350586, 0.32271575927734375, 0.312103271484375, 0.3109884262084961, 0.306638240814209, 0.3084888458251953, 0.30684900283813477, 0.3095541000366211, 0.31066036224365234, 0.31230640411376953, 0.3172793388366699, 0.3143496513366699, 0.31383180618286133, 0.3015141487121582, 0.30603504180908203, 0.3142871856689453, 0.3132748603820801, 0.3130011558532715, 0.3101644515991211, 0.31294727325439453, 0.30707263946533203, 0.31527090072631836], "mape": [0.13009082979000872, 0.1158926907853323, 0.11155533692524044, 0.10738753545759988, 0.1022422357073501, 0.1026742200780643, 0.10450679198875493, 0.09809413489535058, 0.09500879120620395, 0.10040799012792889, 0.10103300256271977, 0.09223075239705945, 0.08807166688017387, 0.08954617768070083, 0.09213976847605161, 0.08726071774652046, 0.10160837493970164, 0.09952086869479687, 0.09026341441811625, 0.08870179747388345, 0.08859556017564388, 0.08659782332729327, 0.08762019458245697, 0.08584952382421265, 0.08729258934056681, 0.08357027844465956, 0.08357954356825414, 0.0837112703517856, 0.08314603293281515, 0.08654634526478909, 0.0843158502422488, 0.08267957339886267, 0.08214053551258063, 0.08488239410907544, 0.08227381577184964, 0.08067023617539679, 0.08617970753138683, 0.081513537201119, 0.08240069073306497, 0.08201244616904226, 0.07965589578330733, 0.07937910538460038, 0.07875873130153244, 0.07916949462528633, 0.07957290617323536, 0.07958949265868422, 0.07865021041704272, 0.07946109816352685, 0.08003900352204223, 0.07877068417167507, 0.07974416871328256, 0.07854786779766217, 0.078465036225965, 0.0794471788045941, 0.07865142610335664, 0.07871338111007169, 0.07901330674842294, 0.07973245595775959, 0.07878973893261577, 0.07982686997564618], "mse": [3.7347481792260204, 1.0666619162989373, 0.5216828788749139, 0.4569666679135959, 0.44612558897770455, 0.42080800905279137, 0.4360093991656303, 0.40510440373439005, 0.4046045951959906, 0.40024219605631817, 0.3938283966185797, 0.3618153079368509, 0.3601921952347023, 0.34157088356957777, 0.35566011761841454, 0.3443234177020846, 0.7516785900498901, 0.5356654190097506, 0.3776827253990684, 0.3498618982883498, 0.34644727512831147, 0.3350595012748039, 0.32688463269155676, 0.3205168934594242, 0.32288305541321294, 0.31454462016350254, 0.3097611557811789, 0.3121736299482492, 0.3129686563321883, 0.30870372501007237, 0.3044093441997451, 0.302623574092479, 0.2962300291239647, 0.2988570358220329, 0.2977955975905478, 0.2890481836071002, 0.30204220670641924, 0.2986118006566247, 0.3196043410672929, 0.29342936681327036, 0.2811426236455571, 0.28140432371753654, 0.2777002935271188, 0.2759520435365943, 0.2862522751503585, 0.28050079487354584, 0.27722199782921164, 0.28385648667855334, 0.28084705046004904, 0.27310993058038074, 0.2808783248097434, 0.2745935605015804, 0.28231349281955653, 0.27949699321993965, 0.27108621471821825, 0.27939280937935107, 0.2768440857058996, 0.2823531313762164, 0.27874454802545606, 0.28072026677580675], "recauc": [0.863210831896784, 0.8685666197927723, 0.8744888220370269, 0.8774439579213671, 0.880246572546029, 0.8836636324119882, 0.880763582709112, 0.8860063314948041, 0.8868677289974105, 0.8864057191850322, 0.8871301994600421, 0.8930353213831511, 0.8956338304616592, 0.8964756928833976, 0.8937098996545725, 0.8980797839481854, 0.8836568689481376, 0.884027880989266, 0.8941510697585379, 0.8963496933284129, 0.8964359360755849, 0.8983777711791091, 0.8985716456987272, 0.8996243256320141, 0.8991402058159816, 0.9018580368163834, 0.9019624928507269, 0.9015884938991668, 0.902215470431355, 0.9010348511679181, 0.9024429219440997, 0.9033452778851522, 0.904408103014215, 0.9025781740549614, 0.904533690581554, 0.9056929208197169, 0.9023611595625749, 0.9043184613689657, 0.904024113362246, 0.9054225882595126, 0.9072126574140421, 0.9074972035480239, 0.9080180760952855, 0.908267877937811, 0.9066890726147796, 0.9074189258953359, 0.9083115142959542, 0.9069309780274286, 0.9074573094109961, 0.9084682412628494, 0.9075486848375879, 0.9088317516955953, 0.9082163451497914, 0.9076743754018383, 0.9086507346237543, 0.9083629784193662, 0.9082384723195973, 0.9073162379746387, 0.9082935241687576, 0.907325782355098], "f1": [], "aucrecauc": 0.9888148409567519, "aucloss": 0.37719499042602195, "convergence_rate": 0.8259640778016951}