{"bestEpoch": 51, "lastEpoch": 61, "mae": [1.9364296679287931, 1.6639946276406732, 1.5143689770113289, 1.422874282700085, 1.3581423979400264, 1.3080249968977762, 1.2721732790958653, 1.2383225399294904, 1.2185439480237032, 1.194836478358384, 1.1771957282130123, 1.1650036041029912, 1.150028870628916, 1.1405981686498703, 1.1282951808103001, 1.122145695638738, 1.1128291883062875, 1.106753956517219, 1.1004847875473018, 1.0966465070675129, 1.091951478846585, 1.0842477074106558, 1.0863488779697477, 1.07941846399358, 1.077777880160074, 1.0711704338001553, 1.0691186291328998, 1.0699384830926302, 1.0681162078035045, 1.0604402481597557, 1.0641360164935332, 1.058939032325203, 1.060247212833851, 1.056889387343417, 1.0574279736544285, 1.0588106908520427, 1.0569426578941408, 1.0544713481249643, 1.0563065848762017, 1.049153455478916, 1.054150226389501, 1.052362671476235, 1.050368052485169, 1.0563080784372014, 1.0558380939658834, 1.053020466538745, 1.0544229472069466, 1.055386888771218, 1.0562608496513544, 1.0605934078716137, 1.0519805851659731, 1.058344657104482, 1.0583243612429287, 1.059648646938625, 1.0584130952818738, 1.0596445704400659, 1.0615387765296238, 1.0613838850796011, 1.0604564381492307, 1.0610648558136198, 1.0611718049520888], "medianabsoluteerror": [1.560131915807724, 1.3263445675373076, 1.203898650407791, 1.1279854273796082, 1.0751534789800643, 1.036214783191681, 1.0057405972480775, 0.9799217081069946, 0.961285424232483, 0.9430854272842407, 0.9278880298137665, 0.9169891119003296, 0.9039043378829956, 0.8968228673934935, 0.8862393367290498, 0.8814597767591477, 0.8751105356216431, 0.8695600831508636, 0.8645328283309937, 0.8609073710441589, 0.8574615240097045, 0.8509508132934571, 0.8516754031181336, 0.8461004263162613, 0.8452452883124351, 0.8389562344551087, 0.8385195136070251, 0.8396227896213532, 0.8376340925693512, 0.8316877913475037, 0.8354029655456543, 0.8303188490867615, 0.8323323464393616, 0.8292396926879883, 0.8287452745437622, 0.8309829795360566, 0.8295230269432067, 0.826940619945526, 0.8296121269464493, 0.8216290044784547, 0.8262323141098022, 0.8242653846740723, 0.8213559794425963, 0.8279141986370087, 0.8270312929153443, 0.8236610317230224, 0.8248733723163605, 0.8250811004638671, 0.8265958249568939, 0.8306852436065675, 0.8230368304252624, 0.8286735385656356, 0.8286602282524109, 0.8294994413852692, 0.8289500916004182, 0.8301736426353454, 0.8316196823120117, 0.8312498497962951, 0.8304659330844879, 0.8309370756149292, 0.8310507941246033], "mape": [2.24832877460023, 1.9732812134032602, 1.7995483917082817, 1.709817773111316, 1.6357695658698321, 1.58269782930875, 1.5599382722316932, 1.5054374216668125, 1.5083319065780028, 1.4724173810388157, 1.4545536046980985, 1.4515125511546716, 1.4388111366052356, 1.4346977610615437, 1.4070266617101879, 1.4165259623624662, 1.411421702659905, 1.3994412154376779, 1.396319627191207, 1.3917466125388445, 1.403392889683545, 1.3782633878735144, 1.4046424325868778, 1.384412248649626, 1.3970149069475652, 1.3722453030584267, 1.3793185713513851, 1.390257487934998, 1.3910890858433755, 1.3669809174826093, 1.3919257618613199, 1.3700558961927942, 1.3816285308877525, 1.3757113639572107, 1.3779988966478858, 1.390531596338187, 1.3908683547551262, 1.3780141055582371, 1.3985362464768463, 1.361757126862332, 1.386100325826222, 1.3755604506705033, 1.3661003996925698, 1.3952577142974332, 1.387486830685881, 1.3750401460210888, 1.379320163450244, 1.3782226296015956, 1.3901142181357453, 1.4019429699650008, 1.3701105610986721, 1.3914870289973653, 1.3919674038529317, 1.3927230496943945, 1.3887677641988136, 1.3940986811606564, 1.398799315883171, 1.399689371187647, 1.3934912997260203, 1.3960763675120322, 1.3959481706998877], "mse": [6.3540853562608595, 4.760872962312606, 3.9338903881710587, 3.471837555737427, 3.154739982374157, 2.9252127818547122, 2.771414977966966, 2.6187183517938877, 2.5409857088063545, 2.439549377082458, 2.3675467130075916, 2.3205484815925517, 2.261245270798304, 2.224553800551392, 2.1748563076869467, 2.1538896414359954, 2.117898732804901, 2.0951478705857927, 2.070728047090053, 2.0570576553101447, 2.03976652229853, 2.0110664340714153, 2.0197636976409568, 1.9942085090521444, 1.9868475571103297, 1.963893557260908, 1.9561578484619724, 1.9586881020539462, 1.9531241747561703, 1.9251698536568327, 1.938230009466156, 1.9199357309146117, 1.9246273338151003, 1.9124998021661195, 1.9151076543307455, 1.9195911580973166, 1.9131423652316843, 1.9048293508227112, 1.9094124882862453, 1.885801601788234, 1.9039687080359304, 1.8985315891659449, 1.8923510819490708, 1.9128390542673195, 1.9113217444385544, 1.902117840897152, 1.907561563170174, 1.9117944825421525, 1.914593091740249, 1.9304831468796328, 1.899314680420142, 1.9230123665070218, 1.9226231308461148, 1.9290845619896084, 1.9235430566445324, 1.928238844311549, 1.9354198709700354, 1.9347865479268151, 1.931895445161752, 1.9339928521329623, 1.9343956630651362], "recauc": [0.5770306447387856, 0.6286368196598968, 0.6577479666615635, 0.6762875795286943, 0.6895796230095276, 0.7001460592740498, 0.7078583186190649, 0.7150165221967133, 0.7193796289039315, 0.7244842359883658, 0.7283348555676572, 0.7310393854497929, 0.7343392254023898, 0.7364223401136646, 0.7390999885847771, 0.7405064893061736, 0.7425799216180712, 0.7439222667114437, 0.7453067031536149, 0.7461655243218687, 0.7472397182219481, 0.7489354830072957, 0.7485000864641398, 0.7500370949192913, 0.7504036692480898, 0.7518760911145965, 0.7523441889755113, 0.7521616277245416, 0.7525863597691543, 0.7542889184839304, 0.7534830195383706, 0.7546305084037792, 0.7543487383379714, 0.7551000471075494, 0.7549866495442329, 0.7546839139226418, 0.7551125649952097, 0.7556597467145316, 0.7552569212963832, 0.7568477054959382, 0.7557502455373909, 0.7561497967532208, 0.7566000769446268, 0.7552839936352376, 0.7553784395921793, 0.7560126708340986, 0.7557053816968016, 0.7554933022277717, 0.7553124399437476, 0.7543445757235785, 0.7562600703366241, 0.7548524973826186, 0.7548562277441548, 0.7545781224589194, 0.7548423630237896, 0.7545739049245072, 0.7541528783658927, 0.7541907718868742, 0.7543965142318115, 0.7542613838477382, 0.7542366985913637], "f1": [], "aucrecauc": 0.9784876031080534, "aucloss": 2.1984045421317524, "convergence_rate": 0.9152420842525771}