{"bestEpoch": 40, "lastEpoch": 50, "mae": [1052.8429435694734, 753.5201330768518, 587.634420421816, 541.5446323163472, 533.5018161271112, 529.5996203985452, 528.126703225427, 524.0209679825637, 526.8452752378691, 520.0998662574584, 522.6101661887211, 519.5599336583554, 521.2845566147917, 514.1337271151783, 517.8116003611053, 514.1607107669213, 517.2925448055498, 526.6944326278172, 519.5157585465463, 518.0227591795035, 515.4066734767014, 514.2083865481713, 514.4333717550579, 510.33116996837964, 509.76790821346066, 509.4090302476042, 508.885484258691, 506.9568091102755, 507.5445728544885, 506.7597973373947, 506.32582343331484, 507.0170468852824, 506.51573279376163, 505.92248216080446, 507.6675281134954, 508.72639472229173, 506.47979366615743, 507.37067434468753, 505.7815611719445, 505.82030162333336, 506.1087084701216, 506.42781554839127, 506.0511550666204, 506.5730335930961, 506.5381572186748, 506.47409956531834, 506.23293559324077, 506.4045812638137, 506.4129876765741, 506.43794006011], "medianabsoluteerror": [918.3884885898437, 652.7353512109376, 506.59674042578126, 464.76934808203123, 456.7711787304688, 453.30334425781257, 451.7913204492188, 448.19403087890623, 450.4868162890625, 444.50604266015625, 446.9414061328125, 443.8609005273438, 446.26281779687497, 438.7745357265626, 442.5891724179687, 439.20123273046875, 442.74664288671875, 451.5899050195312, 443.85058617187497, 443.0642088046875, 440.31524664453127, 439.32824725, 439.4301759609375, 435.3565675625, 434.8673708945312, 434.76702910546874, 434.7340090859375, 432.9039306640625, 433.46099871484375, 432.87805128906257, 432.47753859375007, 432.89001417968757, 432.223510859375, 431.99359142578123, 433.44775437499993, 434.3342893164063, 432.48303199218753, 433.53887927734377, 431.84313953125, 431.7401121875, 432.02893019531257, 432.32067824218757, 431.86474562500007, 432.39440871093757, 432.34570265625007, 432.27685500000007, 432.04101515625007, 432.21459914062507, 432.22241164062507, 432.24804640625007], "mape": [0.6330829302011609, 0.4455452160519655, 0.34184487983932765, 0.31310339386505565, 0.30790817585940644, 0.30550850827157505, 0.30452258842508234, 0.30190816524614006, 0.303718207921225, 0.2994399520293776, 0.30096583805571625, 0.2989353081139222, 0.3002847389481721, 0.29571425508005766, 0.2979976287829538, 0.295744336377124, 0.29783921947776015, 0.30382078494582687, 0.29900810559781443, 0.2980975656031602, 0.29642775969209306, 0.2956798748649527, 0.2958556142610956, 0.29324415326074377, 0.2928434747622029, 0.2926058331426147, 0.2923085735397901, 0.29105882993881993, 0.29142437634982143, 0.2909235459748213, 0.2906794935112765, 0.2910904908130027, 0.2907658857533374, 0.29042943041706315, 0.2914663444617549, 0.2921152646212155, 0.2907594072494598, 0.2913683615009192, 0.29033592175878975, 0.2903476733157465, 0.29053506071647456, 0.2907264650843994, 0.29047556460843454, 0.2908017274137733, 0.29077695328228353, 0.2907351471333602, 0.2905848270740339, 0.2906915464321562, 0.29069660267776004, 0.29071212986495026], "mse": [1248784.8350132671, 662117.8778694989, 417994.8526762697, 360453.8949278785, 351394.9260394582, 346719.5170724336, 345182.94193959166, 340549.947401798, 343677.80070874264, 336064.0182577867, 339065.69525298727, 335914.26525060623, 337091.7732084959, 329217.29469714547, 333408.0125186718, 329163.9322050115, 332323.44468975917, 342810.13247548323, 335452.10990869027, 333670.48113260226, 330790.58259084786, 329430.35888131557, 329587.9985374687, 325091.3188293998, 324597.54015457514, 324237.0670733594, 323570.2171788893, 321539.3822496432, 322204.618737549, 321362.09458071523, 320806.764869425, 321640.87181861757, 321116.83938174706, 320365.4299459404, 322472.382965284, 323697.7376623709, 321054.9709942063, 321908.83658219996, 320244.6388592217, 320324.1647820118, 320627.9165270939, 321007.706177269, 320632.2951799311, 321215.59768776497, 321185.33186711604, 321119.2048515187, 320849.384757458, 321042.8609083262, 321052.896378287, 321080.9856380362], "recauc": [0.4628073474014069, 0.6155120845417875, 0.700156311927489, 0.7236738340500717, 0.7277782741237087, 0.7297699992221444, 0.7305195852918626, 0.7326153800565243, 0.7311745544924864, 0.734616676482463, 0.733335422431132, 0.7348921114333655, 0.73401300130013, 0.737660240098084, 0.7357839932141363, 0.7376471721246199, 0.7360489085945632, 0.7312514214384401, 0.7349140988172891, 0.7356756860871272, 0.7370106343967731, 0.7376229919288225, 0.7375070099602553, 0.7396015008908299, 0.7398883147574016, 0.7400713256510836, 0.740338819067092, 0.7413225618858182, 0.741022768943561, 0.7414238460883126, 0.7416453200875643, 0.7412915365610635, 0.7415480362851099, 0.7418499627740552, 0.7409597404184862, 0.7404203679627223, 0.7415661417993651, 0.7411106592140695, 0.7419227996873761, 0.7419025902590259, 0.7417554940679253, 0.7415926333374078, 0.7417854822519289, 0.7415184333248139, 0.7415366870020335, 0.7415690754260611, 0.7416919025235857, 0.7416038937227055, 0.7415997155271082, 0.7415867068188301], "f1": [], "aucrecauc": 0.9865132247642479, "aucloss": 346775.15999118605, "convergence_rate": 0.9641543942167976}