{"bestEpoch": 8, "lastEpoch": 18, "mae": [0.6315889935060165, 0.5488309644916606, 0.5561889744412689, 0.5614210505672502, 0.5353747874514625, 0.511613203352033, 0.5369335133997076, 0.513856496709977, 0.5555268769646603, 0.5146054533213938, 0.5130432130531977, 0.524936878833051, 0.5189820472773272, 0.5210789888250634, 0.5218313510888621, 0.5232805801264432, 0.52291457824526, 0.5243589659943163], "medianabsoluteerror": [0.5171262502670287, 0.4491796374320982, 0.4668104171752929, 0.44841656684875486, 0.4450427579879761, 0.4169770717620851, 0.45070894956588736, 0.4231379985809327, 0.4401556873321535, 0.4178457546234131, 0.41546440601348866, 0.43084879398345954, 0.4199909973144531, 0.4245261669158935, 0.42174472689628606, 0.42465381622314446, 0.42365716695785516, 0.42674927473068247], "mape": [0.34515592823131386, 0.2910118828890392, 0.31549521472107117, 0.2666482715939151, 0.30000536278825907, 0.2692125725859208, 0.30122259371566906, 0.27816671445386904, 0.26376466677569144, 0.26928004326496896, 0.26520021210816613, 0.28092093944299756, 0.27032968137983393, 0.27563301149391894, 0.2702613277099222, 0.27570579266104883, 0.2738526393851688, 0.27692954359276817], "mse": [0.6567931373086386, 0.5014663018931057, 0.4976973539682197, 0.5380536987276869, 0.4661571865080988, 0.4388431117399235, 0.46604111462153286, 0.4361488610290966, 0.5323975392560206, 0.44417292316950535, 0.4443731856130347, 0.45657275630376953, 0.45359581086204326, 0.45335276635961147, 0.4588494504284712, 0.4581654587519941, 0.45869167449209786, 0.4589642878203908], "recauc": [0.8531306248339217, 0.8723589851885023, 0.8706449663447969, 0.8694262150135152, 0.8754848875163469, 0.8810091587345331, 0.875121661841908, 0.880487464837366, 0.8707988772892804, 0.8803133005004965, 0.8806774323314236, 0.8779113096337823, 0.8792967354681295, 0.8788090219093547, 0.8786339991084438, 0.8782974048962693, 0.8783825942044843, 0.878046473737281], "f1": [], "aucrecauc": 0.9943972583264721, "aucloss": 0.47426222978168975, "convergence_rate": 0.8230189605209033}