{"bestEpoch": 31, "lastEpoch": 41, "mae": [], "medianabsoluteerror": [], "mape": [], "mse": [], "recauc": [], "f1": [0.19183298262795856, 0.18307172418944495, 0.1646965063591188, 0.26698708653782977, 0.20690589922458366, 0.33271092235656763, 0.42636355954587596, 0.443278847289441, 0.4647359507801427, 0.3952454162952715, 0.3830932840769895, 0.3567764389402298, 0.35298523414818, 0.44202533953023104, 0.4930276129575249, 0.4941327465571506, 0.49778703470710856, 0.5176088099462088, 0.5029832427478612, 0.5168550473246857, 0.5125654378567166, 0.5217630674533891, 0.5183722510267805, 0.5248562298899334, 0.5058179803202862, 0.48224950302307973, 0.5258130593788312, 0.5248182281572632, 0.5250975796273698, 0.5274934264412688, 0.5286272502562029, 0.5249121040171939, 0.5262759048943214, 0.5283729419692507, 0.5256294696839863, 0.5263083594428746, 0.5262918215033959, 0.5272122745620793, 0.5277767750081074, 0.5270013168702458, 0.5269944629740017], "f1auc": 0.862514153349967, "convergence_rate": 0.8002950663483771}