{"bestEpoch": 20, "lastEpoch": 30, "mae": [918.0635233492043, 646.282186516522, 466.0036530236817, 339.1346388270949, 245.42152185700922, 180.96594597440972, 144.6007814603669, 116.67593519635416, 97.54865141569445, 86.64028375983335, 78.19334244387845, 73.57454741138541, 71.25672818258681, 69.5042833952037, 68.1061441627419, 69.60174572493172, 67.21180704856481, 67.33003400960649, 68.29217315176389, 67.33994217681945, 68.45465305986227, 69.68057169779861, 67.6557651658287, 69.09087813932754, 68.72137587873843, 68.69547760399884, 69.28762124882176, 68.90766589988773, 69.04814573568056, 69.16089394541783], "medianabsoluteerror": [806.5126949609376, 571.726318125, 419.0523682265625, 308.34533738281243, 224.67175299218752, 169.62011747656243, 138.0987544765626, 110.94397001562493, 92.24609381250002, 81.70104945312505, 73.62158244531247, 69.26379377343756, 66.76831014062509, 64.84143089843747, 63.172485117187534, 65.08715778906253, 62.17175334374997, 62.31787156249993, 63.37109345312501, 62.29040497656251, 63.577026546875004, 65.02978562499993, 62.68896437500007, 64.28100614843743, 63.84997605468743, 63.78613234375007, 64.54870635156249, 64.01147478124994, 64.24365239843746, 64.37878446874993], "mape": [0.5542614673950765, 0.3879426255915779, 0.2780355181659231, 0.20180135727259454, 0.1458390411872271, 0.10760276919619588, 0.0869386159723146, 0.07102171302075638, 0.06020534662416232, 0.054115175534778265, 0.04943779274505065, 0.04694338364633467, 0.04566581558235026, 0.04468131681041369, 0.043827523864629764, 0.04478035425866866, 0.04347120926000646, 0.04345409596984471, 0.044010144870746226, 0.04344174852752951, 0.04409956611811398, 0.04477017979930184, 0.043644418639151084, 0.044487318703199184, 0.04425830539489044, 0.04423510135448106, 0.04458030652135676, 0.04436563509031212, 0.04444127615068779, 0.04450535589031849], "mse": [941780.6500780142, 471852.36821967445, 248722.93773608378, 133262.19976134363, 71118.5712263403, 39889.498925423795, 25999.89636342515, 17351.591132908197, 12447.598089053914, 10042.891224965484, 8386.925981626968, 7565.702058177886, 7183.693633930805, 6911.256371861594, 6692.511226005387, 6918.301080502344, 6577.114931088369, 6609.892082957451, 6745.168828025333, 6581.471998021383, 6739.114757234394, 6931.726492700429, 6650.424456842791, 6854.929569628881, 6801.88757785975, 6796.382968473738, 6884.879149888283, 6831.118814349207, 6851.0290709979845, 6866.987987970705], "recauc": [0.5315535257229427, 0.6702307712252706, 0.7622190219021902, 0.826954532490286, 0.8747717882899401, 0.9076619810129161, 0.926216784641427, 0.9404646094239053, 0.9502257336844795, 0.9557913272808762, 0.9601017435076842, 0.9624584828853255, 0.9636412085653009, 0.9645347794038663, 0.9652481248124813, 0.9644860041559712, 0.9657050593948284, 0.9656443125794061, 0.9651538042693159, 0.9656401343838088, 0.9650708330092269, 0.9644446666888912, 0.9654773625510699, 0.9647471561971012, 0.9649348490404596, 0.964948628196153, 0.9646453978731206, 0.9648404692321084, 0.9647673359928586, 0.9647102339863616], "f1": [], "aucrecauc": 0.9601403273096069, "aucloss": 56431.893198702885, "convergence_rate": 0.911338483363184}