{"bestEpoch": 40, "lastEpoch": 50, "mae": [1.8698898369140553, 1.318684487544411, 1.088001559280186, 0.9422377375012455, 0.8516677960951128, 0.785572013637884, 0.7346646563383837, 0.6918898766208472, 0.6561720550671891, 0.6282803344517124, 0.610412492938541, 0.5859930457520122, 0.5673132001967244, 0.5513329746407095, 0.5399024239453172, 0.5278442535586919, 0.5152648174467942, 0.5075502090807595, 0.4999363827889232, 0.49407488491537, 0.48126901995443605, 0.4736954095264921, 0.46559765420804944, 0.4586351178422007, 0.45298390408753275, 0.4524869335961911, 0.4613779671464042, 0.4441171836796339, 0.4490639964969852, 0.4367338589435709, 0.4400418831571837, 0.4355858589950288, 0.43602832344460335, 0.42759303995101533, 0.42893044686154, 0.4259226031010103, 0.4359583418215168, 0.4037590249449806, 0.4092475630051456, 0.39487468774391815, 0.3979580990691642, 0.4010451660760963, 0.3949864854924331, 0.40467527916183965, 0.39511294726765855, 0.3936250324566126, 0.3959816425159689, 0.3944460160850918, 0.3947295409004602, 0.39593593197822224], "medianabsoluteerror": [1.494764504432678, 1.0484681749343872, 0.859050178527832, 0.7490671753883362, 0.678542640209198, 0.6245163798332214, 0.583372688293457, 0.5487335443496706, 0.5198489069938659, 0.4985455870628358, 0.48241685628890985, 0.4649556279182434, 0.4509550571441652, 0.43799669742584224, 0.42932455062866204, 0.4198078751564025, 0.4117092490196228, 0.4041954278945923, 0.4005414724349975, 0.395835690498352, 0.38664953708648686, 0.3828802585601807, 0.37654750347137456, 0.3703268146514893, 0.36800433397293086, 0.36531933546066286, 0.3798663735389709, 0.35938870906829834, 0.36698526382446284, 0.3526233029365541, 0.3553953051567077, 0.3539671754837037, 0.3468970775604248, 0.3440943527221678, 0.3443856477737426, 0.34484122991561883, 0.3570515394210815, 0.32330133914947523, 0.33477730751037593, 0.31682088375091555, 0.32194312572479244, 0.3262961626052856, 0.317887477874756, 0.32606619834899897, 0.31691253185272217, 0.3120078563690185, 0.3173797845840455, 0.3150578856468201, 0.31422698497772217, 0.3162916660308839], "mape": [0.9915016813820284, 0.7061396736915156, 0.5782118521319533, 0.5051020797160829, 0.45962626928640166, 0.41944764853572963, 0.3897823294756111, 0.3723277658858916, 0.3507455251181342, 0.3382619507339896, 0.3236382389828386, 0.31718046580199355, 0.3083040436756298, 0.2964549079676421, 0.2876405540014789, 0.2812674802389413, 0.2758610319859875, 0.27171914678883424, 0.2650904668375168, 0.2655349796200889, 0.2552781450440521, 0.25631406506965126, 0.2518852306892001, 0.2476388051179618, 0.24698769108608126, 0.23884469030026612, 0.25850383053551734, 0.23866738094649462, 0.24974277506890175, 0.23162746289468475, 0.23406608980650875, 0.23741249064777362, 0.22356330573503302, 0.2273000479689294, 0.22803703422188443, 0.23083080315343255, 0.24807213373587977, 0.21528309640609683, 0.2221703965515311, 0.20808397827872696, 0.21278770137821676, 0.21978936271347974, 0.2151539841634142, 0.21700881746652448, 0.21058294286305118, 0.20602190502516923, 0.2121343144726899, 0.2086058824313163, 0.20793389836898973, 0.2099041999728029], "mse": [6.399303342006184, 3.2210484185120496, 2.221532863128916, 1.6734266605296901, 1.3819186056880772, 1.190965178732488, 1.0495595849065729, 0.9454230279092171, 0.8458809810470661, 0.7802139574218169, 0.7496426023574562, 0.6900697608031943, 0.6469983496933174, 0.6162497015869336, 0.5911176210566725, 0.5682284113520895, 0.5299543804705799, 0.520137144235939, 0.4962665251090047, 0.49707567593806584, 0.44632577634669107, 0.43672846417369504, 0.4177148711798661, 0.3896100524675281, 0.3696547403053223, 0.3710863410611395, 0.37329763999573784, 0.3548561793448849, 0.35584665526239295, 0.33793090955017036, 0.34603354970357764, 0.33286572525674696, 0.3465175127895938, 0.3241839444245965, 0.32972435811829554, 0.32304419919635385, 0.33691465140646576, 0.2979238185323155, 0.2803879281417892, 0.26775627969104293, 0.26892072540610035, 0.27367503083680667, 0.2695816021689258, 0.282992907747308, 0.27078408500702733, 0.27120803961677803, 0.27391850585594035, 0.27184468250545724, 0.2734882114977536, 0.27441553704405847], "recauc": [0.5926495451461132, 0.7013119834937163, 0.7512957703934524, 0.7837386807647743, 0.8043050225076765, 0.8193593950340734, 0.8309589797095941, 0.840823229137377, 0.8488651321577412, 0.8552913729972464, 0.8594670088644234, 0.8650450411282491, 0.8693092662451781, 0.872983616872984, 0.8755925028728552, 0.8783900962263579, 0.881129314554956, 0.8829692414580783, 0.8846172142117776, 0.8861248678384009, 0.8887104237531548, 0.8905594148707396, 0.8923541420523299, 0.8937780821870073, 0.8949769733236305, 0.895062272854389, 0.8929922574513396, 0.896984787177798, 0.8958342026606544, 0.8986122272733399, 0.8978946207536695, 0.8988936604016046, 0.8988495109737331, 0.9007292605399746, 0.9004497801524461, 0.9011710134177336, 0.8988625999007853, 0.906211974149812, 0.9048369701749116, 0.908172514720846, 0.9074577962437844, 0.9067564327116447, 0.9081818619104928, 0.9059371088013808, 0.9081522894140119, 0.9084949861397059, 0.9079624501596445, 0.9083130892674703, 0.9082515193785496, 0.9079733293366639], "f1": [], "aucrecauc": 0.9629591269644048, "aucloss": 0.654028291379481, "convergence_rate": 0.898688817426833}