{"bestEpoch": 25, "lastEpoch": 35, "mae": [3.576653314749891, 2.702159538069645, 2.513687047515278, 2.704295997444887, 2.79170852667568, 2.6927315958210007, 3.3282474818029764, 2.6370656976007614, 2.75804525164269, 2.5393982850120027, 2.491155055434361, 2.2981353135037126, 2.6140524459215646, 2.4909249559182953, 2.159282132440975, 2.208497835615432, 2.3406528025620017, 2.0976389177499093, 2.181123715739376, 2.028501924558313, 2.063578061598337, 2.0222504598667563, 2.0306467375843704, 1.9914201387743584, 2.0054278648722184, 1.9780453112100433, 1.9755106044928723, 1.9708863453811032, 1.9623902840044258, 1.965202079404886, 1.9645514243806386, 1.9648062163280369, 1.963661255790039, 1.963510641339019, 1.9632615629510703], "medianabsoluteerror": [2.5220518112182617, 1.453773021697998, 1.318575382232666, 1.393946647644043, 1.4266548156738281, 1.578641414642334, 1.766507863998413, 1.2988500595092773, 1.7177538871765137, 1.250065803527832, 1.1759238243103027, 1.2089290618896484, 1.3552212715148926, 1.2320942878723145, 1.1192114353179932, 1.1277637481689453, 1.1730866432189941, 1.065117359161377, 1.0459537506103516, 1.0096392631530762, 1.0144705772399902, 0.9733810424804688, 0.9758763313293457, 0.9477033615112305, 0.9481625556945801, 0.9272744655609131, 0.9311347007751465, 0.9276914596557617, 0.9129023551940918, 0.9169626235961914, 0.9153680801391602, 0.9164161682128906, 0.9151387214660645, 0.9153008460998535, 0.9157161712646484], "mape": [0.7042568712600001, 0.5703517234095037, 0.5283786737906645, 0.5846746433162139, 0.6064446692748193, 0.5561899982303485, 0.7232758486794041, 0.5703804729571229, 0.5615968123235887, 0.5492809991037519, 0.5386601623401823, 0.47049747886112825, 0.5621928305911829, 0.5349034384973179, 0.4421213161852338, 0.46123733959329877, 0.5011024025963419, 0.44060726213514206, 0.46736615824362826, 0.4252933844280897, 0.43672266694412903, 0.42869596588508463, 0.4307822490151249, 0.4209403524655474, 0.42612651494002, 0.4182816230099354, 0.41861956594911776, 0.41737477844250553, 0.4155891094607594, 0.4165655582584813, 0.416410958621815, 0.4166258373236268, 0.4163110416111357, 0.4162971582630708, 0.41623958982462966], "mse": [442.364562002839, 407.41130296952747, 388.0231336854777, 356.603499435778, 337.34277373339023, 320.8130594079576, 315.047078153892, 302.67334657030256, 304.26581607700933, 284.6779535789178, 273.41238719760474, 295.3761264011376, 266.59980403281224, 267.1247254374958, 280.27573921322397, 269.99678124702297, 246.40546458025042, 257.51724815224327, 236.12447560750553, 258.66400550929757, 239.2607767694577, 241.88239643953509, 238.45396472756977, 243.54885109451405, 239.0002766870794, 241.39532471702142, 241.591170832468, 241.40904531425795, 242.48728690370788, 241.82263874690202, 241.6451433601457, 241.41467200927826, 241.493814340308, 241.45450682982414, 241.4511564455464], "recauc": [0.4213325726668102, 0.5982984326582332, 0.6287839563221684, 0.6070579423201504, 0.5939799781557284, 0.5882036195380609, 0.5216622760799938, 0.6254593361842192, 0.5666165312034122, 0.6337455922042599, 0.6500401842449951, 0.6547791751368752, 0.617473796813255, 0.6446303916351128, 0.67679680772746, 0.672659061306062, 0.6628681234069168, 0.6966237818426538, 0.6924244261020678, 0.7090106538975217, 0.7058985850524634, 0.7134307148531537, 0.7135293172296977, 0.7200844011623957, 0.7188418979213403, 0.7231012665289872, 0.7241301541757335, 0.7250296433694176, 0.7270080080441961, 0.7265548559662008, 0.7267091968379811, 0.7267373493271058, 0.7269565267546322, 0.7269841985915035, 0.7270300665493945], "f1": [], "aucrecauc": 0.9191419976389994, "aucloss": 276.091836734915, "convergence_rate": 0.7914203952202746}