{"bestEpoch": 33, "lastEpoch": 43, "mae": [], "medianabsoluteerror": [], "mape": [], "mse": [], "recauc": [], "f1": [0.32095338669218004, 0.3318627464630781, 0.34413686693920414, 0.39037033110355424, 0.3893190658860024, 0.378757757769766, 0.39720679875411635, 0.3803345243981744, 0.3874407983325515, 0.40111551134425844, 0.35911558810712074, 0.4004882088261499, 0.3913024567926504, 0.39906500743254947, 0.370738065960958, 0.3996559552712675, 0.4122993316086486, 0.4189447241238315, 0.3758700700416055, 0.3973029765677944, 0.373273562998146, 0.4055710444074489, 0.40584865168644835, 0.42179942357517963, 0.41775105805101, 0.425704589443322, 0.4217749872158727, 0.4086225426225655, 0.42452058400880416, 0.4294073817917644, 0.4222873300928716, 0.4227329960490414, 0.4306473076306855, 0.42319253880532637, 0.42694560448690355, 0.4282897235183116, 0.42516107031437556, 0.4228686302320938, 0.4260480873122508, 0.42669898270962064, 0.42309432510780204, 0.4234828841762777, 0.42493673857730313], "f1auc": 0.9362426135714705, "convergence_rate": 0.749694909507266}