{"bestEpoch": 16, "lastEpoch": 26, "mae": [0.45509542931081043, 0.46863679997334734, 0.43383552975078743, 0.4635510449321402, 0.4353950261516033, 0.45064657934504204, 0.42040587700647963, 0.426572136747198, 0.44179582117790256, 0.4324745902505848, 0.44477561408391986, 0.4309590273945687, 0.45042242148257994, 0.4343632856026991, 0.4357167123444968, 0.4226580648918912, 0.4358218394179283, 0.4370458234747997, 0.4410257574465832, 0.437881749052186, 0.4347054211210349, 0.4368370253824661, 0.43691127344270775, 0.43941203968378717, 0.43878730254862053, 0.4394861023563782], "medianabsoluteerror": [0.34751167535781863, 0.3541215074062347, 0.3353894019126893, 0.3689249193668366, 0.3331837415695191, 0.3511085820198059, 0.3217205584049226, 0.3325445759296417, 0.34345637083053593, 0.3367868304252626, 0.34866736412048344, 0.3351876139640808, 0.35260211229324345, 0.3350843667984009, 0.3403613400459289, 0.3280532932281494, 0.34067131280899055, 0.3394295930862427, 0.3443129050731659, 0.342829647064209, 0.33740545511245723, 0.33765612602233896, 0.3383358824253082, 0.34090594276785857, 0.3402689242362975, 0.3404733312129975], "mape": [0.5978728980283953, 0.5735531845082593, 0.5800382570640594, 0.7006430764128669, 0.49995349458146643, 0.48642465481710084, 0.5117383373571724, 0.5307707467021867, 0.62813125824034, 0.6026526248231603, 0.6192771429587183, 0.5197564679533565, 0.6209407562383528, 0.5194499618785275, 0.5502259162993883, 0.5325475852328238, 0.5587018203010974, 0.5675208562627042, 0.5778975846863931, 0.5482094125899154, 0.5643834077422808, 0.5507218171634674, 0.5548746794729041, 0.5658691013128307, 0.5638081332791888, 0.5581863591990529], "mse": [0.37167056174924246, 0.40210382980177156, 0.32997081111004173, 0.35897328883778334, 0.3392304801651386, 0.35540519348403515, 0.31663045781697413, 0.3175044055871176, 0.33631380715373266, 0.3246403085671172, 0.3386325039310655, 0.32610661541324165, 0.347880601837574, 0.33382528782571197, 0.3286648297741448, 0.31299212926094344, 0.3286100009238994, 0.33527780744777513, 0.3381698370765555, 0.3317522157161723, 0.3300484924335188, 0.33456599836240586, 0.3343908849920352, 0.3370093819679299, 0.3361754055575349, 0.33727004322046633], "recauc": [0.8941540239587252, 0.8910056253128317, 0.8990979324826388, 0.8921868450848289, 0.8987352678130863, 0.8951885003470692, 0.9022213858097139, 0.9007872561189161, 0.8972464855959321, 0.8994142963454539, 0.8965538973108351, 0.8997668269792363, 0.8952401371182561, 0.8989757952059209, 0.8986610434071977, 0.9016979401996121, 0.8986362240813645, 0.8983514069236701, 0.8974258585782602, 0.8981574410461345, 0.8988963265843207, 0.8984005693864646, 0.8983834091418911, 0.8978014895412764, 0.897947041160514, 0.8977843732327182], "f1": [], "aucrecauc": 0.9951769511659683, "aucloss": 0.33717379510116297, "convergence_rate": 0.6120492210374636}