{"bestEpoch": 31, "lastEpoch": 41, "mae": [1655.5167654947427, 1554.9353742278845, 1455.2079604038734, 1363.5145913242836, 1276.4236788486978, 1209.9167123276113, 1144.9300309808593, 1072.1719369324653, 1017.3414864025897, 986.6036306264034, 939.4480740038629, 896.4115293170862, 863.9774971628617, 862.0139682728877, 802.0655366955584, 787.695644325405, 763.1351575451678, 716.6500373737268, 713.6006903052228, 665.4747820930555, 659.8151451753762, 593.6783333085949, 613.3492288887454, 604.1070873414363, 583.8954480727732, 551.5441846903033, 550.0340683708588, 523.5796834968866, 515.7979752177534, 483.14989452395025, 453.8188138669664, 478.51539817702206, 452.94342128875576, 445.9848277192164, 460.9985102464514, 445.6120115301192, 434.1826128216296, 439.1784993233657, 435.5074477099514, 437.6821037791065, 437.3348543758947], "medianabsoluteerror": [1457.205636564087, 1367.0894396264648, 1279.3722078759765, 1196.4740443310548, 1118.3446048984374, 1060.5409244785155, 1005.7551883398437, 938.2595824648438, 890.1849364609375, 864.3970951953124, 824.5855099023438, 787.4783321054688, 761.3589479882812, 760.7794188828125, 711.6733402578125, 699.3427729687501, 676.1495358437501, 636.5918574414063, 633.9847414453125, 585.2980347851562, 586.7781369726563, 527.4191889843751, 547.3032228359375, 538.3884275, 523.2484135546874, 495.9426882226562, 494.68316638671877, 470.02209467187504, 463.9406740078125, 434.7471924453125, 408.5587161093749, 430.604858578125, 407.47283905859376, 401.9829099765625, 416.54248011718755, 401.61035150781254, 391.55712855468755, 396.0562747031249, 392.97265589843755, 394.574951109375, 394.0740352929688], "mape": [1.0074047618037185, 0.9455519788225165, 0.8841063992673759, 0.8275727814667208, 0.773750261253071, 0.733130333135283, 0.693110490715267, 0.6475141862814118, 0.6135024599156612, 0.5957780483625192, 0.5663805866107421, 0.5398682627539266, 0.5201386009538752, 0.5207256730486527, 0.48205396445452803, 0.4742426964246067, 0.459419021143506, 0.42934712114377266, 0.42915969615783744, 0.3983925139308931, 0.3956432499995631, 0.3524039693350697, 0.3668184736932636, 0.3620107940791254, 0.34942361224818785, 0.32889672555022065, 0.3290024439539014, 0.3121965175869459, 0.3076405694716752, 0.28665726602066016, 0.26764290853863715, 0.2855149206020025, 0.2691914467018533, 0.2652399925753022, 0.2759806936882892, 0.2658089729871116, 0.25828944049787494, 0.26171845516750053, 0.259419079839604, 0.2608766343213883, 0.26068320740207734], "mse": [3021763.2263143165, 2668631.813350025, 2340800.0037295115, 2058618.4178456736, 1808073.0054759583, 1625392.9963700296, 1457847.852447195, 1284346.0113101015, 1159839.2187211495, 1087538.172280697, 989027.718410976, 902312.0544302063, 839074.6312163578, 829210.8311301662, 725834.9034247346, 697088.0900609702, 654411.5831027796, 582708.3271116993, 573259.9680733642, 503646.65055471193, 493093.34960077284, 407928.17028133775, 428616.8944457168, 413914.07413675956, 387879.108281595, 348917.06706471514, 344654.01606778556, 314535.24931483716, 305033.10545563407, 270839.69207213237, 242077.77345914065, 262295.33071932336, 237268.55120736326, 229659.93906351717, 242086.33369362817, 227913.1811035172, 217710.46620915053, 221806.3313385519, 218410.7206324853, 220239.4444867287, 219873.93691462904], "recauc": [0.21441761953973174, 0.2457323510128791, 0.2830214577013257, 0.3198388283272771, 0.35675326051123635, 0.3860455230708256, 0.41665102806576954, 0.45293083382412314, 0.4808966378119293, 0.4965797172309824, 0.5206433976731006, 0.5426013860645323, 0.5591509224996574, 0.560153541280054, 0.5907427927977983, 0.5980739555437026, 0.6106068829105132, 0.6343262622558552, 0.6358809955069581, 0.6604378808251196, 0.6633259029606664, 0.6970730110048042, 0.6870351479592404, 0.6917515010760336, 0.7020638211969344, 0.7185712200849715, 0.7193424972126843, 0.7328409729861876, 0.7368104662318083, 0.7534707989317451, 0.7684361473184356, 0.7558342649079722, 0.768883895796987, 0.7724342360161942, 0.7647736477351439, 0.7726239142432761, 0.778456764194938, 0.7759062869249888, 0.7777808447511418, 0.7766693558244713, 0.7768475662381054], "f1": [], "aucrecauc": 0.7919767056897759, "aucloss": 761083.9907323868, "convergence_rate": 0.7352482471017361}