{"bestEpoch": 14, "lastEpoch": 24, "mae": [0.990589841596662, 0.8512001216432052, 0.6858445769767355, 0.6391415731668718, 0.6138284517406721, 0.5989934883287916, 0.5706782993319269, 0.5635996250364734, 0.547004602555348, 0.5529612484888403, 0.5394484556461993, 0.5327915907151667, 0.5636250056886526, 0.5142707548066181, 0.5373298219090837, 0.531308466079429, 0.5750882013087374, 0.5676753149382895, 0.5421955020739538, 0.5177267015164471, 0.512269975391811, 0.5053919570535227, 0.5019461582339674, 0.5031182185669678], "medianabsoluteerror": [0.8559551239013672, 0.6900148391723633, 0.5722661018371582, 0.5374455451965332, 0.49974751472473145, 0.48216724395751953, 0.4567255973815918, 0.45422792434692383, 0.4417586326599121, 0.4471449851989746, 0.44359278678894043, 0.43160104751586914, 0.4615635871887207, 0.4087533950805664, 0.43791747093200684, 0.43359851837158203, 0.46201419830322266, 0.42635154724121094, 0.41629457473754883, 0.40325403213500977, 0.40889501571655273, 0.4015035629272461, 0.39789581298828125, 0.4098682403564453], "mape": [0.20306410685414228, 0.1795427230607185, 0.14688079694526332, 0.13108513164751592, 0.12785131952427817, 0.12691330016924457, 0.12036321935179138, 0.11837188092389428, 0.11188258639376401, 0.11687046054817789, 0.10998986418575948, 0.11033545018632071, 0.11887959937822502, 0.10521762767372039, 0.1060179292120411, 0.10856936710507424, 0.12036449208654015, 0.11701130923684419, 0.11187322242090834, 0.10606909089340907, 0.10497399054672824, 0.10405203689328221, 0.10147952376946862, 0.10168376348156577], "mse": [3.371875076044623, 1.5700244050525987, 0.8291026282051684, 0.6646382396773579, 0.6282568684164127, 0.5882279228369054, 0.540770972796728, 0.529153796583778, 0.49557392777089, 0.5040971766207073, 0.4794464544189236, 0.467742528050663, 0.517579148536941, 0.44954096155417855, 0.4865697645821439, 0.49009193180421845, 0.7685445344693379, 1.166409622400327, 0.7190970238572517, 0.5506668023746324, 0.4753083940508443, 0.4426709127041501, 0.433567403434343, 0.434642255324118], "recauc": [0.7809745444163366, 0.8064179229457445, 0.8416064744133185, 0.8513641958085271, 0.8572351399231924, 0.8606847468131641, 0.8672715022961275, 0.8689172212792856, 0.8727764125537167, 0.8713912414241767, 0.8745347071610697, 0.8760819954292031, 0.8689117624429797, 0.8803893262652732, 0.8750269637331053, 0.8765173118753687, 0.8688190308903875, 0.8734684831339297, 0.8765350101779831, 0.8809073835636225, 0.8812616586066433, 0.8824555473055029, 0.8832565199534028, 0.8829833378119825], "f1": [], "aucrecauc": 0.980945490226337, "aucloss": 0.6826234819949074, "convergence_rate": 0.8428291684252103}