{"bestEpoch": 17, "lastEpoch": 27, "mae": [1119.9519499080873, 805.7593128728588, 548.0013687724942, 352.52045604715164, 218.63711247894793, 133.86621055199998, 90.38156544402545, 70.4496460975, 62.52837222562732, 59.41412672995949, 58.24138242728241, 56.62310190130556, 57.06147051701041, 58.28698921645486, 57.74823482169445, 57.55229979971411, 57.345813598203705, 57.39246187315162, 56.731920369215274, 56.771351810582175, 56.780360509118054, 56.72809586116667, 56.73187985949073, 56.746641108386584, 56.733927459087965, 56.7170219677662, 56.73066579397107], "medianabsoluteerror": [979.103637578125, 707.7354128320312, 488.1812748203124, 319.733520390625, 202.03576677343744, 126.82946806249993, 85.09814423437501, 65.81469721093754, 56.852173031250004, 52.74475067968751, 51.15588349218751, 49.068725414062556, 49.445678882812444, 51.25085489843741, 50.56665032812498, 50.34204113281248, 50.17944294531253, 50.13110304687507, 49.15417492187498, 49.08264118750003, 49.303466625000056, 49.035034007812556, 49.147461109374944, 49.22900350000009, 49.06042521093741, 49.15747028124997, 49.13635218750005], "mape": [0.6762307846796173, 0.48498114104377, 0.32799691456289587, 0.20996053847532656, 0.13027359303405273, 0.08078523065233068, 0.05620833292873153, 0.04518743021135537, 0.04086644874179787, 0.03921543851321635, 0.03862520922108464, 0.03775670807402947, 0.03799229132155423, 0.03865327237959092, 0.03833317286515143, 0.03824797783976243, 0.0381123449018368, 0.0381652866462174, 0.037825998083937225, 0.03783508117685137, 0.037829884758185196, 0.03780730400974346, 0.037808367796759904, 0.037816242521030635, 0.03781421322779427, 0.03780508533148561, 0.037813038526658696], "mse": [1401639.4180780705, 729490.5957283974, 341389.8976956676, 143580.69215562174, 56768.18438138575, 22482.77170205397, 10831.195333304158, 7070.0458357223815, 5918.832743826345, 5533.945927889121, 5405.763973577149, 5237.04570667945, 5288.615706569339, 5409.674083752881, 5340.957768350385, 5333.159957988573, 5298.019460224774, 5311.037653462602, 5252.2638974774745, 5249.072450939106, 5244.880433986182, 5241.234709085491, 5245.837433273124, 5241.222180318673, 5242.718457449207, 5240.0551295707255, 5244.73773024913], "recauc": [0.4291322317416927, 0.5888577746663556, 0.7203790453119385, 0.8201237160753112, 0.8884385771910525, 0.9316940434784219, 0.9538824845447508, 0.9640526867501565, 0.9680943057268689, 0.9696843017635097, 0.9702824949161584, 0.9711076440977431, 0.9708838291236531, 0.9702582258225823, 0.9705340163645994, 0.9706342041611569, 0.97073845162294, 0.9707142417945497, 0.9710531793920132, 0.9710323476792123, 0.971028199116208, 0.9710539498394284, 0.9710532682897919, 0.9710452674897119, 0.9710508976823609, 0.9710596689298558, 0.9710533275549778], "f1": [], "aucrecauc": 0.9520781500455184, "aucloss": 81195.7614773359, "convergence_rate": 0.914206590746257}