{"bestEpoch": 37, "lastEpoch": 47, "mae": [], "medianabsoluteerror": [], "mape": [], "mse": [], "recauc": [], "f1": [0.1559551021842067, 0.1741866798864179, 0.1825302960787221, 0.15470716068977178, 0.19411801706716397, 0.23866813205359746, 0.3113470409020202, 0.267783142319808, 0.33364542321157126, 0.36302530682064726, 0.40233417739028543, 0.42158349083237595, 0.34317655260490043, 0.37691038018258805, 0.3989086018154425, 0.44323717779896177, 0.3050298681342326, 0.4529879784992373, 0.461925453108461, 0.46809992184540905, 0.44674703340128447, 0.4461227681235309, 0.4610171140504702, 0.3142616235396332, 0.5022824366356767, 0.5298342616221847, 0.4827737015477132, 0.5121669242872892, 0.5355286307070877, 0.535096629734361, 0.44434217240248813, 0.5241946730621676, 0.5143433277661057, 0.5383522411960426, 0.5380038013857954, 0.5397660321741269, 0.543080418800639, 0.53697468671073, 0.542034861289875, 0.542185610317528, 0.5412098348901133, 0.5410870060748798, 0.5429392792865754, 0.5430177400255329, 0.543118218321948, 0.5433038152968198, 0.5417786042066107], "f1auc": 0.7973301868103387, "convergence_rate": 0.7166437707427458}