{"bestEpoch": 75, "lastEpoch": 85, "mae": [0.7119420214375992, 0.6995380216005085, 0.7029835200658298, 0.7109080231804408, 0.6145891314603895, 0.5652679433398309, 0.5438527892064808, 0.5218512644024815, 0.5065221952897386, 0.500889848231468, 0.4924244549483026, 0.479220219904222, 0.47508905418284475, 0.4853340282426303, 0.47769001821676926, 0.485614502230386, 0.48533250693445873, 0.4511225945009101, 0.4467012083752264, 0.4417365493553273, 0.47370391108064464, 0.43483526665313366, 0.44312817509545505, 0.4313270190597074, 0.4377677588120628, 0.4401844120910756, 0.42460089174602744, 0.4244044986646613, 0.4240438752635733, 0.42426255639029103, 0.42577271976033376, 0.4249195424188008, 0.4273227329465261, 0.4248871127573562, 0.418526294756476, 0.4209005207919689, 0.4237408001706811, 0.4200205068712813, 0.4232078932216954, 0.4127304518870385, 0.4165153102077759, 0.4172424884844953, 0.41968689883341453, 0.4136710542863604, 0.4156440605716545, 0.4095373807376328, 0.4145126960040972, 0.4112771795375182, 0.4156674157367265, 0.4099984023183766, 0.4068022317241768, 0.4249657977653534, 0.4189875011002367, 0.40807274459244236, 0.41049618900470036, 0.4064650250899827, 0.40466717298449184, 0.4062879495332269, 0.4145404499524557, 0.4137183533825462, 0.4180847245568194, 0.4047321975047277, 0.40205798543163096, 0.4015564436034807, 0.40302647672044517, 0.4019107976390862, 0.40235917768283075, 0.401047207384418, 0.40083828103569014, 0.4002253670749341, 0.40077337463023555, 0.4005521882189907, 0.39986146920701165, 0.40046368523258224, 0.3999757205632575, 0.4008147044229464, 0.40124108185514173, 0.39988781683577473, 0.40085342344824426, 0.4002140397187162, 0.4003567023488433, 0.40031168593290745, 0.3998443830369953, 0.4003083046098907, 0.4003590364795052], "medianabsoluteerror": [0.5885866284370422, 0.5930235457420349, 0.5716600251197815, 0.616418342590332, 0.5076546192169189, 0.45324828624725355, 0.45378385782241815, 0.42992065668106083, 0.4014244282245636, 0.4025918126106262, 0.39321473360061643, 0.3746409070491791, 0.38032752752304066, 0.3939928567409516, 0.37530843734741204, 0.3996007859706879, 0.39965927600860585, 0.356321816444397, 0.3481368112564086, 0.34826380491256714, 0.38523410320281976, 0.33751845836639394, 0.3491602420806884, 0.33517269611358635, 0.3430269503593445, 0.33969211816787725, 0.328715181350708, 0.3286531281471252, 0.3244197487831116, 0.33103843927383414, 0.33307250738143923, 0.331967499256134, 0.32615468502044687, 0.33453275203704835, 0.31727263569831843, 0.32589054107666016, 0.33342865943908695, 0.32448059678077695, 0.3331494927406311, 0.3172063946723938, 0.317508430480957, 0.32417593717575066, 0.3284577608108521, 0.3212222588062287, 0.3189725470542908, 0.3123342275619506, 0.3207240772247315, 0.3134460687637329, 0.32443665146827694, 0.3158283114433289, 0.3104609322547912, 0.335289113521576, 0.3315967774391174, 0.3162616419792176, 0.3165310740470887, 0.3105713009834289, 0.3105105757713318, 0.3092976999282836, 0.322438702583313, 0.3173238140344619, 0.32844322443008434, 0.311680223941803, 0.3069588589668274, 0.3043947160243987, 0.3094770073890686, 0.30853486776351924, 0.3071302950382232, 0.30655781388282777, 0.30637939453125007, 0.30599638700485227, 0.3067381513118743, 0.30479452610015867, 0.3059898018836974, 0.3058139264583588, 0.3065989911556244, 0.3071536540985108, 0.3081737995147704, 0.3063658744096756, 0.3071810340881348, 0.30652289390563964, 0.30704770088195804, 0.307137370109558, 0.30562255859375, 0.3068520259857178, 0.3067728996276855], "mape": [0.9995317965188183, 1.0516809282000947, 0.9374278829031919, 1.086969066544845, 0.8724148621204847, 0.727244576292966, 0.7950720473058053, 0.7321420875311907, 0.6449617745927116, 0.6831901952166278, 0.668530049783757, 0.6117114567381563, 0.6691638182169963, 0.704298236045847, 0.5826760604459795, 0.734539090521632, 0.7455023921730922, 0.6176046370249731, 0.59368486655429, 0.6204151021456519, 0.7062358816369155, 0.5971192703996883, 0.6279353061551641, 0.5825644486101095, 0.6048380565353025, 0.5412794286438304, 0.566933691797698, 0.561779698708484, 0.5378199723258966, 0.5977083191782339, 0.5928999634023053, 0.6045658251799653, 0.5608007341419237, 0.6052591113983187, 0.5330803644588575, 0.5915475168809906, 0.5928403426656401, 0.5562534830522251, 0.6191836427980122, 0.5580371314139686, 0.5522454714189197, 0.5846076913782474, 0.577704894552189, 0.5791434074291212, 0.5312610650410755, 0.5513436396241428, 0.527445929431802, 0.5530103109110575, 0.5686849640941103, 0.5685958649980433, 0.5486673251660409, 0.6104590058583572, 0.6034283741453044, 0.5508591901302858, 0.559160178087816, 0.5561496209406642, 0.5329847329563913, 0.5390329205354832, 0.566757919958975, 0.5309784651646511, 0.5942362268606106, 0.5512778983299239, 0.5332201511789169, 0.5229237282852643, 0.5449023363105859, 0.5418228031255133, 0.5252721786151638, 0.5355605376160546, 0.5348838850437687, 0.536537858494908, 0.5365219215553373, 0.5282592531776021, 0.5298691317057047, 0.5341700863196451, 0.5376673166007289, 0.5374431632696312, 0.5417678365056542, 0.5364783534693911, 0.5383874138942938, 0.5370785227510854, 0.5397607415037983, 0.5382954934543576, 0.5379055499349796, 0.5356963870039053, 0.5370399497641394], "mse": [0.8445636725163915, 0.7882691929950848, 0.8408724830750798, 0.789591537270342, 0.626943278092463, 0.5439329087906265, 0.48244042339548543, 0.4506227404902528, 0.4442787150183654, 0.4275184030970227, 0.414362771398743, 0.4000537622289621, 0.3840895213163568, 0.3927774567006953, 0.3986891124098509, 0.38791504195004384, 0.38662507356261455, 0.3506924394123085, 0.3473681616565854, 0.33637881155141414, 0.36991990767367233, 0.3325794765562039, 0.3364685516213788, 0.32797916080241213, 0.332597182924734, 0.34287944892436373, 0.3176766431384841, 0.3180474767325368, 0.32057257807973316, 0.3149723394593671, 0.3150919773357803, 0.3140468970026243, 0.3239868010761237, 0.3129916205918362, 0.31543932403378366, 0.31096613263633194, 0.31109406208761614, 0.3107186763643361, 0.30903883688961603, 0.30392076142490876, 0.310454133001311, 0.30519469937444293, 0.3052332392352063, 0.30099692229379055, 0.3050625129155685, 0.2996244675988495, 0.3012132023766884, 0.30352377938046116, 0.3006243482930385, 0.29912250009224756, 0.2955114166768492, 0.31076831709683683, 0.30323888341966576, 0.2938990088332871, 0.2995673135355884, 0.29553484387218887, 0.29081305203439184, 0.2964205870773546, 0.2998829268811071, 0.30432485716303365, 0.3036641229361064, 0.28903453203031554, 0.28851557664718835, 0.2901502001712874, 0.2871393929386697, 0.2868661765862175, 0.28846704371244913, 0.2857121620777799, 0.2859285334288121, 0.2853438124311941, 0.28613306513232944, 0.28712882004629475, 0.2855550085978665, 0.2855589967143013, 0.28445528272162585, 0.285289435931973, 0.28542116469852336, 0.28428807113683396, 0.28543661987044466, 0.2846743573501465, 0.2847226152407779, 0.28501378596553784, 0.2841293966546663, 0.2845879017620117, 0.2849838372939802],