{"bestEpoch": 52, "lastEpoch": 62, "mae": [1.2193422356791157, 1.1151379997603188, 0.6358084224811584, 0.5821373289674162, 0.5853338120649084, 0.5245474360466331, 0.4994455783423631, 0.4791544891492305, 0.47903530465914057, 0.4736208552312409, 0.46388448475563687, 0.4606823959671424, 0.4638666451857174, 0.450835983817863, 0.48624318357271873, 0.4633005926627864, 0.48589899373799306, 0.4636938586662285, 0.4334672957484844, 0.4322337000958501, 0.4307024850495034, 0.43386375228850405, 0.4273688431421261, 0.4486067899919399, 0.42721850643688325, 0.42998150341951924, 0.42878936010662566, 0.4279991630995515, 0.4274072896726263, 0.4394516092864173, 0.4270406525608931, 0.422050344710738, 0.4222806090143101, 0.4220111757220168, 0.4222459016368432, 0.4226101231337658, 0.4229054080224553, 0.4229862029471432, 0.42158880947465305, 0.4219322301987066, 0.4212035352816256, 0.4213550282310384, 0.42114401690296155, 0.4218001173322568, 0.42163228153814125, 0.42138504237192337, 0.42145277256413993, 0.42149274094670325, 0.42159715502523204, 0.4212633474888852, 0.4213693264706864, 0.42184618171694516, 0.4215557194640045, 0.4214419785783416, 0.4212889261275192, 0.42131136865743524, 0.4218329477261073, 0.42145256491980926, 0.42156623525387066, 0.4213472371080099, 0.4215428738343605, 0.42114315636985455], "medianabsoluteerror": [0.9067997932434082, 0.877082347869873, 0.48219823837280273, 0.4352426528930664, 0.45274901390075684, 0.40821242332458496, 0.3936445713043213, 0.3809633255004883, 0.38598012924194336, 0.39101743698120117, 0.37651824951171875, 0.3597722053527832, 0.38669300079345703, 0.36592864990234375, 0.4065546989440918, 0.3760843276977539, 0.39739322662353516, 0.3669924736022949, 0.3527500629425049, 0.3570270538330078, 0.35173749923706055, 0.35216188430786133, 0.34361839294433594, 0.37355494499206543, 0.3470773696899414, 0.3548765182495117, 0.353853702545166, 0.34756898880004883, 0.3437826633453369, 0.3650074005126953, 0.34712743759155273, 0.3442254066467285, 0.3446497917175293, 0.34305477142333984, 0.3442835807800293, 0.34443140029907227, 0.34568023681640625, 0.34642887115478516, 0.343691349029541, 0.345583438873291, 0.3415191173553467, 0.342515230178833, 0.3427443504333496, 0.34606409072875977, 0.344132661819458, 0.34273838996887207, 0.3438739776611328, 0.3430747985839844, 0.3413987159729004, 0.3416938781738281, 0.3443179130554199, 0.3426327705383301, 0.34634923934936523, 0.3428950309753418, 0.34427404403686523, 0.34296703338623047, 0.3439335823059082, 0.34401941299438477, 0.34247851371765137, 0.34355998039245605, 0.344205379486084, 0.342440128326416], "mape": [0.2623539894719506, 0.22484863232074961, 0.13387899805266273, 0.11532949863284106, 0.11391717468365707, 0.10345494715739022, 0.09963728526065235, 0.09678299938844902, 0.09848084568188208, 0.09832049743205695, 0.09544510323690701, 0.09176472522339738, 0.09668433076218527, 0.09166363461245858, 0.10167940621082718, 0.09372542815319872, 0.10147105294102175, 0.09123216049989004, 0.08792521493028446, 0.08778362057632325, 0.08776900847211663, 0.08895762273464332, 0.08637145640366453, 0.09443349104279505, 0.08715639056905883, 0.08836609801765138, 0.08786641282199834, 0.08656259421293042, 0.08677935775675341, 0.09154167908828204, 0.08680870660279062, 0.08571149097501422, 0.0859046454159147, 0.08591184067415898, 0.08593077182390978, 0.08619812249137, 0.08629619852651592, 0.08642641329931411, 0.08574703861577204, 0.0860389652078675, 0.08563803297431856, 0.08570298856793464, 0.08561090462414228, 0.08607071687153182, 0.08595936248676013, 0.0857464652913674, 0.08587267529811032, 0.0858227870905244, 0.08599744582132167, 0.08568567929375089, 0.08577255381575072, 0.08604257185350876, 0.08590120654873909, 0.08582511513335284, 0.0857986532496163, 0.08576459356884233, 0.08603320673518568, 0.08587079064087842, 0.08591191942554896, 0.08578901909886963, 0.08590332461877066, 0.08567932151916265], "mse": [11.421679410010599, 6.018459903387844, 1.5565232817766317, 0.8068240228497452, 0.6213391170342122, 0.48094110177389765, 0.4312912073298146, 0.39333423109665516, 0.3846511352250545, 0.3732508585456182, 0.3604892632175581, 0.36461614895414896, 0.3563828834839941, 0.34271208840486944, 0.3804801726059438, 0.35827789496844814, 0.38349257437877504, 0.36344793793060676, 0.3161544691477703, 0.3139658465931628, 0.31146801158938975, 0.3135261347150994, 0.3076067183920131, 0.32642691231866233, 0.30576330658773504, 0.3065310856824474, 0.3057667511303035, 0.30780405859571897, 0.30635919105403975, 0.3168023389432231, 0.3053170974504325, 0.299608505035849, 0.29920705264840763, 0.298681650551224, 0.2994706042946914, 0.2993160565182773, 0.2994336681355531, 0.29936878174673753, 0.29823511682071596, 0.2982337649923969, 0.297925846418075, 0.29820411823964144, 0.29799904070648947, 0.29820982626784526, 0.29816790350930705, 0.29793109707997395, 0.29797876935849116, 0.29811332464707335, 0.2978697430197001, 0.29810426292253983, 0.2980674027264614, 0.29829993112394615, 0.29810088169750504, 0.2981722336303253, 0.297791867962141, 0.2980414889541279, 0.2982664483520621, 0.29795803944906635, 0.2980099634094133, 0.29796947013987773, 0.29808340325615684, 0.29798288703232084], "recauc": [0.7454194441071296, 0.758543722549392, 0.8588346132931178, 0.8670918241841349, 0.8644601844324494, 0.8780065098854548, 0.8838376971923076, 0.8885581829724339, 0.8885861294677357, 0.8898441680762653, 0.892108967161735, 0.8928539438221199, 0.8921132243674077, 0.8951445264677514, 0.8869081037866917, 0.8922456097309011, 0.8869887847006465, 0.8921530498398278, 0.899184511654049, 0.8994705684093984, 0.8998275900367243, 0.8990914024461149, 0.9006023328045129, 0.8956625665999487, 0.9006368367698425, 0.8999949943501044, 0.900271403728083, 0.900455184550381, 0.900593440737826, 0.8977923024022278, 0.9006784818543647, 0.9018387763939457, 0.9017855269907356, 0.9018483551067088, 0.9017930800975739, 0.9017087942917188, 0.9016408506624779, 0.9016215559077364, 0.9019457215203155, 0.9018669975476779, 0.9020367021254133, 0.9020006532064123, 0.9020495767393424, 0.9018973129719426, 0.901936554795198, 0.9019921044627635, 0.9019779252212897, 0.9019680718500961, 0.9019444512250745, 0.9020215959117367, 0.9019967393237779, 0.9018862923024195, 0.9019540299378376, 0.9019803971471642, 0.9020169267184186, 0.9020098885961373, 0.9018890045544203, 0.9019781998797203, 0.9019517640057861, 0.9020026788123371, 0.9019579094881682, 0.9020501603885072], "f1": [], "aucrecauc": 0.9901629241747201, "aucloss": 0.5382074943819566, "convergence_rate": 0.9484749791624066}