{"bestEpoch": 74, "lastEpoch": 84, "mae": [1487.710920086762, 1410.7060023892793, 1341.5535172185616, 1279.8602925097223, 1220.4509569565175, 1166.7764721248843, 1117.806051570052, 1069.6023094006366, 1026.943392182393, 982.9786295955873, 943.26026213682, 903.2886960108797, 863.6007092758535, 828.344017336111, 790.0420529263889, 752.873996104919, 718.174746728834, 683.5982644245081, 647.689198199103, 615.4663557695325, 581.5939235321192, 546.5335326903183, 515.2686747439399, 482.75724091429055, 454.17715405406017, 425.05741855825926, 398.4618379909988, 372.5147770463391, 348.6621441805255, 324.8053417893345, 302.9649568252176, 284.4428146089745, 261.6390861656713, 245.06266325948727, 227.5992583664074, 211.2867647140405, 195.3032575894016, 181.9754163160324, 168.57426317649072, 156.1276139974734, 145.7473259661273, 137.11592125388773, 128.1807197575706, 119.57827057305903, 112.33655129881714, 106.32279232828937, 100.52598214440741, 94.70487117953937, 90.92498050102198, 87.01319312000231, 83.29648932673958, 80.50082484744675, 77.5067866887361, 75.27184387115047, 73.16284707075116, 71.43968405748264, 70.11153547516088, 68.51371874321413, 67.50074037273032, 66.37877426298033, 65.98031068487153, 64.68978856740509, 64.71061585989352, 64.41333470107986, 63.70702598090973, 63.41365964313079, 63.47995476429167, 62.694721872604156, 62.439684274690975, 61.74774889031482, 61.539705433651626, 61.60977827743634, 61.98223529137037, 61.673245436785884, 61.37630744747454, 60.82020047778588, 61.24452663227083, 61.56803335900231, 61.65334150140857, 61.291893077788195, 61.47489602534721, 61.36331790059259, 61.377087015899306, 61.369731185640056], "medianabsoluteerror": [1306.4467160742188, 1236.5297089169921, 1173.7080997714843, 1119.6329954882813, 1066.739593388672, 1020.1018985996093, 977.0821534375, 934.6957402148437, 897.6735840390625, 860.0347905078124, 825.2269896289063, 790.9567868203126, 757.3745118359375, 727.0582887539063, 694.218628046875, 662.2304688671875, 632.5265504101562, 603.5713500351562, 573.3588868984375, 546.3345341601562, 517.639037671875, 486.6444699804688, 460.0974125156249, 432.1304320742188, 408.3019405664063, 382.7968749375, 360.0230715781249, 337.1251224765624, 316.07568353125, 294.8864744296875, 276.0449217578125, 259.395751890625, 239.02148443750002, 224.93249470312503, 209.4765626796875, 195.83154302343746, 181.69567853125, 170.77526860937496, 158.28479032812493, 147.60510300781243, 138.41540562499995, 130.08679187500002, 121.4799800546873, 112.67712407812496, 106.02160673437493, 100.11474562500007, 94.63330042968755, 89.10430931640622, 85.45495611718752, 81.91931146093748, 78.12231485937491, 75.76989728125, 72.98461907812498, 70.70727556249994, 68.58593732812506, 66.71386689843757, 65.28771949218753, 63.69641124999998, 62.40808110937519, 61.34851080468752, 61.03161580468759, 59.376586734374996, 59.36486810156248, 59.07080119531247, 58.45300257031249, 58.03552205468759, 57.93298310937507, 57.06164556249996, 56.81372041406257, 55.93933058593757, 55.69970738281245, 55.698486769531314, 56.2369384765625, 55.91015618749998, 55.28747529687507, 54.77709931250001, 55.349243335937444, 55.55761683593755, 55.74096644531255, 55.32934529687509, 55.445068179687496, 55.37524455468747, 55.37780726562505, 55.27685500000007], "mape": [0.9033847731826495, 0.855637479390513, 0.812845053177107, 0.77473797034488, 0.7381001436874288, 0.7050623002442592, 0.6749926428901645, 0.645433899164778, 0.6193381742503977, 0.5924549743570117, 0.5682274129354239, 0.5438567834506601, 0.5196562052177354, 0.4982002532822265, 0.47488339374489114, 0.45224320339169055, 0.4311681355113929, 0.4101615679334977, 0.388291332979041, 0.3687613581032214, 0.34820675776486015, 0.3268905343882497, 0.30794627749591824, 0.2881425527038133, 0.27089091114047725, 0.2533343818632217, 0.23736540811649515, 0.22179942903021252, 0.2075420801388377, 0.19331605290376044, 0.18030691713105282, 0.16933760228520797, 0.15561455346170552, 0.14589725595553535, 0.1355403455095921, 0.12590153839450371, 0.1164428584877872, 0.1086652023010253, 0.1008315636600198, 0.09357392729329576, 0.08760653801709992, 0.08271788255702642, 0.07762357076053783, 0.07269427836319325, 0.06859525803170184, 0.06519635264222937, 0.06191597420162619, 0.05861772232017102, 0.056512260387998406, 0.05432351495585731, 0.05225025422314964, 0.05070778147535921, 0.04905974464761707, 0.04780951255222367, 0.04664463708156222, 0.045712123432061665, 0.04501122997311221, 0.04408943473893971, 0.04359246254220724, 0.042936839996751235, 0.0427232327147971, 0.042009845923141206, 0.0420416036339646, 0.04186950443540614, 0.04146795458942166, 0.041347707013447636, 0.0414014661103398, 0.04095915198578072, 0.04080902933893825, 0.04042586428005909, 0.04032878658253054, 0.04038532754650061, 0.040577325045810214, 0.040349948643079406, 0.0402476737822569, 0.039929840571103714, 0.04013530975854969, 0.04038979107554766, 0.04040062192868163, 0.04019878184489966, 0.040292147534078275, 0.040241766899413924, 0.04025086126458736, 0.04024670636618123], "mse": [2448996.627683704, 2206431.1066699373, 1999033.0908051962, 1822375.3304112537, 1659765.5148993141, 1519155.3119613354, 1396033.3729353799, 1279789.4043927672, 1180919.3207819397, 1083159.7727569295, 998290.6666709185, 916355.6546758777, 838499.6379267009, 772124.2906243721, 703157.8166123468, 639374.6260276735, 582424.3061662675, 528353.1237134569, 475134.59204009204, 429584.8573845606, 384243.03985780163, 340015.8820024177, 302827.24748528685, 266658.68701603444, 236514.58619073607, 207610.42300486498, 182851.41919952075, 160159.0405900992, 140639.549301479, 122328.06362878632, 106735.27514162233, 94323.08558252166, 80322.37689028797, 70667.80782530327, 61269.3436799859, 53163.521268988065, 45793.91176086283, 40042.56679637302, 34617.04416252279, 30017.71970519261, 26349.67140862874, 23463.213183451295, 20665.568827193707, 18148.026666083562, 16135.680574047858, 14558.461196500006, 13127.95238909315, 11779.71843846441, 10931.679115480143, 10110.866016747284, 9346.323163689382, 8816.364757288464, 8259.514542102135, 7861.2123198699865, 7498.1552645399115, 7219.682827399246, 7004.773125757459, 6752.352920912677, 6618.5171936296965, 6436.0097648178735, 6374.860116212931, 6197.827776739459, 6206.604711516117, 6163.260042057717, 6051.640015784915, 6027.770030401234, 6041.277187911755, 5931.948859065922, 5891.237607036028, 5810.584972681992, 5775.176370876658, 5792.165785533543, 5838.265159033506, 5781.643496801114, 5768.697431035746, 5686.442067370353, 5727.486889999873, 5803.643475627292, 5791.311516077892, 5744.407056789811, 5765.795436451746, 5752.272602854011, 5756.710419185088, 5755.158839427045],