{"bestEpoch": 2, "lastEpoch": 12, "mae": [0.5701130785426982, 0.576994832213458, 0.7013087793861913, 0.6455566576289128, 0.7074781864996037, 0.7388868531800961, 0.7227649649381777, 0.6827656620854565, 0.6336970846868905, 0.6558793511621679, 0.6397858197079509, 0.6251843264350216], "medianabsoluteerror": [0.47425454735755923, 0.4951973509788513, 0.6091344332695008, 0.5090275251865386, 0.5880235505104066, 0.5813556861877441, 0.6100989675521851, 0.5611007046699523, 0.5193760001659393, 0.558902132511139, 0.5410362243652344, 0.5195685625076294], "mape": [0.7774154264392131, 0.8725985485183784, 1.0907039932381775, 0.75547576960795, 1.0093661293829694, 0.9834920387166869, 1.0667235070539902, 0.9399457916908143, 0.8368155353764855, 0.9298661940111946, 0.8830060208034478, 0.8299409615750557], "mse": [0.5391337226565697, 0.5303203076731857, 0.7554433611709375, 0.7234157250045168, 0.8244394866893102, 0.9564252544548757, 0.8503507187545079, 0.7832930555892075, 0.6710455725974442, 0.6792464087309862, 0.65700499916652, 0.6416475371520902], "recauc": [0.8674026535262418, 0.8658019901844176, 0.8368910121149208, 0.8498683684088177, 0.8354630056831998, 0.8281751585544508, 0.8319110989956258, 0.8412107074545269, 0.8526191732529758, 0.8474565528600719, 0.8511995140180486, 0.8545953890544948], "f1": [], "aucrecauc": 0.9748639767454289, "aucloss": 0.7292159563396203, "convergence_rate": 0.44437563767654864}