{"bestEpoch": 82, "lastEpoch": 92, "mae": [0.6880783750589025, 0.594219019098694, 0.5492716405501508, 0.5236243341244138, 0.5145536933144506, 0.496462677696143, 0.4889319553693865, 0.4827313757805949, 0.4790324557442382, 0.4761611114811344, 0.47151086354428234, 0.4680562253275022, 0.4755063110165238, 0.463143126213023, 0.46097953603030906, 0.45879727577427554, 0.4572108847260221, 0.46471225083169665, 0.4564849367025854, 0.45382615613449745, 0.4552416840647954, 0.45549945520679724, 0.4549977709154864, 0.4478821054317503, 0.44891264997632496, 0.44625002875054176, 0.4454938983405013, 0.44316663838185383, 0.44737586815242353, 0.44491559480999404, 0.44264016714251764, 0.43866572225124256, 0.44358495735939946, 0.44399489527462405, 0.4401719510534314, 0.43505871857943457, 0.4439981610744315, 0.4370641206256767, 0.4381614779180109, 0.43472487659768266, 0.4317480007367978, 0.43278732992797597, 0.4319273464374196, 0.4357256721415314, 0.4293243032902702, 0.4314047648642722, 0.4367507242982551, 0.43477227863541373, 0.42641322557214406, 0.4269932535638393, 0.4425223913824097, 0.4293456007642407, 0.4251492639053442, 0.42637867019096665, 0.4230800418209587, 0.4250721631267232, 0.42646519309408254, 0.4250170336870575, 0.4209213594416803, 0.4212722619958967, 0.422410102145773, 0.42569820938363534, 0.4204481961050061, 0.4300867324315652, 0.42809344003078287, 0.4233297991882536, 0.4246455014229805, 0.4213862856810136, 0.4212797879791006, 0.4216407133509099, 0.4192659599745096, 0.4165818923643041, 0.4172089003231098, 0.41805343611736684, 0.42626668205326246, 0.41580552333856, 0.42184796775637445, 0.424319864558615, 0.41883042135973714, 0.4177271392027218, 0.41816378749021643, 0.41762173441188866, 0.4180189446613996, 0.41775757758628185, 0.4174945161210822, 0.41675633452752664, 0.41785908893549645, 0.41903007396192865, 0.41839547987465453, 0.41824701331031694, 0.41817569074653005, 0.4181091374278664], "medianabsoluteerror": [0.5624385356903076, 0.48399682044982906, 0.44569909334182745, 0.42398557662963865, 0.4191154718399047, 0.39705674648284894, 0.3925016164779662, 0.3864531040191651, 0.3853120088577271, 0.38420964479446407, 0.3789503574371337, 0.37490626573562624, 0.38965585708618167, 0.37094181776046753, 0.3691231060028076, 0.36664090156555185, 0.36659283638000484, 0.3809178113937378, 0.36881984472274776, 0.36511385440826427, 0.36950853347778323, 0.370577621459961, 0.3712665081024169, 0.3597739887237549, 0.36295254468917837, 0.3591003179550172, 0.35874320030212414, 0.35471617221832275, 0.3648240566253662, 0.36141519546508794, 0.35839060783386234, 0.3502456426620484, 0.3608668804168702, 0.3625165033340454, 0.3562797069549559, 0.3464816403388977, 0.3640756607055664, 0.3535622119903564, 0.35588850021362306, 0.35124758243560783, 0.3415487122535706, 0.34817941188812274, 0.34735484600067146, 0.3544371843338012, 0.3435618495941162, 0.34786272048950195, 0.35590015649795537, 0.3547643899917603, 0.34000453948974607, 0.3414252948760985, 0.36479131937026976, 0.34843599796295166, 0.34072105884552006, 0.3420908451080322, 0.3343760919570922, 0.34210557937622077, 0.3440644502639769, 0.3423159360885619, 0.3310723900794983, 0.3346724390983581, 0.3379738855361939, 0.3431824326515197, 0.3344907855987548, 0.35085866451263437, 0.3481920480728149, 0.3418609142303466, 0.3432683539390564, 0.33855424404144263, 0.33886952400207515, 0.3391066670417786, 0.33453822851181036, 0.3298527121543886, 0.3303649425506592, 0.3331539154052735, 0.3468226814270019, 0.32489387989044183, 0.3398183441162109, 0.34449803829193115, 0.33574314117431636, 0.33367378711700435, 0.3347687387466431, 0.3335824370384217, 0.33455420732498165, 0.33374393701553345, 0.3334005236625672, 0.33100988864898695, 0.3340704560279846, 0.33639532089233404, 0.33522038459777836, 0.3349778366088867, 0.334855489730835, 0.3347266912460327], "mape": [0.35816630141605627, 0.31505378160484376, 0.2896813842360493, 0.2743796260401369, 0.27985250068807993, 0.2585067447514719, 0.25802496190893603, 0.2536642769978871, 0.25467796830037787, 0.2556349313250905, 0.2514548449171083, 0.24769008457950276, 0.2615741883601219, 0.24591968727123178, 0.24449241756709425, 0.24337489639716636, 0.24263399709316802, 0.2545307688224825, 0.24544921871235312, 0.24240962832826685, 0.2458294134180069, 0.24712739156600075, 0.2474251103862344, 0.238282624258645, 0.24074379964512277, 0.2379592231377298, 0.23832957402903165, 0.23445971816088626, 0.24267670026503818, 0.23986396459793077, 0.23769070831535263, 0.23148755684316133, 0.23969044876798026, 0.24137126680658955, 0.23671772799539903, 0.22901002363077416, 0.24284188971926696, 0.2335104502649703, 0.2364554771149659, 0.23250400300382057, 0.22408937901395176, 0.23082470237750485, 0.2295993444437448, 0.23462869065169828, 0.22754891685251305, 0.23092671329938863, 0.23692979868239233, 0.23635387596656227, 0.22461959206617665, 0.22561703966789673, 0.24348350038879418, 0.23125650616387494, 0.2258360461123981, 0.22624681953503473, 0.21885689646267265, 0.22676960984513142, 0.22827951422842133, 0.22711369063992287, 0.21711389977618048, 0.22083368728096422, 0.22431988793649496, 0.22774130047770555, 0.22131168939081827, 0.23400231435040014, 0.2319581845442049, 0.22693723285347286, 0.22825195227197367, 0.22602693421671124, 0.2253912967074382, 0.2254363806031482, 0.22195323603949227, 0.2183520686576775, 0.2182601533865812, 0.22076185158901998, 0.2317672437571215, 0.21342155392919124, 0.2256811045615593, 0.22991946574948796, 0.2228786660808196, 0.22127412792558723, 0.22193050170851847, 0.22133835265962973, 0.2219122222198516, 0.2211704976880201, 0.2209094110330269, 0.21913638736141633, 0.2212570610821077, 0.22304228856388855, 0.22219005610632794, 0.22203708647501713, 0.22193111060300244, 0.22185107521093309], "mse": [0.7854011006463053, 0.5890437643667814, 0.5066262565453661, 0.4642861501479519, 0.4435717103891695, 0.42316418743956785, 0.40960201921253614, 0.4014510981697572, 0.3931291534783793, 0.38738112734941577, 0.3820755612152906, 0.37840722739804367, 0.3787112201426349, 0.37082993061437647, 0.3678365942772484, 0.3652487605617344, 0.36240938382349513, 0.3630772277884592, 0.35722059586243315, 0.35528192299752953, 0.35368886767168717, 0.3525076985962117, 0.35106256019528587, 0.34773468996401397, 0.34613727804274064, 0.3442104919338793, 0.3425440910440531, 0.34174907890299144, 0.3405016637189708, 0.33853548213089546, 0.33672806389030485, 0.3360010704307829, 0.3352443156290736, 0.33434349809720304, 0.3319696567197235, 0.33129795363932296, 0.3321842221714978, 0.32854663243809545, 0.3276527902839418, 0.32559355342392665, 0.32840560171680533, 0.32358345274991973, 0.3227153937205385, 0.32362082228985084, 0.32064810015495837, 0.32024173858166344, 0.3228844368419567, 0.3203902207100899, 0.317550275252092, 0.31687824248857765, 0.32622676185518507, 0.315334191077757, 0.3136376668321734, 0.31435666944667784, 0.3162265617615096, 0.3119275516507351, 0.3124705196280287, 0.3112398131130625, 0.314105260587314, 0.3105775557468704, 0.3092018637605654, 0.31085360152424196, 0.30848128779480144, 0.3128262625181665, 0.3111753043133107, 0.30773280636235967, 0.30850080413294867, 0.3058589029535537, 0.3057329054896655, 0.3061039113698816, 0.30514424896177383, 0.3045368534864283, 0.3047769136642903, 0.3038990184996405, 0.3083523617923113, 0.30779431330277063, 0.3055403109696305, 0.30627084548627487, 0.3031181393704271, 0.302749594131802, 0.30287925121637904, 0.30259113976759144, 0.30268212722679433, 0.302828868767293, 0.3026341830553393, 0.30293062650700575, 0.302854306172644, 0.30321840627271784, 0.3029408696771667, 0.30285346208682956, 0.30283022289883593, 0.3027978860729195],