{"bestEpoch": 66, "lastEpoch": 76, "mae": [3.0117190862148027, 1.1449565784222393, 1.0168489320986958, 0.811853414473667, 0.7676556527798748, 0.764209318981521, 0.8016096159964134, 0.8579064539892338, 0.6446524751051325, 0.6574693549919325, 0.701515781277854, 0.571763131804598, 0.6123024014787415, 0.623285994716334, 0.5554908662957708, 0.5758581298694061, 0.5739572730786278, 0.691789884297986, 0.585112272854159, 0.569836187313563, 0.6219921450904665, 0.5374615333189148, 0.5513139854703537, 0.6202281984806551, 0.5367686845083397, 0.5427473634532584, 0.6160764779334129, 0.5653240517820233, 0.5524323961802704, 0.5364497503054089, 0.512423568970143, 0.5178655167850399, 0.5113315848276209, 0.5301158767854721, 0.5149626561632035, 0.5158341369635454, 0.5187015276449553, 0.5146405786899942, 0.5125761530549101, 0.5100476503617731, 0.5099621566349478, 0.516295114170838, 0.5183454963541342, 0.5252062798037466, 0.5140083291217138, 0.5103691981250463, 0.5095104945307534, 0.5101547293592636, 0.510393677975687, 0.5094875981625191, 0.5088752357156834, 0.510350824261792, 0.5086218526671934, 0.5083529526042316, 0.5084629255269264, 0.5082053187946827, 0.508249239622012, 0.5082810159160065, 0.5083733015849424, 0.5084581127945926, 0.508449543885173, 0.5084669394383429, 0.5084041084082643, 0.5083529950006697, 0.5084128555791549, 0.5085361706936355, 0.5084799937763208, 0.508474326567514, 0.5084925524524672, 0.5084840928898453, 0.5085024919617925, 0.5085181050639442, 0.5085366920552383, 0.5085330384316986, 0.5084066690549055, 0.5083819908085779], "medianabsoluteerror": [2.8104891777038574, 0.8849594593048096, 0.797600507736206, 0.6177730560302734, 0.5957231521606445, 0.6058182716369629, 0.6457390785217285, 0.7093868255615234, 0.4965400695800781, 0.5288283824920654, 0.5764966011047363, 0.4426755905151367, 0.4919772148132324, 0.5030679702758789, 0.4415435791015625, 0.4417877197265625, 0.4744300842285156, 0.5631811618804932, 0.4627251625061035, 0.4521346092224121, 0.4987640380859375, 0.42237091064453125, 0.43512511253356934, 0.5028996467590332, 0.42947864532470703, 0.4176173210144043, 0.5011014938354492, 0.4570784568786621, 0.4233870506286621, 0.42089319229125977, 0.4005565643310547, 0.405670166015625, 0.4062643051147461, 0.42236828804016113, 0.40572547912597656, 0.4065699577331543, 0.4217648506164551, 0.4124741554260254, 0.41826820373535156, 0.40394163131713867, 0.4012594223022461, 0.4134197235107422, 0.4066143035888672, 0.4301290512084961, 0.40975284576416016, 0.396517276763916, 0.4053816795349121, 0.40338993072509766, 0.3978443145751953, 0.40100622177124023, 0.40570068359375, 0.4050424098968506, 0.4010930061340332, 0.4020531177520752, 0.4035301208496094, 0.40308332443237305, 0.4023618698120117, 0.40307188034057617, 0.4053056240081787, 0.4044966697692871, 0.4050636291503906, 0.40439367294311523, 0.4032444953918457, 0.4023313522338867, 0.40468597412109375, 0.40514707565307617, 0.4041018486022949, 0.40371036529541016, 0.40410327911376953, 0.4037504196166992, 0.40453100204467773, 0.40341758728027344, 0.40352892875671387, 0.40354490280151367, 0.4026374816894531, 0.4027562141418457], "mape": [0.5653194578241894, 0.21282911394347132, 0.19194342453534083, 0.16428755573542997, 0.15792323411155862, 0.15402067526440621, 0.15678080815982728, 0.1618988949953126, 0.13632974991439717, 0.1291162099775863, 0.13648660543677166, 0.11750583807792504, 0.11947760733627305, 0.12114056958336406, 0.11476112714736744, 0.11296684241913454, 0.12253351373036638, 0.13596774037615236, 0.1170881719939853, 0.11474551344134942, 0.1196236872489976, 0.1075170030600266, 0.1094583347795548, 0.11831951694018296, 0.10968907656365517, 0.10751142257926823, 0.12166207099621287, 0.11886740106995329, 0.10918893771095088, 0.10644591145352152, 0.10397231930297576, 0.1039753479180601, 0.10448682087734495, 0.10635812209430281, 0.10433710760018572, 0.10538677892003678, 0.1079451132764913, 0.10474940159422788, 0.10544812293846383, 0.10368260592113711, 0.10376914829534246, 0.10675783606853284, 0.10351938463050991, 0.1094744241088308, 0.10574325612645565, 0.10385773789883164, 0.10398775096007194, 0.104183213826808, 0.10390247012141414, 0.10343926784799505, 0.10301495475772103, 0.10297022890313091, 0.10316226403673578, 0.1033710863562365, 0.10349688815742238, 0.1034882819307656, 0.10351301634580361, 0.10348149395184932, 0.103539756802993, 0.1035616419650126, 0.10357522333982123, 0.10356745540099165, 0.10350098808350906, 0.10350873551213985, 0.10355955813513432, 0.1036245951316252, 0.10357328940293964, 0.10357339349784199, 0.10359739814160794, 0.10358818061305852, 0.10360657680631595, 0.10358012481632133, 0.10357466459711918, 0.10358923640980862, 0.1035255790598374, 0.103467400441937], "mse": [23.84576050770371, 10.424185398300974, 7.419168729187007, 4.301649416695859, 2.874825844625677, 2.09764709308762, 1.8098165928113916, 1.4367942560284135, 0.838746887106033, 0.7938618362595365, 0.8526893240069421, 0.5878250640414215, 0.6449975855946184, 0.6568915834514679, 0.528423992893918, 0.5753236212799245, 0.5444954824402182, 0.7778039994565346, 0.5774491387708032, 0.5536742794180329, 0.6440672746547147, 0.4999706541067847, 0.5261150900883944, 0.6439689161736822, 0.4895857065163738, 0.5097329090172952, 0.6382363927100744, 0.5274476873497022, 0.5286223480433261, 0.5010280913508075, 0.45657157342739063, 0.46547848924517743, 0.4511909560731796, 0.4818141482579648, 0.4564427324748215, 0.45632457199872406, 0.4561717686048921, 0.45343678289057276, 0.4484266229805817, 0.4475664917930713, 0.4490136566969584, 0.4528768127959122, 0.46517640851907754, 0.4611518912704757, 0.4498384012225101, 0.44759996561215837, 0.44655217308633044, 0.446248863784787, 0.4471497396043161, 0.4471126051558672, 0.4470843188252496, 0.45024478898657144, 0.44609379802144716, 0.44494191893837237, 0.4447721297677794, 0.4444457721418804, 0.4444586477432813, 0.4445608577582149, 0.4445674836689223, 0.4446347037204942, 0.4445694739737534, 0.44463112474957844, 0.44466291458769336, 0.4445727586682889, 0.44456781331692635, 0.4445637994841209, 0.44460011125949156, 0.4446123070142064, 0.44459474096080626, 0.44458161996332346, 0.4445608309007357, 0.444625161095872, 0.4446609698652866, 0.44462652340159375, 0.4445833059933303, 0.44464645362112903], "recauc": [0.3495680155039191, 0.7603882427377651, 0.785089219529574, 0.8265309881485918, 0.8327231796300124, 0.8304740360750803, 0.8201449221475529, 0.8039431303240177, 0.851945527542799, 0.8483792079860235, 0.8378654892609068, 0.8674517125588289, 0.8578467527494253, 0.8552179282466523, 0.87089924234442, 0.8661441152697488, 0.8665097199730272, 0.8391617053912738, 0.8639138029834567, 0.8674669217694169, 0.8553365635224697, 0.8749975752810434, 0.8717749392515635, 0.8557462852361447, 0.8751572548260662, 0.8737662472048785, 0.8567118469485123, 0.8685168036199432, 0.8715136704195653, 0.8752318932545504, 0.8808211923149061, 0.8795547766242467, 0.8810736377448251, 0.8767056760602253, 0.8802289257418705, 0.8800263651493883, 0.8793587391694886, 0.8803042508164308, 0.8807834954453222, 0.8813722944556729, 0.8813925505149212, 0.8799195573522338, 0.8794424413261785, 0.8778463325220267, 0.880451536399778, 0.8812969007165049, 0.8814977446937966, 0.8813470258800683, 0.8812919568647561, 0.8815031348654948, 0.881645167606359, 0.8813009862606583, 0.8817045624919512, 0.8817653650019996, 0.8817414353862438, 0.8818011735948741, 0.881790667909908, 0.8817838701137536, 0.8817629274084293, 0.8817420533677124, 0.8817438043152067, 0.8817400277617875, 0.8817540353417422, 0.8817671502817979, 0.8817529367080202, 0.8817235139236546, 0.8817371438482674, 0.8817370751836597, 0.8817356332268997, 0.8817355302299884, 0.8817319596703921, 0.8817285607723149, 0.8817233422621356, 0.8817249215481109, 0.8817541383386537, 0.8817589448611871], "f1": [], "aucrecauc": 0.9812621539473952, "aucloss": 1.0154828160857594, "convergence_rate": 0.9687956786138525}