{"bestEpoch": 7, "lastEpoch": 17, "mae": [], "medianabsoluteerror": [], "mape": [], "mse": [], "recauc": [], "f1": [0.2930864354994165, 0.24374557473062802, 0.27526634898246355, 0.2712084157040663, 0.22803096234917417, 0.23699275633472827, 0.24911769014923904, 0.28684802166905815, 0.25745447844349345, 0.26813481321179417, 0.2837262320982213, 0.27433926725878693, 0.27625137008498546, 0.2956592214326637, 0.2721538110980064, 0.27303878861881375, 0.27120803579702424], "f1auc": 0.9035138002595184, "convergence_rate": 0.5781787808695533}