{"bestEpoch": 83, "lastEpoch": 93, "mae": [0.7195020003636996, 0.6962693550254208, 0.7003018768437003, 0.6586099627552872, 0.6398066002713363, 0.6750523765824504, 0.6011067788700741, 0.5854296923367537, 0.600967797436546, 0.5705082145392427, 0.6131698232347546, 0.5898607790383751, 0.5262613779376275, 0.5486359769963479, 0.6049121379159214, 0.5395067726395706, 0.53496875222512, 0.5151800166450475, 0.544186568096885, 0.5199627275816522, 0.5092945252302927, 0.6040678658099683, 0.49714295854806756, 0.4918518436197156, 0.49337856921715323, 0.4896406572384069, 0.4897854683854753, 0.48626349559292453, 0.4831421461638047, 0.4836227764759308, 0.4889460975130624, 0.4906308628036846, 0.4800339617247088, 0.48278011996626874, 0.4816324787091534, 0.4778042145263777, 0.48251455790708675, 0.47906641390561067, 0.4910373395803904, 0.47935365216539166, 0.47869658604204657, 0.48028991247722297, 0.4764991165101705, 0.47295144779911846, 0.47698832220574844, 0.4737714453494954, 0.4760635262278327, 0.4749438850878637, 0.47485785127351704, 0.47898412247697014, 0.4752340977154358, 0.4737378363890756, 0.47278712170475123, 0.4723323008980998, 0.47228868660540285, 0.47188113045127544, 0.4724792859576487, 0.4731849133377806, 0.4730268508722091, 0.47282254479466607, 0.4723964256189117, 0.4725844703622505, 0.4724033993628914, 0.4724552376919311, 0.4722637686077789, 0.4721345145128458, 0.47222269409502643, 0.4723144172323751, 0.4722321469998327, 0.4722289951773364, 0.47229832382274073, 0.47232102215783117, 0.4720793929357329, 0.4719800547257333, 0.4719569610556783, 0.47186904744148067, 0.4719852775259384, 0.4720772944247324, 0.47182822172718253, 0.47211270027624214, 0.47192590342584073, 0.4719997607113023, 0.47200249693727686, 0.47224552975930145, 0.47210868456086885, 0.4720527396188894, 0.4722227820784444, 0.4722722907197686, 0.4721434573878715, 0.4721491182146702, 0.47211040366604246, 0.4720476752171449, 0.4721077378138904], "medianabsoluteerror": [0.5620653605461121, 0.5433981204032898, 0.5968478202819825, 0.5362513303756714, 0.5001980638504029, 0.5981963849067689, 0.48251856088638306, 0.4485511541366577, 0.48447801113128663, 0.45292738437652585, 0.5127895927429199, 0.4777660655975342, 0.40837521672248844, 0.4227423620223999, 0.495605719089508, 0.4378849506378174, 0.42420645952224745, 0.40359211444854737, 0.4423005807399749, 0.4025455343723297, 0.38625189185142506, 0.4939416003227234, 0.38616712570190426, 0.37803949356079103, 0.3743453907966614, 0.37262837886810296, 0.37671970725059506, 0.37176549077033993, 0.36541964411735534, 0.3644142818450927, 0.378534746170044, 0.37940483093261723, 0.3620081543922423, 0.3643800711631775, 0.3621533203125, 0.35963036775588986, 0.3631565260887146, 0.3630262351036072, 0.3786064887046814, 0.35366235375404353, 0.3627007591724396, 0.3610231113433838, 0.35395685911178587, 0.3526910984516144, 0.3619252204895018, 0.3586511147022247, 0.36183621883392336, 0.36104567050933833, 0.3601805973052979, 0.3658600687980652, 0.3615112960338593, 0.35854603528976436, 0.3567366969585419, 0.356128659248352, 0.3560259819030761, 0.3556233882904053, 0.356766140460968, 0.3578936219215394, 0.35757164955139153, 0.35699945926666254, 0.35648407936096205, 0.35688290596008304, 0.35686927556991577, 0.35678837060928353, 0.35642511844635016, 0.35619251966476445, 0.35635087490081774, 0.35655243396759034, 0.3563815712928773, 0.35628991603851323, 0.3565387743711471, 0.3565981340408326, 0.35623681306838995, 0.3559357583522797, 0.3559012055397034, 0.3558710980415345, 0.35618980884552, 0.35626974105834963, 0.35591154336929326, 0.35649389028549194, 0.35613313853740697, 0.3561133503913878, 0.3562560153007507, 0.35671326100826267, 0.3563892531394958, 0.3563447165489197, 0.35659827709197994, 0.35668125867843625, 0.356463527679443, 0.3564779376983642, 0.3565605878829956, 0.3563910555839539, 0.3564812350273132], "mape": [0.9268358417353629, 0.8995808409770756, 1.0648150604101483, 0.9275806181743345, 0.8270142714038501, 1.115146951341213, 0.8273474591873563, 0.7456672046572975, 0.8528221114192286, 0.8030452825491662, 0.9429438566823449, 0.8832429753119188, 0.7011427024637026, 0.6921482247031501, 0.8642728881215482, 0.7818488445555661, 0.7593942464282064, 0.7399635753611901, 0.8193532339794257, 0.6882280743188417, 0.6509162028009055, 0.9134253282995113, 0.6902670858182078, 0.6736948961722337, 0.6474576738497787, 0.6633071511546976, 0.6801644555267027, 0.6667105632460615, 0.6493320872001158, 0.6354671104909254, 0.6719737547701672, 0.6791350086465676, 0.6363993762165249, 0.6158566078197727, 0.6387805942915044, 0.6251599881749047, 0.6156697612388559, 0.6503251257384791, 0.698324627360423, 0.5856046014761905, 0.6311806932169233, 0.6436634983077564, 0.5962552534347039, 0.6078712873805906, 0.6512391307933126, 0.6354840426484678, 0.6511156808903843, 0.6456479644620684, 0.6355309065801232, 0.6625452412586041, 0.6497662366208413, 0.6402643171619706, 0.6335199235851803, 0.6307842833858837, 0.6308568636157431, 0.6285874858991052, 0.6330547313427562, 0.6384990044086502, 0.6378790992283199, 0.6374462908695904, 0.6348184300595922, 0.6358467344160944, 0.6351223485643763, 0.6354415122197938, 0.6343195507696259, 0.6332485865242254, 0.6337705780970377, 0.6344879004539661, 0.6338830593025275, 0.6338046156958094, 0.6342818462110001, 0.6339489282143798, 0.6322898846424795, 0.6313618281066062, 0.6313767769907481, 0.6306514903147342, 0.6314552924141961, 0.6322496842873788, 0.6304659550796206, 0.6328967757416125, 0.6313357301140811, 0.6319366335319199, 0.6320833250885741, 0.6339123872549356, 0.6329110278538156, 0.6323841279186873, 0.633715696381652, 0.633903856671849, 0.632992198778287, 0.633042016086476, 0.6326453870460669, 0.6320817960464907, 0.6327465367884606], "mse": [0.9164117091028074, 0.8637294507501125, 0.7885939604775407, 0.7396623906245806, 0.7295674231864068, 0.6938263121518011, 0.6266393602681266, 0.6219848835802653, 0.613168990616471, 0.5655796702316251, 0.6052232548096668, 0.579356412988596, 0.4938316220611804, 0.5429783549991297, 0.602764246312301, 0.48906517918926695, 0.4913994362580024, 0.46176543773551765, 0.4901451073051409, 0.47780650225183907, 0.47214067318216835, 0.5952287531728525, 0.4366272518496458, 0.43090130323354453, 0.4402628777369293, 0.4306657672290324, 0.42698519903200044, 0.42393265760489923, 0.4230204039652982, 0.4270921543530103, 0.42412146543272283, 0.4256217650043074, 0.4183253165467586, 0.4239005316139935, 0.421608333868982, 0.4161678781036185, 0.4245832952024309, 0.4140546544345385, 0.4258118644285164, 0.426653915762516, 0.4148421433394183, 0.4204156662757156, 0.41915259500662305, 0.41082795470446093, 0.41005117165512134, 0.4057014019970181, 0.4073797193669783, 0.4059695747520786, 0.4070356596695855, 0.4099187317228562, 0.4060650534869215, 0.4052445432507481, 0.4048003746060805, 0.4045672077077849, 0.40426078648268216, 0.40392051564356596, 0.4040355004761387, 0.40459682879738046, 0.4045750407359397, 0.40427473659720753, 0.4039619580994717, 0.404073702680792, 0.4038073653349044, 0.4038406418224384, 0.4036963188317257, 0.40362588427520546, 0.4036359813096325, 0.40365626281278894, 0.4035822602680279, 0.4036344183665232, 0.40364044637186797, 0.40370579392356526, 0.4034826998907686, 0.40351879628951853, 0.4035027653407566, 0.40350274888492665, 0.4035260688545443, 0.4034967321215045, 0.4034549013492146, 0.4034255620050113, 0.4034300057666683, 0.4034188034066356, 0.4033846839003221, 0.40342014125880876, 0.40339409547037236, 0.40342196313537865, 0.4034051891522997, 0.4035015641388393, 0.40344022949331715, 0.40347082038413695, 0.40351535630314356, 0.40351186099942, 0.40348788812222885],