{"bestEpoch": 21, "lastEpoch": 31, "mae": [1.5737224776352798, 1.269973569664397, 1.0017618496844418, 0.910373393941122, 0.9395588111762856, 0.8429192815537392, 0.8451637353350361, 0.8733298510077726, 0.8200306670923762, 0.8111873143242267, 0.8762234918775732, 0.8017644887112932, 0.8951744863432869, 0.8224866027648695, 0.8000902178113173, 0.8010438716661222, 0.8146132573285874, 0.8297989076656285, 0.825049334361387, 0.8367659450191179, 0.8192058057667175, 0.8304679719926237, 0.8224945364234131, 0.827508947467051, 0.8296151574927427, 0.8237334475908499, 0.8215045874527218, 0.8226659043400795, 0.8233513809175291, 0.8231021015659624, 0.8224047159272864], "medianabsoluteerror": [1.1601982116699219, 1.020683765411377, 0.7596445083618164, 0.6956658363342285, 0.7263436317443848, 0.641273021697998, 0.6539492607116699, 0.6975545883178711, 0.6448817253112793, 0.647559404373169, 0.7241945266723633, 0.6451892852783203, 0.7313699722290039, 0.6631100177764893, 0.647770881652832, 0.6509172916412354, 0.6591951847076416, 0.6870827674865723, 0.6756386756896973, 0.6824941635131836, 0.6539843082427979, 0.6710925102233887, 0.6614084243774414, 0.6663246154785156, 0.6778168678283691, 0.6754202842712402, 0.6753106117248535, 0.6745219230651855, 0.6689224243164062, 0.6736025810241699, 0.674830436706543], "mape": [0.2945361486374032, 0.26739548402836827, 0.2039131117708636, 0.18637983394431307, 0.18261640077963434, 0.17318899033655227, 0.1727610200391261, 0.17173286933658058, 0.17002028109464018, 0.16306937356597956, 0.18671662931496194, 0.16480726336227322, 0.19125681483606302, 0.1720371771112545, 0.1645363848221123, 0.16459530373574632, 0.16814948271282956, 0.1726661511820324, 0.16758498707668812, 0.17009015860512589, 0.16447221338955656, 0.1683222701947188, 0.1679355630709495, 0.1658207917108447, 0.16715241316215482, 0.16700457839929742, 0.16806891230692048, 0.16821544678930223, 0.16724686338650693, 0.16778385907623647, 0.1677845532522362], "mse": [16.9418020499151, 11.865099561091919, 9.032501741323788, 6.244452860954067, 4.7870070860659535, 3.508296545622924, 2.9364588819306583, 2.545645098348773, 2.1570925703257258, 1.9286272147482766, 1.9320606008578625, 1.63346132764983, 1.8190406026290207, 1.652623988251208, 1.5870840235217116, 1.564707263746959, 1.567844975952817, 1.6096354070979213, 1.6136350802737434, 1.6343519923207412, 1.5555081935400257, 1.611605755881611, 1.6165694210448047, 1.6455483459663507, 1.633308049696412, 1.6240026504336273, 1.6195985392015657, 1.6239127245868346, 1.6313166931342822, 1.6301767358787917, 1.6293248727092926], "recauc": [0.6701338345300372, 0.7330296881387418, 0.7917081787135116, 0.8077957297961172, 0.7974164907050265, 0.8167954282554929, 0.8143124473793071, 0.806088779149113, 0.8172158959802606, 0.818331524192584, 0.8022455867282575, 0.8189955281144318, 0.7968399139948324, 0.813789308899994, 0.8190335683070539, 0.8186212373382893, 0.8153086850051293, 0.8117760111060883, 0.8130209176084102, 0.8102550213826738, 0.8141224352438677, 0.8117364087936427, 0.8136604597637932, 0.812608002990481, 0.8120681275130602, 0.8134336948971245, 0.8139291100411106, 0.8136638929941741, 0.8135552312526139, 0.8136003438998208, 0.8137620490507684], "f1": [], "aucrecauc": 0.9847746794225021, "aucloss": 2.903224579779681, "convergence_rate": 0.9113999382063022}