{"bestEpoch": 67, "lastEpoch": 77, "mae": [0.6653864810863876, 0.536393218149683, 0.5011929248595044, 0.47734683020016266, 0.46121021424480085, 0.45353264304508994, 0.4428039256842819, 0.43762223827948693, 0.43228184827913596, 0.4258111683260702, 0.4234005538364707, 0.41692340815373835, 0.41512139219971445, 0.4124681032396922, 0.40891539283662376, 0.40833785793586813, 0.40592158377435167, 0.40438882038847374, 0.4016852954160212, 0.40959439605495407, 0.3956468032760195, 0.39776116618314644, 0.39500553795356935, 0.4069139449583264, 0.3929960293054962, 0.3971043807828816, 0.3884169825945956, 0.3875843601060807, 0.3889219550748366, 0.38831021401891846, 0.39505445007092904, 0.384583279459818, 0.3856781056247225, 0.385079391508017, 0.38577651421555964, 0.3825449382562676, 0.38722602347915563, 0.388340646800688, 0.3804632076955473, 0.37997410068250553, 0.3786882303335924, 0.3806442900754161, 0.3850815743128369, 0.3803986693960893, 0.38158548582646007, 0.38102947557668143, 0.3761207639647567, 0.38090219314095847, 0.37576037638953, 0.37521385179187355, 0.37675030750108335, 0.37743664818880357, 0.37487584200594704, 0.39095368627713617, 0.38436973408216046, 0.3777180303077108, 0.381861338253645, 0.3766290467094953, 0.3741161398092881, 0.37482425926561647, 0.37591157256720276, 0.3766050931130258, 0.3770022815408034, 0.37535045807593, 0.37493753361119736, 0.3764966905170563, 0.3762911143121878, 0.3766219509122629, 0.3758746909631805, 0.375635991119864, 0.3759780185591396, 0.37561854469364475, 0.37564944716151843, 0.37567485245970844, 0.3757024832727319, 0.37571769251237314, 0.37572773170225265], "medianabsoluteerror": [0.5378024578094482, 0.4348806500434875, 0.41357796192169194, 0.3909992861747742, 0.3788699340820312, 0.37657976150512706, 0.36356837749481197, 0.3596247434616089, 0.354532217979431, 0.34590411424636835, 0.3464275646209718, 0.33796441555023193, 0.33798339366912833, 0.33645641803741455, 0.3311265373229981, 0.3329670190811157, 0.3271107578277588, 0.32835836410522456, 0.31804755687713615, 0.33906126022338856, 0.31675763130187984, 0.3188963818550108, 0.31535629034042345, 0.3383762741088868, 0.3170290350914002, 0.3100624799728393, 0.31096881389617925, 0.3096345059696045, 0.31441054344177255, 0.3132387781143189, 0.323565526008606, 0.30799056291580207, 0.3094418573379516, 0.31108200073242187, 0.3122280836105348, 0.30755138397216797, 0.31606657505035407, 0.31817765712738044, 0.30107981681823714, 0.3033575963973999, 0.3019043207168579, 0.3062962293624878, 0.31288264274597166, 0.3070752382278443, 0.30960547685623174, 0.3083040714263917, 0.3001393675804138, 0.3090007424354553, 0.29935059547424325, 0.29375503778457646, 0.2980673789978028, 0.30332238674163825, 0.2983282327651977, 0.3210030961036683, 0.31344428539276126, 0.3005894994735718, 0.31034342050552355, 0.30301483869552626, 0.29604578018188477, 0.29883526086807244, 0.3013787031173707, 0.3025276184082032, 0.3037932634353637, 0.3003073692321778, 0.2989741611480713, 0.3025221729278563, 0.3021056890487671, 0.30289428234100335, 0.3010710048675538, 0.3005814790725707, 0.30137568235397344, 0.30066546201705935, 0.30075078010559086, 0.30084481477737435, 0.3008674383163452, 0.3008333563804626, 0.3008258271217345], "mape": [0.33482848896830236, 0.281516968565008, 0.27461439515575126, 0.2550488327839561, 0.2480522142572183, 0.24694438010246217, 0.24030188398892843, 0.23664763614327583, 0.23413778250522216, 0.22389225518890019, 0.22552078923494098, 0.22377520518192742, 0.2227511134493794, 0.2232668618048871, 0.21841822490791515, 0.21931703227762434, 0.2123813916883517, 0.2150895525399832, 0.2060264398124142, 0.22590798429365433, 0.20972607685586866, 0.20738838231511597, 0.2057796954598121, 0.22661700487124117, 0.20886720925360383, 0.19882503452515815, 0.20765020779286253, 0.20742433992990034, 0.210115012466998, 0.2106465936181199, 0.21915574211106092, 0.20761379089026122, 0.20303736743150014, 0.20713534001365094, 0.20747155924783314, 0.2043705017086673, 0.21077461467581202, 0.21143707247513985, 0.19710370449242273, 0.20059549956917558, 0.2018405459012669, 0.2030780701597285, 0.20578201251596534, 0.20556182851802304, 0.20692205284157178, 0.2054831440948946, 0.19847697805188175, 0.204244899337348, 0.1990725654209039, 0.19367002609283424, 0.19534791212798766, 0.20115986283974935, 0.19847793653805987, 0.21079437719160754, 0.20978254960399292, 0.19660755314977318, 0.20488642881751454, 0.19991836726825338, 0.19572618360769958, 0.19824131460344147, 0.19974312193800522, 0.20047086866185165, 0.20139493345159654, 0.19897036667658585, 0.19810449103740096, 0.2005060082965702, 0.20039876488298441, 0.2006583750930153, 0.19953092974514905, 0.1991048673029748, 0.19972098979841635, 0.1991086882275492, 0.1991626824932312, 0.19920813233621412, 0.19925095150391625, 0.19927478802642512, 0.19929320996886293], "mse": [0.7404309453208423, 0.48487831673039405, 0.4161712788006284, 0.38233939303833353, 0.3561418699980041, 0.34014400162110275, 0.3280181952444651, 0.3193310215806717, 0.31218081625835553, 0.30807282966097965, 0.3014227183703397, 0.2958154972687429, 0.291683850809568, 0.2875074661848365, 0.28465807740480914, 0.2815574175658244, 0.2820114442158085, 0.2774114272610583, 0.2823592071235705, 0.27671495038152405, 0.26954976703178385, 0.2718576098862364, 0.2695015883520497, 0.2722412072137176, 0.2634922284451312, 0.2796930755211233, 0.2598800980923315, 0.2592809160022089, 0.25702488849808675, 0.2571775599681683, 0.2609180720343105, 0.25504506644859665, 0.2558847172885415, 0.2525673489744308, 0.2530486207977247, 0.2509733688680688, 0.2523061163196857, 0.25270655692679034, 0.253263664276915, 0.24984229024835544, 0.2488842366622031, 0.2486182211055986, 0.2508798395775319, 0.24752691518894374, 0.24719690642932185, 0.24724820190095337, 0.24612574169532972, 0.24668687285266, 0.24524414245851917, 0.249446535476573, 0.2483040874891165, 0.24492828307851763, 0.24467019217349592, 0.2545755133363695, 0.25010742006671793, 0.2480079789327021, 0.24690019604189953, 0.244266696059365, 0.24550834388123657, 0.24421472889412071, 0.24428537926691057, 0.24447512322325632, 0.24428165593364995, 0.24412642999941794, 0.24427463614161213, 0.24412969248657035, 0.24408836469737014, 0.24419648795868798, 0.24412710391977488, 0.24414890786991492, 0.24412014036021706, 0.24414193242264837, 0.24413847671198108, 0.24413551941733633, 0.24413376000905984, 0.24413342958321857, 0.2441323863358049], "recauc": [0.8452510282184168, 0.8752478290302855, 0.8834335401451636, 0.8889797366409525, 0.892732845515487, 0.8945183574565332, 0.8970136940996885, 0.8982190253063711, 0.8994611104321826, 0.9009663794364685, 0.9015269606948827, 0.9030335423012863, 0.9034524865313458, 0.9040698482971945, 0.9048961337149357, 0.905030320123276, 0.9055927677461062, 0.9059492189734425, 0.9065785536630896, 0.9047379601255451, 0.9079825302694738, 0.9074909451438552, 0.9081317758328332, 0.9053613459773344, 0.9085991978452648, 0.9076442572831739, 0.9096636593420692, 0.9098576658564504, 0.9095463655983672, 0.9096891075017383, 0.908120658723496, 0.9105567942025858, 0.9103024641618923, 0.9104421616974125, 0.9102806782522175, 0.9110325963078272, 0.9099441412709792, 0.9096854500209887, 0.9115179305434253, 0.9116320416111807, 0.9119317600235288, 0.911477173638266, 0.9104454683737205, 0.9115349970205362, 0.9112595042514723, 0.9113892414844469, 0.9125314141138161, 0.9114197211972479, 0.9126163045493647, 0.9127441224263158, 0.9123870522570039, 0.9122273450904922, 0.9128237730517148, 0.9090845834827219, 0.9106162529058637, 0.9121640095212098, 0.9112006220968838, 0.9124177026027811, 0.9130024215384109, 0.9128377967507233, 0.912584789380553, 0.9124236620389604, 0.9123312277181683, 0.9127156224799707, 0.912811717461009, 0.9124490142838199, 0.9124968243719374, 0.9124198413440597, 0.9125936675944735, 0.9126490141490092, 0.9125696581569479, 0.9126533223666989, 0.912646128226065, 0.9126401168581102, 0.9126338225149716, 0.9126301756325434, 0.9126279680021752], "f1": [], "aucrecauc": 0.9941061638108196,