{"bestEpoch": 25, "lastEpoch": 35, "mae": [1.1859710747705388, 0.9889589522329344, 0.8934548468349154, 0.8715033910956286, 0.7656845302463928, 0.6718170088752619, 0.6541890803375401, 0.6450715309723194, 0.6355373394517935, 0.6225305818177317, 0.649867310541993, 0.6093328250383455, 0.6051641806187681, 0.5905713135542183, 0.6041815090212181, 0.5860860759435222, 0.6078172931546736, 0.6054138223043718, 0.5596075729123923, 0.5643894718227785, 0.5563708830649117, 0.5529038079448717, 0.5686550130098905, 0.5478806157231617, 0.5443074861180115, 0.5519797254418983, 0.5414000847394467, 0.538260364139608, 0.5463332866337387, 0.5376128523447159, 0.5387527281338514, 0.5414094933929863, 0.5365108418129091, 0.5364020190777502, 0.5368290371474146], "medianabsoluteerror": [0.8651502132415771, 0.8167586326599121, 0.7723236083984375, 0.7328376770019531, 0.6418037414550781, 0.5230178833007812, 0.5204644203186035, 0.5231213569641113, 0.5146181583404541, 0.5044965744018555, 0.5186123847961426, 0.48903608322143555, 0.48896169662475586, 0.48100852966308594, 0.48867225646972656, 0.47077465057373047, 0.48949623107910156, 0.50665283203125, 0.4576897621154785, 0.44081926345825195, 0.4361743927001953, 0.43822240829467773, 0.4502854347229004, 0.43064308166503906, 0.4445176124572754, 0.43424463272094727, 0.43128061294555664, 0.4389305114746094, 0.42715930938720703, 0.4359142780303955, 0.44025707244873047, 0.4423203468322754, 0.4328799247741699, 0.4318113327026367, 0.43206310272216797], "mape": [0.2387112733038753, 0.19722325737703647, 0.1796417448327367, 0.1896179859348941, 0.1493237340329464, 0.14104397024545606, 0.13738224122796466, 0.1301982757833703, 0.1337782300059027, 0.12588893612270596, 0.14015528222375956, 0.12561934763069976, 0.12124680109356169, 0.12207427021339128, 0.1271247972022503, 0.11716611989348696, 0.11859767081824311, 0.12780808110039313, 0.1160219448941386, 0.11299146648538283, 0.11322857170890378, 0.11163244259943872, 0.11601742410484452, 0.11082443137247323, 0.11226248085738036, 0.10913518189131148, 0.10943294275379375, 0.11060415665555194, 0.10854506037566926, 0.11026964648969559, 0.11100125428792765, 0.11203517728179034, 0.10982500192344384, 0.10977830842699642, 0.11002305484748937], "mse": [31.641326614796547, 4.966631292275274, 2.1843480362532572, 2.4996471476299873, 1.297214435257246, 0.8160687933748044, 0.7660414353033764, 0.6906015291910822, 0.6726506122212583, 0.6451205704218619, 0.7109062837003267, 0.626575460908503, 0.615596579163782, 0.5861816605935194, 0.627965521378446, 0.5813858265470636, 0.6254826902557267, 0.5976703632664003, 0.528641206850372, 0.546392700051526, 0.5321902774397885, 0.5572297429422524, 0.679270243207573, 0.529388810475882, 0.49688940305904783, 0.5244605861060603, 0.5020876678177013, 0.49171159065362874, 0.5151494780714692, 0.49016204995610324, 0.49103382927492156, 0.49313655280273944, 0.4903884833086386, 0.49033739242912144, 0.4905004609597661], "recauc": [0.775415114460296, 0.7855454443487604, 0.799522605882284, 0.8062976053870407, 0.8258074520119365, 0.8449601568464433, 0.8488732326717051, 0.8499698236215658, 0.8522476861486353, 0.8552108386259156, 0.8490532884390396, 0.8583120927952733, 0.8592492445262377, 0.8626436794039858, 0.859747526417592, 0.8636882054151175, 0.8586331170020539, 0.8591916692527475, 0.8698459100973608, 0.8687336121185069, 0.8705983711999762, 0.871959286556874, 0.8694447371273344, 0.8727658897025987, 0.8734040070673734, 0.8716209245366694, 0.874080181790922, 0.8748103955606684, 0.8729321782161051, 0.8749614920297385, 0.8746956570013336, 0.8740780531880858, 0.875217096031608, 0.8752429482563774, 0.875144242882922], "f1": [], "aucrecauc": 0.9788416343000503, "aucloss": 1.2921903467666735, "convergence_rate": 0.8644490790863353}