{"bestEpoch": 10, "lastEpoch": 20, "mae": [], "medianabsoluteerror": [], "mape": [], "mse": [], "recauc": [], "f1": [0.25308597997121046, 0.25447501998198513, 0.25947091011899215, 0.3786235096206817, 0.2514762101820505, 0.35009521299732754, 0.38856764744971817, 0.37684713615193227, 0.3535519238144365, 0.41247554222389304, 0.37695339675384804, 0.36067266361628664, 0.33912327821195554, 0.3673028750011097, 0.3765555310919017, 0.4025999861263613, 0.39644043323532924, 0.3975394777432314, 0.39502975346864877, 0.40088295620881254], "f1auc": 0.8631816388442345, "convergence_rate": 0.6494753923001249}