{"bestEpoch": 80, "lastEpoch": 90, "mae": [0.4751564733882289, 0.5085508221474877, 0.4822010288927521, 0.5113554130529695, 0.47074825220715005, 0.46690284160193474, 0.4625129765516284, 0.4748119612059594, 0.4594638722753324, 0.47374133269520086, 0.44327868876558196, 0.4586731626968927, 0.4499643915231262, 0.4538811603935454, 0.4492988343036545, 0.4405898011522272, 0.461500156208814, 0.43202656875649026, 0.42845367613542706, 0.4325117395448235, 0.4308783122198797, 0.4376280637425958, 0.4250855357840019, 0.4329261470706271, 0.4238826057814856, 0.427020879795463, 0.4243042997830299, 0.42461240509913867, 0.4245731210433073, 0.4219577154474288, 0.42300268838875094, 0.4232470895905359, 0.44012928069905727, 0.4207521069830303, 0.4322538484814144, 0.41902569897251835, 0.41809971089013015, 0.41782570793698626, 0.41959560525411055, 0.42097059740096904, 0.4182154347945657, 0.41950334774380926, 0.4153133240345807, 0.4152842935292035, 0.42089340028402694, 0.41742225276816447, 0.41594238938897155, 0.420948023077743, 0.41740153721855217, 0.4158245599451281, 0.417728004804103, 0.4145933610914462, 0.42086232473283247, 0.4202514040129074, 0.4193772161056987, 0.41782999310740315, 0.41769833223066255, 0.4171333279213438, 0.4174915011804924, 0.417011732881432, 0.4176516018082357, 0.4171464680118611, 0.417483122118573, 0.416605090607928, 0.41738148407471315, 0.4174080587762271, 0.4173805119621087, 0.4171340138820189, 0.41646024663782233, 0.4169921921880867, 0.41722172249641254, 0.41708493660209045, 0.4169356500263335, 0.4169364227389903, 0.4178876281634967, 0.41718172936799125, 0.4175235098481248, 0.4168505399674168, 0.4173474972550406, 0.4167728222450677, 0.41689749884428756, 0.4170649261596726, 0.417193142512361, 0.417451076883752, 0.41714239988293356, 0.4170837269262383, 0.4167426871942275, 0.4167813557477545, 0.4168257805427631, 0.41711139184140683], "medianabsoluteerror": [0.38967149257659905, 0.40179930925369256, 0.3825671672821046, 0.41175298690795903, 0.37603120803833, 0.37448932886123654, 0.367689538002014, 0.3894424343109131, 0.3617889881134033, 0.3991396427154541, 0.3412333130836488, 0.37752745151519773, 0.3324749755859375, 0.3779632091522217, 0.36778256893157957, 0.3580891942977904, 0.3899883031845093, 0.3382698655128479, 0.32906366586685176, 0.3437594771385193, 0.34313991069793714, 0.3610769391059876, 0.33502717018127437, 0.35008758783340455, 0.3305536866188049, 0.34348084926605216, 0.3324180126190186, 0.34060432195663437, 0.33921066522598264, 0.3248348665237426, 0.33435355424880986, 0.33701078891754155, 0.36905154705047616, 0.33259079456329355, 0.3570226740837098, 0.3210793972015382, 0.32851468086242674, 0.330192801952362, 0.3351580381393433, 0.33862367630004897, 0.33199388504028327, 0.3362409234046936, 0.3233371257781982, 0.3242933154106141, 0.3396943092346191, 0.33068138360977173, 0.32278850078582755, 0.34071164131164555, 0.33300185203552246, 0.3297533345222472, 0.3341702342033387, 0.3245376706123352, 0.3419140577316284, 0.3396105885505676, 0.3387799024581909, 0.33563070297241193, 0.33595163583755494, 0.3333737587928771, 0.33371243476867674, 0.3337690830230713, 0.3348978400230409, 0.3340492963790893, 0.3342098760604859, 0.33303891897201543, 0.3354100227355956, 0.33335553646087646, 0.33491866111755375, 0.3341699123382569, 0.3341826677322387, 0.33369188070297234, 0.334804835319519, 0.33503161907196044, 0.33444728612899777, 0.3341727018356324, 0.3342171096801758, 0.3337984919548034, 0.33384834527969365, 0.3343712925910949, 0.3338306617736816, 0.3320873856544495, 0.3339837551116943, 0.3341810822486878, 0.3354621767997742, 0.3340517997741699, 0.3348793458938598, 0.3331756830215453, 0.3341351509094238, 0.3337995529174804, 0.33465467691421513, 0.33529467105865474], "mape": [0.27891532983610745, 0.2935459620822088, 0.2573193430993631, 0.30888160788756763, 0.26220209485651363, 0.2606619555956669, 0.25701272834833155, 0.2741628727697815, 0.23588530544414898, 0.2709130089917652, 0.22421527227971438, 0.25911563060583515, 0.21785331263280813, 0.2520838049621004, 0.24986766065156757, 0.23860238435644254, 0.2594238775405744, 0.22581137210686963, 0.21809868882954006, 0.22765033389149408, 0.22764229977709186, 0.23605139220694368, 0.22143100594103315, 0.23665893573158608, 0.2181311887291646, 0.22519410124960712, 0.21682133053882985, 0.22357298215631058, 0.22611645330037056, 0.2149347024610909, 0.22566581209827577, 0.22181652134521193, 0.24166205955714715, 0.21800620974432197, 0.23602829243204976, 0.2140577914113944, 0.21607710807629021, 0.21670893222926504, 0.22200887978329675, 0.22413077365186698, 0.21898724877355322, 0.2212140761482128, 0.21295531629238673, 0.21469226883041784, 0.22495085673551268, 0.21771201952298522, 0.2146042123158107, 0.22476984025719196, 0.21996483523743782, 0.21722506628856927, 0.22131871843536904, 0.21516037922813405, 0.22593716113973583, 0.224800481171843, 0.2219600337879428, 0.21980043405059763, 0.2203853617476436, 0.2192769580108838, 0.21978504218244657, 0.2197231825879113, 0.22035454841069668, 0.22028773014495306, 0.22009748872173207, 0.21977307778362878, 0.22013891901665983, 0.22045366339807315, 0.22010790680131145, 0.22003273083666774, 0.21977288058767347, 0.21999727392373009, 0.22012495914318236, 0.2202920085124112, 0.22010659438087274, 0.22024848007597017, 0.22058202423702558, 0.22024471109761395, 0.22040200246242397, 0.2201419377230729, 0.22026939237676235, 0.22013067511478332, 0.2202123897852953, 0.22016019714605053, 0.22019483414060506, 0.2201587303847712, 0.22001205613038474, 0.2200277912925146, 0.21965078085930978, 0.21972672448281966, 0.2198827221416625, 0.22000801348795862], "mse": [0.37507629258133784, 0.44031112896824265, 0.4087347287258266, 0.4339691885995726, 0.3830102557287514, 0.3753000876592728, 0.3715315994169386, 0.3753153982208382, 0.37585655057587936, 0.3652040939658162, 0.3581168578217156, 0.35213585102879946, 0.3812194541934027, 0.3421283252280859, 0.3403064242588933, 0.33297471397250483, 0.3468909379071285, 0.3338824396507901, 0.33621583648123515, 0.3306210801602755, 0.32763853598265524, 0.3235960450656586, 0.3226061319022211, 0.3221050747880743, 0.323539297704766, 0.31890022770102433, 0.32357670578059816, 0.316460146947876, 0.31514744927861604, 0.32553278489157306, 0.3163833996933525, 0.31464435988915845, 0.32068462198967423, 0.3144253946046684, 0.31446893941849335, 0.3224706968154799, 0.31292478664204104, 0.31175929222018184, 0.30920955621039514, 0.3083766014327396, 0.3093767324876239, 0.3088655218852553, 0.31256084006031354, 0.3100094027629161, 0.3075491080974675, 0.30927570696587237, 0.3127446917148639, 0.30632521010780667, 0.30644095430574736, 0.3068640876298943, 0.30530817638475144, 0.3078358530458427, 0.30456296976457653, 0.3059131642729472, 0.3052232505522038, 0.3058387691953882, 0.3049356912811803, 0.30583028464377865, 0.30619189289500115, 0.30508311645435443, 0.3055357392202985, 0.30487737077625243, 0.3052985109609953, 0.30457744729397496, 0.30544722135581526, 0.3055555246461004, 0.30526744414009843, 0.30502016046334735, 0.30431538507210526, 0.30497338769876076, 0.3055704746817427, 0.3048162255084003, 0.304806498167125, 0.30478253097213115, 0.3060646418384935, 0.30503127603958774, 0.305642737633441, 0.30470728066124814, 0.3054428490937237, 0.30496339675119144, 0.30471671731631184, 0.3049750232356042, 0.3051731687407786, 0.3054578683174584, 0.3050147116080801, 0.30550105673689937, 0.30463279829950546, 0.30493527814686255, 0.3049277033702062, 0.3051961990169188],