{"bestEpoch": 86, "lastEpoch": 96, "mae": [0.7878400048929812, 0.8034404064029144, 0.774326452766546, 0.8035395260373136, 0.7667504310625951, 0.8905605575384283, 0.8151720711062266, 0.7858570389022759, 0.8471390501045437, 0.8363178195149696, 0.7946569608602396, 0.8126374176794109, 0.8161558453347453, 0.812896144944083, 0.840729919043369, 0.8198454932932674, 0.8390771216002956, 0.8202269506066829, 0.8333755424089524, 0.907199016578248, 0.8553798887590811, 0.8465282799808039, 0.8734704416206976, 0.8624013149684208, 0.8714234322015295, 0.9209093765794608, 0.8869471825174098, 0.8874024229734438, 0.9007810074424613, 0.9203045018440993, 0.9432887734914474, 0.9204053182904331, 0.9135481347114162, 0.9145581611860415, 0.9292408885211257, 0.9199708449147583, 0.9201622783101365, 0.9217289459639117, 0.9403570468663962, 0.9351611520197795, 0.9332351671698023, 0.9419189173141856, 0.9279049576530916, 0.941786719743699, 0.9328757294333873, 0.9253622068139997, 0.9362575049952204, 0.9514104731195245, 0.9453826619666172, 0.9382583254132293, 0.9471389210960561, 0.9454421489426063, 0.9783069502204959, 0.941066151364895, 0.9380095080671305, 0.9419678899463467, 0.9366820243139947, 0.9414843266293704, 0.943319436258251, 0.9494222595588675, 0.9426735357420722, 0.9379842069373203, 0.9403378972513876, 0.9529243664462909, 0.9471763334839756, 0.9667967042509156, 0.9544724214737075, 0.9520623312404045, 0.9470224124198936, 0.9519313689170974, 0.9421619921945121, 0.9503303037684285, 0.9473691395682008, 0.9520083111535909, 0.9593115317910639, 0.9535669207031562, 0.9485390238437234, 0.9491111045422532, 0.9524038484632569, 0.9513629318695213, 0.9537171229127032, 0.9569474997592775, 0.9524014884848665, 0.9509031491273957, 0.9546518600166862, 0.9501358028559164, 0.9523354972690918, 0.9520754092098349, 0.9501174386103423, 0.9531426292972642, 0.9531516753148471, 0.9537864255970471, 0.9529184660518257, 0.9545109292018688, 0.9547470078272167, 0.9539250274228243], "medianabsoluteerror": [0.688668999671936, 0.6877686381340027, 0.647505612373352, 0.6825643682479857, 0.5963822484016419, 0.8342269659042358, 0.6823811483383179, 0.6134637904167175, 0.7471931910514832, 0.719716203212738, 0.6243540000915527, 0.675056266784668, 0.658927001953125, 0.6449755191802979, 0.7067872262001036, 0.6291699910163879, 0.6334331035614015, 0.6210498690605164, 0.6501779842376709, 0.7569940090179443, 0.6531172621250152, 0.686889488697052, 0.6843370199203491, 0.6255220472812653, 0.6724394965171813, 0.7395179986953735, 0.697472620010376, 0.6960813343524933, 0.6951646161079407, 0.7100048422813415, 0.7466547226905822, 0.7069652903079987, 0.7045723867416382, 0.7022495794296264, 0.7157538414001464, 0.7088658571243287, 0.7055706024169922, 0.7156081891059876, 0.7227984011173249, 0.7223383116722106, 0.7167443633079529, 0.7148096346855163, 0.7120564913749694, 0.7237682580947876, 0.7153731250762939, 0.7033440494537353, 0.7120618820190429, 0.7390237832069397, 0.7293242120742798, 0.7120403099060059, 0.7235709190368652, 0.7189991283416747, 0.7725350940227509, 0.7264094746112824, 0.7234666109085083, 0.7270382952690124, 0.7198900437355041, 0.7186979842185974, 0.7231720209121704, 0.7343374061584472, 0.7216227531433105, 0.7191334676742553, 0.7254557752609253, 0.7361088699102402, 0.731556886434555, 0.7466609811782836, 0.735545094013214, 0.7353592658042907, 0.7301403450965882, 0.7345220398902893, 0.7229251146316529, 0.7307179617881774, 0.7286579966545106, 0.7269287228584289, 0.7362235236167908, 0.7300431871414185, 0.7315382182598114, 0.7271642303466797, 0.7293689608573913, 0.7294284641742708, 0.7339120709896088, 0.7370035743713379, 0.7309241545200348, 0.72845609664917, 0.731046998500824, 0.7284371709823608, 0.7303662300109862, 0.7304014539718628, 0.7286531984806061, 0.732375497817993, 0.7318773233890533, 0.7328243207931519, 0.7309208250045777, 0.7324580264091491, 0.7326635837554931, 0.7327067852020264], "mape": [1.2247765184104282, 1.2121911423907301, 1.1450015258285609, 1.211434496566184, 1.0029118470487213, 1.5028652666059754, 1.208925591739759, 1.0351049004420152, 1.3550898611222992, 1.2990210743294783, 1.0754247181256593, 1.210979055517122, 1.1682480085576359, 1.1416135790858482, 1.2900195175084799, 1.0866722437120064, 1.0479476342778844, 1.0460661618116176, 1.1441983996625058, 1.3905793180410446, 1.0899655976797598, 1.2287356760946366, 1.197167026789209, 0.9799737166176846, 1.2073532129522646, 1.3498080803214916, 1.2462360869120093, 1.2586880113974601, 1.2396843674594202, 1.2749551431217978, 1.3559753639679963, 1.2363700515599028, 1.2405126245626925, 1.237524815011944, 1.274161772069424, 1.2592531665899864, 1.2480919608767476, 1.2472806452805776, 1.2426042780645137, 1.2817973782548273, 1.2482307420527872, 1.2190696605078846, 1.233578633099316, 1.2771821205533886, 1.2503047137417678, 1.211871994187936, 1.243249228720982, 1.321981523915301, 1.293381386933876, 1.2260215439890083, 1.2396340130997279, 1.2319011232109054, 1.4013065942867555, 1.2477835815968432, 1.268162621590973, 1.2828904861414587, 1.260394547930696, 1.239590521434031, 1.2618666229048359, 1.2863564971962707, 1.2539913820946635, 1.2504383708349305, 1.2803452259269053, 1.2873621059603182, 1.2845918777460352, 1.308927171660056, 1.291852050984577, 1.2894250115505992, 1.280361508466295, 1.2844737413626572, 1.2544198419380526, 1.2723474791139389, 1.2679023438227774, 1.2567658939418729, 1.2821707534750264, 1.2619970288133076, 1.2797274589585097, 1.2445842159384712, 1.258029945190066, 1.2583632869829269, 1.2730053401835235, 1.2818311824544664, 1.2707926922708477, 1.2655715941009558, 1.2731366407862919, 1.263598350025149, 1.2699787230216377, 1.269073807203286, 1.2641281726470222, 1.2687548542883564, 1.2704024833078824, 1.2732907421341526, 1.2694758630061354, 1.2739006106291213, 1.2743809903004875, 1.2743653051277184], "mse": [0.9711017078050116, 1.0246695801030312, 0.9795279435688969, 1.034091509495171, 1.037858103541465, 1.1382234787850491, 1.0764276715389318, 1.0810457169195857, 1.1047549639068837, 1.1043672286209214, 1.0959391339148068, 1.0842865480304003, 1.1277949689918618, 1.1372296240285213, 1.1477264242836238, 1.1835480518030925, 1.255144015225719, 1.1987169520077114, 1.205551185856763, 1.3375432863789438, 1.2863725963242079, 1.1885293447866196, 1.3088928222144722, 1.3560815794885899, 1.3225345688670018, 1.4294872833546213, 1.3462284246415386, 1.3444492718307715, 1.4007097090848317, 1.4575129812604517, 1.495973350482303, 1.4608582312871814, 1.433931990247071, 1.4439515218367396, 1.4802278041966548, 1.454770628118282, 1.4595157872438178, 1.45008525986165, 1.521726010426549, 1.492907313249742, 1.4929830113620606, 1.5390983851719164, 1.4824483424769737, 1.5215633023748525, 1.4957569713080772, 1.479135936115331, 1.513484338082162, 1.531854838197013, 1.524210577996179, 1.5236353364407305, 1.5447279819434263, 1.5459189072515624, 1.6035064685464453, 1.5162441347538216, 1.5043757466832959, 1.5151291321030698, 1.5045278055291007, 1.527018539536449, 1.5259427736644315, 1.5360667210350962, 1.5270964648094363, 1.5091231623204924, 1.506237926887166, 1.5468922106760932, 1.528308170049872, 1.5886941065637505, 1.5528668799350562, 1.543749759651142, 1.5317589319373943, 1.5453911590589218, 1.5190626225523696, 1.5421773381771564, 1.5323312311958697, 1.5554082170979988, 1.5740668508167386, 1.5585213247465777, 1.5331248564630664, 1.5454236824569174, 1.552822945866302, 1.5487825536549038, 1.5537481538746807, 1.563518520874474, 1.5519285028068983, 1.5492128314740048, 1.5595568724417108, 1.5463842083058978, 1.55130269508025, 1.5514680218989338, 1.5463300616690931, 1.5553411052396382, 1.5545508368838825, 1.5567134448480606, 1.5545510910613258, 1.558683689586739, 1.558465079944617, 1.557176290986071],