{"bestEpoch": 59, "lastEpoch": 69, "mae": [1454.9390996115017, 1352.5567452820746, 1264.1083173894604, 1191.6378878601997, 1123.5015482967592, 1064.352841988889, 1005.129202584592, 954.2790611367477, 903.1198540060329, 855.0138671896267, 802.7417285087095, 753.2480049663194, 703.492575296904, 656.6935271198206, 615.5922063735544, 568.9998472880822, 533.4439926874248, 498.3155691482674, 463.38138124943174, 431.5863634726713, 399.313197185191, 371.2390436117326, 347.0191665687084, 316.84268289946874, 297.8944935367338, 273.3210859844259, 253.31279925522566, 234.76942866790625, 217.17907723208333, 201.92498098671064, 186.6673394027465, 173.1844895756539, 160.67108553290163, 150.68089063534723, 139.15470933965858, 131.07729677973612, 122.9489789070058, 115.78271301005094, 109.4210088719074, 103.74262481270486, 98.37006634673611, 93.07931676323032, 89.75461204680207, 85.87977544066203, 82.91623377459491, 80.54508969520253, 78.41732694416666, 76.21508784812848, 74.3139520875949, 72.38653428158912, 70.85356927472687, 69.92548453141899, 68.83984580496876, 67.4604770975382, 67.28886448595371, 65.80672105753588, 65.79698208992477, 65.32468747532639, 64.3384046329838, 64.58835661929514, 63.86083334409028, 63.470828154216434, 63.56610291171297, 63.302995381368056, 62.941169571261575, 63.03947984637384, 62.954593579736105, 62.97155377601273, 62.94213716343287], "medianabsoluteerror": [1277.4821317861329, 1183.5695496152343, 1105.746246392578, 1041.6683961132812, 982.2989503125, 930.3851628222656, 879.3474125234375, 835.1052855820312, 791.4386595507813, 750.2149044960938, 704.5165406992187, 662.7167964609375, 619.9238893398438, 579.8361816953125, 545.1625370898437, 504.93737834374997, 476.346679390625, 446.3169557382812, 416.5070802578125, 389.05944871093743, 360.0019533046875, 336.15173328125, 314.94970685937506, 288.4787599453125, 272.0264889609375, 249.97119105468755, 232.69311553125, 216.6003416171875, 201.06347685156243, 188.3996580234375, 174.96374540624993, 162.56164574218747, 151.9475093593751, 143.44152878906243, 132.05224592187506, 124.49267578125, 116.1607666015625, 109.0537111171875, 103.27136259374993, 97.68872093749997, 92.69909621093757, 87.20581060156246, 84.34497053125006, 80.74304204687496, 77.59918180468753, 75.74194329687498, 73.47766084375007, 71.54821753906253, 69.43603492187503, 67.672729671875, 66.04357898437502, 65.05419950781243, 63.847778554687466, 62.62573230468752, 62.39282232812502, 60.55456584374997, 60.642822437499944, 60.17663562500002, 58.88256794531253, 59.10717808593745, 58.354247812500034, 57.818725414062556, 57.82220470703123, 57.639282054687556, 57.345825367187444, 57.22155767968752, 57.04467732812509, 57.172973812500004, 57.062133617187556], "mape": [0.8832688471583809, 0.8197470689962569, 0.7650739931334831, 0.7204234863710991, 0.6785533766023694, 0.6423412285077433, 0.6061223160031931, 0.5751217093307623, 0.5439387355027413, 0.5147412723203649, 0.48285021870965417, 0.45287720505158957, 0.42241817603473203, 0.39380516721039716, 0.3689169509905408, 0.34017986913144665, 0.31876329358578853, 0.297477206965678, 0.2762110575912226, 0.2570771203414768, 0.23760729141011572, 0.22077524794723918, 0.20647486390572278, 0.18814384912949766, 0.17720758977037188, 0.1623957068227302, 0.15057393584117482, 0.13952311527292574, 0.12917586887380467, 0.12023181135653033, 0.11124419080516497, 0.10333479301177215, 0.09602521939554258, 0.09038856307525964, 0.0836696342033885, 0.07909489522508034, 0.07451768414594101, 0.07046280423929006, 0.06686501300824381, 0.0636667613738294, 0.060634556102139275, 0.05763117705504392, 0.055855479519231165, 0.053663794803695895, 0.05199262225526693, 0.05073454479363216, 0.04953311974105649, 0.048338120547326696, 0.047294408287905716, 0.04625106573435347, 0.04538714497141201, 0.044878375014330306, 0.04432664111074569, 0.04353760879846236, 0.043474182623106664, 0.04264473727753933, 0.042677252849877965, 0.04242802923617087, 0.041814130112100376, 0.04201574050933846, 0.04162589093688067, 0.041392588631077025, 0.041493820664438935, 0.04132555987454684, 0.04112683187987873, 0.04118488960175276, 0.041147892575968355, 0.04115600122731682, 0.04114327937564306], "mse": [2343202.8643205194, 2030913.3129110697, 1778296.6884534233, 1583264.350258176, 1409833.8879855142, 1266961.279127621, 1131444.3201965266, 1020898.9209606841, 915424.9536431368, 821135.1706228703, 724979.9451652883, 638854.3146313317, 558623.3823584424, 487990.9781558421, 429445.42233551777, 368747.13707329176, 324545.82019141485, 283916.3648408118, 246427.7565935401, 214281.30004144227, 183995.78632807007, 159436.56361090866, 139439.5936297164, 117063.69314445305, 103381.26458859953, 87621.73932361323, 75560.99973611896, 65310.316816646664, 56223.73362975834, 48876.44687112093, 42116.90762679413, 36558.76127740392, 31770.303474417295, 28091.645343065466, 24233.557429052864, 21635.65202734781, 19160.685314905033, 17116.441162453455, 15402.590633375534, 13944.357530891057, 12652.904902466036, 11453.038843915876, 10702.781734823646, 9899.881639444804, 9291.57210313437, 8824.1148782867, 8438.265152156571, 8039.992622908735, 7706.685377005414, 7380.032591171011, 7137.09889253098, 6982.737217326558, 6814.827129657059, 6609.131266766829, 6588.488600302399, 6371.749970094729, 6372.706332798111, 6311.1150224590665, 6153.83355688347, 6202.274272868933, 6097.179232092322, 6046.732101044512, 6068.749195403411, 6025.162094589736, 5982.722988085473, 5994.649682306868, 5984.004366407068, 5989.494531400547, 5986.265387387061], "recauc": [0.28359275927592753, 0.3249585254821779, 0.36253666848166294, 0.3949543250621359, 0.42737349290484605, 0.45691299500320404, 0.48712789797498274, 0.5130747296951917, 0.5391783178317833, 0.5637250095379909, 0.5903973952950851, 0.6156509725046578, 0.6410390224207605, 0.6649187140936316, 0.6858912706085424, 0.7096654406181359, 0.7278083215728981, 0.7457317731773176, 0.763557674285947, 0.7797807780778078, 0.7962486470869309, 0.8105729832242483, 0.822931493149315, 0.8383295070247766, 0.8479976442088654, 0.8605356980142459, 0.870745815322273, 0.8802085690050486, 0.8891826812310861, 0.8969664818333685, 0.904752149289003, 0.9116323039711379, 0.9180175054542491, 0.9231138669422497, 0.9289951365506921, 0.9331163486719042, 0.9372642301267163, 0.940921692169217, 0.9441677056594548, 0.9470642323491608, 0.9498069066165875, 0.9525055172183885, 0.9542014201420141, 0.9561790993914205, 0.9576904801591271, 0.95890159386309, 0.9599875394946902, 0.9611109703562949, 0.9620817933645217, 0.9630658917743626, 0.9638478070029224, 0.96431982457505, 0.9648734206754008, 0.9655781133668923, 0.9656662703307368, 0.9664214273279179, 0.9664271464183456, 0.9666677038074178, 0.9671708356020787, 0.9670439784719213, 0.967415126697855, 0.9676144355176258, 0.9675647120267582, 0.9676991254681023, 0.9678841513781008, 0.9678336870724109, 0.9678780174313727, 0.9678682683083123, 0.9678831438699425], "f1": [], "aucrecauc": 0.856903890199781, "aucloss": 278024.1593558374, "convergence_rate": 0.8041907622483645}