{"bestEpoch": 50, "lastEpoch": 60, "mae": [2.2336203230224414, 1.4490619433233027, 1.0845888151447962, 0.880612818942249, 0.7551560305944494, 0.688937328526426, 0.6444207265446674, 0.6155140609374364, 0.5939609748607876, 0.5773680121348906, 0.5799452622394912, 0.54790936119547, 0.5362641259701183, 0.5256542526586656, 0.5182073152439763, 0.5091948736236173, 0.5023835613250988, 0.4978351844117052, 0.4922754114679385, 0.48686405695352036, 0.48267196892023534, 0.4778311760935666, 0.4738973363970039, 0.4698924246272956, 0.4623938574289418, 0.4605941990568146, 0.45728733400631466, 0.4525382565144989, 0.4472315903432351, 0.44304205195343843, 0.43910543799571783, 0.4365039301388448, 0.4312746976241469, 0.4302098731237008, 0.42729471734607105, 0.4230734283055255, 0.4213180717429307, 0.4251738093386144, 0.41524587269848484, 0.41486907513558335, 0.4118653018329108, 0.4072982278041704, 0.4110671284985621, 0.4085091285351659, 0.4023153448545803, 0.40293618904714656, 0.4036512058467381, 0.40523229796868626, 0.40099305002795194, 0.39559544635556454, 0.3964258807884612, 0.3989592138828215, 0.40190688976897915, 0.40060234060829747, 0.40117372651399413, 0.3970438266698187, 0.4008430769450375, 0.4005847723965698, 0.39965471669876956, 0.4002945212142066], "medianabsoluteerror": [1.7294430606067182, 1.1319512128829956, 0.8362979125976562, 0.6678942799568177, 0.5708036613464356, 0.5190941858291626, 0.4890377879142761, 0.46938797950744615, 0.4568907117843629, 0.44634492397308345, 0.441819679737091, 0.4334277534484864, 0.42684869766235345, 0.42126619815826416, 0.4151382923126221, 0.41000568866729736, 0.40532898187637323, 0.4011916971206664, 0.39751245975494376, 0.39332782030105584, 0.38901291847229014, 0.38676068782806394, 0.38123153686523437, 0.3812644958496093, 0.3750399112701417, 0.373440055847168, 0.3686040735244751, 0.3687407493591308, 0.36026430130004894, 0.3608807802200318, 0.3556739091873169, 0.3566502547264099, 0.349538311958313, 0.35218796730041513, 0.3421000123023986, 0.3417314052581788, 0.34082272052764906, 0.34656075239181505, 0.33342510223388677, 0.33099633693695063, 0.330598759651184, 0.3262102961540222, 0.3342669796943665, 0.32980211734771725, 0.3221693992614747, 0.31761259555816646, 0.3264991807937623, 0.3244327783584595, 0.32243266105651847, 0.3141597843170165, 0.31405852317810057, 0.3150060176849365, 0.32195954322814935, 0.3206907105445862, 0.3197306871414184, 0.31277122497558607, 0.3181492447853088, 0.31617908477783196, 0.31514494419097905, 0.31663274049758916], "mape": [1.1680658339303687, 0.759165722998653, 0.5689122693666939, 0.4677991375836632, 0.39960732582202263, 0.3671781849233813, 0.34599665881662567, 0.3285986515769516, 0.3191074198480881, 0.31206831480546726, 0.30350426069733205, 0.29520962029598524, 0.2911973930207489, 0.2879548925108072, 0.28232809302390544, 0.27435333210521434, 0.2710074862008213, 0.26500958318598794, 0.2665051772550493, 0.2635915952626514, 0.2581360653732199, 0.2568913291161516, 0.2519364019706118, 0.2534206453842646, 0.25068968037335126, 0.24610269812351682, 0.23882918284767296, 0.2456851250853406, 0.23622863446341674, 0.24138348786273303, 0.23645762444454294, 0.23994593454157845, 0.23145271933812864, 0.23746289312147975, 0.22273817950266322, 0.22824484156983993, 0.22524665781354283, 0.2298358989893176, 0.22044539339544397, 0.2147404717982511, 0.21731424202980695, 0.21377586929471168, 0.22267754573752108, 0.2209471893858539, 0.2144876286685516, 0.20909499223491299, 0.21782636187208157, 0.2178080813487184, 0.21697604244840749, 0.20999991833766063, 0.20957450200499336, 0.20631163423192964, 0.2137853983932315, 0.21382757044868303, 0.21211366843684942, 0.2067956353798553, 0.2103906660980443, 0.20857682232515581, 0.2081433181445433, 0.20953688232290354], "mse": [9.678472680658784, 4.243183932473886, 2.4706570580699143, 1.756042067497898, 1.3478078226823285, 1.172596777528993, 1.0318239901625275, 0.9503921059292793, 0.8819852723040654, 0.8308821827877864, 0.8773889898011407, 0.6234003544213126, 0.5819650426615305, 0.5418110874621608, 0.5343294451236447, 0.5013704737400616, 0.48258780490993924, 0.4742806213457454, 0.4631152654930793, 0.45039091720080787, 0.4450073935177737, 0.4291623799838647, 0.42683276657601127, 0.41054492538862153, 0.39694373256378784, 0.39063022036844114, 0.3865380357930553, 0.3760297518971856, 0.3715749243633782, 0.360067054420549, 0.3533324505799778, 0.33608517848865027, 0.33022609213745263, 0.3241515721321766, 0.3285739574800996, 0.3177637895325799, 0.3159566151800654, 0.3189535637665713, 0.308123048405542, 0.306387681084393, 0.30000537339807143, 0.292805518342869, 0.29279831519519606, 0.30968964359311574, 0.28517122398100236, 1.2446090270888397, 0.3380368731809271, 1.2516805297710467, 0.4910945500415065, 0.7714571977852441, 1.0177046883023106, 1.1342260113284948, 0.8325796465079753, 0.6955964813110732, 0.7421585342589586, 0.7838166625246099, 0.8274368149760961, 0.819875084301839, 0.8185314313408224, 0.825512074151672], "recauc": [0.5398583974797803, 0.6791391868617577, 0.7557581798830979, 0.8008378393898903, 0.8286957685637582, 0.8437262365760123, 0.853480194041192, 0.8599290490491972, 0.8647054656082369, 0.8682935247023917, 0.8684746574356474, 0.8739436213130872, 0.8764186038798022, 0.8786852695485308, 0.8804315200075813, 0.882369403486913, 0.8838708147021731, 0.884917357086902, 0.8861975940504483, 0.8874066193020896, 0.8883884281989303, 0.8894321148659312, 0.890360047725344, 0.8912050847533144, 0.8929024886084046, 0.8932891339237777, 0.8940319888247568, 0.8951293284345178, 0.896352182376052, 0.8972942963195476, 0.8981963660950046, 0.8986601544729099, 0.8998638434696762, 0.900101583957726, 0.900796433761472, 0.9017567508520595, 0.90217089669206, 0.9012796891363078, 0.90355615878234, 0.9036331815539232, 0.9043168501284871, 0.9053549790356934, 0.9044771921344564, 0.9051770342775449, 0.9065055858093122, 0.9070738651585476, 0.9063593824941394, 0.9065458392942002, 0.9071126295792649, 0.9085554495638618, 0.9084747565935433, 0.9079474885091832, 0.907113420743965, 0.9073548902514345, 0.9072455145137251, 0.9082271103843037, 0.9073722020796883, 0.9074301563512293, 0.907643996564465, 0.9075002843847608], "f1": [], "aucrecauc": 0.9709890978479084, "aucloss": 0.7788163106761271, "convergence_rate": 0.9354402139284723}