{"bestEpoch": 37, "lastEpoch": 47, "mae": [], "medianabsoluteerror": [], "mape": [], "mse": [], "recauc": [], "f1": [0.28450699651914957, 0.2716490422355272, 0.2563118922995207, 0.28824376189285783, 0.34448981136867124, 0.3227946773644192, 0.30353330888742, 0.32368299196233763, 0.408320501493635, 0.3764326453202184, 0.3283886156547674, 0.39191425403871466, 0.38387048497728404, 0.42733306392835213, 0.453451653828478, 0.41277097772884214, 0.44091981124822927, 0.4395693479087475, 0.45202274873163223, 0.45887582329382165, 0.46076762457407455, 0.4374104173441753, 0.44033542532513076, 0.45893143306207584, 0.4271166249442936, 0.4456942953265715, 0.46306221917725987, 0.43123517975090264, 0.4651167032783272, 0.47009998586910146, 0.46828740428918125, 0.4660963293351743, 0.4696584550876007, 0.4686912412604146, 0.46725094844173487, 0.4699435137458351, 0.4695765725811774, 0.46959671459560803, 0.4702103538296287, 0.4665314112646978, 0.4693692744824919, 0.4699628904403889, 0.47032153211608335, 0.4718780266655274, 0.4709251146511075, 0.470765095609258, 0.47077168714827416], "f1auc": 0.8970192757426236, "convergence_rate": 0.7745733990634637}