{"bestEpoch": 82, "lastEpoch": 92, "mae": [1.0021669412862382, 2.2444861462711265, 0.8464120680877445, 0.9095961166091118, 0.7039533845755476, 0.6875878049056227, 0.8034923431843038, 0.6140124444244573, 0.5801011605071236, 0.5664004874401308, 0.5525565743241734, 0.5637195839572517, 0.5262400653818159, 0.5398440960957102, 0.5156677220230286, 0.5192779847284874, 0.5112298585850473, 0.5409146607474613, 0.5113405600225971, 0.5570332111053519, 0.5117884228984965, 0.5157711900389567, 0.523012807841486, 0.5015160586471374, 0.4960501574586029, 0.4899073508118912, 0.49078344693103687, 0.4909947008518595, 0.4959070073588378, 0.49471202299351796, 0.4882906449851898, 0.4850107416270158, 0.48934113770631266, 0.48539808195070266, 0.4868375992308439, 0.4841334306616739, 0.48705814713839196, 0.4923825760170884, 0.4841347505168083, 0.4842037451541428, 0.4866795692090271, 0.48097350652218684, 0.4807181459826945, 0.4822777312848726, 0.48176058166181757, 0.47982049872283467, 0.48040189204492645, 0.4810509856034504, 0.482107070643919, 0.4807493049910991, 0.48092595179630154, 0.4810512949010166, 0.48115879835396586, 0.47980410783429184, 0.4780850081438876, 0.47958997660308533, 0.4792803122831136, 0.47855312022972957, 0.4781494639888073, 0.47806790003529376, 0.47727671874334754, 0.4780713158131792, 0.4779862922121068, 0.4781162129862792, 0.47835132963584537, 0.4783447641627387, 0.47867181355954036, 0.47844723913622933, 0.47813594820079547, 0.4780629758281557, 0.4780572149870611, 0.4776463717314291, 0.47800778663326204, 0.4784202891610719, 0.4786415579717592, 0.477830400100247, 0.477899492544036, 0.4785759268943035, 0.4779613502566609, 0.47846880312682916, 0.4784852544180192, 0.47781458344608496, 0.47825494927309076, 0.47832323307439384, 0.4779554417646508, 0.47808794004582394, 0.47804912193264293, 0.4780193940086378, 0.4772765385994091, 0.47844544588148574, 0.47858731328438453, 0.47785219743494883], "medianabsoluteerror": [0.6460247039794922, 1.8999948501586914, 0.5511088371276855, 0.6656427383422852, 0.4832792282104492, 0.4959683418273926, 0.6131901741027832, 0.4638252258300781, 0.43876218795776367, 0.43177366256713867, 0.4325876235961914, 0.4463648796081543, 0.41124916076660156, 0.4272785186767578, 0.40334415435791016, 0.40979719161987305, 0.3971834182739258, 0.4287233352661133, 0.4132513999938965, 0.46123218536376953, 0.4086141586303711, 0.4069504737854004, 0.4186534881591797, 0.40106964111328125, 0.39539623260498047, 0.3881349563598633, 0.3913078308105469, 0.3949546813964844, 0.39710235595703125, 0.39460039138793945, 0.3927454948425293, 0.39012813568115234, 0.39286327362060547, 0.38724374771118164, 0.3888564109802246, 0.3885793685913086, 0.3956465721130371, 0.3975358009338379, 0.3894224166870117, 0.39239931106567383, 0.3966860771179199, 0.3851432800292969, 0.38716793060302734, 0.39251065254211426, 0.3878798484802246, 0.3855128288269043, 0.38599538803100586, 0.38592052459716797, 0.3895280361175537, 0.3867983818054199, 0.38671255111694336, 0.3841838836669922, 0.38988256454467773, 0.3846311569213867, 0.38419055938720703, 0.38790082931518555, 0.3843092918395996, 0.3835458755493164, 0.38643550872802734, 0.38553857803344727, 0.38593339920043945, 0.3837871551513672, 0.3834958076477051, 0.38456296920776367, 0.3830277919769287, 0.3850851058959961, 0.3845705986022949, 0.38495588302612305, 0.38411712646484375, 0.3854103088378906, 0.38507986068725586, 0.3851470947265625, 0.3856534957885742, 0.38512420654296875, 0.3845682144165039, 0.38423967361450195, 0.38623666763305664, 0.3857543468475342, 0.3860764503479004, 0.38547706604003906, 0.38474512100219727, 0.38341331481933594, 0.3843522071838379, 0.3861093521118164, 0.38442087173461914, 0.38467979431152344, 0.38564443588256836, 0.38519811630249023, 0.38651371002197266, 0.38494157791137695, 0.3842329978942871, 0.38494348526000977], "mape": [0.20124870892483082, 0.4298410858518332, 0.17580980285494302, 0.19138413510408778, 0.1451315927294464, 0.14279509259264614, 0.15566651465631204, 0.1270168254025481, 0.1182949411823037, 0.11332295105513694, 0.11252135974330607, 0.11039849142187151, 0.10708016904711967, 0.10957522101369743, 0.1059425124526135, 0.10647981545139572, 0.10339342820713493, 0.10682062626994583, 0.103479821024919, 0.1179054092790991, 0.10385243860886506, 0.1076792928047716, 0.10235845072072729, 0.10455696633720332, 0.10090221613646498, 0.10069259241381678, 0.09985998454162062, 0.10067909042601104, 0.10043071658327683, 0.10301332595712158, 0.1002756874447112, 0.09918042385905268, 0.10015082383892833, 0.09976616439417585, 0.10085535523315085, 0.09861962603344386, 0.09996273144795881, 0.10187361127501801, 0.09974098562957451, 0.09941379301188158, 0.10018747936358262, 0.09868117129030196, 0.09870688624351164, 0.09941308716695473, 0.09880134514297204, 0.09846125091056741, 0.09892383649025292, 0.0987592736467627, 0.09849337826815613, 0.09866757023818243, 0.09912693545602685, 0.0995735748018932, 0.09856019608879993, 0.09872755891949393, 0.0978202389084746, 0.0986936958865538, 0.09868668029290162, 0.09830385765731638, 0.09831377747457773, 0.0982666356280507, 0.09787270669972896, 0.0981679795006403, 0.09825074612327589, 0.09829533900508337, 0.09819180680911611, 0.09832199761975266, 0.09856939976768386, 0.09847788532068474, 0.09837775177872886, 0.09821755277578116, 0.09821986031225467, 0.09792569159488468, 0.09823870741403748, 0.09849444201909097, 0.09855321804522607, 0.09813147194256415, 0.09810753109410392, 0.09846287241532041, 0.09820086124807145, 0.09844931512281237, 0.09846993622316445, 0.09817797247096963, 0.09841246539251193, 0.09838780258637951, 0.09818773063092465, 0.09830405956676509, 0.09827893540745455, 0.09818614210253222, 0.09773078365132792, 0.0985228814313365, 0.09859369102710841, 0.09809034946859303], "mse": [36.04639522525432, 31.346685615184914, 16.822462849917663, 11.745498617447613, 7.339681128179866, 4.611367796823678, 3.033084913084107, 1.6545719326212465, 1.0037949599972518, 0.6958957061182477, 0.5651391640694792, 0.5536292812515634, 0.47403560065963884, 0.4919355981882256, 0.4537174060554506, 0.4604781664586973, 0.44879923424944784, 0.49604051203304056, 0.4446134771128352, 0.5011092609255674, 0.44639594273543454, 0.4452661530636489, 0.4696712226800557, 0.4202064639123332, 0.4174836997402344, 0.4096872054633536, 0.41044837793126016, 0.407820632118618, 0.4195515953632501, 0.4119933174329385, 0.40415835351589174, 0.39908239012661506, 0.40368636543879244, 0.39781023099315727, 0.39781883867471096, 0.40005008311794577, 0.39710327804969464, 0.4161829948736505, 0.39871249986051815, 0.3957244029350935, 0.39785708812352116, 0.3924750966634116, 0.3909196771242872, 0.39181500191898044, 0.39236306977742025, 0.39086099363992105, 0.3905450320839228, 0.39050665969483045, 0.39225571419501337, 0.39036008094324337, 0.38978966845710056, 0.39003987447594224, 0.39130175262485767, 0.389024167887052, 0.3877189106770484, 0.38951682654767167, 0.38753221366717866, 0.38776567589694627, 0.38705569308743143, 0.3867141132179397, 0.38656359416909697, 0.3869040592374499, 0.386745145118318, 0.3867710017468839, 0.3871714691928041, 0.3869463710328626, 0.38702200000090514, 0.3868674060496635, 0.38660514063054635, 0.386779307665765, 0.3867890234974848, 0.38663729471861247, 0.3866798350804174, 0.38695542700890667, 0.3869819596141926, 0.38659004511383765, 0.38667360685910157, 0.3871781639251679, 0.38661228097063116, 0.3868836972923344, 0.38691407997687277, 0.38640590776462996, 0.38663410882685195, 0.38691815648018996, 0.38673467402823475, 0.3865718127255269, 0.3865115294273287, 0.3866806768785376, 0.38647097925657425, 0.3867716913383463, 0.3869530333940904, 0.3866005977440328],