{"bestEpoch": 30, "lastEpoch": 40, "mae": [], "medianabsoluteerror": [], "mape": [], "mse": [], "recauc": [], "f1": [0.015002448409178191, 0.014710229809703603, 0.01765532609352555, 0.01634790449810041, 0.01860569151022291, 0.018168953553652667, 0.018554227905003117, 0.021001154381333126, 0.0209546403798316, 0.022715600059429714, 0.023581322241390857, 0.023518047004530442, 0.022414584251204427, 0.02230347018553598, 0.023902434477648372, 0.023855085910440922, 0.0239811975109055, 0.025791311925970235, 0.02697918857778681, 0.025623873545668054, 0.02727901560334791, 0.02624543547994254, 0.026904078331020473, 0.02770591406047954, 0.026310878941801213, 0.028547868041293434, 0.027265569895620855, 0.026281000269502336, 0.028778386147362046, 0.027723263331243322, 0.028184229308267566, 0.0286519309627431, 0.02695497443970879, 0.02711433460134123, 0.027522715549627656, 0.02814672095715902, 0.026521685907084844, 0.02770900125580307, 0.028159301194735666, 0.027024858749949653], "f1auc": 0.8497155102266735, "convergence_rate": 0.6925720062494035}