{"bestEpoch": 6, "lastEpoch": 16, "mae": [], "medianabsoluteerror": [], "mape": [], "mse": [], "recauc": [], "f1": [0.2553184956519978, 0.28394807409023703, 0.28573147063514975, 0.28683393907674926, 0.3346738124281631, 0.323447651820409, 0.3386358949456159, 0.33297424023869543, 0.31982779542366646, 0.3245326653815563, 0.3228490684808776, 0.338082611846373, 0.34495484349967775, 0.3305430238122562, 0.33709945308130224, 0.34127095560142695], "f1auc": 0.9281271371957467, "convergence_rate": 0.7234058198952299}