{"bestEpoch": 3, "lastEpoch": 13, "mae": [718.2043104043258, 426.2764543287569, 358.7534817991516, 359.13012607742706, 359.00151650348147, 360.1125877924375, 368.14901955954747, 363.6642367183206, 360.9587606802708, 359.0029766269664, 355.52368154253935, 355.2149554864051, 355.6149222649873], "medianabsoluteerror": [634.5699467578124, 377.1387942343749, 314.61779790624996, 313.96044880468753, 312.71398908593756, 313.08068830468756, 320.1342775234375, 315.870117484375, 313.15307575781253, 311.00488246093755, 307.482910453125, 307.192871390625, 307.44116240625], "mape": [0.4306324143603895, 0.2494404076974654, 0.20791153145411712, 0.2080559749951043, 0.20802995843636954, 0.20893394147086744, 0.2143415357792003, 0.21155164108691435, 0.2098932807639768, 0.20870650096682983, 0.20649656896708626, 0.20631253643353442, 0.2065692946483064], "mse": [584150.0596512046, 217481.82214530956, 158201.42479708145, 158601.14722581353, 158305.38868490624, 158659.19065585482, 164220.10294868398, 160583.5147871651, 158351.9110130546, 156712.50437106044, 154032.66038350112, 153773.1603667762, 154063.90435558662], "recauc": [0.633532671785697, 0.7824909157582426, 0.8169441684909231, 0.8167519122282598, 0.8168170150348368, 0.8162507065521366, 0.8121502668785396, 0.8144379919473429, 0.8158183966544803, 0.8168172520955799, 0.8185926000007409, 0.8187499194363881, 0.8185453952802687], "f1": [], "aucrecauc": 0.9844133465959481, "aucloss": 180669.1507818836, "convergence_rate": 0.931100379036147}