{"bestEpoch": 19, "lastEpoch": 29, "mae": [0.4535593435712116, 0.4193862310917429, 0.40884495136378124, 0.46982209562220073, 0.3956320172681467, 0.3979335030465425, 0.37309683305773944, 0.3803320723095452, 0.37894605109134577, 0.3946875360027023, 0.3755424218864922, 0.4362095751577746, 0.3878439350906875, 0.3833586681904099, 0.3815286611598353, 0.4212123664878002, 0.41961606215926633, 0.39071314974507204, 0.37622208819894887, 0.3786636134027249, 0.38168252248448536, 0.38003957709749847, 0.38180999814443906, 0.3812382853940302, 0.381706248207733, 0.3813967676492467, 0.38104701988232736, 0.3816800752906161, 0.3820551870164011], "medianabsoluteerror": [0.3544473648071289, 0.33447916507720943, 0.3248937010765075, 0.4106833457946777, 0.3108050274848937, 0.3247835350036622, 0.290073537826538, 0.2943661570549012, 0.29146882534027085, 0.3167724680900573, 0.2936960935592652, 0.37477588653564453, 0.29735076427459717, 0.302990198135376, 0.2981798219680787, 0.3557354831695556, 0.3507112169265747, 0.29265260696411133, 0.29156395196914664, 0.29202535152435294, 0.2934281110763549, 0.2945583462715149, 0.2931158661842346, 0.2960093736648559, 0.29702929258346555, 0.29656376838684073, 0.29583942890167236, 0.2971787691116333, 0.29778479337692254], "mape": [0.22313139091896128, 0.23310078158308348, 0.2189973547524907, 0.27307771412829407, 0.21201105129242614, 0.22313410394302496, 0.19384827030606722, 0.20067357924400542, 0.1912908963871065, 0.2138269847148618, 0.19408948677028298, 0.2487578866558483, 0.20132162490836134, 0.20728921961530228, 0.20388383671376256, 0.23140149623906406, 0.23439567936378486, 0.19281543210960012, 0.19432626021119837, 0.1946711334993441, 0.19455570091262558, 0.1980829364299372, 0.193272528225359, 0.1978779571125216, 0.1987443288447598, 0.19903530415277682, 0.19808164570227046, 0.19915772000508256, 0.199654702022639], "mse": [0.36374590026651493, 0.30390008049524664, 0.28971850101939567, 0.3404070278544249, 0.2752155433790133, 0.2643782680380027, 0.2481559898396874, 0.258172129115465, 0.25838476590707693, 0.2643326512251173, 0.25006776046337925, 0.30059938764084176, 0.27104244212084305, 0.2548835656920189, 0.25645948247478123, 0.2872687216147513, 0.2866399691191487, 0.28494830700018187, 0.25174976439704316, 0.256245955581153, 0.26167008296844035, 0.25666270114708495, 0.26232583464740633, 0.2578574744943426, 0.25802040978376944, 0.2575642848086288, 0.2576987765626168, 0.25793445022379735, 0.25803323564188324], "recauc": [0.8945125591148408, 0.9024594879266656, 0.9049108288176112, 0.890727895857705, 0.9079840484790287, 0.9074480600957388, 0.9132251601023779, 0.911541920374056, 0.9118646747681, 0.9082030442457582, 0.9126565569744206, 0.8985459066868069, 0.9097948390066001, 0.9108379231590236, 0.9112640445724026, 0.9020348206029963, 0.9024066441657518, 0.909129266536081, 0.9124996641921833, 0.9119318559383386, 0.9112300319091295, 0.9116122179807317, 0.9112007042338757, 0.9113335912880001, 0.9112247030730797, 0.9112967494028026, 0.9113781869052067, 0.9112311786475159, 0.9111437159993394], "f1": [], "aucrecauc": 0.9946225771593907, "aucloss": 0.27082835341313777, "convergence_rate": 0.7816760842279659}