{"bestEpoch": 19, "lastEpoch": 29, "mae": [], "medianabsoluteerror": [], "mape": [], "mse": [], "recauc": [], "f1": [0.1887740925056824, 0.1990113727921587, 0.21861704427142958, 0.21091936715502638, 0.22432564223028242, 0.21299978397556654, 0.21933668553718091, 0.22085526909837525, 0.22770953048205908, 0.23626413807487479, 0.24809694286325806, 0.2407227008031276, 0.22846161672060508, 0.24762359728592595, 0.21864592233241942, 0.22933966632086303, 0.24176636805070806, 0.24714003553165292, 0.24542923993337906, 0.24763039173141677, 0.24191403360355684, 0.24469575038510774, 0.251144713321957, 0.24909110453759406, 0.2442404713208367, 0.24819002321411981, 0.2495274993746843, 0.2495292329300952, 0.24969371126118578], "f1auc": 0.9332214936614333, "convergence_rate": 0.7311062706932091}