{"bestEpoch": 36, "lastEpoch": 46, "mae": [], "medianabsoluteerror": [], "mape": [], "mse": [], "recauc": [], "f1": [0.015138427103016364, 0.04707344054646143, 0.04094137362717576, 0.04527742325979892, 0.06280038355630066, 0.0810391721221083, 0.08285301509447375, 0.12023287820692434, 0.11921837524003408, 0.15315448803031953, 0.16567849997765452, 0.18176160705070293, 0.17623118234328383, 0.19046910867435182, 0.1603338493545314, 0.22629500871782662, 0.24551792413697018, 0.23458488908207697, 0.24768132452864408, 0.20515746171609403, 0.2252367725916729, 0.2707430080256316, 0.27632164317441527, 0.287354962934662, 0.28890841729777306, 0.29042243264921713, 0.29280446184342485, 0.2887602783579303, 0.30013383793600945, 0.29848449177890723, 0.2957113125063362, 0.3089900499365748, 0.308453073394214, 0.3078349573804335, 0.3096123100741979, 0.3093560614919561, 0.30990422448621646, 0.3089762568087781, 0.3093893348296039, 0.3083323459921062, 0.3088234467120975, 0.31004945721643595, 0.3099129647154189, 0.3101221411322943, 0.31038313655933275, 0.3098926771250908], "f1auc": 0.7441582936226265, "convergence_rate": 0.7310402227551172}