{"bestEpoch": 43, "lastEpoch": 53, "mae": [], "medianabsoluteerror": [], "mape": [], "mse": [], "recauc": [], "f1": [0.018298542595057997, 0.023669567794204635, 0.02193214836655645, 0.02809223001345707, 0.032264987125782435, 0.037437902444638106, 0.05470487721650743, 0.051526279109625234, 0.08634762780687982, 0.1010654791214919, 0.13385417562471327, 0.15900107954260997, 0.17421449551110565, 0.18647730062065687, 0.2179778142656799, 0.21965874272533314, 0.23784546051020394, 0.24566673431910815, 0.2603879414331559, 0.2534501144740983, 0.2643939753528857, 0.2786009015083328, 0.27559310763893463, 0.29355790873320786, 0.30072009044883286, 0.2918117098978442, 0.30380015468596505, 0.30110133668921507, 0.2993386966101763, 0.30266521367742194, 0.31203056068127527, 0.3035463126026726, 0.31447284463688546, 0.3039707156065175, 0.3129566385986346, 0.3120234131210582, 0.3111631385523443, 0.3193112095905638, 0.3133994022165156, 0.3194460717992035, 0.3116651259989371, 0.3122060247747427, 0.3157612869022346, 0.3132809408617616, 0.31002305275694736, 0.31320973288469356, 0.320139841134225, 0.3291369858793223, 0.32707151274289964, 0.32488520826243167, 0.3255091325319867, 0.32619958324499915, 0.32712404942319506], "f1auc": 0.73392857823082, "convergence_rate": 0.7182653957971128}