{"bestEpoch": 42, "lastEpoch": 52, "mae": [], "medianabsoluteerror": [], "mape": [], "mse": [], "recauc": [], "f1": [0.0073727146112652926, 0.007636055134127181, 0.007832643903981862, 0.011471529144551653, 0.015135006409045733, 0.028686295002857132, 0.029202457073382752, 0.046033453540942355, 0.07584720321756545, 0.07977069288451878, 0.09666883670274289, 0.11614199030753578, 0.1098850542479536, 0.1409757384727445, 0.12309217085558927, 0.1566461331044254, 0.1432123411217917, 0.17508244158754357, 0.13925496625490277, 0.14675623182181466, 0.1623002827797415, 0.19352661142609257, 0.18091507523998984, 0.18758696615182924, 0.19035017773964705, 0.18007065381297457, 0.20419235310897263, 0.20734833868514876, 0.20887367804307952, 0.21104290528809766, 0.2082244455777285, 0.2120794201748065, 0.21189779845444584, 0.21164456465796305, 0.21103046457743194, 0.21281916890057578, 0.21323682254602733, 0.2128374198786437, 0.21352294810771835, 0.2137333396630918, 0.212954010524726, 0.21295061811750413, 0.21272540365150205, 0.21166815600336808, 0.21377432511804018, 0.21356138794601218, 0.2131113531126743, 0.213095008424193, 0.21341737489139456, 0.21373790966313902, 0.2134164781031592, 0.21299637824011325], "f1auc": 0.7476421269992781, "convergence_rate": 0.7386278437629601}