{"bestEpoch": 119, "lastEpoch": 129, "mae": [], "medianabsoluteerror": [], "mape": [], "mse": [], "recauc": [], "f1": [0.013569906716663667, 0.01778695479895931, 0.020202863847955246, 0.02084524785804723, 0.023896780030619777, 0.023262835434805246, 0.02355825726385643, 0.023451352390484702, 0.022011290766647415, 0.02074041506141402, 0.019136960263348275, 0.017547097215595695, 0.016489910677654776, 0.018281154403461605, 0.02044601255438305, 0.013407846161397103, 0.015782064913262877, 0.012632403151420805, 0.012898445205553662, 0.013395185485720442, 0.01343446244980009, 0.012960963352827913, 0.015878951606710462, 0.01750481373076705, 0.012497394871998972, 0.014725109160911527, 0.01490473710041942, 0.01303257331192443, 0.01306349196110175, 0.011542928176321314, 0.014343852248610635, 0.012776616951851456, 0.01290763792180815, 0.010740529741847764, 0.011979945966326027, 0.01028475960694978, 0.01050340472722886, 0.010333647713232069, 0.013991163367144377, 0.01505208792995117, 0.01409967863047512, 0.015575680809486544, 0.015494102687424825, 0.019551905073600277, 0.015759053277699452, 0.017400442926749738, 0.01674715439584256, 0.0191109350286781, 0.0190518027126724, 0.01949387915288362, 0.019385474316171426, 0.0191364864946048, 0.019296662654080754, 0.019128212034138396, 0.01909967152011871, 0.01890725337281454, 0.018921425002854198, 0.01894965796024563, 0.01889720078349074, 0.019006136958013866, 0.019021539674145858, 0.01900258655182334, 0.01901468264545165, 0.018975918389790607, 0.019045375726162855, 0.019083782852682293, 0.019196535966368496, 0.019123244672477006, 0.019151362419407642, 0.019193184391140997, 0.019323930373003503, 0.019390285210653193, 0.019283993588066532, 0.0193726784925965, 0.019441076054640287, 0.019373386341848094, 0.019433517965197742, 0.0194407793201131, 0.019362216018599353, 0.01947867883077475, 0.019407544560630915, 0.01941863200876617, 0.019407660715343174, 0.019415439173712454, 0.019451387422329054, 0.019369417326456917, 0.01939020310479947, 0.019403978259019693, 0.019338954158947163, 0.01935936278923097, 0.01936733063100825, 0.019272068698421022, 0.019191239181807124, 0.019239740441920134, 0.01930095671940581, 0.01918152033519896, 0.019233768017808472, 0.01914670573629172, 0.019196353368410177, 0.019208683083378912, 0.01927961410069017, 0.019176231789811655, 0.01923819197997632, 0.01923222383691529, 0.019176360065391623, 0.019214645415250205, 0.019169685184339095, 0.01928884638071923, 0.019247597279574074, 0.019237652907682996, 0.01928668755936162, 0.019302009531360572, 0.019276116496222174, 0.01930355397420133, 0.019310127887311193, 0.019317538008505716, 0.01933229572049955, 0.019298718097536242, 0.0193829724997981, 0.019324745369264297, 0.019384594112227975, 0.019332784545784867, 0.019388739666545685, 0.01922957851361386, 0.019323336401968604, 0.019352517958628628, 0.01925504377230705, 0.019288117552393305, 0.01929656877340439], "f1auc": 0.7547559845755675, "convergence_rate": 0.5694583090521472}