{"bestEpoch": 10, "lastEpoch": 20, "mae": [1050.1250570767795, 451.81535900552433, 253.9970459275729, 162.6066178682118, 123.39839928044907, 100.28826632425462, 90.0721584164433, 83.58111765345024, 82.41172869254746, 75.95732352390856, 82.24584667576505, 78.63440705761576, 77.73345821843404, 80.1068432742095, 80.42036947877547, 80.52128184164816, 80.11063051017592, 80.89004665322571, 80.14134050728241, 80.45317056763774], "medianabsoluteerror": [924.858764765625, 409.60058576562506, 235.4007565390625, 154.81494146093746, 117.29089378906247, 93.98742681249996, 84.51965325781248, 78.468994140625, 77.25683546875007, 70.89587425781247, 77.03942864843748, 73.43945324218748, 72.68176275781252, 75.00732428125002, 75.24841267968759, 75.32995617187498, 74.98876959375002, 75.66027825781248, 75.00463873437502, 75.26318318750009], "mape": [0.6366204894571466, 0.2695291515490751, 0.1509143908718127, 0.09720734470614018, 0.07482902734962202, 0.06178237340524752, 0.05608845086158968, 0.05250233303611677, 0.051859705958734334, 0.048294892948934215, 0.05176739730410892, 0.049761090996029135, 0.049267613267830794, 0.05057142881885353, 0.050743312896179615, 0.05079759450533631, 0.05056973510934837, 0.05099891077235153, 0.05058472887934324, 0.050756722461598215], "mse": [1222862.679299244, 234305.50451612304, 76339.50011981942, 32736.941198093366, 19456.645627771217, 13234.325410348305, 10875.433972407878, 9515.57125959941, 9280.945711659104, 8089.092972697818, 9245.74473575407, 8568.620507471745, 8401.190187888053, 8838.036593855586, 8897.40063760472, 8916.724267894391, 8839.196482392397, 8987.020387916898, 8845.296589471578, 8904.141052099967], "recauc": [0.4641684168416842, 0.7694597756071904, 0.8703969211735988, 0.9170294066443682, 0.9370352590814637, 0.9488278457475378, 0.9540403669996629, 0.9573524019068573, 0.9579497357143122, 0.9612426279665004, 0.9580342182366385, 0.9598767432298786, 0.9603360187870638, 0.959125142143844, 0.9589644742252003, 0.9589137432261745, 0.9591229196993774, 0.9587257540568872, 0.9591079552399684, 0.9589479688709611], "f1": [], "aucrecauc": 0.9646011696893269, "aucloss": 58381.92638707586, "convergence_rate": 0.9315457663237441}