{"bestEpoch": 71, "lastEpoch": 81, "mae": [1645.8104422817125, 1544.405111465885, 1458.0484096203631, 1377.037636142173, 1309.2190785521123, 1244.9748684917104, 1186.4015977307147, 1135.9651406587745, 1074.4459373484085, 1017.4959012427228, 963.9140747995805, 911.1938678044994, 858.1067272699219, 811.0109697377314, 760.8522496404369, 718.6837063371238, 674.8479080515335, 632.8883744867187, 595.111260862125, 556.6050978487547, 522.450255672036, 488.20905401121763, 456.2304613276424, 427.47573143785763, 398.9009715087083, 371.705585224493, 346.04449507337614, 322.45617262700813, 300.3792620733368, 280.00786029018985, 260.2877549301389, 242.6024114508993, 225.0238401626331, 209.12841718413657, 194.72530149823035, 181.07285904248727, 169.03730750185068, 157.5019377821956, 147.16125934243055, 136.74332446650578, 128.25720315574654, 121.29983918589467, 113.85442226594792, 107.19392061997685, 102.00665519415163, 97.27398823996874, 92.51002157058102, 88.77532595015855, 85.13355083172223, 82.06520057132174, 79.41714982569907, 77.2191362796169, 75.07705526017014, 73.20698894365509, 71.08906542310994, 69.59223977551852, 68.80427147689005, 67.68295396786574, 66.1138016421331, 65.80537079693634, 64.99412774177894, 64.86291045689352, 63.9171433845463, 63.069570107525465, 62.979040701416665, 62.76259596775926, 62.460343689219904, 62.651453444614596, 62.24806842499885, 61.98660269499305, 61.836965180328704, 61.355703208469905, 61.297372768942125, 61.31273986618635, 60.961414400300924, 61.09368145310995, 61.156141577048615, 61.18406996253473, 61.106807320957174, 61.11042123578473, 61.08467902999652], "medianabsoluteerror": [1445.9778017433396, 1353.7209090014649, 1277.2427974453126, 1204.1526032041015, 1144.6835331835937, 1088.660553033203, 1038.1896361679687, 993.533325609375, 940.5958552988282, 890.8789063046875, 844.4556272070313, 798.6731565585937, 753.128906078125, 712.2643436679687, 669.9852904101563, 633.4895628164063, 596.9329222460938, 560.838134765625, 529.5827024648438, 495.92626999999993, 467.30761701562506, 438.23150634765625, 410.29138200781244, 385.128173828125, 360.821899296875, 336.679931578125, 313.7878416796875, 293.2844237109375, 273.7486569375001, 255.67163044531253, 238.22558582031252, 222.72509724218753, 207.741577328125, 193.89978015625002, 181.6462399375, 169.52477998437507, 159.19860828125002, 148.8201904296875, 139.76013230468743, 129.7698970546876, 121.76696782812496, 115.11523443750002, 107.77539068750002, 101.16162132812497, 96.24084507812495, 91.53857392968757, 87.21850592187502, 83.58435099218741, 80.12939494531247, 77.18102985937503, 74.53430146875007, 72.72875971093754, 70.32605021874997, 68.42553664062507, 66.37475557031257, 64.60388177343748, 63.74365239843746, 62.73144519531252, 61.01806670312499, 60.691650218750056, 59.66064446874998, 59.58288585937498, 58.333984554687504, 57.24682622656246, 57.15856892968759, 56.74560582031245, 56.535522289062556, 56.828491445312466, 56.13647419531253, 55.86157261718745, 55.72326630468751, 55.283813656250004, 55.15844767187491, 55.12548798437501, 54.633056820312504, 54.82214325781251, 54.98840325781248, 55.04882793750039, 55.02490193750009, 55.04626441406231, 54.88317877343752], "mape": [1.000283372732241, 0.937356930348262, 0.8839923582924429, 0.833918055965366, 0.7923737237797283, 0.7530838669250267, 0.7172611046868564, 0.6868875925296098, 0.6490742692029399, 0.6143714712835566, 0.5816859837818136, 0.5496429536652206, 0.5171183847496755, 0.48848334318013836, 0.45769334667215394, 0.4321108946288619, 0.4053684278913993, 0.37971811041719233, 0.3566870674472043, 0.33325159556087397, 0.3125095901190023, 0.291696116880572, 0.2722936702323493, 0.2549395378426333, 0.2377831712131121, 0.22141146599873957, 0.20606453144929796, 0.1919756304686827, 0.17882226165979528, 0.16670071586492466, 0.1549504310144067, 0.14448814472329927, 0.13404970178477166, 0.12463958664821992, 0.11618962191443984, 0.10817425106899947, 0.10114512861845841, 0.09443961293197757, 0.08848259247074698, 0.08247817229785014, 0.07765501300675802, 0.07372406745617038, 0.06950112249891031, 0.06572129206176401, 0.06278727815345864, 0.06011354006125726, 0.057446079718324605, 0.05535569650263734, 0.05331742092730731, 0.051610300389566224, 0.05014478152800251, 0.04891895382556097, 0.04776268449719324, 0.0467298612456933, 0.04556142453620896, 0.044743533389188905, 0.0442991662531591, 0.043718864122018995, 0.0428502891338773, 0.04269932451182898, 0.04224458268749995, 0.04215278059217399, 0.04165181361900354, 0.04118209458496422, 0.04115441043848543, 0.04102557332923703, 0.040863037538364164, 0.040974559858061456, 0.04077089430059661, 0.04062894263978852, 0.04052383461626268, 0.040296916195454766, 0.04024934835594162, 0.0402600831257537, 0.04007029487832592, 0.040147206846230264, 0.04017518363359851, 0.04019566543414693, 0.04014874452687776, 0.040155754368760184, 0.04014072308803843], "mse": [2993090.5418884754, 2641907.414348872, 2359064.7927068346, 2108382.9882642133, 1907718.9848019318, 1726611.4956555131, 1569354.0634071915, 1438078.3618841767, 1288651.4621253205, 1156600.6668440255, 1039023.5823713547, 929133.2825416568, 825482.5659501152, 738073.7402940968, 651174.3908202581, 581555.9572174666, 513750.6117765401, 452948.0925666367, 401380.3033424636, 351962.3928810536, 310792.4373980124, 272163.02327708673, 238386.35090948487, 209780.32776397018, 183048.1570555965, 159396.19423017403, 138488.3189239299, 120574.29201517685, 104938.63229097704, 91508.428755774, 79433.23499443376, 69311.98708340875, 59998.90909565267, 52151.12817492251, 45510.152791501874, 39665.48741586683, 34834.80851747768, 30503.801810565197, 26847.513720373176, 23394.215755288435, 20726.82924861844, 18647.824995507304, 16562.394225444856, 14800.51504050768, 13501.719505703784, 12375.88703198456, 11294.954042514875, 10484.727733006393, 9731.576686989863, 9123.569256667886, 8616.593290187137, 8214.635550452054, 7838.17817398115, 7517.81232465093, 7176.052506572968, 6937.987829963688, 6816.292810208358, 6645.488066650861, 6421.1048462582885, 6375.518123284742, 6261.102717003294, 6242.459085936747, 6116.2443424927815, 5999.8540709026565, 5993.504415619453, 5965.128450071399, 5919.0402504757, 5946.4293388741435, 5896.297769518115, 5862.954212666176, 5843.339047231213, 5784.385871325712, 5776.816500204198, 5773.043871942597, 5732.313894547568, 5751.802600829302, 5757.156272850822, 5761.149003119215, 5752.098242486386, 5749.551781206443, 5746.743176093262],