{"bestEpoch": 16, "lastEpoch": 26, "mae": [], "medianabsoluteerror": [], "mape": [], "mse": [], "recauc": [], "f1": [0.20214443598797227, 0.21977148951196807, 0.23336657331182997, 0.2365876130609224, 0.2579951130120002, 0.2755133919802417, 0.2910468719437185, 0.31098276567297567, 0.32298360574311885, 0.3315603438862828, 0.3383333691645043, 0.34302186247131894, 0.348004062327958, 0.35391748870339784, 0.34583307857624, 0.3516458235071663, 0.3454445833523845, 0.3473447152105303, 0.3530654494318832, 0.344888195242291, 0.35256512312682914, 0.35171261075662846, 0.35189695486433326, 0.3507613151252534, 0.3525980787930161, 0.3527288155346929], "f1auc": 0.9028406178856831, "convergence_rate": 0.7734353766584151}