{"bestEpoch": 13, "lastEpoch": 23, "mae": [1370.6062832595053, 1040.8499188118055, 761.6928926887587, 534.1267456713126, 361.8173841248542, 235.6073199440544, 150.7510924405104, 102.06613971430905, 76.98096339151273, 65.80353299700232, 60.62767836060417, 58.11859721776736, 57.503573418524304, 56.95609520964352, 56.92713841358218, 57.235261478497684, 57.242130077293986, 57.02335767011921, 57.17447493016551, 57.13481141015625, 57.04343988272106, 57.065635411563655, 57.02556775822453], "medianabsoluteerror": [1197.2143555234375, 909.6369630078125, 670.4346928515624, 476.4685666601563, 327.85974074218757, 216.85424769531255, 142.96008294531248, 96.17749064062491, 72.35693359375, 60.722656429687504, 54.24511754687501, 50.96630900781247, 50.40832514062481, 49.39501917968755, 49.31713837500001, 49.747802500000034, 49.86840791406257, 49.41406261718748, 49.88684117187495, 49.65283208593746, 49.61694289062507, 49.51440435156246, 49.584594906250004], "mape": [0.829332103627787, 0.6277979539791058, 0.4580163703361903, 0.31953572559504945, 0.215532114844791, 0.14024576544784825, 0.09042841135825788, 0.06276739443284232, 0.0487595359252512, 0.042652463646663925, 0.039928725053805125, 0.03858190497220312, 0.038179015583632604, 0.03793623100059175, 0.03795101487143328, 0.03811092604742807, 0.03809561438260663, 0.037996351553812896, 0.038045374816071925, 0.038052977242481204, 0.03800062410025633, 0.03801784546453812, 0.03799911162714663], "mse": [2092005.074103207, 1212889.1415158813, 653146.6967732552, 324712.54064073454, 151093.5287136202, 65567.79591635555, 28148.43647379945, 13534.085348447774, 8184.114696524371, 6363.947238540911, 5702.839430262707, 5406.408493372418, 5291.938174668349, 5269.948603241344, 5281.190889502573, 5316.065019279615, 5282.434934496361, 5282.167502904716, 5278.528228523645, 5299.447561737433, 5280.479271747911, 5286.349439872515, 5287.146661955412], "recauc": [0.3186448867108933, 0.4689003567023369, 0.6113425120289807, 0.7274591607308879, 0.815380960318254, 0.8797802595074323, 0.9230786337893049, 0.9479195178777137, 0.960720353516833, 0.9664229682227482, 0.9690644175528664, 0.9703441010767743, 0.9706595400280769, 0.9709381456664185, 0.9709526952695269, 0.9707954350990654, 0.9707919088205117, 0.9709031495742166, 0.9708271716060496, 0.9708475291973642, 0.970893459716342, 0.9708813696184433, 0.9709024383919874], "f1": [], "aucrecauc": 0.9172657949030047, "aucloss": 162557.46342042502, "convergence_rate": 0.8795483150117054}