{"bestEpoch": 7, "lastEpoch": 17, "mae": [], "medianabsoluteerror": [], "mape": [], "mse": [], "recauc": [], "f1": [0.1857697109709798, 0.21068755738087286, 0.22273841278507361, 0.2699953160019951, 0.25410963182597807, 0.23976861331096624, 0.341291427714145, 0.2849706256391606, 0.2913861775266975, 0.33750341295121655, 0.3118941129653373, 0.3106404786116226, 0.3036727467998467, 0.31423567631616156, 0.3174079160575961, 0.3211550821222294, 0.3302955737617441], "f1auc": 0.8404638707735272, "convergence_rate": 0.6498989693792453}