{"bestEpoch": 66, "lastEpoch": 76, "mae": [0.4073685733242941, 0.40496055120469737, 0.38322296657424904, 0.40115245860978765, 0.391185617855668, 0.40923839380451055, 0.4040086861416903, 0.388064907587884, 0.37550843096058983, 0.3972861218272531, 0.3838267375622169, 0.40400922188978183, 0.3838918381955989, 0.3906146902463306, 0.3926121276434003, 0.3740410780910024, 0.37982069918048356, 0.3918321934584769, 0.3697500403782252, 0.36770175417344103, 0.3688307007263979, 0.36564246206452733, 0.36614746106697815, 0.37431364657504923, 0.3647049302654106, 0.36467303175292365, 0.3683117857269632, 0.3643501498545598, 0.3630712045661322, 0.36479392010978984, 0.3688336317028044, 0.36544943162349103, 0.3587290937317168, 0.36049688694529863, 0.3690946653145476, 0.35880685787664224, 0.3647735865549694, 0.3794131618346279, 0.3656624672274833, 0.3664855784114954, 0.3615279015817282, 0.3645049376023202, 0.35620748238355776, 0.3602764730045153, 0.35972191539101817, 0.3609463575776496, 0.35786156451446033, 0.35553537143686553, 0.3548990827292326, 0.3567087741241508, 0.3578348367866494, 0.3580411879912851, 0.3566157054222761, 0.3568694159918809, 0.35661897657001634, 0.3568366235380728, 0.35688164940675143, 0.35659497384153277, 0.3560034886308447, 0.35677104795698794, 0.3562311545155116, 0.35696933201993525, 0.35577409110902325, 0.35637143534974103, 0.3562067555770205, 0.3565399977556411, 0.3564469668872076, 0.3569345631844564, 0.3561194318139617, 0.35686926907005717, 0.35606003076891046, 0.35634160633879314, 0.35614545865922265, 0.3569374956592283, 0.35629631934390554, 0.3563202954619574], "medianabsoluteerror": [0.3296831965446472, 0.3367903995513917, 0.30005612373352053, 0.3042503929138184, 0.32141330242156974, 0.3445667076110839, 0.3162183213233949, 0.3033587336540222, 0.29331365823745725, 0.2946945667266845, 0.2984073519706726, 0.3208573174476623, 0.30050866603851323, 0.3200601577758788, 0.3199594140052796, 0.29468339681625366, 0.3038222217559814, 0.31874767541885374, 0.2896647810935974, 0.28763217926025386, 0.2892387700080872, 0.282606053352356, 0.28172584772109976, 0.2984712600708008, 0.28291672468185425, 0.2792473244667053, 0.2912501692771913, 0.2855338454246522, 0.27764351367950435, 0.2687841725349427, 0.2926741123199462, 0.28970137119293216, 0.27939663887023936, 0.2740908122062683, 0.2977881669998168, 0.2792625951766967, 0.2876672267913818, 0.29889523267745965, 0.2938312888145447, 0.2925585031509399, 0.28555349826812737, 0.28842854499816895, 0.27551261425018314, 0.28488180398941043, 0.28297753334045406, 0.28372112274169936, 0.2805801153182983, 0.2757563591003418, 0.27393331050872805, 0.27812763690948494, 0.2806042098999022, 0.2800804615020751, 0.27887401580810556, 0.27799398422241217, 0.27900152206420903, 0.27894207239151003, 0.2791676473617555, 0.27838991880416863, 0.2777955174446106, 0.2781309723854065, 0.27845697402954106, 0.27891660928726203, 0.27656614780426025, 0.27781369686126706, 0.27669368982315057, 0.2777030491828919, 0.2792572379112245, 0.2790018796920777, 0.2779219150543213, 0.27860206365585327, 0.27780652046203613, 0.27803118467330945, 0.2779530143737793, 0.27907804965972893, 0.27840898036956774, 0.2773874044418336], "mape": [0.2134780339806603, 0.22650497559519317, 0.19581119006973252, 0.19782133589943848, 0.2078990496641441, 0.22898735751967297, 0.20179586525141444, 0.19955768814013197, 0.19179702481717328, 0.19144814074638225, 0.1961955715323908, 0.20329383391668052, 0.19859683664102704, 0.2090092690293455, 0.2077401190515871, 0.19482970840700012, 0.203492217615719, 0.21170061601796294, 0.19133771076655023, 0.18986151361909653, 0.19291506898769392, 0.18872196364862906, 0.19039191744148432, 0.20067275147106456, 0.19098614741942307, 0.18511528802765537, 0.1950465941525313, 0.19241967214679054, 0.18500524163835075, 0.17982660728693006, 0.1974212022936456, 0.19205069886134657, 0.18610779716043124, 0.18365334413184856, 0.1976384810296691, 0.18781847438657057, 0.1929771296518823, 0.20014332588107378, 0.1960851527810805, 0.19590814493372447, 0.19125678803912066, 0.19403934580223248, 0.18413823445935246, 0.18990231674932523, 0.1892740870320428, 0.1894244632021818, 0.1874842998025347, 0.18323906200382278, 0.1829371091423533, 0.18577013737132497, 0.18718853661979942, 0.18744068417092025, 0.18564947882721614, 0.18643826113370757, 0.1863711333334728, 0.1865342258895445, 0.18618482769791744, 0.18625808294556512, 0.1854906995077501, 0.186388575371516, 0.18574238958618777, 0.18630562872299417, 0.1857314501007185, 0.18597144210369174, 0.18591276938249868, 0.18609371401053176, 0.18597892334005325, 0.18650857285343148, 0.18587996922611522, 0.18625879893245156, 0.18579829795906885, 0.1859245799155564, 0.18596174730200635, 0.18629853233581367, 0.1859598496034497, 0.18615351115527068], "mse": [0.28686801011721, 0.27211059815355115, 0.26330535807372335, 0.3010010976435055, 0.2566788641090705, 0.27266922834164165, 0.2898466989573051, 0.26906388982095963, 0.25285372534107997, 0.2981263573093162, 0.26770247247950724, 0.28648983646717185, 0.26480416540545143, 0.25778049798422403, 0.26006695961937903, 0.24873037989748756, 0.250665132424533, 0.2609674350621226, 0.2448291446331436, 0.2431472884849495, 0.24186678533120043, 0.24360428306220905, 0.24309040999661127, 0.24304862989383919, 0.24011980426062482, 0.24483727364606428, 0.23738802431445225, 0.23599153448057245, 0.23992185451573983, 0.2544901733463898, 0.23831035347496582, 0.23562921216245494, 0.2325057040188367, 0.24212183990359257, 0.2342189379767203, 0.23213095524478575, 0.23501016650398254, 0.2491092345246817, 0.23269441851499306, 0.23392405068236877, 0.2312015499926863, 0.23244600439560836, 0.23112119885364682, 0.2297786416188526, 0.23008098196197638, 0.23096192282402447, 0.23009563662961363, 0.22987135743097817, 0.22908349644656684, 0.22856935197438408, 0.22866799791865788, 0.22863423386214116, 0.22866752664992018, 0.2286610893254455, 0.22776131242360115, 0.22794044532674546, 0.22815309511981957, 0.22808669834363163, 0.22784109145835457, 0.2283760881126365, 0.22759315418296971, 0.22852235401393622, 0.22755864805135254, 0.22813797671953348, 0.2282263581593199, 0.22850632720461964, 0.22784521716406825, 0.2282912244991666, 0.22760391245524755, 0.22818093682706964, 0.2276883047200375, 0.22778549017685465, 0.22757450477112662, 0.22858173831500597, 0.2278524977458164, 0.22779800514808193], "recauc": [0.9052556743529893, 0.9058144252812803, 0.9108705951346268, 0.9067005191469085, 0.9090178861258599, 0.904820231715851, 0.9060355195156665, 0.90974400097803, 0.9126650870334798, 0.9076013944915325, 0.9107310258387968, 0.9060377223767903, 0.9107160758464893, 0.9091521827567437, 0.9086877531803877, 0.9130077440154681, 0.9116628440428715, 0.9088682818093179, 0.9140063666194519, 0.9144837319771144, 0.9142200086440759, 0.9149628513569851, 0.9148444776443223, 0.9129457597321768, 0.9151804857693178, 0.9151880137570791, 0.9143426195656741, 0.9152625475128582, 0.915561224110203, 0.9151617362787527, 0.9142213896053673, 0.9150084421565805, 0.9165724555372751, 0.9161613773814329, 0.9141616701833805, 0.9165534114133723, 0.9151667312676757, 0.9117631004548464, 0.9149602717255321, 0.9147691521939274, 0.9159223926504387, 0.9152300986319224, 0.9171595325994386, 0.916213878286646, 0.9163419229676772, 0.9160577692502835, 0.9167756794118648, 0.9173159097733351, 0.9174639799828398, 0.9170435657655884, 0.9167814279414462, 0.9167334811349814, 0.9170648599131457, 0.9170061324940515, 0.9170645091087042, 0.9170134739513541, 0.9170027844842896, 0.9170709232128758, 0.9172079298345671, 0.9170295484255728, 0.9171549382270684, 0.9169828087679268, 0.9172605420221561, 0.9171217962159066, 0.9171601483619176, 0.9170825241355893, 0.9171042644724817, 0.9169908253383092, 0.917180552250469, 0.9170061505111979, 0.9171938754004263, 0.9171288875528221, 0.9171738827267492, 0.9169904459183996, 0.9171394021475818, 0.9171335020620031], "f1": [], "aucrecauc": 0.9966748637919318, "aucloss": 0.2415217886582836, "convergence_rate": 0.7587435801458505}