{"bestEpoch": 70, "lastEpoch": 80, "mae": [0.7402395667645847, 0.7376957518554149, 0.7529400536267127, 0.7257620865897783, 0.7402792011935057, 0.7239375385801667, 0.6956439051084784, 0.7583516978072923, 0.7070669995687517, 0.6618065629488563, 0.6698666905871304, 0.6702521813732475, 0.6952030402312589, 0.6714623009415956, 0.6759401036489863, 0.6547862582886005, 0.6535015277604328, 0.7289445898596884, 0.6366149967203473, 0.6091185879168459, 0.6102426186791258, 0.6187447245487399, 0.5962817143150513, 0.5898001129271622, 0.6388809771839904, 0.5948205051513807, 0.5781514631135803, 0.5808935010297296, 0.5676434183202913, 0.5653568740413139, 0.5543641721354927, 0.5566341025279744, 0.5615382931960538, 0.5571550810942939, 0.5580384525071354, 0.5613688103280065, 0.5480503406185117, 0.5575939510644737, 0.5423898663512776, 0.5387700597159587, 0.5436563197193256, 0.552541955503927, 0.5388535695137983, 0.5373920095974771, 0.567194901851276, 0.5388807943204904, 0.5538202693767635, 0.5383887660719673, 0.538274050549517, 0.5371784308730828, 0.5366263260499599, 0.5361625837247648, 0.536044771288511, 0.5377463318112534, 0.5385665882573049, 0.5374031857806306, 0.5364692331547644, 0.5352976658692744, 0.5352845359521686, 0.5359650977251794, 0.5354908703661215, 0.5355445745248567, 0.5353777437940819, 0.5354719939487562, 0.5352131344011726, 0.5351565759595776, 0.5354977339078465, 0.53422092054842, 0.5335669289378312, 0.5336923986160043, 0.5344332431153735, 0.533893057039177, 0.5358930315966859, 0.5340222265741249, 0.5331898683554144, 0.5340954127446298, 0.5339822574890136, 0.5336550276790782, 0.5339716529794308, 0.534037593776292], "medianabsoluteerror": [0.5984467959403992, 0.6138997554779053, 0.6446858358383178, 0.5620993614196778, 0.642412769794464, 0.6301171469688416, 0.5781918048858643, 0.6671883010864258, 0.6176246881484986, 0.55069584608078, 0.5536663007736207, 0.5783661055564879, 0.5940500426292419, 0.56195720911026, 0.5830808472633363, 0.5488275372982026, 0.55591162443161, 0.6384365630149842, 0.5432544267177581, 0.4988893556594849, 0.5259414672851562, 0.5180160331726074, 0.49083278775215156, 0.4771028947830199, 0.5510203862190248, 0.5017991328239441, 0.47535252213478096, 0.4864423704147338, 0.47310370206832886, 0.4711835861206054, 0.44967708945274354, 0.44855167865753187, 0.46354359388351446, 0.45309854626655577, 0.4571403801441193, 0.4581024527549744, 0.45146881103515624, 0.4665525913238526, 0.4405442690849304, 0.4316882348060607, 0.4419503808021546, 0.45695770263671875, 0.43670309424400333, 0.43435080051422126, 0.47915377974510187, 0.43370510816574104, 0.4597665357589721, 0.4380378687381744, 0.43781693577766423, 0.4367477536201476, 0.43651464939117446, 0.4339758276939393, 0.43618030548095704, 0.43933666467666627, 0.43919694662094116, 0.43906933069229126, 0.43712330102920527, 0.43506951093673707, 0.4356375217437744, 0.4363412976264953, 0.43432489395141605, 0.43563348054885864, 0.43527292728424083, 0.4343826603889466, 0.4357234370708465, 0.43582441329956056, 0.43648985028266907, 0.43521615028381344, 0.4336116778850555, 0.4337877297401428, 0.4353609585762023, 0.4345273399353027, 0.4360546529293061, 0.4341183507442474, 0.43221617221832287, 0.4340739011764526, 0.43503347635269163, 0.4336925005912781, 0.43397500753402707, 0.43442771434783944], "mape": [1.0215317119436025, 1.0579928096919136, 1.141621669483468, 0.8818876193375925, 1.16067863456952, 1.1164490617820058, 0.9815748052809903, 1.23419272231179, 1.1067107862296146, 0.9424113982989416, 0.9354160183329222, 1.048998544020736, 1.039652467691886, 0.9643505356911427, 1.037026585995303, 0.942307673593469, 1.0007843933966416, 1.2541999729090594, 0.991686199897883, 0.8224711521982693, 0.9564886842563209, 0.9250239466894183, 0.8544420022963558, 0.805900199626556, 1.0435742412944111, 0.9148745111094864, 0.8412244920881493, 0.8837013378461027, 0.849254690752608, 0.8443853234458726, 0.7667220862992786, 0.7606451641237804, 0.8209188873965555, 0.778864394319554, 0.8141516677756425, 0.7845401556996607, 0.7935661978173643, 0.8452303338680996, 0.7540032512583282, 0.7173835372388377, 0.7689250874110255, 0.8162477002620777, 0.7581147850746924, 0.7436317148294848, 0.8850544222120799, 0.7367704190781585, 0.8346542093011363, 0.7715935813645965, 0.7772142831313559, 0.7711335635313806, 0.7672251803270815, 0.7635043436418375, 0.7650915177832166, 0.7806533053957352, 0.774138805347635, 0.7738152893801797, 0.7721910252777879, 0.7631528427211327, 0.7668033976136085, 0.7703785064525877, 0.7677949553221078, 0.7677489555699714, 0.7654828791784173, 0.763419365566833, 0.7693540783131332, 0.7655150545078825, 0.7660421756886217, 0.7612062883841317, 0.7588852822452323, 0.7607120402727005, 0.7650444321006258, 0.7638754131872614, 0.7700986565932809, 0.7607118814930116, 0.7609283139350489, 0.7601073382792393, 0.7635501218152833, 0.7613769597871339, 0.7608628904937179, 0.7605939096038516], "mse": [0.9324492437836517, 0.8952916718698121, 0.8994610769202709, 0.9383565970566834, 0.8590083416690404, 0.8246495271291547, 0.807073460680071, 0.8766363971052838, 0.7826593408112712, 0.7281305316312612, 0.7536377796662456, 0.7096896516688054, 0.7788892929260777, 0.745576193935294, 0.7230485966935272, 0.7030965866469173, 0.6822300951626735, 0.8006956773213, 0.6451463814270317, 0.6292838163970026, 0.5873311043587627, 0.625632380211084, 0.5964794844666121, 0.5953775979497308, 0.635425329632162, 0.5736136873822246, 0.5577694269060033, 0.5496979697363333, 0.5299742521848341, 0.524414322162372, 0.5201201479198082, 0.5296813861324371, 0.5228690999349875, 0.5223361143843185, 0.5178257077064721, 0.5291878763282554, 0.499876201703722, 0.5051727536603831, 0.49679668725622894, 0.4984703872659937, 0.4969931645955345, 0.5044901429041144, 0.4907906779065149, 0.49157005638435747, 0.5162103376847929, 0.49766405774154243, 0.503452741995458, 0.4877806876610575, 0.48618047022976413, 0.4853201837283038, 0.48501547978645154, 0.48528207301540793, 0.48383011258994224, 0.48376976555607387, 0.4865483953566483, 0.4844846241343796, 0.48362290498224075, 0.4826487313918214, 0.4823073440800872, 0.48289335320190585, 0.48254763558210506, 0.48203922197832894, 0.48211565982680665, 0.4822456726612888, 0.48117802686251765, 0.481574883025491, 0.48212571711835384, 0.48018446481773475, 0.47928880900326915, 0.47861507987743557, 0.47954513239096824, 0.4798097966315847, 0.48147283618895, 0.4792301386236976, 0.4789424721373503, 0.4799629871664546, 0.4799242918190623, 0.47913249665145446, 0.47996952406365295, 0.47979156353998204],