{"bestEpoch": 4, "lastEpoch": 14, "mae": [1.0181711850361115, 1.038229498550567, 0.9463786602511343, 0.8748244793194903, 0.8584621471512411, 1.0868116702732253, 1.228004364369049, 0.9708040259034209, 0.8739114979718748, 0.806464780289571, 0.7600662402176914, 0.7306919999847779, 0.7193633648197634, 0.7149424182153263], "medianabsoluteerror": [0.9820756912231445, 0.9359431266784668, 0.9020504951477051, 0.798245906829834, 0.6592941284179688, 0.6045317649841309, 0.5978579521179199, 0.5845437049865723, 0.5860762596130371, 0.5705208778381348, 0.5864686965942383, 0.584104061126709, 0.5709786415100098, 0.5639448165893555], "mape": [0.21425456172870208, 0.21582811385357653, 0.19908440424507712, 0.1809013027392019, 0.1828862946286951, 0.2306349024688355, 0.25625699228431886, 0.2034271151649585, 0.18134238417845727, 0.1685149846294481, 0.15541386665578372, 0.14835574431090717, 0.14933059562861703, 0.14893237481755897], "mse": [1.4772272623692144, 4.24586896722281, 1.292088998683068, 1.1265448233639088, 5.680195169328165, 70.56064444543422, 129.3945814617854, 39.242421215138656, 17.601027958947764, 7.738393511926923, 3.0443122672483582, 1.4363165324042486, 1.2831737477965965, 1.1579231690821479], "recauc": [0.7631922649868832, 0.7719967671329441, 0.7800469027335278, 0.7965913652813961, 0.8191090135446776, 0.8274338762403531, 0.8280149333161947, 0.8329830408375545, 0.834203931893361, 0.8351835698502909, 0.8349927165734082, 0.8354214068849384, 0.8372608287261957, 0.8374556988826243], "f1": [], "aucrecauc": 0.9767278848887567, "aucloss": 21.843318793461986, "convergence_rate": 0.6302263734851636}