{"bestEpoch": 66, "lastEpoch": 76, "mae": [1.0426063315793896, 0.4957159196557026, 0.4868340065828763, 0.47314984586449205, 0.4638162820641216, 0.45951921883375835, 0.47080120703137046, 0.4648365754668671, 0.4789982222217569, 0.4352598996494711, 0.4408121839078726, 0.4339279244537825, 0.4296964671740285, 0.4233675991756336, 0.4266664417920307, 0.42531787150101774, 0.42087207951989325, 0.4298208286129565, 0.41654696597129753, 0.4235293398679346, 0.4176790163437607, 0.415619673452302, 0.4162645966090822, 0.4157268160444496, 0.4160651946206949, 0.41609995969987756, 0.41481251435062133, 0.4160415526317069, 0.4152787082022586, 0.41510368416573723, 0.41468541482204513, 0.4148186967825505, 0.4147991842721035, 0.41535646916254254, 0.4147549021747404, 0.41466220260853215, 0.4146554058374836, 0.4143094095707431, 0.4144555238199283, 0.4146652787238349, 0.4144377348310875, 0.41460749630743066, 0.4147212591279302, 0.41443075390562667, 0.41458862072571095, 0.41426615407284373, 0.4142833586783496, 0.414412649644432, 0.41463975500413897, 0.4145172393653469, 0.4142955637780244, 0.4147785447366533, 0.4144612678006634, 0.41432527991614715, 0.4144649606286313, 0.4145056207770136, 0.4144609845302541, 0.41454415521055327, 0.4143363817262764, 0.41454621029194794, 0.41429370062645055, 0.4144102926316476, 0.4144222143790667, 0.4142705502888201, 0.4146171672786997, 0.4142135048174506, 0.41460670436161146, 0.4147008488442617, 0.4146977088887627, 0.4146189895070708, 0.41452348031745595, 0.4143805073333122, 0.41463534651120176, 0.41506359980681734, 0.4147138814110957, 0.41442776225581435], "medianabsoluteerror": [0.9897408485412598, 0.39951324462890625, 0.3834357261657715, 0.3800010681152344, 0.37420225143432617, 0.36753129959106445, 0.37459516525268555, 0.3746957778930664, 0.38319826126098633, 0.35030460357666016, 0.35349082946777344, 0.34824466705322266, 0.34826040267944336, 0.3457002639770508, 0.3364710807800293, 0.3442835807800293, 0.33182406425476074, 0.3455336093902588, 0.33452701568603516, 0.33538389205932617, 0.3334474563598633, 0.33468198776245117, 0.33287858963012695, 0.3354053497314453, 0.33701515197753906, 0.3369002342224121, 0.333371639251709, 0.3348274230957031, 0.3335742950439453, 0.33458471298217773, 0.3341689109802246, 0.33150243759155273, 0.33403635025024414, 0.3341798782348633, 0.3342113494873047, 0.3324747085571289, 0.3324127197265625, 0.3297433853149414, 0.33257102966308594, 0.3330683708190918, 0.3312554359436035, 0.3321528434753418, 0.33397674560546875, 0.3310861587524414, 0.3342413902282715, 0.3320741653442383, 0.3309292793273926, 0.3331565856933594, 0.33459901809692383, 0.3319582939147949, 0.3324394226074219, 0.3347783088684082, 0.3326287269592285, 0.33319950103759766, 0.33111000061035156, 0.33231687545776367, 0.33156681060791016, 0.3325963020324707, 0.3304710388183594, 0.33197927474975586, 0.33104705810546875, 0.3306276798248291, 0.33203887939453125, 0.3307051658630371, 0.3342266082763672, 0.33053088188171387, 0.33249473571777344, 0.33217859268188477, 0.33329343795776367, 0.33246850967407227, 0.33302760124206543, 0.33148908615112305, 0.3337588310241699, 0.3353567123413086, 0.33249616622924805, 0.33237719535827637], "mape": [0.21872012923486292, 0.10146435074032915, 0.09602129760256578, 0.09533089317842859, 0.09344633083599259, 0.09278173278020509, 0.09276926833008303, 0.09431994215327671, 0.0972426524831029, 0.09002649502197733, 0.08772213615884103, 0.08894102760295734, 0.08593097866587848, 0.08601275549145496, 0.08495057237547368, 0.08584847983544582, 0.08512933051365429, 0.08908377140675082, 0.08430830699257014, 0.08658308214073872, 0.08360184391397543, 0.08449352858300961, 0.08465391168383209, 0.08467142550450334, 0.08413365299411044, 0.08472598707107382, 0.0844520871702384, 0.084970316385559, 0.08443050961812308, 0.08436073977954174, 0.08428903584367947, 0.0841990540495809, 0.08434238777594089, 0.08458374087978535, 0.08436820580163654, 0.08426201197617134, 0.08421144437086019, 0.08384096699903336, 0.08411248363666694, 0.08424154369516028, 0.08404433684373916, 0.08419693741514525, 0.0842969121539246, 0.08409762681825632, 0.08423507507061707, 0.08396102794289399, 0.0839659667156825, 0.0841637446359056, 0.08424936411261665, 0.08399281946556827, 0.08390951936991642, 0.08435659008700865, 0.08412897444168053, 0.08412495610155259, 0.08412995451949754, 0.08407257111341641, 0.08400257422211016, 0.08419589842338769, 0.08388766885080728, 0.08415330195204153, 0.08395851609194804, 0.08400139089733968, 0.08401359692266107, 0.08399357619842383, 0.08423112980304201, 0.08383948850001262, 0.08414698412388665, 0.08432269784899589, 0.0843020693478938, 0.08418085804343221, 0.08411943214735866, 0.0839126343930424, 0.08426901953350648, 0.08455105145070121, 0.08428952445831449, 0.08410715316734536], "mse": [1.613280761333062, 0.4137304326958741, 0.40922553324658567, 0.37646100282026435, 0.36117247278380327, 0.35592909866957384, 0.38259936868189587, 0.3656537468400096, 0.4295866345324527, 0.3190905633422487, 0.33192220442169545, 0.3160766413825213, 0.3165458916633213, 0.3094736707292155, 0.3149239088291762, 0.31007046418623274, 0.30564195774606223, 0.3091652695209445, 0.2997264307162932, 0.3062617354148358, 0.30191006047965974, 0.29614391357304587, 0.2966433964091139, 0.2958628114474639, 0.2978572518661571, 0.2967510303421084, 0.2948812853986, 0.29606726317165594, 0.29594514064209815, 0.29591418997297536, 0.29542294587747625, 0.295765436659838, 0.2956354722271017, 0.29591478169751156, 0.29538605800986484, 0.29527732051954536, 0.2955194243101349, 0.2956823374724303, 0.2953499324839091, 0.2955292936077194, 0.2955422455519539, 0.29527175114265425, 0.2954165543893085, 0.29522986704706927, 0.29532505650366797, 0.2954630161692381, 0.29548481819779954, 0.2952259090102883, 0.2953092625141262, 0.2957391884794694, 0.29558682012389953, 0.29549061872442833, 0.2955301899325437, 0.295259973551848, 0.29537046976941206, 0.29550463461030985, 0.2955886177054076, 0.29529427611065634, 0.29568475325144294, 0.29540473010323315, 0.29556078215301856, 0.2955397092769992, 0.2954255471726415, 0.29524172076069044, 0.2952073053054191, 0.29547664213610636, 0.2955461891828834, 0.29538472042621144, 0.2954056357170437, 0.2955728614844299, 0.2955985796101712, 0.29569876689387203, 0.2953356521906351, 0.29546875384413507, 0.29530032695268427, 0.29524424796982635], "recauc": [0.7591464604750898, 0.8847064074756258, 0.88677104922988, 0.8899546150976236, 0.8921253436706527, 0.8931238643946784, 0.8905008763835532, 0.8918881417836257, 0.8891971929771075, 0.8987662068644214, 0.8974745225981575, 0.8990762619001343, 0.9000610497026359, 0.9015321889209177, 0.900765033592271, 0.9010793458336566, 0.9021126795137461, 0.9000315582536628, 0.9031186846800024, 0.9014956250173592, 0.902855493238991, 0.9033356648400851, 0.9031855296755216, 0.9033092976307587, 0.903231500630324, 0.9032231922128019, 0.903522878892764, 0.9032380924326556, 0.9034137364989502, 0.9034551755896496, 0.9035521986802182, 0.9035208532868392, 0.9035255568124612, 0.903396192691703, 0.9035356161774777, 0.903556593215106, 0.9035581038364735, 0.903638647421213, 0.9036052077573017, 0.9035560782305487, 0.9036085036584675, 0.9035699141489844, 0.9035427572966704, 0.9036111472458609, 0.9035755446468092, 0.9036492904353943, 0.9036459945342286, 0.9036154387838372, 0.9035626357005765, 0.903590650860486, 0.9036423553100247, 0.9035298826827414, 0.903604040458972, 0.9036343215509329, 0.9036020835176549, 0.9035934317770946, 0.9036030104898578, 0.9035850546949649, 0.9036336692371605, 0.9035838530643315, 0.9036430762884047, 0.9036156447776601, 0.9036139281624695, 0.9036481918016724, 0.9035671675646796, 0.9036619247231966, 0.9035701201428074, 0.9035485594560142, 0.9035484907914066, 0.9035672705615909, 0.9035891402391183, 0.9036227515645487, 0.9035634253435643, 0.9034644796439822, 0.9035452292225447, 0.9036123488764942], "f1": [], "aucrecauc": 0.9966725651799075, "aucloss": 0.3166861976671808, "convergence_rate": 0.9792987291735787}