{"bestEpoch": 9, "lastEpoch": 19, "mae": [397.3191371988126, 169.63119159772455, 86.60618961221066, 64.32030091861921, 59.254979902060185, 58.63759247804282, 57.33949724631828, 56.80202097292477, 56.985218220090275, 57.81419060514699, 54.650555170893526, 54.85821680948148, 54.84705296446297, 53.74222384426274, 52.6683895165162, 51.89403059455903, 51.36133137523958, 51.254918271250006, 50.99171691895138], "medianabsoluteerror": [359.00231898437505, 159.99938958593748, 81.49829124999997, 59.01892083593748, 52.75036614843748, 51.87182587500001, 50.154296847656155, 49.20715302343751, 49.692627132812504, 50.709961109374944, 46.35742192968746, 46.82800286718748, 46.8553470937502, 45.35717814062491, 43.74694812500002, 42.80456531250002, 41.97265614062508, 41.80456537499981, 41.3319091796875], "mape": [0.23675940858428327, 0.10148842640903752, 0.05411875471988572, 0.041820815278419965, 0.039103810067846884, 0.038775690677228095, 0.03809904839945417, 0.03783803083047384, 0.03788729142083433, 0.03834291607112193, 0.036734038040985045, 0.03679286157201741, 0.03682380702891166, 0.0362550584546383, 0.03570092964492837, 0.035304107246893035, 0.03502165520121505, 0.0349809710388748, 0.03485209072563273], "mse": [181768.94691101596, 35101.14932913275, 10032.25697796119, 6143.824124706039, 5491.456397433848, 5414.534233685418, 5272.899832215542, 5239.525415871635, 5224.917367752901, 5323.86616014961, 5048.188177645884, 5028.589211555463, 5051.106906845532, 4960.33396422867, 4873.063491106719, 4817.262331082183, 4772.009395729897, 4773.591162214348, 4762.115300662335], "recauc": [0.7972655784096929, 0.9134453149018605, 0.955808988306238, 0.9671797846451312, 0.9697650802117249, 0.9700802228370985, 0.9707426594511303, 0.9710161090183093, 0.970922795983302, 0.9704995240264767, 0.9721141743804009, 0.9720082971260089, 0.9720140162164365, 0.9725775096028122, 0.9731261866927433, 0.9735207742996521, 0.9737923273808862, 0.9738469106169877, 0.9739807017738811], "f1": [], "aucrecauc": 0.9883884981972482, "aucloss": 11990.783643619821, "convergence_rate": 0.9359994811500828}