{"bestEpoch": 122, "lastEpoch": 132, "mae": [], "medianabsoluteerror": [], "mape": [], "mse": [], "recauc": [], "f1": [0.21872454594185936, 0.19738441857489844, 0.20442938884981568, 0.19542934301140383, 0.18365927572176632, 0.19456319950982962, 0.19533117639434763, 0.18469400255275426, 0.1921919919982833, 0.19568244993473113, 0.19492685853883446, 0.187864181167353, 0.19576575791902587, 0.1938713648501037, 0.19852927261556969, 0.19697246785100195, 0.20355980253906855, 0.2019767253529527, 0.20268687291614662, 0.2006192674796817, 0.20723142984709403, 0.20092601696606002, 0.20245897647283978, 0.20693311688842306, 0.2057803851551219, 0.20450718124560255, 0.21165090779712778, 0.20605207453433363, 0.2050257662135356, 0.2116042344333137, 0.204112501136679, 0.2129225479849441, 0.20976652821768757, 0.21048155594602375, 0.21002291564790365, 0.21007851640208858, 0.2194498438937714, 0.21533985645008438, 0.22083791437746517, 0.2157607148448036, 0.21763658595987315, 0.21588996204535857, 0.21814799080577799, 0.22212075962072655, 0.21904919964728153, 0.21968889238595576, 0.22508643335231313, 0.22530869019916133, 0.2208396422968055, 0.22679537498637506, 0.2220826815976748, 0.23172398511711018, 0.2302839823943371, 0.227054190473805, 0.23220141424839524, 0.22223100609013258, 0.2298844284705152, 0.23079994001243312, 0.22753515640763664, 0.23220507493467685, 0.2273602857705743, 0.2285803347090383, 0.22378196413135318, 0.23685837196664655, 0.2321919251859458, 0.22900116260605866, 0.2294675276357531, 0.23801847908973905, 0.2310624614078415, 0.23041501973754178, 0.2299704377076255, 0.23026619885630703, 0.22775329399405783, 0.22993945816402547, 0.23662609035596474, 0.22676995714890227, 0.23109828980539726, 0.2369180634216323, 0.23211515614264439, 0.23855123823206525, 0.24125346240817813, 0.23469331881049207, 0.23558206588602143, 0.2374705124440195, 0.23289450932711278, 0.22932528547187236, 0.24290912640763923, 0.23579373175125673, 0.23679898954513834, 0.23745344335683782, 0.23615717415575063, 0.22899816770922293, 0.23087038797647338, 0.2320389680722271, 0.23444599063250615, 0.23795906000015848, 0.23616111544866245, 0.22798921488989318, 0.2358903032920039, 0.22284539906040501, 0.23185756274450214, 0.22862722896455337, 0.2337130529943469, 0.22575562931544843, 0.23222233434393558, 0.23247514723707297, 0.2233436683898302, 0.22870486177678268, 0.22793780944011913, 0.23647177856662605, 0.22979970049885295, 0.2240512059589876, 0.22867123879598736, 0.23709492965919532, 0.2251884570302363, 0.22562782230692918, 0.22241137034467667, 0.22988064431098065, 0.232012005132699, 0.23343132127669916, 0.22291757957250838, 0.23946029908918665, 0.22772679633830153, 0.2306841233726322, 0.2273049154686702, 0.23560388392781484, 0.23161399789475387, 0.2375470174651751, 0.23361936624993704, 0.2340423314026095, 0.23293098183643107, 0.23320899400339679], "f1auc": 0.9141928477405556, "convergence_rate": 0.6482127776933179}