{"bestEpoch": 73, "lastEpoch": 83, "mae": [847.8490986168547, 801.5339601891203, 744.0702323154948, 689.9988379922164, 643.9237885311343, 591.601627127316, 541.4173076107464, 498.1986755033657, 455.48178735468633, 417.63887879065624, 380.9460440275695, 348.3986627709653, 319.4657292314641, 288.73955050287964, 264.19615296925696, 237.58749753328357, 216.99945313624306, 198.20128856800696, 180.28557913057986, 166.39032379609952, 152.63231987201738, 141.75133898728703, 132.59975614305904, 125.19397548966435, 116.83852652289353, 113.02928889240277, 108.88362927847918, 104.89316911864933, 102.54211580646412, 97.53414324231251, 94.6635790425602, 91.1354878976713, 87.78301279903819, 86.3331889245787, 82.3823202551713, 80.0334256148449, 77.74392579467593, 77.38909372686805, 74.30575245337153, 73.05754715789699, 71.6928640706794, 71.37465915525, 70.20596955737268, 69.08790333208103, 68.5971061677199, 68.65194991756019, 68.52710227937848, 67.63439481368403, 67.63325339289699, 67.33356923805556, 67.19645487190277, 67.44906755612385, 67.10125527307292, 66.71654690361227, 66.32446416658102, 68.94017266291088, 64.77964850198728, 64.92257806314583, 63.27247966500579, 63.57978319635764, 62.05125042767709, 62.026122082111115, 60.091677998546295, 59.82989269776389, 59.599371430548615, 59.45960607734375, 59.375376946584495, 59.26356779211342, 59.193602423994214, 59.16874100504629, 59.18657133649305, 59.167633637424764, 59.11394955539352, 59.14227977819444, 59.11901292344907, 59.15680578369213, 59.16183596696875, 59.14576326705439, 59.1484652165625, 59.15429623508101, 59.149183821886574, 59.14915897379629, 59.15045434778356], "medianabsoluteerror": [744.1594242343749, 706.1244508632813, 656.2103878945313, 609.814575078125, 571.3265376171876, 525.867309515625, 484.3125001796875, 446.562987984375, 408.6213377734375, 376.8654171914063, 345.06896949218753, 316.46289039062503, 292.161499203125, 264.23132347656247, 242.41589372656244, 219.0373533359375, 200.7093505859375, 185.37060552343746, 169.572265625, 157.39294457031247, 145.0416262734375, 134.76318376562494, 126.19299304687502, 118.57202118750001, 110.27404814843749, 107.044311703125, 102.5866697421875, 99.03063982031244, 97.06665085937493, 92.02380376562496, 89.12255864843746, 85.20678734374997, 82.16101091406244, 81.05969261718747, 76.96874994531254, 75.28625441406257, 72.47363310156243, 72.92675739843753, 69.31640636718748, 68.42199748437497, 66.54870646093741, 66.46582048437494, 65.17529260937499, 63.955566585937504, 63.44824176562497, 63.49865757812495, 63.439331226562444, 62.43237351562493, 62.381714101562466, 62.138794125000004, 62.100463695312556, 62.400757007812444, 61.97045910156248, 61.71752894531255, 61.06848174218749, 64.48937958593751, 59.125366445312466, 59.22448771874997, 57.40954596093752, 57.855102710937444, 55.81774937499995, 56.014648257812496, 53.78515666406247, 53.37634318749997, 53.034301929687444, 52.89929210937498, 52.73693889062497, 52.55334443750007, 52.510620296875004, 52.50830084375002, 52.54431158593752, 52.52148396875009, 52.45825154687509, 52.50280767968752, 52.45300252343759, 52.508544742187496, 52.53088408593749, 52.50598174218749, 52.50891142968749, 52.51477010156259, 52.51379424218749, 52.51342803124999, 52.51623564843749], "mape": [0.5106269178238962, 0.4827635834305698, 0.4475928446689214, 0.41452849723142543, 0.38681017716870336, 0.35470872276270854, 0.3238933133914543, 0.2977606925585534, 0.2717852960503476, 0.24901894005372485, 0.22691111875030323, 0.20751762266799653, 0.1903823058156382, 0.17193080755565468, 0.1574046188990618, 0.14142690973108943, 0.12926167939176292, 0.1182563549794208, 0.10767152819493213, 0.099596802723351, 0.0915194229207208, 0.08526055096109367, 0.08005920979096182, 0.07575301665057084, 0.07092103446771407, 0.06891321624829605, 0.06657042420487055, 0.06438595186874818, 0.06309531902697973, 0.060107926135348544, 0.05861837317181633, 0.05648956826188702, 0.05459640075720538, 0.053811668783592725, 0.05165570449847472, 0.05042781446182906, 0.049108091375413006, 0.049045764933572746, 0.04729391194851642, 0.04653312042790173, 0.045802479931747256, 0.04570805816625271, 0.04503398369833304, 0.044371928296825916, 0.044129289925351124, 0.04419592426240279, 0.044131171321978, 0.04360023527866266, 0.04357963275183354, 0.0434582923033617, 0.04335955556147935, 0.0435302960690602, 0.04331880826573009, 0.043112753369164286, 0.04288623410154689, 0.04457571493666037, 0.04223615102191977, 0.042183680956290694, 0.041220167280766384, 0.04144145434156524, 0.04062187285551278, 0.040640758555328796, 0.03958506766422743, 0.039424719110795, 0.039300195648129456, 0.03922922679142633, 0.039177729404447074, 0.0391206187228285, 0.039091957508209235, 0.03907764756212247, 0.039081629891967166, 0.03907170641307469, 0.039040475141638886, 0.039056905615861004, 0.03904557131497264, 0.039067015752116144, 0.039069341189449644, 0.039059741905593505, 0.03906165615581625, 0.03906461375579029, 0.03906144750578331, 0.03906138560261045, 0.039062182164973966], "mse": [806822.9747519116, 720939.9253348948, 622743.2617755247, 536882.689463394, 467717.2237332056, 396310.0909301882, 333617.62613567786, 283117.4656626718, 237630.5981748602, 200345.1749263238, 167302.10708989235, 140234.84863326783, 118155.0325594427, 97076.54166522404, 81580.26155195652, 66598.95857803192, 55938.30671957673, 46993.460431859865, 39276.99966294197, 33748.47246349773, 28737.05165256486, 24977.340485122906, 22025.148031375265, 19753.639483203522, 17397.639669290103, 16296.597978647309, 15172.595431646718, 14182.93247161531, 13590.913956822722, 12392.897615468162, 11791.042355458258, 10965.422020619802, 10246.12192935502, 9894.552625200182, 9185.312362627028, 8744.348132653355, 8313.295096936821, 8218.388752483903, 7702.4909487174045, 7435.020656650732, 7248.484205955594, 7204.87459099182, 7016.964343681514, 6824.848137908936, 6755.866606072052, 6770.135297914856, 6749.963795754695, 6624.095137935861, 6596.403940580919, 6570.788343896153, 6544.47866504305, 6577.687887180026, 6538.826402035444, 6485.919588151771, 6421.530047289371, 6839.974995363876, 6238.984443331403, 6246.492596902671, 5990.191335679439, 6066.443194653467, 5869.4168352104825, 5848.61936346198, 5598.178817793696, 5563.932141511518, 5540.952244224687, 5523.392949805286, 5512.183593785053, 5500.599812855983, 5493.547856415529, 5490.431826611798, 5490.465083985422, 5488.6776370436055, 5482.693324995668, 5485.735292671159, 5483.76645194291, 5487.386015730316, 5487.612542358543, 5485.7975060811905, 5486.218705844938, 5486.752576702407, 5486.08720907968, 5486.081005589914, 5486.2258301909005],