{"bestEpoch": 89, "lastEpoch": 99, "mae": [1493.4098678610135, 1395.5200182991102, 1300.4610615572121, 1208.2391318877965, 1133.0681752589264, 1063.2241634045429, 992.1925780005353, 941.116678152445, 907.9108276388455, 865.5208165349682, 827.3639086483217, 788.8466045485677, 754.1155265501592, 723.3552857009114, 696.7226503023293, 668.5775304744936, 661.5819069302951, 632.4812682222512, 600.9280877754642, 582.8734491035891, 564.1300838149607, 555.9916927921018, 522.0442045290961, 517.2281451396285, 453.6365285662697, 490.4454071288611, 479.88787897122336, 455.2706450845903, 429.46245993512036, 419.15302039145024, 418.7262269164572, 397.6658045707743, 385.864565566022, 391.8821506536736, 379.70763537220944, 347.1223347722419, 353.11716481449656, 347.6490570488935, 338.80195850629053, 323.67397798385883, 327.18082242112274, 301.46295635517595, 315.22196317235074, 296.89992711239927, 293.5739531540127, 276.1200437753426, 283.46238361933797, 275.23193213976504, 260.564022797125, 260.24955071957874, 259.20137164719677, 252.90098084135184, 251.93872633859144, 247.06167584669328, 243.0999811486817, 234.97037806736225, 227.71324952314933, 230.147500101853, 227.70438215482062, 216.15181026870835, 210.91130021397686, 205.65648322897454, 204.76781399410186, 205.34169183336692, 190.91075838469328, 198.9629740419514, 186.24375341183102, 187.4098928971771, 183.85121342575115, 183.35308121033796, 183.0591580151493, 178.03027138718983, 178.2664396815301, 177.97295604792478, 178.18848189045372, 175.92762007440626, 176.5560758935139, 176.33462634934492, 173.86853469785186, 174.24275502120256, 173.38273064306367, 174.38007207809375, 172.80786723536113, 173.03234936785188, 173.34938352894793, 172.83328580060532, 172.05954771864813, 172.0688298186192, 171.8365716263449, 171.96446803838194, 172.12980146213772, 172.16537276928472, 171.91490107151273, 171.84613624223033, 171.74875138618287, 171.71619516150116, 171.7178934760266, 171.73155846083566, 171.7853159839838], "medianabsoluteerror": [1314.1529079189454, 1225.9072420009766, 1142.1954954882813, 1060.5714720507813, 995.9245304355468, 934.4704281777344, 869.4611210742187, 825.7474364609375, 798.2335813085938, 761.1605219921876, 728.5748291640625, 696.3354493984375, 665.3882443945313, 637.1364741953125, 619.3003540664063, 591.6615601757812, 588.86376953125, 560.6503296523438, 533.1802364648438, 521.0950931875, 505.7662967382812, 497.20697021484375, 467.6019901601562, 465.46771258203125, 415.28851330078123, 442.92504841406253, 431.9269411523437, 410.67926019140623, 388.9387208203125, 381.5194094765625, 379.15521269921874, 362.3735964804687, 350.6866458046875, 355.0495607265625, 344.8004151015625, 317.390869203125, 321.887206734375, 318.05810500000007, 308.05413818359375, 296.8321530312501, 298.9959719687499, 275.88671839843755, 288.1379391640626, 271.41711460937495, 268.5139161953125, 255.99047846093754, 259.9205319375001, 252.01953096093757, 239.9010006796875, 239.94543503906243, 239.02404790624996, 233.86608851562505, 232.10412550781257, 227.51843273437498, 224.3898923984375, 218.0142825234375, 211.08532761718743, 212.97485328125003, 211.46057087500003, 201.10705613281243, 197.24877946874994, 191.46289033593757, 191.71154803125, 192.2628169765626, 179.03320347656245, 186.38952665624993, 175.18115228906254, 176.75927739843746, 173.23767136718743, 173.35632318750004, 172.93017549218757, 167.85510259374996, 168.3142093906249, 168.0041507968749, 168.31579554687505, 166.05395513281246, 166.72058128906247, 166.49853562499993, 164.35327165624994, 164.66296375000002, 163.79296881250002, 165.0005491093749, 163.3879390468751, 163.441405953125, 163.85827642187496, 163.38183582031252, 162.66894519531252, 162.737304390625, 162.5184326171875, 162.688476265625, 162.870116890625, 162.82507353124993, 162.638671578125, 162.6080319296875, 162.5765377890625, 162.56274384375, 162.6136471640625, 162.5886229921873, 162.6137694765623], "mape": [0.908171693976464, 0.8480522493319219, 0.7895407111468711, 0.7327752232995816, 0.6866256096130255, 0.6435279789552736, 0.599337696716472, 0.568082106369081, 0.5484053821269198, 0.5225549521585106, 0.4992112491451313, 0.4752763154154457, 0.45381408125134437, 0.4353573621284745, 0.41872203186712487, 0.4018911294049507, 0.39833718688679876, 0.3802944127485012, 0.36046255881220446, 0.3495622912895258, 0.33792450595370943, 0.3336309524784878, 0.31215445830914434, 0.30971357100119257, 0.2681764242231728, 0.2935416062081602, 0.2874562343396145, 0.2719694931536364, 0.25533243097681824, 0.24940572814896708, 0.24988426334675615, 0.23659866834717042, 0.22947322195852693, 0.23393886222657795, 0.226619516511219, 0.2057116863237764, 0.21036038569023124, 0.20716525625835205, 0.2019377584591612, 0.19234351080556594, 0.19502060657150175, 0.17866302334584733, 0.1880605862455987, 0.17658563597571622, 0.17469786128522552, 0.1635900019186871, 0.1688923452580399, 0.16388557013213534, 0.1546319269210552, 0.15474389910581932, 0.15432168675876168, 0.15049532251920036, 0.15016235790194604, 0.14731363891730245, 0.14492598772881948, 0.13995375926443102, 0.1355037725538777, 0.13727884387957112, 0.13592507032885498, 0.1287392841371561, 0.1255806749674332, 0.1224349621788997, 0.12209362285366256, 0.12265452149799944, 0.11358410808663734, 0.11898161925224415, 0.11101268965018052, 0.11192574281830164, 0.10981833609964178, 0.10963629773995338, 0.10958374994283465, 0.1063792529948485, 0.10655890612322866, 0.10638969198636433, 0.10656791495303015, 0.10513991105885291, 0.10556525925870405, 0.10544101708432731, 0.10391608103977433, 0.10417236112115026, 0.10364657992656277, 0.10431530558440415, 0.10335067191103291, 0.10349520247862586, 0.10372788771403578, 0.10340351742226968, 0.10291970364324579, 0.10292439479732264, 0.10278128578676428, 0.10287078878349554, 0.10297807624038836, 0.10300320888723451, 0.10284932273707802, 0.10280865927584401, 0.10274831701173978, 0.10272696366138068, 0.10272834624828346, 0.10273724439528266, 0.10277181693106471], "mse": [2461141.5560728344, 2151429.885260895, 1871214.1444022555, 1618145.9819878398, 1424987.2274426338, 1257333.1701370324, 1098967.8575617035, 990055.4090749755, 920128.8557677096, 836869.5244160197, 765699.1600150808, 697980.1773441123, 639318.8545973601, 588064.0072091273, 547384.0129395293, 503754.7907238094, 491657.9756785569, 450657.17129671096, 408811.25937577256, 384809.45963457815, 361553.39496108703, 349795.66080632113, 310745.68204853, 304186.1574807583, 241168.9029932745, 273973.2774350514, 261812.2541258178, 237150.839088199, 213375.00865707747, 202955.12174359045, 201185.71187520883, 182966.01380170582, 172370.33336872037, 176308.93254160296, 165749.3384974123, 140826.74139986758, 144123.74716521474, 139723.61838289822, 132694.36187202562, 122085.5376378233, 123951.69703260373, 106725.36868616789, 115003.56600667226, 102923.5044904436, 100508.66344370955, 90256.74362762472, 93617.06866442975, 88514.17258949595, 80162.67196223426, 79686.68431928987, 78877.9797900439, 75267.22909687781, 74461.04472938406, 71572.24721099288, 69536.1262535745, 65274.435186138224, 61541.46471640477, 62522.5010492841, 61191.6324298696, 55692.75213826941, 53182.09909783439, 50621.09484522514, 50122.16774767055, 50220.54704625185, 44090.357465166664, 47180.526379491734, 42005.071414719045, 42357.60492600475, 40794.92896279734, 40570.14931838113, 40367.99734807592, 38425.62469644342, 38492.475341720216, 38368.33103591172, 38435.71817157692, 37581.66804753453, 37788.72884433642, 37705.23995803462, 36771.358731312066, 36892.64419607523, 36565.339257196734, 36907.86709027837, 36309.00633036402, 36377.25077587076, 36480.1450635865, 36287.699523447285, 36001.13824388057, 36011.85082427124, 35922.179457100014, 35963.74506112171, 36025.61871006195, 36029.975824274195, 35936.9493968365, 35910.37811288728, 35873.87873453425, 35863.70550654406, 35864.4360561482, 35869.79446146019, 35889.09948167649],