{"bestEpoch": 7, "lastEpoch": 17, "mae": [469.4883841977269, 215.02861032675924, 105.75286162822452, 70.96660837397222, 61.41931723161921, 58.2441989415463, 57.75400943385995, 58.011560866839126, 58.0716885975926, 55.42156365395718, 54.57378676107407, 54.922138071687506, 54.70381094068403, 54.682843890876164, 54.45744326539352, 54.20960714666898, 53.92483481102199], "medianabsoluteerror": [423.52947998046875, 198.2312009921875, 100.02307134375019, 66.08288533593759, 55.08386235937496, 51.11950642187503, 50.48596226562495, 50.8170166015625, 50.832763500000056, 47.355590992187444, 46.281738453124944, 46.72375494531252, 46.362793148437504, 46.369140804687504, 45.955444515625004, 45.60949700781248, 45.24108892968752], "mape": [0.2803979605949624, 0.1280062872218173, 0.0648804674120319, 0.04546415998501814, 0.040268749736829146, 0.038568011338655214, 0.038311281671546064, 0.03845187557091354, 0.038528721785981865, 0.03713824195015453, 0.03669090765340919, 0.036878181405699005, 0.0367665186095828, 0.0367402329322651, 0.03663568944180172, 0.036507153912189824, 0.03636030834917105], "mse": [252090.73935854234, 55048.48831603156, 14414.76495809645, 7144.1835006287165, 5766.616563349093, 5402.459654457391, 5327.72803019532, 5373.1475164852845, 5396.57718991838, 5121.475983678564, 5039.822268602762, 5074.6037217295325, 5060.580579880012, 5047.7825995986595, 5048.026887614373, 5022.871201530864, 4995.435704499412], "recauc": [0.7604397328621751, 0.890279916880577, 0.9460388557374255, 0.9637892233667811, 0.9686614735547628, 0.9702795909220552, 0.9705309049423461, 0.9703989510062117, 0.9703688146592436, 0.9717211573009152, 0.9721521929970774, 0.9719754049479022, 0.9720872087208721, 0.9720982024128338, 0.9722125545887922, 0.9723391450256137, 0.9724852040759632], "f1": [], "aucrecauc": 0.9846805381534427, "aucloss": 16739.513531457364, "convergence_rate": 0.9297446048943396}