{"bestEpoch": 18, "lastEpoch": 28, "mae": [], "medianabsoluteerror": [], "mape": [], "mse": [], "recauc": [], "f1": [0.2374326269595371, 0.22716477821950073, 0.21775657036440596, 0.22976810805470352, 0.19076181408184886, 0.3020606598028787, 0.21729093191283347, 0.25584414290639945, 0.3063450504959565, 0.2786850322827256, 0.2851052404694731, 0.2993965569682781, 0.30226800096783346, 0.29774815649636405, 0.27661402303345134, 0.24260511163370252, 0.2687755479529642, 0.3207364506635696, 0.25008420126631364, 0.31482245380678786, 0.2937386600894445, 0.28171489573757336, 0.2687809229858105, 0.2995121955382018, 0.2989667689119017, 0.27968793369723005, 0.2889594566988504, 0.2892445199066493], "f1auc": 0.8497264046249481, "convergence_rate": 0.6291721148322411}