{"bestEpoch": 44, "lastEpoch": 54, "mae": [], "medianabsoluteerror": [], "mape": [], "mse": [], "recauc": [], "f1": [0.02917631000408346, 0.04139016026364227, 0.058438611032386345, 0.07243718342879832, 0.06141398443374244, 0.07313254130585371, 0.10302060555846412, 0.10468978286141432, 0.11914212650867564, 0.12956098442023267, 0.15625116113183457, 0.1472346010401097, 0.16784277628443303, 0.1772083726502234, 0.1688888828138306, 0.1823984106758495, 0.18735450617694732, 0.19769106979318543, 0.22433767612392994, 0.20687819031614185, 0.1603201080215668, 0.22155881844824846, 0.22316365416687695, 0.23927636568172747, 0.2548464618809077, 0.24364898300354632, 0.25148622186729536, 0.25400764802225545, 0.2513359691410412, 0.25532756313363086, 0.25768902090585044, 0.25867585098647744, 0.25722408715855344, 0.2571857336165235, 0.2580698601348313, 0.2575130534310202, 0.2582253849240374, 0.25885028366292334, 0.25804331081969945, 0.25870548869117677, 0.2591722672607127, 0.2598171207294423, 0.2617537113693401, 0.2618665970722173, 0.2614724222380813, 0.25938193741066784, 0.26014538443038615, 0.2619630150506425, 0.2613033750912379, 0.2618878283095026, 0.26152624668843705, 0.2616284724740268, 0.2612159932001589, 0.2615213000296352], "f1auc": 0.7960902469253439, "convergence_rate": 0.7705332282486442}