{"bestEpoch": 51, "lastEpoch": 61, "mae": [], "medianabsoluteerror": [], "mape": [], "mse": [], "recauc": [], "f1": [0.01910227714009522, 0.004119877636207277, 0.005134268946424905, 0.010469450435806802, 0.012427233334920178, 0.02463172503276319, 0.03229136802382851, 0.04536603021667787, 0.08876054357444553, 0.1179219487686512, 0.1140287342536429, 0.1416437039937541, 0.1341436304534271, 0.16897548420398736, 0.17048514600871767, 0.18235903043637555, 0.19360785168768008, 0.19431618958590263, 0.15831483038954183, 0.19792888311336004, 0.19922306310122237, 0.19374053015735004, 0.18611685990632154, 0.22984628911272373, 0.20624000359966668, 0.17933967832872136, 0.17154500913079238, 0.19171872118964273, 0.25813555446494296, 0.25887227369115917, 0.2608081485248929, 0.2616780934462086, 0.2629096156276894, 0.2635786955281336, 0.2643068236632036, 0.2645052344094333, 0.26451093928806313, 0.2685241819509548, 0.2674890176111887, 0.26753987391450396, 0.26587973760679995, 0.2673279668073391, 0.2684215954304186, 0.2680003183040572, 0.26772317175420435, 0.2689125276024462, 0.26874535783913317, 0.2695912760944396, 0.2691994497648923, 0.27104185751950854, 0.2698744233852304, 0.2695085607026531, 0.26920340750681726, 0.2685430467078146, 0.27046909231294225, 0.2701382776424067, 0.26924854145670934, 0.2704927841608203, 0.27070935455572287, 0.2705539256138764, 0.2702921376642383], "f1auc": 0.753010164123938, "convergence_rate": 0.7491979344168112}