{"bestEpoch": 131, "lastEpoch": 141, "mae": [], "medianabsoluteerror": [], "mape": [], "mse": [], "recauc": [], "f1": [0.17730598787526636, 0.19721084000519873, 0.20015035159618116, 0.20651141003179288, 0.21469982573524626, 0.23172322676654464, 0.22532315510648565, 0.2113299545826594, 0.2401845126403935, 0.25419217332748606, 0.24622642272989712, 0.22791912615120646, 0.23183374653402614, 0.24990085769668127, 0.2452394853113843, 0.24480349693873404, 0.25343646282099386, 0.2527153899942366, 0.2524611773909335, 0.23865297731395382, 0.2484540950688174, 0.244178295195573, 0.2585322060676838, 0.2528205542300458, 0.2520356425776793, 0.25398542511809696, 0.2394729183606795, 0.2588573761000549, 0.24044214279276946, 0.2505443242244575, 0.23690154695522017, 0.2520435589953407, 0.25550157306607335, 0.2421075673359382, 0.23904086864667945, 0.2244988515241134, 0.25402476972879223, 0.25326935395487454, 0.2511311316842231, 0.2526548443025009, 0.24322743868796767, 0.2557336560671707, 0.2530170145387212, 0.253266418092658, 0.25620114219247403, 0.2557540812726796, 0.2565808101595283, 0.2533248945374351, 0.25612373226132246, 0.252767536663011, 0.246691086255999, 0.2516071143955426, 0.2557497340538206, 0.25845887395435463, 0.2548211057867184, 0.2552470648873205, 0.2550231178254928, 0.25532563931161056, 0.25515837840677, 0.25637067828941734, 0.25414784834068155, 0.2574205295275277, 0.2564362793751683, 0.2563342389371566, 0.25602516418123117, 0.2558036776011564, 0.2545611295688219, 0.25526036313827477, 0.2551982143679827, 0.2547423159832675, 0.2557972919212435, 0.2557538063441698, 0.2560714136633645, 0.2556091437047217, 0.25552752631328374, 0.2559899736145828, 0.25661449572961015, 0.25491086047118394, 0.2539635793485904, 0.2559837630986835, 0.25609163357135634, 0.25623073195610857, 0.25622878078854666, 0.25585847332220213, 0.2572149395663772, 0.2550166157372907, 0.25495478864569193, 0.25719904202300514, 0.25518202318964606, 0.2576019717230365, 0.2562229320943351, 0.2566362404684334, 0.2542253698095612, 0.25597435937483887, 0.25560161261183406, 0.25645994915437387, 0.25512011263306444, 0.255021797095377, 0.255807059153307, 0.2555161537256471, 0.25684269397749204, 0.25662497612485025, 0.25603568913302893, 0.2551843484656688, 0.2548468027593113, 0.2561943022068175, 0.25651858186571325, 0.2557576557651257, 0.2552300072101302, 0.2553715674625225, 0.25760951583308145, 0.2563441034208656, 0.25601693854520763, 0.2562302377377003, 0.25494591602814737, 0.255305101513639, 0.2553784137343362, 0.2571795710614881, 0.25572097483256684, 0.25437148531874015, 0.2540937419117711, 0.25544319367381824, 0.25614963619083814, 0.25595236693779916, 0.2561927046736526, 0.25570042966076933, 0.2563564799157891, 0.25721795023994415, 0.2556584559854016, 0.25544115206219886, 0.25561079842417067, 0.25635188656148644, 0.2567805786769573, 0.25675266066304536, 0.257642653113541, 0.25496207752534, 0.2554098851138024, 0.2566323202027207, 0.25653637514691086, 0.25666679263859776, 0.2573931170804392], "f1auc": 0.9699877554890622, "convergence_rate": 0.9047362523914322}