{"bestEpoch": 65, "lastEpoch": 75, "mae": [0.808014429086597, 0.7181905806864797, 0.6872060602609706, 0.6435928144359595, 0.6134525554569507, 0.6078943306827325, 0.5760344641142, 0.5634706194684774, 0.5411304083006092, 0.5428315432671744, 0.5107353590697555, 0.4999468636645916, 0.4890245419441549, 0.4789860708972297, 0.465715291509187, 0.45708611198561266, 0.45320088536518616, 0.4534973085512308, 0.44851825061964234, 0.4442999986069035, 0.4363118043461663, 0.43722281035069877, 0.432182293072768, 0.43056878902750484, 0.453796544098165, 0.4286547349669845, 0.43045883525802303, 0.4267743127667268, 0.42979700640554797, 0.42332764408563495, 0.4250553968508688, 0.421306548284012, 0.4210809196305752, 0.4231242137629588, 0.41964471624108535, 0.4209740349941617, 0.419036477443858, 0.4175246744447261, 0.41683977559182833, 0.41748438226422946, 0.41634816207517644, 0.41780829200000463, 0.44959864306243175, 0.4288633990306957, 0.4163077731757924, 0.41626646467720185, 0.41501830925084, 0.41482919255735357, 0.4147311756145365, 0.4155579246933899, 0.41487238345878374, 0.41511621361832335, 0.41461937254374787, 0.4145012272746292, 0.4164754751113978, 0.4144438146706758, 0.4154760087929176, 0.41482451281970567, 0.41508192290143725, 0.4145909445111114, 0.4146283742085498, 0.41435651261008505, 0.414756182993001, 0.41442334827918503, 0.41445615517501316, 0.4145580123265711, 0.41460138146072617, 0.41459560980899346, 0.4145951708522551, 0.4146044827459211, 0.41461446659232915, 0.41460208778299573, 0.4146023848882424, 0.4146072398493152, 0.41460322555861906], "medianabsoluteerror": [0.7402273607254027, 0.616649124622345, 0.5989783549308776, 0.5457153749465943, 0.5063808417320252, 0.510667998790741, 0.46851999402046207, 0.46149278402328486, 0.43615796566009524, 0.452890076637268, 0.4146637606620788, 0.4088084340095519, 0.3999887466430664, 0.39286663532257077, 0.37378278374671936, 0.3670916545391083, 0.3601196038722992, 0.37107885479927066, 0.3658957958221435, 0.3619491410255432, 0.3499261319637299, 0.353422189950943, 0.3448851919174194, 0.3451480400562287, 0.37531355381011966, 0.3441729187965392, 0.3470382595062256, 0.34234994649887085, 0.347146999835968, 0.33608148336410526, 0.3403576058149338, 0.33332906246185307, 0.3331871604919434, 0.339718621969223, 0.3334164619445801, 0.3361661505699157, 0.3292756891250611, 0.32981412410736083, 0.3300288796424865, 0.3313987076282501, 0.3273924946784973, 0.3319600069522858, 0.37115453124046327, 0.3462024283409118, 0.329815639257431, 0.33030086636543277, 0.3278930163383484, 0.3271061468124389, 0.32790477752685543, 0.3294246542453766, 0.32813291311264037, 0.3265884017944337, 0.3278110551834107, 0.32622143149375926, 0.3308655142784118, 0.32737451434135434, 0.3294396996498108, 0.3282367825508117, 0.3286890935897827, 0.3278576266765594, 0.3279362297058106, 0.32740618705749513, 0.3282056999206543, 0.32746957659721376, 0.32759862184524535, 0.3277801394462585, 0.32788841485977177, 0.32786917924880987, 0.3278666377067566, 0.3279246807098389, 0.32801207304000857, 0.3279167330265046, 0.3279192090034485, 0.32797328233718875, 0.32793334007263186], "mape": [1.325725753680052, 1.0729830023303957, 1.0357678701273954, 0.9218176510236702, 0.8367132118653471, 0.8911586296221642, 0.7775461809475605, 0.8021225156412074, 0.7142656692873361, 0.8212051799115685, 0.7085364975135925, 0.7087243380696403, 0.6948090466074772, 0.6909805471366519, 0.6135777853691153, 0.61960976906527, 0.5847993960402785, 0.6732615945860554, 0.6593068064531661, 0.6562953965969368, 0.5994672866404774, 0.6412899630156296, 0.5799314452132854, 0.6064447730632434, 0.7030291367530657, 0.6080709109883086, 0.6307749687881308, 0.6106951101229345, 0.6191112768875792, 0.5699425489054742, 0.6024927220804899, 0.569390537845324, 0.563072945938757, 0.6131582118471272, 0.5932021458383298, 0.6014115726354932, 0.5487473641085513, 0.5695536860391366, 0.5735116077404823, 0.5881567209380233, 0.5595495383949782, 0.5845546554618064, 0.6960712259862794, 0.6297004987714537, 0.5786891908918468, 0.5879173922463347, 0.5698454670806747, 0.5659187892543167, 0.5773245053303347, 0.5849179863947908, 0.577414526512219, 0.5537360904488431, 0.5785318897144458, 0.5579126717952994, 0.593732278836486, 0.5731792945237327, 0.586554929131744, 0.5800403093734632, 0.5823474220254659, 0.5780423068918094, 0.5783245208960155, 0.5754337541240152, 0.5800768420784288, 0.57608634338573, 0.5766401479482028, 0.57763556588048, 0.5783609343577119, 0.5782825974417098, 0.5782764378578116, 0.5783925353214007, 0.5785304929728589, 0.5783739078637022, 0.5783743461028943, 0.5784357341417204, 0.5783821488400195], "mse": [0.9613542760759995, 0.8278737283662942, 0.7427942330501204, 0.6649930921481984, 0.616967845321419, 0.59121272226686, 0.5502711374860884, 0.5206982388308419, 0.4925926492278055, 0.4745257797948111, 0.4353929516670684, 0.4146818974651869, 0.395984076719364, 0.3793948749229512, 0.37005463550955614, 0.35604531034366643, 0.35428341605002467, 0.3399943704618478, 0.33363992498424117, 0.32804946038687954, 0.3227499009763233, 0.3198865657809782, 0.31922639386666146, 0.3143278388610076, 0.33439451227868167, 0.3105382242623196, 0.31090755347678223, 0.30796335451559476, 0.309627363089835, 0.3073167347967419, 0.30537815960696163, 0.3051562911164848, 0.3048986308772404, 0.3020811106442695, 0.3003862917114105, 0.3004733873301123, 0.30396793440342973, 0.29974837612087074, 0.2980488676859804, 0.2973575822836344, 0.2995856023127414, 0.29740346054243755, 0.32842253489114565, 0.3067218315498814, 0.2958992555004849, 0.2953554207196019, 0.29555379618178607, 0.29579652582849664, 0.2947747846678548, 0.29478081341830814, 0.29471476319428663, 0.2975731964724995, 0.2945181250521334, 0.2961245202016365, 0.29514774125638815, 0.2945774408430402, 0.29459361873032214, 0.2944490718188961, 0.29449306555078775, 0.29435449669972436, 0.29436443615125846, 0.2943650117401697, 0.2943532212263541, 0.29434077328299746, 0.2943319482456121, 0.29434008311454984, 0.29433089803746965, 0.29432987409050004, 0.294330014685253, 0.2943304094447839, 0.2943292341583654, 0.2943298259301648, 0.2943300915588498, 0.29432974077035207, 0.29433019715854597], "recauc": [0.812079355700872, 0.8329718539670179, 0.8401730437667182, 0.8503149796198851, 0.8573242969639566, 0.8586162212799783, 0.8660265490970945, 0.8689481636003586, 0.8741444948701969, 0.8737480343592098, 0.8812135096289725, 0.8837226127610629, 0.8862625402384927, 0.8885974086406354, 0.8916843214175538, 0.8936909897235767, 0.894594769065629, 0.8945253947435496, 0.895683394331448, 0.8966645721334372, 0.8985225357650052, 0.8983106834064074, 0.8994830326261342, 0.8998583192083244, 0.8944556088443855, 0.9003032146533817, 0.899883531373824, 0.9007405169212024, 0.9000375219385932, 0.9015422820046144, 0.9011403288455937, 0.902012360539867, 0.9020646818729396, 0.9015894066116391, 0.9023987538882842, 0.902089490860887, 0.90254013029383, 0.9028917250258744, 0.9030509988964863, 0.9029009431895602, 0.9031654283100452, 0.9028255554484421, 0.8954316677775307, 0.9002543032073808, 0.9031745250035709, 0.9031842807373266, 0.903474560821632, 0.9035186519052457, 0.9035413926698834, 0.9033489658451199, 0.903508482009934, 0.9034518090729906, 0.9035673207339858, 0.9035948156339287, 0.9031356539062483, 0.9036082355021386, 0.9033680185689418, 0.9035196546801838, 0.9034596251608932, 0.9035739221202883, 0.9035650838739114, 0.9036284402541271, 0.9035354231868602, 0.9036129534548432, 0.9036053654465495, 0.9035817446693696, 0.903571426813065, 0.9035728941467532, 0.9035730601990464, 0.9035708013709646, 0.9035683958741254, 0.9035712484845322, 0.9035711896878058, 0.903570144915206, 0.9035710249277484], "f1": [], "aucrecauc": 0.9901425770745956, "aucloss": 0.35226085517803984, "convergence_rate": 0.9027060500412536}