{"bestEpoch": 43, "lastEpoch": 53, "mae": [0.9812912964714462, 0.8767644747646658, 0.7726551876663957, 0.7479138808114563, 0.71098691239375, 0.6902201175689697, 0.6907961974224192, 0.6509767377495234, 0.6594433242661659, 0.6125099113050541, 0.6036081751146719, 0.5956661182296182, 0.5926361567696631, 0.6164650655144726, 0.5571588771759829, 0.5633153818008051, 0.5446162507822945, 0.5610569837860254, 0.5655334463162067, 0.546950869326161, 0.5350696143521257, 0.5643601444550818, 0.5369373160950556, 0.5513335318652126, 0.5430110388918509, 0.5325632240205052, 0.5196362927407692, 0.5265249189461296, 0.5275418558687105, 0.5316432648575924, 0.5251189247259683, 0.524125629874222, 0.5528188698732931, 0.5273951260527098, 0.5460930715260373, 0.53427945859564, 0.5321676157366317, 0.5337611358680555, 0.532903905345368, 0.5309916223564632, 0.532797123368483, 0.5460328098183189, 0.5413479613472088, 0.5259115410309414, 0.5307777631008621, 0.5279979851497149, 0.5407490767116527, 0.525344812211162, 0.5278980398849241, 0.5237822451625868, 0.5292650684228354, 0.5239842241668963, 0.5209368611789839], "medianabsoluteerror": [0.631929874420166, 0.5684828758239746, 0.48908329010009766, 0.5024716854095459, 0.45692968368530273, 0.45778322219848633, 0.47037410736083984, 0.44713759422302246, 0.4770054817199707, 0.43817663192749023, 0.44063711166381836, 0.44738149642944336, 0.4542675018310547, 0.47092676162719727, 0.42053842544555664, 0.4381113052368164, 0.41388797760009766, 0.4355332851409912, 0.45165586471557617, 0.42764759063720703, 0.4221973419189453, 0.43912220001220703, 0.42561817169189453, 0.4411163330078125, 0.43280887603759766, 0.41917991638183594, 0.4118180274963379, 0.41413068771362305, 0.42202043533325195, 0.4257817268371582, 0.41459178924560547, 0.40528011322021484, 0.44681549072265625, 0.41913270950317383, 0.4305996894836426, 0.428966760635376, 0.42275476455688477, 0.428311824798584, 0.43306779861450195, 0.4211001396179199, 0.4251222610473633, 0.4343891143798828, 0.4311647415161133, 0.42270469665527344, 0.4250192642211914, 0.41831398010253906, 0.42777252197265625, 0.41937875747680664, 0.41917848587036133, 0.4162404537200928, 0.4215660095214844, 0.42342519760131836, 0.4156041145324707], "mape": [0.19254599499500907, 0.17190976963917007, 0.15494498128461576, 0.15286583368551018, 0.14054549159556753, 0.14295431771340208, 0.13594053766162417, 0.12938670533757554, 0.13561241632644033, 0.1220315861662738, 0.12497266704803954, 0.11923021438695118, 0.11963062019917453, 0.11888896234947163, 0.1139239126514179, 0.11424310154374556, 0.11048914999227512, 0.11454171988880887, 0.11410575104763475, 0.10990402659319025, 0.10716889266781052, 0.11007322490427246, 0.10619002895367968, 0.1074012480517429, 0.10988723547099905, 0.10730261466245182, 0.10311419655667532, 0.10546407215859063, 0.10590439319465399, 0.10590191865559812, 0.10501136935555049, 0.10527386953045069, 0.11076855566913867, 0.10481907503895178, 0.10693576229634404, 0.10527592627432311, 0.10395892677130607, 0.10920240830643554, 0.10602103020040626, 0.10740541576848044, 0.10625669578215632, 0.1059527120872174, 0.10967168392487876, 0.10457845425611181, 0.10868833268160139, 0.10665160971658756, 0.10741184726779425, 0.10398756730982477, 0.10459973692195428, 0.10408614660051249, 0.10680153830668798, 0.10401968825230926, 0.10369271156501628], "mse": [28.125418473380932, 23.47752469024462, 18.461234870716062, 14.831693226952408, 11.899213922802497, 10.298521994343057, 8.039824732091475, 6.410877836398101, 4.674964253560899, 3.7063607956765687, 3.1656892088079336, 2.436225767510782, 2.01628458836506, 1.8312737483896542, 1.3128375442200102, 1.2641957701325819, 0.9847710959025231, 0.9030693752086532, 0.8209673125743988, 0.7403129973334974, 0.6782029600473914, 0.6963679888200801, 0.6259999305894195, 0.6271731497684137, 0.6081452750031392, 0.5729131550178285, 0.5358008392520504, 0.5476896219756552, 0.542885362492978, 0.5384472319437349, 0.5353753271485927, 0.5369466398003779, 0.572305376784314, 0.5313060476680117, 0.5608491259454993, 0.5470581313838081, 0.5305254344815304, 0.5288528247008719, 0.5241761593768616, 0.5198371073115738, 0.5275688427587959, 0.5518151692813303, 0.5274084854608078, 0.527108616285486, 0.5307348733643306, 0.5242256952761752, 0.5584384308522338, 0.5265873854831385, 0.5281133146781967, 0.5210987839567914, 0.5260799865668261, 0.5158957414523927, 0.5130535021233075], "recauc": [0.8206506884811379, 0.8403855146929043, 0.8590867325661508, 0.8603658855415237, 0.8647463270185585, 0.8672688587087339, 0.8631360561390846, 0.8693856683986284, 0.8635510993598503, 0.872102246269941, 0.872752465771809, 0.8723076907759434, 0.8715189060958963, 0.864983065419484, 0.8768385249098203, 0.8751034046075394, 0.8779484024612555, 0.8734224778468235, 0.8717865092379475, 0.8755656375798926, 0.8779187736830669, 0.8707840059666797, 0.8769772274172147, 0.87343722357131, 0.8753760374320988, 0.8774955078755386, 0.8803298112166177, 0.8787347667138838, 0.8784391312457713, 0.8773389869024665, 0.8789722432593413, 0.8791424971539379, 0.8723368732341823, 0.8782598822875765, 0.8738157715531252, 0.8767482652831023, 0.8770410511699985, 0.8768236590222702, 0.8769646274617163, 0.8773559813928526, 0.8768634501623865, 0.8737707619028294, 0.8748224976977615, 0.8787185961987891, 0.877548516952622, 0.8781108285905831, 0.8752906186602183, 0.8787986247989714, 0.8782168982432058, 0.8791395102435062, 0.8778690776733012, 0.8790731115679368, 0.8797890087669941], "f1": [], "aucrecauc": 0.9918701788290993, "aucloss": 2.8715579371906066, "convergence_rate": 0.8761368540500326}