{"bestEpoch": 2, "lastEpoch": 12, "mae": [0.4488372998300058, 0.4411248523807552, 0.4612717783272935, 0.47238351181148325, 0.4672398131021598, 0.4921002172221169, 0.4746990035061457, 0.4809654146606605, 0.473686138132678, 0.47567827026795617, 0.47617322966214654, 0.47127774158580404], "medianabsoluteerror": [0.3669665765762331, 0.3650179243087768, 0.3744570255279541, 0.39965235233306884, 0.3712495398521424, 0.3960397839546205, 0.3793822884559632, 0.3951328277587891, 0.38433255672454847, 0.39104238748550424, 0.39187309741973875, 0.38430994749069214], "mape": [0.257384764749069, 0.23238800516329422, 0.2594709671300532, 0.2692316995110257, 0.2532298191631512, 0.2673908469186027, 0.2550499600409639, 0.2745389051744615, 0.2616509860112141, 0.26305933675694854, 0.2709950751469174, 0.2629192413348859], "mse": [0.3366883100449186, 0.3219267196002921, 0.3589186867100109, 0.36158737705978117, 0.38060091417071357, 0.4153527165016765, 0.3909898919368304, 0.3854422919426698, 0.3800117449966588, 0.3799425647451925, 0.3774155416817338, 0.3742602134095961], "recauc": [0.8956105669487724, 0.8974038082456882, 0.8927189972186995, 0.8901329861060373, 0.8913325762019635, 0.885550252812573, 0.8895968504060783, 0.888138692530607, 0.8898329916074139, 0.8893702084803029, 0.8892550815634317, 0.8903945680482167], "f1": [], "aucrecauc": 0.9923914987432566, "aucloss": 0.37342388282480155, "convergence_rate": 0.4239528079384154}