{"bestEpoch": 66, "lastEpoch": 76, "mae": [], "medianabsoluteerror": [], "mape": [], "mse": [], "recauc": [], "f1": [0.014565187372954999, 0.016045694501067825, 0.020328520907951775, 0.025893607780125266, 0.022567634257021588, 0.024964833906942818, 0.022589077090106963, 0.021617783737509014, 0.026220423252417243, 0.027952768793315805, 0.02837162366127745, 0.028475868280939978, 0.026174822695141712, 0.028148367301342087, 0.028208403538510035, 0.030397293066050046, 0.029119674347374547, 0.03144804558355912, 0.03164268294752092, 0.029699476703429747, 0.028874778009029503, 0.03047546848244891, 0.03156083726935323, 0.03179668164602508, 0.03224091262107531, 0.03209547972908449, 0.03394274526371922, 0.03177738720860847, 0.03362806997927837, 0.030849124605985188, 0.03204745316521023, 0.033986942923862014, 0.032589252346936506, 0.032068273763041145, 0.030846174954258614, 0.032229241246234344, 0.03267707810734541, 0.03294517410536591, 0.03315340479053233, 0.03233298291584355, 0.03370000596095988, 0.03435190296736276, 0.03399415439190258, 0.03404885105057997, 0.03464841033189476, 0.03404252524450218, 0.03330645875946128, 0.03374045755367063, 0.0332229096657891, 0.034859992742655006, 0.034977798584334883, 0.03374369684569295, 0.033781950195942205, 0.03476704237868863, 0.034007063997895444, 0.03335483275512017, 0.03382780397087273, 0.03395319064797998, 0.034033413353863395, 0.033762674550787235, 0.03398651585247109, 0.034010423479040965, 0.033839017979989984, 0.03385826629496226, 0.034038470782564126, 0.03387995367432905, 0.03405486151207334, 0.03374810456294635, 0.03369098101325625, 0.033751414313049434, 0.033811161776758865, 0.034107112898189594, 0.033959419315852744, 0.03392610733101206, 0.03392309952173635, 0.03374234462430467], "f1auc": 0.8976543114203873, "convergence_rate": 0.8246267053223928}