{"bestEpoch": 43, "lastEpoch": 53, "mae": [0.7631747639390695, 0.7592412102827689, 0.7397970083167331, 0.7415566543700437, 0.7303934832223864, 0.6807484658258982, 0.6037140402623619, 0.5635952941997195, 0.5351939880192448, 0.5583199222317071, 0.5300162852062719, 0.5284885041564562, 0.47913719089818024, 0.5239014265215299, 0.6317786862395793, 0.4891663155751649, 0.5037293392349093, 0.4416347438297914, 0.4374163334791404, 0.4512831991980828, 0.43645748942311324, 0.43916980690951135, 0.46005583456180404, 0.4319445460690413, 0.4338951616963551, 0.43059432780459, 0.435889303203714, 0.43232262065153104, 0.4254262269849693, 0.42567409793068706, 0.4246420443320025, 0.42478415486305515, 0.42485675591996525, 0.42392952338422746, 0.4242725668583225, 0.42429518978706937, 0.4243703028607622, 0.4241618749890752, 0.423586209554256, 0.4238558909126717, 0.4239154362104949, 0.42400464799055987, 0.4238835840135639, 0.4240247043952816, 0.4240926225551052, 0.42406712579199257, 0.4240562482068709, 0.424019079813272, 0.4240290408680335, 0.4241073739192199, 0.4241182663795254, 0.4241393559939777, 0.42414361145795537], "medianabsoluteerror": [0.6339761519432068, 0.5531806349754333, 0.5969249606132507, 0.6283529257774352, 0.6524657487869262, 0.5960978507995606, 0.5038807964324952, 0.43781990289688105, 0.4255668783187866, 0.485958399772644, 0.43725388050079345, 0.4317746090888977, 0.3754771852493286, 0.42819754600524906, 0.548686261177063, 0.3984566807746887, 0.40427165985107416, 0.3317431151866913, 0.3253564953804017, 0.3355962932109833, 0.3278389143943786, 0.3301752161979674, 0.34917114377021785, 0.3236941367387771, 0.32409637093544, 0.3183532649278641, 0.3282440376281739, 0.31970247447490685, 0.3165261960029602, 0.3175657880306244, 0.3155913710594178, 0.3161604136228561, 0.31532553315162654, 0.3151274693012237, 0.31498783826828003, 0.3153535372018814, 0.31510201096534735, 0.3144748628139496, 0.3142977523803711, 0.3145851409435273, 0.3145299005508424, 0.31453305721282954, 0.31436629056930543, 0.31472462654113764, 0.3147629177570343, 0.31463952064514167, 0.31466444015502926, 0.3146175026893615, 0.31465446949005127, 0.3148123753070831, 0.31482586860656747, 0.3148365521430969, 0.31487499237060546], "mape": [1.0977631535740937, 0.8391046591817184, 1.015300914116415, 1.0961469835560247, 1.173551174263178, 1.0672969078777326, 0.8912964623037859, 0.7284076753092782, 0.7444310630229207, 0.8731030782486795, 0.8050302674036093, 0.7664712474646652, 0.6917537529600715, 0.7639983037119759, 0.9517039494499663, 0.7411114277191504, 0.708200714726671, 0.574036946528194, 0.5511259605371202, 0.527145124897021, 0.5711020220115041, 0.5726824735671312, 0.5598462824285256, 0.5667454886789249, 0.5182213155035107, 0.5214621333053293, 0.5328705694445041, 0.5220050161711487, 0.5459847402751035, 0.5490228507436508, 0.5474715421227911, 0.5346833463212801, 0.5394881024096579, 0.5489190355797063, 0.5431604536349944, 0.5429930183400683, 0.5531495046477783, 0.5443489729651143, 0.5452306451010789, 0.5465860876664274, 0.5469642132597121, 0.5471095341553122, 0.5466225777767171, 0.5466440701328206, 0.5471320230228104, 0.5473195060821926, 0.5469530952040247, 0.5468072147558778, 0.5467743772529043, 0.5470438728502759, 0.5474097754183339, 0.5476000731913664, 0.5478474696782238], "mse": [0.9618677373072031, 1.0872478020421839, 0.9433985981223543, 0.8970084123580789, 0.812678021514428, 0.724733797794957, 0.6023734467815716, 0.5706568665940899, 0.4970056443949494, 0.48504602167372995, 0.4595320712056812, 0.46545476630721083, 0.3968363476583788, 0.4504384931611392, 0.6105906972718078, 0.397649185846268, 0.4287601469081329, 0.3548065527088016, 0.35080505661771155, 0.37486952630773, 0.34548716622441183, 0.34868292954015084, 0.3811921492153952, 0.3367388238758119, 0.34567960109967305, 0.3428434512594837, 0.3445290647675382, 0.34579078552434245, 0.33062894915428687, 0.3298233220792404, 0.32943784319207936, 0.33043389701259374, 0.3309731021622598, 0.3285187943626877, 0.3292064464786942, 0.3290253314597643, 0.3284004183685006, 0.32929518343939196, 0.3283201655564132, 0.3284218738836424, 0.3285886050437761, 0.3284340472106515, 0.3283086148982514, 0.328428816336917, 0.32847481161072056, 0.32844860636825324, 0.32844721354185, 0.3283996816821225, 0.32837585007045184, 0.32837776537028346, 0.3283525752340751, 0.32835414486600417, 0.32833246810711186], "recauc": [0.8225178283207618, 0.8234613555420897, 0.8279615868761944, 0.8275430743622216, 0.8301273387711157, 0.8416720507992033, 0.8595876921301113, 0.8689191658302444, 0.8755240017560605, 0.8701452814256656, 0.8767280543644922, 0.8770840433441869, 0.8885615616980147, 0.8781508731158154, 0.8530600682592261, 0.8862290936237681, 0.882842253253532, 0.8972840237520838, 0.8982649618443426, 0.895040163313684, 0.8984880598845097, 0.897857519590937, 0.8929998361432154, 0.8995376641536597, 0.8990840674392145, 0.8998518363846516, 0.8986201916355372, 0.8994499727129561, 0.90105369122314, 0.9009960639700991, 0.9012361775244365, 0.9012031189034942, 0.9011862868867998, 0.9014019500486092, 0.9013218999209238, 0.9013168692471691, 0.901299372698243, 0.9013478124781971, 0.9014817430213813, 0.9014191099701238, 0.9014052294198707, 0.9013846680108168, 0.9014127825377992, 0.9013799397202263, 0.9013641821975539, 0.901370146511634, 0.9013726075746102, 0.901381323704709, 0.9013789821735394, 0.9013607519577691, 0.9013582030227626, 0.9013533300017686, 0.9013523020282337], "f1": [], "aucrecauc": 0.9842299477642549, "aucloss": 0.42768099209357857, "convergence_rate": 0.8199784282085905}