{"bestEpoch": 12, "lastEpoch": 22, "mae": [1.3645206045294151, 1.09478519955657, 0.9359394474370022, 0.8486579418837145, 0.8527684001385695, 0.7726736821712517, 0.771586659680598, 0.7661259055260404, 0.7391861869099621, 0.7269250410265257, 0.7060355094139656, 0.691093706487177, 0.6993335996589176, 0.6980707254190441, 0.6788669509900791, 0.6821936279320446, 0.6715206089929907, 0.6725679585666048, 0.6702901091806429, 0.6698399029603088, 0.6691654032953736, 0.6688984673006036], "medianabsoluteerror": [0.9796872138977051, 0.8276143074035645, 0.7262082099914551, 0.7011375427246094, 0.719019889831543, 0.6436591148376465, 0.6273088455200195, 0.6526904106140137, 0.5934767723083496, 0.5956997871398926, 0.5778250694274902, 0.5640444755554199, 0.5676398277282715, 0.5726017951965332, 0.5626022815704346, 0.5571584701538086, 0.5526256561279297, 0.5481381416320801, 0.548283576965332, 0.5537805557250977, 0.5462203025817871, 0.5459649562835693], "mape": [0.2718975168883757, 0.2177604060620737, 0.1927603697372089, 0.17275228499596645, 0.16569341981145666, 0.1578887915066498, 0.15468701710314955, 0.14974400772893146, 0.15514785019599614, 0.15363503281897084, 0.14278767271570864, 0.14246611182119182, 0.1459896188640982, 0.1386022451428742, 0.13785733912882944, 0.14287511184494928, 0.13676119486386873, 0.13912124970420445, 0.13813188610033844, 0.13570825702102268, 0.1380393271541521, 0.1378941848004593], "mse": [41.05922692760082, 14.112765787489023, 5.296648296026509, 1.812962034451782, 1.6143862386288936, 1.0639441475172502, 1.3757775212490384, 0.983204016478704, 1.1010683356105193, 0.9074096645803686, 0.9520007041891299, 0.8289726683830487, 1.0344248973585963, 0.8613015852149319, 0.8449680829463118, 0.8884067187686254, 0.8609718387086102, 0.8714745220044465, 0.8608565623841884, 0.8575177831251884, 0.8592842286092806, 0.8590207871990082], "recauc": [0.7437235141296483, 0.7773681075625585, 0.799356798021031, 0.808408441256072, 0.8061283642954066, 0.822107030476477, 0.824660838895424, 0.8225594615760924, 0.8308815090228555, 0.8318341102905348, 0.8377798988275071, 0.840119713996803, 0.8402220585944623, 0.8387644978023377, 0.8436451094474364, 0.8432371730135595, 0.8456338768102694, 0.8455148810452622, 0.8459907267760761, 0.8460336764881431, 0.8462534032325306, 0.8463161626838962], "f1": [], "aucrecauc": 0.9785558075198815, "aucloss": 2.8070223567202075, "convergence_rate": 0.8639471890417745}