{"bestEpoch": 14, "lastEpoch": 24, "mae": [635.273002540845, 562.9517262834074, 556.4175815888553, 560.8888936762894, 564.015698289875, 565.217722199206, 565.6016474378843, 565.9521523571435, 565.7300590048264, 565.6194688717245, 566.0944995070278, 565.9290903814178, 565.5072808835127, 565.3558136891354, 565.7892493983819, 565.6123251361921, 565.4674561764815, 566.3147120540891, 566.050775422103, 565.9183660795162, 566.0387266663159, 566.0093190961481, 565.9634103503496, 565.9646367320047], "medianabsoluteerror": [501.2458497265626, 438.3095699062501, 454.69848596875, 467.83483903906244, 473.3564454296875, 472.7185059765625, 473.46581984375007, 472.0743404062498, 473.0834959062504, 473.6081538828123, 471.81005876562494, 473.30175734375007, 473.20092790624994, 472.5742188671875, 473.39868117187507, 473.6262209375002, 472.85461402343753, 473.38232439062494, 472.53930681249994, 472.9793704062499, 473.08374040624994, 473.09594743749994, 472.52856462499994, 472.51196306249994], "mape": [0.3542232313009555, 0.3339012262872279, 0.3455316464753057, 0.35565010594471175, 0.36059175279396233, 0.3622631353431871, 0.3628817389083741, 0.3633005694870208, 0.3629863987204358, 0.36292517939847646, 0.36349332301090653, 0.36313710567531843, 0.36269713947340587, 0.3623335847084362, 0.36311586910620414, 0.36287336380670887, 0.3626642342748622, 0.36384457301163786, 0.3634406874809547, 0.36323486226560536, 0.3634781614508949, 0.36342270742284516, 0.3633432097063804, 0.3633464226510156], "mse": [646898.3142981365, 513137.6957454484, 500895.8898504005, 509416.4877653608, 515209.6004202372, 517369.7553308863, 518050.7186385577, 518668.9953718414, 518294.26845998794, 518082.4295091458, 518932.1465420015, 518644.4345812436, 517892.10029291647, 517624.8582098054, 518388.7310024928, 518062.4586534883, 517817.9393526145, 519301.3238941297, 518830.0868172814, 518596.3228793475, 518811.9179933138, 518758.9951534376, 518677.86146878544, 518680.04294716363], "recauc": [0.6765109251665907, 0.7128977638504592, 0.7161144558900335, 0.7138155297011183, 0.7122209257962833, 0.7116120204613053, 0.7114167416741674, 0.7112401017879566, 0.7113515796024048, 0.7114074963051861, 0.7111677389961218, 0.7112507991539896, 0.7114648353724261, 0.7115425912961666, 0.7113218877443299, 0.7114115263378189, 0.7114852225963336, 0.71105540183648, 0.7111898152778241, 0.7112558663273734, 0.711195178777137, 0.711210409929882, 0.711234382697529, 0.7112322787834339], "f1": [], "aucrecauc": 0.9928418892117571, "aucloss": 519663.2259371902, "convergence_rate": 0.8723804109121157}