{"bestEpoch": 45, "lastEpoch": 55, "mae": [2.0991233873806285, 1.6278858775651452, 1.4032844913672957, 1.2653222825850938, 1.1641110752559567, 1.0969187745865396, 1.038567920646011, 0.9964547163899768, 0.962055099614775, 0.9338237503000801, 0.9130145782978316, 0.892586403848046, 0.8769227899576129, 0.8576324291456031, 0.8480353750912755, 0.8365638073692512, 0.8244304369707123, 0.8181430898215635, 0.8067551556153945, 0.7978451133995492, 0.7930055763044888, 0.7880203753056393, 0.7797005589900375, 0.7739452642389737, 0.7717267206922633, 0.7638287260171162, 0.762175979919118, 0.759301822957734, 0.7542415153770388, 0.7538087115216056, 0.74899038345, 0.7485043743421919, 0.7440278649618024, 0.7435091313076321, 0.7403436828256882, 0.7369999410409162, 0.7347966593029036, 0.7372147619865904, 0.7363341087780955, 0.7336066438136875, 0.732722940088736, 0.732947510550214, 0.735172476164996, 0.7341612048918235, 0.7290511954494806, 0.7310220620516394, 0.7310941993115619, 0.7302140049292702, 0.7305141657523688, 0.7318834986198587, 0.7315981205655449, 0.7323304643103813, 0.7323163233772618, 0.7323470469942337, 0.7323875599860451], "medianabsoluteerror": [1.5803514671325685, 1.219070806503296, 1.0554039084911346, 0.9534610676765441, 0.8787982940673829, 0.8318883404135704, 0.7875559711456299, 0.7560102784633637, 0.7309489250183105, 0.7103738784790039, 0.6952769857645036, 0.6794162249565125, 0.6680903267860412, 0.6522433948516846, 0.6468166446685791, 0.6378744423389434, 0.6293375301361084, 0.6238255238533019, 0.6158944371342658, 0.6086203527450562, 0.6058932352066039, 0.6028232574462891, 0.5955298531055451, 0.5907256317138672, 0.5904924941062928, 0.5827614462375641, 0.5839870500564575, 0.5819388687610626, 0.5768983960151672, 0.577981734275818, 0.5737376999855042, 0.573420946598053, 0.5693254446983338, 0.5700280845165253, 0.5672766053676606, 0.5639944446086884, 0.5623098325729371, 0.5656872028112412, 0.5648566317558288, 0.5617808258533479, 0.5608488154411316, 0.5613972496986389, 0.564216365814209, 0.5638131737709045, 0.5577506327629089, 0.5603406071662904, 0.5601639008522034, 0.5592824757099152, 0.5593440198898316, 0.560750760436058, 0.5602139854431153, 0.5606720209121705, 0.5609867477416993, 0.5608861923217774, 0.5608885955810547], "mape": [2.092998772710163, 1.6160098298739274, 1.4119100315463398, 1.2792342802300851, 1.186821903164294, 1.1454488115088033, 1.0867696802264357, 1.0504588153555003, 1.0172407239287737, 0.9919597169537816, 0.9835692050952067, 0.9657339061512097, 0.9588814535726086, 0.9208308560024606, 0.9373572451585912, 0.9285595469930491, 0.9150712321770083, 0.9175192169568982, 0.8993609779687575, 0.8880796624406723, 0.8923081772433252, 0.894756350492426, 0.8767200954508673, 0.8702957664046264, 0.8808518580142178, 0.8595372614898971, 0.8720238866390847, 0.8712033442487933, 0.8614518399655358, 0.8709407464397392, 0.8618305324246769, 0.8662976836719503, 0.8538110185470178, 0.8608173750752821, 0.8541155547401338, 0.8438948924763633, 0.8382528571506829, 0.8567343930173908, 0.8548382262133649, 0.8472746493455221, 0.8443851864997826, 0.849098049695144, 0.8573164456127309, 0.8576065649016563, 0.8275817814597562, 0.8449947144619548, 0.8437254431783864, 0.8403913424365457, 0.839881135649649, 0.8462220149541114, 0.84446610872782, 0.8465293897144183, 0.8470540769887603, 0.8469592515239734, 0.8469026737253842], "mse": [8.006406893308975, 4.844161945880486, 3.5885524313289037, 2.9157441774649597, 2.4594122990302156, 2.172127120219627, 1.9464336745963629, 1.7892335835739865, 1.6665139570350267, 1.5683024907801912, 1.497757495100994, 1.430031653333419, 1.3792557650351913, 1.3212057051810737, 1.2878235120544363, 1.253202858094235, 1.216799925210971, 1.1978785602409434, 1.1651886761312973, 1.1399425102528762, 1.1248710199828373, 1.1096152686439371, 1.087475579423547, 1.071505844475484, 1.063955605682227, 1.043646349388848, 1.0373293087060285, 1.0298597385202575, 1.016681292099622, 1.0142566409610063, 1.0018807783298873, 1.0002075036820157, 0.9890749562804906, 0.9872430944701917, 0.9790411691652372, 0.9708833709216987, 0.9654434841309222, 0.9700810363300642, 0.9679616754988591, 0.9608592147720382, 0.9591238486822488, 0.9589733461307359, 0.9648638944581659, 0.9614130175992383, 0.9509105251027195, 0.9539565124190729, 0.954722581813633, 0.9523160262866783, 0.953175051164974, 0.956505690441131, 0.9559996810152611, 0.9579990286493301, 0.9578634819260804, 0.9579499718913161, 0.9581047263484569], "recauc": [0.5616246515403934, 0.6412350207408424, 0.6837935369906948, 0.711833259999601, 0.733070755488196, 0.7474836445178508, 0.7603214416127178, 0.7696680990828529, 0.777353284473719, 0.7836940265034216, 0.7884012584970203, 0.7930211741213402, 0.7965923648429345, 0.8009776912207263, 0.8031837951151336, 0.8058140253186483, 0.8085919974809882, 0.810047193845016, 0.8126556169242187, 0.814701511369335, 0.8158191285902071, 0.8169721876377938, 0.8188833180476704, 0.8202098003011574, 0.8207286038774048, 0.8225423081116532, 0.8229303884738349, 0.8235996399505572, 0.8247641976348605, 0.8248685518093758, 0.8259785051031042, 0.8260979244849918, 0.8271246532739277, 0.8272532804816151, 0.8279804993924379, 0.8287480166749636, 0.8292544761692584, 0.8287072585903945, 0.828912164535746, 0.8295360116942785, 0.8297430155843618, 0.8296941567969673, 0.8291901926098958, 0.829420132715273, 0.8305883861938066, 0.8301394651113453, 0.8301260756106751, 0.8303281370220932, 0.8302575098774592, 0.829947517706043, 0.8300135848737924, 0.8298477018634635, 0.8298503826065162, 0.8298434539615114, 0.8298345310736932], "f1": [], "aucrecauc": 0.9687035127418588, "aucloss": 1.3723975877670316, "convergence_rate": 0.9140515403484079}