{"bestEpoch": 43, "lastEpoch": 53, "mae": [0.41910679124118555, 0.4220362631747636, 0.481550394362137, 0.40120381528482074, 0.3963248720833348, 0.39776304279679137, 0.39530026705801097, 0.3856239392336604, 0.37897909742621905, 0.3821309541812124, 0.3738349200854106, 0.3738344638273495, 0.3829477066138354, 0.3628607856780861, 0.368886683815994, 0.38998568601516886, 0.391763340316539, 0.365782813746293, 0.36411090404351426, 0.3610825920238195, 0.36898675610845244, 0.35965871692517387, 0.3595312339470356, 0.3578809553255322, 0.35936941039880155, 0.36302482036043954, 0.36196967308566635, 0.3591380099527851, 0.3648763025496637, 0.3561031131153118, 0.3564925175423063, 0.3591640488753958, 0.35618470421022325, 0.35735430468861523, 0.3577458045942538, 0.35647688999440785, 0.3547883616385414, 0.3558915981305755, 0.3565160048792625, 0.35642678227513946, 0.3558113839862855, 0.3570017602559122, 0.3560260585844791, 0.3564322662946876, 0.35629736236660675, 0.3565581222195333, 0.35583203217942455, 0.35644999755615364, 0.3560407015227269, 0.3567190738983851, 0.35630844182244764, 0.3563397973443267, 0.35630155399132163], "medianabsoluteerror": [0.35073016881942753, 0.3262168264389038, 0.4263291597366332, 0.3121380996704102, 0.32110607624053955, 0.3016212248802186, 0.3142452502250671, 0.3023498630523681, 0.29848740100860605, 0.3006764674186706, 0.281320834159851, 0.2891024351119995, 0.30388077735900887, 0.2798817873001098, 0.28753292560577387, 0.3112967014312744, 0.3215970993041991, 0.284938952922821, 0.29029215097427374, 0.27430791854858394, 0.2963405585289002, 0.28185500144958486, 0.2814910411834717, 0.2764687776565551, 0.2836191654205322, 0.29011762142181396, 0.2829036235809326, 0.2843069076538087, 0.29188653230667116, 0.2768337368965149, 0.2797401547431946, 0.28354154825210576, 0.27728197574615465, 0.2804219245910644, 0.2795164275169373, 0.27873109340667734, 0.2746544575691223, 0.2781684708595278, 0.2790411853790283, 0.27932268381118774, 0.27690422534942627, 0.27964972972869884, 0.27919820785522453, 0.27859532833099376, 0.2791049957275391, 0.27989350557327264, 0.27890797138214096, 0.28014135360717773, 0.2784138917922975, 0.27888112068176263, 0.2791624784469605, 0.2790237069129944, 0.27867872714996345], "mape": [0.22763030341076038, 0.2049612318625766, 0.2795467499375746, 0.20405817208571664, 0.20938711271585717, 0.20265757941591783, 0.20978725586561603, 0.2016068148297017, 0.19874281915473485, 0.19924789507698623, 0.18835902492030385, 0.18945738880012175, 0.2017900206517254, 0.18663031494948498, 0.19282198384083704, 0.2137879267849684, 0.2135190342992315, 0.18666089394162746, 0.19369749322801455, 0.18512652687882972, 0.19849809679477332, 0.1897860793130766, 0.18781252784493158, 0.1849706839063083, 0.19103547908196455, 0.19503536390380816, 0.19306709695938382, 0.19036917825927208, 0.19602289148386667, 0.1856891023206853, 0.18776819417626253, 0.190808628655725, 0.18700682800352764, 0.18737834877450085, 0.18692644733323807, 0.18762244326299843, 0.1839136695511927, 0.18615327681349142, 0.18733097244652558, 0.18707441496352395, 0.18616548713943543, 0.18736151441562707, 0.18678715175121588, 0.18713104444751893, 0.18697674397501687, 0.18711442889804683, 0.18660460793693778, 0.186915729035416, 0.18685705110039597, 0.187138411059529, 0.1870383661008333, 0.1870353885562611, 0.18704614878976236], "mse": [0.2906947490942015, 0.3205350849871536, 0.3524201041030935, 0.2929862466227654, 0.2696666507420818, 0.2921635228286575, 0.27417524449259384, 0.2669522311433016, 0.25319226382477894, 0.2559891752661289, 0.26174228821999884, 0.25415795452541984, 0.2534102619115968, 0.2396581081162765, 0.24363604134903705, 0.2638711893329572, 0.25818386805809057, 0.23949747374374114, 0.23205055706345576, 0.24229657795084958, 0.23452924372113979, 0.23032814380573108, 0.22942729790122257, 0.23076270594800347, 0.2288238367817648, 0.22996564388616564, 0.23431916891779198, 0.22979052279348816, 0.23055769603060286, 0.227624486059797, 0.226923515490562, 0.227836792537453, 0.22659259366079054, 0.2272576842253616, 0.22760067902467557, 0.22654355453317007, 0.2273125177061121, 0.22634622587841202, 0.22655285242066245, 0.22652728695100038, 0.22689259028421946, 0.22690235932485542, 0.22570629388287, 0.22684001445592683, 0.22669953354454156, 0.22684043350168012, 0.2261059201996074, 0.22646811431706831, 0.22643026125862395, 0.2269775208871611, 0.2264226731528183, 0.22633481192721278, 0.22660967680543329], "recauc": [0.9025248822198992, 0.901844941604923, 0.8880010357018916, 0.9066895573029814, 0.9078245951423171, 0.9074907098611178, 0.9080612673195597, 0.9103131615776981, 0.9118593104276728, 0.9111255600147782, 0.91305632036223, 0.9130547300840889, 0.9109367138231352, 0.9156073135608249, 0.914205529747159, 0.9092975371463644, 0.9088834421783071, 0.9149287093941898, 0.9153167510384204, 0.9160204170559059, 0.9141814302239006, 0.9163512998326241, 0.9163808479529654, 0.9167648092434186, 0.9164187454309841, 0.915568214233148, 0.9158137879406185, 0.9164726548531246, 0.9151380580387741, 0.9171785846720826, 0.9170881937076757, 0.9164671405464484, 0.9171597313179667, 0.9168878610551913, 0.9167965098828563, 0.9170918522482573, 0.9174844596493901, 0.9172282950392451, 0.9170818166976292, 0.917103729787162, 0.9172464118100166, 0.9169695380796611, 0.91719597969716, 0.9171021135431332, 0.917133763310628, 0.9170728176628439, 0.9172409134008225, 0.9170977427953468, 0.9171933884075534, 0.9170349837747541, 0.9171304258991878, 0.9171233218442866, 0.9171323717510153], "f1": [], "aucrecauc": 0.9962555171919862, "aucloss": 0.24268230831235169, "convergence_rate": 0.8834720066677899}