{"bestEpoch": 55, "lastEpoch": 65, "mae": [0.8086615374204873, 0.7341370765831291, 0.7196770845753718, 0.6886085371871364, 0.6749027962230271, 0.6410581480229094, 0.6429033815371246, 0.6094202055080766, 0.5955455334078473, 0.5771199044701397, 0.5793718698432166, 0.5735748661911877, 0.5512777394249264, 0.5604387735257566, 0.5803626863654743, 0.5381233295811014, 0.5442275480273012, 0.5528022756441235, 0.5650736470974898, 0.5271169387001566, 0.5560759985882481, 0.5272730022313644, 0.517999514400558, 0.5205482954116111, 0.5255651025634716, 0.5139062567432661, 0.5133415195296246, 0.5208698716301584, 0.545814569147459, 0.5036270265397542, 0.5207998329038486, 0.5115286101286687, 0.5005619973108407, 0.5709700934613342, 0.4966476330245157, 0.48726449459090815, 0.4869491579964626, 0.49381389746463494, 0.48665142642291054, 0.4939065249388553, 0.4942174995612106, 0.4847695405054262, 0.4847552741156852, 0.48556301480103925, 0.4847637802014035, 0.4834803271529288, 0.48394877307019357, 0.4845046091894815, 0.48483794207272335, 0.4839378913399555, 0.4847637698817615, 0.4829750737599302, 0.4842908531511186, 0.4833776324831166, 0.4833240336933494, 0.48278553824108017, 0.483841227962165, 0.48287256442730303, 0.48441784846522357, 0.4835044049056272, 0.48302891466782816, 0.48253053968320914, 0.48306469883611436, 0.48321426680369833, 0.48318654291167823], "medianabsoluteerror": [0.689271605014801, 0.6026017284393311, 0.6015382099151612, 0.5671098899841308, 0.5163071393966675, 0.5009308218955993, 0.49209548354148863, 0.4777227616310119, 0.4840263485908509, 0.46168591499328615, 0.4750032758712769, 0.45742923736572266, 0.4290906786918639, 0.4446788811683654, 0.45076484799385075, 0.41401403903961176, 0.433917453289032, 0.4392442369461059, 0.4578837680816651, 0.3989174902439117, 0.42174009084701536, 0.39945015907287595, 0.40248658657073966, 0.40339991331100467, 0.40818259596824646, 0.3988037228584289, 0.39856355190277093, 0.3893957614898681, 0.4197941696643829, 0.3914383006095886, 0.407566123008728, 0.40270607471466063, 0.3751639103889466, 0.46296710729598994, 0.38446223974227905, 0.36802315711975087, 0.3721139538288116, 0.3816352963447571, 0.3701905918121338, 0.3799679636955261, 0.37418120384216313, 0.36771782875061026, 0.36886516571044925, 0.3707501459121705, 0.3692838191986083, 0.36626388430595397, 0.3666189122200012, 0.3691831266880035, 0.36969083905220035, 0.36752656698226915, 0.3680492699146271, 0.36773819208145136, 0.3690889036655426, 0.36873468518257146, 0.3681536746025085, 0.36725680828094476, 0.36938310265541074, 0.36641094326972956, 0.36913838386535636, 0.3680038130283356, 0.3672120809555054, 0.36613449096679684, 0.3674438726902008, 0.36760130941867825, 0.36763058543205257], "mape": [1.249364859958102, 1.0507620925889873, 1.0508805787468087, 0.9802900862864118, 0.8242098495755541, 0.8169929797589519, 0.7838344092199334, 0.7991722379936758, 0.8531708622746252, 0.8294020050104185, 0.8556159316240579, 0.8051480425930804, 0.7690702982756837, 0.79431878299872, 0.7201916019653265, 0.6792185171830386, 0.7626058963582342, 0.7496241552815381, 0.8677879563167983, 0.6712095994536853, 0.5839164529105303, 0.6592218345640424, 0.7144728112103412, 0.7151156482861992, 0.7492323734387286, 0.6948750069273438, 0.7020897691961048, 0.655884725030985, 0.7435896385950094, 0.7048494418972582, 0.7094829434092368, 0.7440263849463414, 0.5921314671377834, 0.8628273842939154, 0.7044403862041881, 0.6516004052892395, 0.6567848931338844, 0.6885256929469603, 0.6569821217801334, 0.700661571169726, 0.6282108617797787, 0.6381460667218734, 0.6506362351934061, 0.6593924572349641, 0.6483811136924734, 0.6345440058896143, 0.6383647756321403, 0.6527309720534882, 0.661143600841957, 0.6460702723135384, 0.6488183065371163, 0.6443249771361135, 0.6524865196260841, 0.6562392027259234, 0.6579119298880696, 0.6474322970632692, 0.6552917108749768, 0.637749960789718, 0.659803572371526, 0.6550087675141661, 0.6515433458393639, 0.6470244060292041, 0.6509409398648467, 0.6528926827115537, 0.6528610622682673], "mse": [1.0264761280987535, 0.900740147738234, 0.8514860297642606, 0.7947518712863484, 0.8261716404864718, 0.7310470875908253, 0.7503373752847207, 0.6545508857538833, 0.5971860053689291, 0.5668289417067215, 0.554939768416087, 0.5590341715413898, 0.5301150410423107, 0.5371264662770386, 0.5884303423799275, 0.5135201253485608, 0.5040766520824248, 0.5244254861399912, 0.5270702487254523, 0.4975505784101131, 0.5582819518427398, 0.50297059679593, 0.47003819658934526, 0.4737962814559789, 0.48106707560411294, 0.4616776465877232, 0.4638408390341549, 0.49543494896492946, 0.5243575192713987, 0.4439794358190058, 0.47188318170197013, 0.45145103019216565, 0.4557633371594869, 0.5378723549693194, 0.4308367000533082, 0.42643023465311714, 0.4212850217218791, 0.4273846418229851, 0.422100818782602, 0.4289595101776949, 0.43839335372379873, 0.42177152411844465, 0.4201973784128919, 0.41929564305816985, 0.4198357327968327, 0.41950913593218275, 0.4202471839954581, 0.4186294310262454, 0.41850220309400293, 0.4190612406026336, 0.4207421107321743, 0.41700053558921873, 0.4185218108695353, 0.41663398735634416, 0.41645491142522817, 0.41719044214669665, 0.41727106199769154, 0.41823583067225634, 0.4182264295352413, 0.4172949586534595, 0.4170856827168924, 0.41684444167314527, 0.41686015279088157, 0.41683393635465793, 0.41677876065709324], "recauc": [0.8119343196836966, 0.8292724708750642, 0.8326321268049951, 0.8398571480163016, 0.8430512494868418, 0.850916314739507, 0.8504881757153531, 0.8582698284429248, 0.861491200610506, 0.8657756405284037, 0.8652511191320442, 0.8665998113643365, 0.8717857359366628, 0.8696550630732708, 0.8650215915729287, 0.8748446453188727, 0.8734250565107936, 0.871430273866093, 0.8685757073375086, 0.8774039737776577, 0.8706715008197936, 0.8773680887140826, 0.879525113171842, 0.8789318638943346, 0.8777657942942099, 0.8804774760550752, 0.8806096423734088, 0.8788582452239513, 0.8730569870652385, 0.8828679981432175, 0.8788743800794613, 0.8810311383366575, 0.8835819076719865, 0.8672074228729709, 0.8844921708068886, 0.8866752141083114, 0.8867484302472601, 0.8851516642884425, 0.8868175309384208, 0.8851311901053013, 0.8850580085336587, 0.8872556618524126, 0.887259362169468, 0.8870715492724314, 0.8872571873367094, 0.8875556033372645, 0.8874469560325459, 0.8873176768919253, 0.8872403333520076, 0.88744991266793, 0.8872576596488742, 0.8876732652785391, 0.8873676146961665, 0.8875799690883512, 0.8875926827497268, 0.88771780670631, 0.8874722017961749, 0.8876977570226109, 0.887338452165995, 0.8875508401563089, 0.887661485257489, 0.8877772825025838, 0.8876531509830529, 0.8876182864626571, 0.8876246733378259], "f1": [], "aucrecauc": 0.9871606137923316, "aucloss": 0.5022041680030553, "convergence_rate": 0.8497250382075088}