{"bestEpoch": 34, "lastEpoch": 44, "mae": [], "medianabsoluteerror": [], "mape": [], "mse": [], "recauc": [], "f1": [0.2721239615259518, 0.3402851236236434, 0.33873414447917594, 0.34783485491362215, 0.37062150171383174, 0.3926139486973598, 0.39275848794662943, 0.4086943970775954, 0.40288669683015793, 0.39645149256515366, 0.3884596339223425, 0.39523555503010144, 0.41616487627171134, 0.40114987539142843, 0.3995867420996335, 0.41228983055647317, 0.4029094981247305, 0.4027563155743379, 0.4202924862546295, 0.39039357707391537, 0.4012033366642539, 0.4211690489609205, 0.40397736427379666, 0.4356141207197507, 0.4134089662769223, 0.41817799084910007, 0.42817106448893955, 0.4247958988516196, 0.42361489582147094, 0.4271328114491936, 0.42269151981094194, 0.4305537490905753, 0.42562700128844283, 0.4253026817655918, 0.4237906124353643, 0.43556901768539896, 0.4210509998971639, 0.43028227754709275, 0.4221681862480706, 0.4291121988231069, 0.4228656350487688, 0.4252315604386314, 0.4220888123072668, 0.4291974616881021], "f1auc": 0.9344935659160579, "convergence_rate": 0.8254602734153735}