{"bestEpoch": 24, "lastEpoch": 34, "mae": [], "medianabsoluteerror": [], "mape": [], "mse": [], "recauc": [], "f1": [0.03551454501389831, 0.032431268717613114, 0.034593650884959345, 0.034582480660458124, 0.038114257078956375, 0.03391855229828528, 0.03551905752453419, 0.03672073934455325, 0.03236386247549744, 0.04123448596670712, 0.036729906892589204, 0.039540885143046, 0.038245039707374, 0.03719537895145254, 0.03950475087844174, 0.04061479555386413, 0.03499793391373885, 0.033408697462652195, 0.04022847972013263, 0.042246281068374386, 0.04288096765835813, 0.042241070294514356, 0.04315085242701869, 0.0426702607623445, 0.04178361507831864, 0.04348782977478739, 0.042918577184310726, 0.04347213891206949, 0.04315554360608562, 0.04378046419854827, 0.04378197104802286, 0.04310016897273617, 0.04312933725062832, 0.04298536343607719], "f1auc": 0.9004628413447116, "convergence_rate": 0.6183314451104034}