{"bestEpoch": 8, "lastEpoch": 18, "mae": [0.44098098883054704, 0.42495400587357, 0.3969331564031905, 0.40099892197130443, 0.38727222580217074, 0.3968061931508782, 0.4144062551396262, 0.38000724096719785, 0.38451654483527564, 0.4072040461070212, 0.4153876387036702, 0.41231441040914774, 0.3791033612549217, 0.3840330302501858, 0.3861664548755936, 0.383385448754475, 0.3804433574216156, 0.37915478150293885], "medianabsoluteerror": [0.3572363018989563, 0.3580422639846802, 0.32097547054290776, 0.3296254110336303, 0.30658755302429186, 0.3247906017303466, 0.31967229843139644, 0.301285982131958, 0.3094819092750549, 0.3320486545562744, 0.34448385477066035, 0.32133342742919924, 0.29870378017425536, 0.3084900045394898, 0.3114466547966004, 0.3008624935150146, 0.3023123741149901, 0.2994550704956054], "mape": [0.2445821439669524, 0.23237251724436622, 0.2165507812488367, 0.22144282816984356, 0.20510402016938206, 0.22096202954973748, 0.19889351164241278, 0.19978431739154956, 0.19849357000623252, 0.23344802269256396, 0.2368283096228102, 0.20799773979717656, 0.19797677633427516, 0.20821497134283162, 0.20465406056158797, 0.1950999452522299, 0.19913869287499122, 0.19622523191741129], "mse": [0.3311168939766022, 0.29398742326990124, 0.2681036702994018, 0.267825310875791, 0.26228596120237674, 0.26266831365347965, 0.30639474445056875, 0.2510469366797552, 0.2544993335197911, 0.2768503982508761, 0.28465086450270466, 0.3019805069716217, 0.2533966101698483, 0.2518751485440247, 0.25478322367879713, 0.2590403693543302, 0.25214390829775524, 0.2531132960167473], "recauc": [0.8974373604118923, 0.9011638600806373, 0.9076811707070416, 0.906736132156728, 0.9099283550711054, 0.9077112328459754, 0.9036179872703052, 0.9116181652288411, 0.9105697082573333, 0.905293078479142, 0.9033889469443744, 0.9041052927937023, 0.911828910732199, 0.9106822242777031, 0.9101863351737234, 0.9108335598300622, 0.9115174642172792, 0.9118168943552827], "f1": [], "aucrecauc": 0.9955098690259034, "aucloss": 0.27021457757162937, "convergence_rate": 0.7155267225886419}