{"bestEpoch": 1, "lastEpoch": 11, "mae": [], "medianabsoluteerror": [], "mape": [], "mse": [], "recauc": [], "f1": [0.01178203481913426, 0.007434254065993733, 0.011681807082213534, 0.016545593824765188, 0.01642534072981219, 0.017001749251765806, 0.020831190639906082, 0.019718949602907918, 0.02206200187387477, 0.021943934336237387, 0.021813554408755285], "f1auc": 0.7725618780916474, "convergence_rate": 0.6569710978316697}