{"bestEpoch": 135, "lastEpoch": 145, "mae": [1.785844586475011, 1.737595725296864, 2.406230057980079, 2.374834628845413, 2.831649377875585, 1.8693750130017108, 2.14906714554816, 2.0720453122384535, 1.7579518128538147, 1.890100954535938, 2.0126765400933473, 1.9059034822898102, 1.760730248655634, 2.518630172823288, 2.0879563863807697, 1.7303535970796886, 1.5665042043049393, 1.517537377275964, 1.4626801807856666, 1.7791378664072133, 1.4258534801382812, 1.4011647343083096, 1.350789823771096, 1.4438046471916275, 1.2633028273377025, 1.3375538614170273, 1.212948635849722, 1.2288792033274067, 1.2194562202573354, 1.2487984506219594, 1.2057549696360672, 1.2144900031958172, 1.2104711522975822, 1.3492823987534233, 1.17291073455583, 1.2063442467415493, 1.206683205629271, 1.192726853722115, 1.1768912767324504, 1.2003368912920116, 1.1610666691868157, 1.186799003256992, 1.1721238331658874, 1.208789189012035, 1.1517837680249619, 1.204551212226162, 1.178892958902879, 1.2678426441931863, 1.1423268913608868, 1.1731245584844765, 1.1477101013049038, 1.162955953315325, 1.1682235700462922, 1.192371196203366, 1.146834815219633, 1.1820369389021965, 1.1622596323551528, 1.2694941054821178, 1.1396806493805645, 1.1758679485059136, 1.1340652523972183, 1.1949074850882855, 1.1221346628039799, 1.1704035250542297, 1.102712864201379, 1.3094647447196552, 1.1222856538712345, 1.2667359859313991, 1.104950642671693, 1.1245144108419685, 1.0987514748918694, 1.1438639047135204, 1.0917226779186722, 1.1300190327464614, 1.1148531478661832, 1.1171594284835484, 1.11665602611014, 1.095362081914025, 1.1315139154368072, 1.1088732465451991, 1.1944169228403503, 1.088632381130157, 1.131852796243058, 1.0819418813778778, 1.1095830563863773, 1.1080870458934875, 1.110538352571154, 1.085229756862406, 1.1252804570209518, 1.0761038021168838, 1.109751768059801, 1.0873598456587368, 1.0844872053488808, 1.1211802332907905, 1.0708605409118672, 1.1470646539832814, 1.0560055996927247, 1.1305569903039459, 1.061169675564463, 1.1643786266870693, 1.0481608736527321, 1.0623433278100498, 1.0929214852068214, 1.1702208686767064, 1.0255585802898675, 1.1249328022186509, 1.0071190794104363, 0.9892429895021234, 1.0018363362769676, 0.9962252257740297, 1.004639022136692, 1.0020898017038646, 1.0143722004797138, 0.9966431088845344, 1.0080768192833411, 0.9985367453798084, 1.039818178080956, 0.9971009011617281, 1.03510704332719, 1.0081153851049771, 1.0389908057817512, 0.989057057508684, 1.0092426859305317, 0.9937115341291941, 1.0236983108144013, 0.9957024979092106, 1.0292078115422005, 0.9808608761694765, 1.018682835030875, 0.9767730929701753, 0.9733109333406311, 0.9691414219220806, 0.9645015009072405, 0.9597385253359516, 0.9459646109081076, 0.949416696513759, 0.9502220324049118, 0.9480735158494686, 0.949731309512944, 0.9499032089401674, 0.9500611858845903, 0.9502733963852766, 0.9504933943668264, 0.950510600118182, 0.9505654679022415], "medianabsoluteerror": [0.9223971366882324, 0.9008316993713379, 1.2239837646484375, 1.6623034477233887, 1.653005599975586, 1.10579252243042, 1.2725677490234375, 1.3284316062927246, 0.9640965461730957, 1.0438733100891113, 1.353724479675293, 1.216479778289795, 1.0676178932189941, 1.4821114540100098, 1.4904818534851074, 1.0159687995910645, 0.9689016342163086, 0.897611141204834, 0.8228349685668945, 1.1918675899505615, 0.8109946250915527, 0.7650794982910156, 0.7763597965240479, 0.8265089988708496, 0.70143723487854, 0.7787041664123535, 0.6741986274719238, 0.6751594543457031, 0.6683263778686523, 0.685509204864502, 0.6423482894897461, 0.6548376083374023, 0.6748981475830078, 0.761448860168457, 0.6279211044311523, 0.6501636505126953, 0.6838350296020508, 0.6312017440795898, 0.6256723403930664, 0.6370067596435547, 0.6322860717773438, 0.6375203132629395, 0.6484522819519043, 0.6720972061157227, 0.6217737197875977, 0.6390800476074219, 0.6602873802185059, 0.6799745559692383, 0.6206493377685547, 0.6246871948242188, 0.6200838088989258, 0.615602970123291, 0.6145601272583008, 0.6477699279785156, 0.6146583557128906, 0.6286807060241699, 0.6270656585693359, 0.7265453338623047, 0.6147608757019043, 0.6329703330993652, 0.6170186996459961, 0.643221378326416, 0.602184534072876, 0.6449384689331055, 0.5967020988464355, 0.7730917930603027, 0.6299154758453369, 0.7238936424255371, 0.5998678207397461, 0.6288306713104248, 0.6000485420227051, 0.6266021728515625, 0.6154842376708984, 0.628443717956543, 0.6133852005004883, 0.6311264038085938, 0.6162569522857666, 0.6134018898010254, 0.6192893981933594, 0.610438346862793, 0.6837129592895508, 0.6160969734191895, 0.6396541595458984, 0.6087713241577148, 0.6142244338989258, 0.629054069519043, 0.6430130004882812, 0.5994811058044434, 0.641930103302002, 0.6088054180145264, 0.62664794921875, 0.6235127449035645, 0.6129889488220215, 0.6372699737548828, 0.6085395812988281, 0.6881914138793945, 0.606774091720581, 0.6667428016662598, 0.6101222038269043, 0.6886508464813232, 0.6201868057250977, 0.6325705051422119, 0.6510400772094727, 0.733069896697998, 0.6303105354309082, 0.7067852020263672, 0.6118984222412109, 0.5989880561828613, 0.612391471862793, 0.6044921875, 0.6196794509887695, 0.6117186546325684, 0.6288676261901855, 0.5983810424804688, 0.6106891632080078, 0.6013460159301758, 0.6465435028076172, 0.6041274070739746, 0.6453771591186523, 0.6157815456390381, 0.6471652984619141, 0.5914978981018066, 0.6252756118774414, 0.6067295074462891, 0.6434421539306641, 0.6050381660461426, 0.6534900665283203, 0.604008674621582, 0.6497688293457031, 0.6129732131958008, 0.6318283081054688, 0.6019477844238281, 0.6153974533081055, 0.6102485656738281, 0.5990715026855469, 0.6047539710998535, 0.6065993309020996, 0.6095638275146484, 0.6026859283447266, 0.6027710437774658, 0.6043987274169922, 0.6046338081359863, 0.603912353515625, 0.6047954559326172, 0.6048102378845215],