{"bestEpoch": 59, "lastEpoch": 69, "mae": [], "medianabsoluteerror": [], "mape": [], "mse": [], "recauc": [], "f1": [0.018937269707847978, 0.1437371105093368, 0.2076259274665978, 0.19820483813769346, 0.24407953656589154, 0.2583145733080063, 0.287339328617325, 0.2757106260842396, 0.2899662000248659, 0.17032440960609624, 0.3328888972907042, 0.37614210145438076, 0.35842956472274545, 0.351606429732298, 0.40137072988938094, 0.3551378194193009, 0.44195806677870103, 0.3857045572975578, 0.352152514925022, 0.46174644044586627, 0.43363919079162105, 0.34711455503745686, 0.3642447456591478, 0.44971129025024836, 0.540392031320785, 0.545193316815621, 0.5459748311447745, 0.5470924163640096, 0.5298325746360574, 0.5326693567156702, 0.5393995256888211, 0.551118817579402, 0.5511026269956042, 0.5501073072866348, 0.529138545027099, 0.5540032549016486, 0.5414669571432424, 0.5407943771595974, 0.5588656052277088, 0.554872779990734, 0.5462366148341464, 0.556452226610037, 0.5453983189026791, 0.5720040797200173, 0.5702109390388058, 0.5735209818582316, 0.575337650153183, 0.5726558313816211, 0.574476059644209, 0.574280499976168, 0.5773635876372941, 0.575073449582052, 0.5724629425101899, 0.5763459386400792, 0.5733779245663814, 0.576298778562188, 0.5769153187682058, 0.577085048147001, 0.5763603213192209, 0.5769161458220812, 0.5769351469740392, 0.5782151455806336, 0.5777722059174972, 0.5788959346704907, 0.5775560925377126, 0.57832993302732, 0.5776395652399562, 0.5771164383799502, 0.5773127669923573], "f1auc": 0.8265869453234796, "convergence_rate": 0.820722280674545}