{"bestEpoch": 6, "lastEpoch": 16, "mae": [0.4658100711380587, 0.4184591764187961, 0.40932262969562977, 0.3954074918152068, 0.4174455939134307, 0.39297835897778044, 0.39266362699692875, 0.4066443173000281, 0.40003884687591756, 0.4004324936018341, 0.4008497604595966, 0.40456388899457757, 0.4075323649824121, 0.40636188398469497, 0.407764123825264, 0.4088019016835726], "medianabsoluteerror": [0.3615245842933655, 0.3357394456863403, 0.3254794597625732, 0.3155761539936065, 0.3450188517570495, 0.31427425146102905, 0.3049518942832947, 0.3302474117279053, 0.31829586982727043, 0.31294936180114763, 0.3170295834541321, 0.3200219464302063, 0.3242707014083863, 0.32094206333160397, 0.32270684719085674, 0.3235502624511718], "mape": [0.22699486356856757, 0.21938367939789716, 0.21650580885815493, 0.2080543226048858, 0.23020347454601225, 0.20629528684558202, 0.19622799890289164, 0.21805915598611567, 0.20991225989863793, 0.2025032833066221, 0.2071659507354583, 0.2103180636128046, 0.21145702365524943, 0.2099928899289178, 0.2107888341965755, 0.2118800116871814], "mse": [0.3870240373855804, 0.30222521867174257, 0.29140117767962465, 0.272255103647728, 0.2878239044238668, 0.26691950512721246, 0.2779870584584824, 0.27913237061982804, 0.2780737883141094, 0.28415811653407025, 0.2808615643743129, 0.28410346314856594, 0.28798994228862174, 0.2880131391339406, 0.28947922445534713, 0.29035133968660887], "recauc": [0.8916630673707021, 0.9026747053917803, 0.9047998744599144, 0.9080355133983153, 0.9029097496668407, 0.9086007399010427, 0.9086737835328188, 0.9054219492993342, 0.9069583763089971, 0.9068666796313813, 0.9067698597251528, 0.9059059407275982, 0.9052155777232592, 0.9054877362603795, 0.9051616333266576, 0.9049201823662507], "f1": [], "aucrecauc": 0.9964539522950013, "aucloss": 0.2872740843609032, "convergence_rate": 0.8105935367156354}