{"bestEpoch": 17, "lastEpoch": 27, "mae": [804.9682885853878, 544.138510337904, 389.06946403981357, 285.7975123628808, 218.50427220099422, 173.64168742070257, 139.41700816778356, 119.54061877139468, 101.03257323626042, 89.80878923935764, 85.26583884533797, 77.87233962196643, 77.91159233425579, 77.71406336335995, 77.0149788180787, 75.89062141416782, 72.01503780854398, 73.48996784008449, 75.86139881167824, 78.95747879897569, 73.56465969869676, 74.10102533074999, 75.83337774251042, 77.494911471125, 79.35867201438774, 78.33217566766783, 78.78353493418865], "medianabsoluteerror": [708.2605591992187, 485.2357787539063, 350.6796873203125, 257.311645390625, 199.76220685937506, 163.25439476562497, 132.33581525, 113.7036131015625, 94.9420166015625, 84.03881824218752, 79.80590843749997, 72.35339360937496, 72.41430635156257, 72.04931669531243, 71.69042939843757, 70.56298798437501, 65.81750447656259, 68.22290003906255, 70.307983578125, 74.68676734375003, 68.01000957812539, 68.441772640625, 70.22277849218744, 72.35485846093752, 73.995971859375, 72.87487804687498, 73.21594226562502], "mape": [0.4852691656667023, 0.3252181643444756, 0.23125363122290787, 0.1695274977900632, 0.12976771374007465, 0.10365812021596546, 0.08375190234688043, 0.07269722060776566, 0.06200319844117064, 0.05571593569768763, 0.05329196382925767, 0.049048899047303085, 0.0491404860792584, 0.04898769797552656, 0.048681336611831806, 0.048010461679799894, 0.045717630879715074, 0.0466263874523545, 0.04797893907639648, 0.049968638693898955, 0.04672358868964311, 0.047004076563015064, 0.04797596633028723, 0.048968585753692256, 0.05002216315392616, 0.049388817663582905, 0.04962347892537182], "mse": [726009.0609926669, 337623.9917554341, 175257.13316717255, 95885.13945491843, 56928.14116136787, 36742.143430616234, 24379.37579247737, 18128.19702662126, 13316.436483346575, 10730.350277742888, 9750.554886033997, 8368.847655194955, 8352.797451519662, 8334.541097913921, 8157.101549376897, 7975.1659705303155, 7384.511227691891, 7572.042026441005, 8012.591629522435, 8519.509317805496, 7588.979826488129, 7691.048271901556, 8002.90906312485, 8278.098140565467, 8622.48599710127, 8443.640813096345, 8526.355084968447], "recauc": [0.5892612520511311, 0.7223497609020162, 0.8014755697792002, 0.8541710319180066, 0.8885076211324836, 0.9113975842028647, 0.9288612861286129, 0.9390037818596675, 0.948447363254844, 0.9541735951372915, 0.9564921381026992, 0.9602649005641305, 0.9602461431328319, 0.960345353053824, 0.9607027517566572, 0.961276586917951, 0.9632535549851281, 0.9625015094102003, 0.961291818070696, 0.9597121341763806, 0.9624634907935238, 0.9621901893893092, 0.9613056564915751, 0.9604580161719876, 0.9595082323047119, 0.9600306549173435, 0.9598007356291185], "f1": [], "aucrecauc": 0.9620824050585706, "aucloss": 48742.82467357012, "convergence_rate": 0.9023385344928594}