{"bestEpoch": 13, "lastEpoch": 23, "mae": [], "medianabsoluteerror": [], "mape": [], "mse": [], "recauc": [], "f1": [0.20793158306806153, 0.23663044352846388, 0.27274851085328383, 0.2901176756289399, 0.29701796512487544, 0.3259826315562365, 0.3306757811745979, 0.3381790534767722, 0.2615030139060753, 0.29530268905194024, 0.27555427071382305, 0.30065275301124145, 0.31674735412448857, 0.31148235517779166, 0.35046293961017805, 0.33630029444899423, 0.332506858213161, 0.3410710335938139, 0.33428454610347313, 0.3356040841556098, 0.3287953319471516, 0.3327109445064077, 0.3308119676111867], "f1auc": 0.8837275105096268, "convergence_rate": 0.7141036228715836}