{"bestEpoch": 113, "lastEpoch": 123, "mae": [], "medianabsoluteerror": [], "mape": [], "mse": [], "recauc": [], "f1": [0.16027536658012762, 0.20772441752322862, 0.19522384798907416, 0.19540411937025584, 0.1978768016369363, 0.19333471567099444, 0.19162904108371845, 0.19814960190835867, 0.20689183005927353, 0.2076000657286353, 0.2093317222647941, 0.21719050503588672, 0.2274618290208305, 0.22999767469842722, 0.22984609994516417, 0.23210268870444964, 0.2302300864432289, 0.23588231201572235, 0.23829038416079, 0.24260240503402164, 0.23707831709327742, 0.24175888233038356, 0.2373720551729235, 0.24443367482149245, 0.2440937351161446, 0.2415471896510838, 0.2482364872765894, 0.24584131676495893, 0.23974825893198026, 0.2418381499714871, 0.2463681578954298, 0.24463786339601518, 0.23927157487963266, 0.24214970352344364, 0.24386314251196245, 0.24294254220874523, 0.2429955303431124, 0.2458822282257138, 0.24554450205116152, 0.24313241273691305, 0.2483272795623934, 0.24149306602183823, 0.24679796544829535, 0.24637756848849335, 0.24544577846101884, 0.25065537645206387, 0.24793020311706893, 0.25239936202426116, 0.23591565811562476, 0.25125612751379006, 0.24878102593634038, 0.24726214233195315, 0.2488108269382224, 0.24863247923385745, 0.25185026063197113, 0.24953167942433746, 0.24644679371063466, 0.25546235881039814, 0.2508723113663514, 0.2490573804955154, 0.24773348393653116, 0.2532037840608599, 0.2464416851905266, 0.2511953273028613, 0.2553948634461199, 0.24661615671791598, 0.24837614798898452, 0.24501823207040008, 0.2515384125554523, 0.2547834703481924, 0.2527055220255801, 0.2508335508292948, 0.2454174190845805, 0.24814754644439888, 0.25262233573843207, 0.25253636883942276, 0.25448730087981025, 0.25281951908659267, 0.25342722598056616, 0.2458125476266563, 0.2556888917959156, 0.2454292529575692, 0.24756015445606322, 0.25474675184709894, 0.24684568147535402, 0.25066202521508135, 0.25484670616739036, 0.2504345845849719, 0.2519450868672014, 0.2460020769969717, 0.25264390479552506, 0.25725963461342116, 0.25367751091439494, 0.2521002267199586, 0.25075541355222347, 0.24826202210799495, 0.2516743011970947, 0.25132302503819953, 0.24871676412148971, 0.252210417137967, 0.2450516934530135, 0.2490932129686909, 0.25250124333189655, 0.2545940658990713, 0.2542452853333537, 0.2545449329847802, 0.2514628244506352, 0.2550889750707259, 0.2549966816214266, 0.2557073738293061, 0.2544250901861941, 0.25633244069090266, 0.2556224790070462, 0.25440437207714045, 0.2544752064107641, 0.2549980225708991, 0.25490678902486236, 0.25474018010520116, 0.25447933645234283, 0.2544894106239533, 0.25447933645234283, 0.2542579507603328, 0.2542579507603328], "f1auc": 0.947338873909851, "convergence_rate": 0.86031155020284}