{"bestEpoch": 10, "lastEpoch": 20, "mae": [], "medianabsoluteerror": [], "mape": [], "mse": [], "recauc": [], "f1": [0.008846718770371693, 0.017642041335268983, 0.010785556784961733, 0.016102995261348185, 0.012821266851647533, 0.014003275723387037, 0.014698385273039632, 0.015372654440694578, 0.015908272876756255, 0.011452698815408975, 0.00617682413482805, 0.009799454048736025, 0.014671148799152359, 0.01167630177272962, 0.018270777070159075, 0.02132935859839754, 0.02133977533177167, 0.022043012058756146, 0.02147229791596344, 0.02391998049735586], "f1auc": 0.6423818094560891, "convergence_rate": 0.5178862222408241}