{"bestEpoch": 9, "lastEpoch": 19, "mae": [], "medianabsoluteerror": [], "mape": [], "mse": [], "recauc": [], "f1": [0.005592058356068961, 0.008340680369218537, 0.007303212256741137, 0.007283316606140664, 0.00865273202060753, 0.007809542338890584, 0.005405171105861729, 0.012685630103989796, 0.011067814982153814, 0.010852415251226391, 0.012749344132048831, 0.010068267981577613, 0.012733203194143223, 0.012914711589978279, 0.01317218790121, 0.012700316854990073, 0.014663571493207525, 0.014352921011902267, 0.013767936082729483], "f1auc": 0.7290744523764864, "convergence_rate": 0.57090469511951}