{"bestEpoch": 51, "lastEpoch": 61, "mae": [], "medianabsoluteerror": [], "mape": [], "mse": [], "recauc": [], "f1": [0.036129722530603633, 0.034659877091953, 0.039773372134959344, 0.03675374856305329, 0.04104900852848244, 0.04048856020010033, 0.03990721593964149, 0.04557961135639527, 0.04539149398772855, 0.04768410160836575, 0.040682998716250814, 0.049662677215753855, 0.046628483416542466, 0.048803398044602125, 0.051805467333482874, 0.047937049892542195, 0.0461712906810073, 0.05323567513424547, 0.05633520840895886, 0.0522643553405333, 0.05228928148209612, 0.05964452504385779, 0.05938243930757028, 0.06166705367617922, 0.05889830980364736, 0.06020907412386298, 0.06349004592048448, 0.066617768196553, 0.06670039124978033, 0.06514580606750431, 0.06748015119372737, 0.06812889187523449, 0.06926031742763915, 0.06860016691863058, 0.07026714844550414, 0.06824727586495401, 0.06943706586532156, 0.07330775528021291, 0.0750298391793576, 0.07753518164983916, 0.07909388440429413, 0.07864488912263122, 0.07840689032316514, 0.0783251152327518, 0.07683043711983846, 0.0771615655802007, 0.07731253506228931, 0.07908717204655175, 0.07824745161192857, 0.07874490727584493, 0.07857408852713686, 0.07853640509610924, 0.07872246579416031, 0.07859401618159229, 0.07825312353130326, 0.07814177894051082, 0.07837931704831169, 0.07822854986297247, 0.0780955287748661, 0.07814815707501976, 0.0781487183201999], "f1auc": 0.8025946232316308, "convergence_rate": 0.6486124255876645}