{"bestEpoch": 9, "lastEpoch": 19, "mae": [0.896490981314463, 0.7653961449482987, 0.7044492956293108, 0.6953263785670887, 0.6932000531554426, 0.6827023037409725, 0.6809492863374521, 0.7186093122135353, 0.684813499737146, 0.7033584407830296, 0.6922736338148239, 0.7008478728676432, 0.6920628240335205, 0.694192975565121, 0.701690568553186, 0.6931065355139502, 0.6973464701374577, 0.6955085860221933, 0.6945143457830791], "medianabsoluteerror": [0.7265372276306152, 0.6183953285217285, 0.5670990943908691, 0.5640149116516113, 0.5623340606689453, 0.5519728660583496, 0.5580472946166992, 0.5807356834411621, 0.5452523231506348, 0.5819950103759766, 0.5490765571594238, 0.559013843536377, 0.5560064315795898, 0.5571541786193848, 0.5671663284301758, 0.5590157508850098, 0.5574827194213867, 0.5560979843139648, 0.557335376739502], "mape": [0.17737150569333648, 0.15211858810015047, 0.14299423522062793, 0.1399846740341048, 0.14369035590649318, 0.13966594082918637, 0.13821664614024487, 0.15088696228715054, 0.139867929608199, 0.14562237816615944, 0.14171972936103058, 0.1433791087153145, 0.14045684778100415, 0.14192824456341585, 0.14438408991164653, 0.14090214726083242, 0.14265347891361313, 0.1418490916173487, 0.14139279429779852], "mse": [2.0202637472901683, 1.1484826962108678, 0.8733780665375898, 0.8216995891841452, 0.8258912842701276, 0.797209266219471, 0.7918893485352503, 0.8668348387091847, 0.7888786611197162, 0.826090582307223, 0.8068229935500366, 0.8290498611768343, 0.808823160057343, 0.8119831596058165, 0.8246819169459734, 0.8106788437767758, 0.8166264390990886, 0.8141186524278373, 0.8126684546726348], "recauc": [0.7978882337255353, 0.8244379364129342, 0.8371557718765356, 0.8386931381088676, 0.839482609434991, 0.8416279664355037, 0.8420228737600846, 0.8331200438959103, 0.8409044474650006, 0.8366138364608859, 0.8392098049489124, 0.8372343585199576, 0.8392059940631894, 0.8387045364337327, 0.8369407829900738, 0.8389516946888647, 0.8379569161859544, 0.8383821561009518, 0.8386167830651929], "f1": [], "aucrecauc": 0.9935661320597599, "aucloss": 0.8710891922619268, "convergence_rate": 0.8880727794166543}