{"bestEpoch": 8, "lastEpoch": 18, "mae": [0.7388718489216523, 0.5429069551144331, 0.5256184883048973, 0.5261255919763387, 0.5065767579016361, 0.5279639799801831, 0.5269050449882533, 0.5045869001639642, 0.5169239142167008, 0.504375470549031, 0.5139345176469596, 0.5066403831994304, 0.5093497140871636, 0.5120794717316212, 0.5117269256556645, 0.5160714319626365, 0.5139654807134937, 0.5126100868215513], "medianabsoluteerror": [0.6199197030067444, 0.44412622451782224, 0.4330365896224977, 0.439334511756897, 0.4136326432228088, 0.4444176673889162, 0.4414045214653015, 0.4135401272773743, 0.41618871688842773, 0.4101549744606017, 0.4242472386360169, 0.40968018770217896, 0.4155062818527222, 0.4188337898254395, 0.4150727391242982, 0.4225723028182984, 0.4198829889297486, 0.41613650560379023], "mape": [0.3318853909631696, 0.28873986038251503, 0.2863077602478703, 0.29560760396042124, 0.2636352570945695, 0.3018467291744323, 0.29596154906881667, 0.27144593114615995, 0.26115333089774667, 0.26649126653435584, 0.27899841510229356, 0.2616847396826798, 0.26848294747069096, 0.2755521638381228, 0.26845290966346086, 0.27667613580754563, 0.2736257031009466, 0.26986832623864354], "mse": [0.8785096729207162, 0.4904458933362568, 0.45680375001809675, 0.4506995988769002, 0.4311069032873924, 0.4487770561878549, 0.45091349543474785, 0.4237260501101121, 0.4525868781912567, 0.4269818812877169, 0.43651904334051317, 0.43427849062419027, 0.4353913667126319, 0.4361365135194574, 0.44030420871477255, 0.44296453367878125, 0.44115518309899776, 0.4413812371277306], "recauc": [0.8281762086386248, 0.8737379963887619, 0.8777564856439017, 0.87763779451151, 0.8821805811414934, 0.8772088523548637, 0.8774529587247225, 0.8826439842704121, 0.8797753111541072, 0.8826943082803893, 0.8804741512258979, 0.8821670375464489, 0.8815372942915077, 0.8809035559992775, 0.8809850496727856, 0.8799749337190512, 0.8804644007701181, 0.8807793828850902], "f1": [], "aucrecauc": 0.9950865176541029, "aucloss": 0.45639625302611186, "convergence_rate": 0.9204530554997747}