{"bestEpoch": 68, "lastEpoch": 78, "mae": [], "medianabsoluteerror": [], "mape": [], "mse": [], "recauc": [], "f1": [0.0339004220938594, 0.04145801233335399, 0.04901420132050979, 0.05097908250174216, 0.06849411482417135, 0.07550926787031577, 0.08170540226271791, 0.12384848235637215, 0.13463363178542553, 0.14395494688648042, 0.1816750168145525, 0.17355160422098231, 0.16770811509920616, 0.19066071267616386, 0.20576813986855982, 0.17595445916897187, 0.20603109643985784, 0.22034977205459977, 0.2176923948644633, 0.22250957639912713, 0.22690732959667798, 0.18898613786392898, 0.22003314298556748, 0.2495914483277074, 0.23708672856609575, 0.25222603651136455, 0.2722457776787094, 0.2566347310647483, 0.2600923848859613, 0.24277837721336942, 0.23539584093796195, 0.2772524325662712, 0.2834012291820439, 0.27957867475332543, 0.279818966350287, 0.2882274166440466, 0.2868853726485758, 0.2830931754241138, 0.284787125455624, 0.2961113475570472, 0.2879248801015434, 0.28930910771948015, 0.2960268850701239, 0.2947008317617733, 0.2913186470605404, 0.2951253725320021, 0.29547861224726635, 0.29588881802482997, 0.3008603988813868, 0.29765230551628463, 0.2985980221751883, 0.2969367172292803, 0.29875011021975395, 0.295233087744725, 0.2972112119919754, 0.30331536230912093, 0.30279619794614604, 0.3046447012324341, 0.3023378258893071, 0.30258584458608956, 0.3038594679567263, 0.3041885106537257, 0.30540717572829856, 0.30535566266025704, 0.3057787970189425, 0.30531419396301696, 0.30560451303340375, 0.30559855002111, 0.3055246978864158, 0.3048265817761013, 0.3045299154404679, 0.30477143045674343, 0.3052776820896879, 0.3049822767714323, 0.30515957395875704, 0.3050265854400507, 0.3047402527555486, 0.3046949085133211], "f1auc": 0.8169291499315383, "convergence_rate": 0.7941021079054388}