{"bestEpoch": 19, "lastEpoch": 29, "mae": [], "medianabsoluteerror": [], "mape": [], "mse": [], "recauc": [], "f1": [0.023940255362800072, 0.026544442064342703, 0.03018822541987646, 0.03167847891968352, 0.031892906738962154, 0.03279780772241545, 0.03157783570305809, 0.03002199739069827, 0.028998637567282173, 0.03170246922264086, 0.029601786787499276, 0.031095208337988216, 0.03216564560826298, 0.03172914150447743, 0.032080853905547824, 0.03295099616385486, 0.03321838261839896, 0.03278931700589621, 0.03276079127902448, 0.03267137800989398, 0.032442417880470406, 0.03321449339307805, 0.032821338375828256, 0.03255370883901989, 0.032457114874693944, 0.03250650346677999, 0.03238736765174323, 0.032569903375169955, 0.032457098425563255], "f1auc": 0.9521597863603264, "convergence_rate": 0.8287181801403252}