{"bestEpoch": 15, "lastEpoch": 25, "mae": [], "medianabsoluteerror": [], "mape": [], "mse": [], "recauc": [], "f1": [0.09966750155858643, 0.1872480132387177, 0.19838150902395346, 0.23950229595518788, 0.26748865429812935, 0.21940861998391412, 0.2201202788805506, 0.2759033436535943, 0.27965062216257974, 0.2538209971959914, 0.28120845197606253, 0.27402676844873847, 0.26689071383498475, 0.22548804070738002, 0.2822461753062948, 0.2921564307597726, 0.2783403469436858, 0.28960542735544453, 0.273831679789883, 0.274672968645717, 0.26140423916941696, 0.27260859802582327, 0.26795276356461967, 0.2679399881323018, 0.26995175544958855], "f1auc": 0.8749174970527365, "convergence_rate": 0.8101518993158489}