{"bestEpoch": 25, "lastEpoch": 35, "mae": [623.9467822200844, 625.5282288887454, 618.35783893261, 635.7772006046018, 594.1638960256088, 603.4008473780672, 575.771296235389, 588.6206963725695, 507.60449746173026, 519.6495562180278, 513.8506378333716, 497.6037583305092, 479.32270888751157, 471.8135331062616, 483.4909264439352, 447.0431053167951, 472.2871262956424, 466.9253057299595, 431.2712842990162, 448.68693702274885, 428.25645241205785, 423.19778777100925, 409.67181770119333, 403.71036354544674, 378.0596387190787, 400.68293792695715, 394.21271662704396, 391.392826489941, 379.97396510762036, 376.1663532910382, 380.94678552878247, 378.60672197960423, 384.8137895617627, 379.6557297560579, 377.93707900356713], "medianabsoluteerror": [534.6972048867187, 535.3862912070313, 527.0728758046876, 540.6060183554687, 496.24267578125, 506.4935909570313, 480.6015019335937, 495.6749875585938, 415.87390095312503, 430.7301633398438, 426.26446526953123, 410.6682127734375, 394.73156785156243, 388.17260771875, 399.84198009765623, 365.57012909765626, 391.90002446874996, 388.383911015625, 352.32788132812493, 371.08044474999997, 352.63854975000004, 347.66918950781246, 335.90441871093753, 331.91430658593754, 307.9595943203126, 331.1574705234375, 324.8679195156251, 323.79894984375005, 313.4372560390625, 309.4821780234374, 314.1600338828125, 312.0092775234375, 317.78076136718755, 312.6159666171875, 310.9931638828125], "mape": [0.36008338398682455, 0.3616175333547534, 0.35708955308850326, 0.36943787363889036, 0.3441218887981226, 0.3510119642071156, 0.33315849625620586, 0.34213848608962455, 0.2887920372553698, 0.2973975800396848, 0.2940055833209453, 0.2837722669108138, 0.2724352885541279, 0.2677192247278985, 0.2756993689074447, 0.25275810812158894, 0.26969389405679517, 0.2669352100910003, 0.2437860661479997, 0.2564211074352441, 0.24320920070691077, 0.24036989914059073, 0.23267331011254533, 0.2292316106389469, 0.2134856243529739, 0.2282479720271512, 0.22445153820261274, 0.22329953156213458, 0.21622447771410097, 0.21356502265652785, 0.21650812832414956, 0.2151102581401001, 0.21889760414186452, 0.21563536786981227, 0.21458198379946983], "mse": [480487.17849279504, 480926.54510087136, 471020.45329774125, 490591.26646155183, 431698.1027794774, 440680.37145267474, 405985.7055458941, 420386.2438831659, 328522.16648532636, 339625.7913038426, 332445.6678545476, 314165.13821840216, 293880.86975376646, 285951.091060864, 296705.0753618218, 258928.40882517703, 281994.06301843893, 275018.3258489826, 241056.12559484626, 253745.23410567996, 235033.05692592345, 229331.90671850363, 214933.19843742636, 208963.2753443072, 185753.41599674546, 204012.41863408824, 197735.25671653182, 193890.93051127598, 183874.20307388454, 181319.4702287906, 185470.72466625806, 183349.71802016223, 188844.39769751084, 184519.2113752474, 183025.4599630176], "recauc": [0.6816277924088706, 0.680820719108948, 0.6844800480048006, 0.6755912776462831, 0.696824423183059, 0.6921116852425983, 0.7062101024917307, 0.6996538616824645, 0.7409920695773281, 0.7348451734062295, 0.7378052916402751, 0.7460956910505865, 0.755423260844603, 0.7592552292266264, 0.7532970926722301, 0.7718934115633784, 0.7590123604953087, 0.7617490193463792, 0.7799409422423724, 0.7710546906542506, 0.7814797627910939, 0.7840613246509837, 0.7909615998636901, 0.7940048375207891, 0.8070927537198165, 0.795549436425124, 0.7988502702122064, 0.8002894956162283, 0.806116270886348, 0.8080601689798609, 0.8056199545880514, 0.806813851755546, 0.803647609205365, 0.8062782426390787, 0.8071558711426697], "f1": [], "aucrecauc": 0.940533986157301, "aucloss": 286826.88675081276, "convergence_rate": 0.637262144741404}