{"bestEpoch": 55, "lastEpoch": 65, "mae": [1315.9576917248553, 1216.8335246015552, 1131.514212757118, 1058.0797243131076, 995.8345250401042, 936.1797982425057, 883.1572380934896, 830.4015674030237, 779.5778615110967, 729.7814755247686, 680.528785538151, 634.4250095959491, 587.1195192352442, 542.9691783066539, 503.4103620087188, 466.89224615880903, 429.7387570272037, 397.0644729554676, 364.28201134926275, 334.8914027883218, 309.25378350321296, 282.65716995092475, 261.2261655924769, 238.7904447992072, 218.67240360351735, 199.0582329213715, 184.37399218047568, 168.73430363156135, 154.5576919239236, 142.22499775066782, 131.18172773308333, 122.38210101326274, 114.05778811508912, 106.33310025324654, 99.9844388868287, 94.06704784659838, 88.80641279172801, 85.09320581547453, 80.95959173927777, 77.7422385834514, 74.98916490720602, 72.27570877960649, 70.18435920554398, 68.92506603804746, 67.14771340743982, 65.66030236541319, 64.55042604624306, 63.28145396847223, 62.36529359440741, 61.91766620864352, 61.28706945654861, 61.23396362615046, 60.555556507775464, 60.194194890567125, 59.962055802272, 59.64422813047917, 59.420286307880794, 59.02961436048495, 59.30344159905555, 59.4890699629051, 59.43735151998264, 59.460998185103016, 59.30638150477894, 59.31718102007292, 59.3137635029375], "medianabsoluteerror": [1153.979705576172, 1065.3557130078125, 990.3157349804687, 925.5006713867188, 871.8426511328125, 819.7482298632813, 774.5415650039063, 729.317749140625, 685.308471859375, 641.290893609375, 599.1030882617188, 559.9812011171875, 519.2346806445312, 481.79534912109375, 448.75854450781253, 416.99279761718753, 386.125732125, 357.02392536718753, 329.443481625, 303.05102503906255, 280.7440184375, 257.2434083203125, 238.1226809609375, 219.40942389062502, 201.89929192968748, 185.25659185156246, 172.82141107031248, 159.13903761718757, 146.1279295078125, 134.98486345312494, 124.37963820312507, 115.6896974453125, 108.31311064062493, 100.03393549218754, 94.60339361718752, 88.61499011718752, 83.62255900781247, 79.92175328124995, 76.10571282812498, 73.2227783203125, 70.22338837500001, 67.564575375, 65.38757347656247, 63.86145013281248, 61.945678882812444, 60.44689905468749, 59.19799798437498, 57.52123994531257, 56.58380159374997, 55.98828101562481, 54.93823271874999, 55.25317353125001, 54.086913882812496, 53.54553234374998, 53.33746384765618, 52.856323414062444, 52.66796845312501, 52.10510300781243, 52.54980503124989, 52.819946460937444, 52.59985310937509, 52.70947235937501, 52.638061757812466, 52.37548786718753, 52.53039510156259], "mape": [0.7982144988645011, 0.7367049750640184, 0.6839957374286371, 0.6388013232073947, 0.600642118841845, 0.5641562235583268, 0.531819074652101, 0.49969683174455, 0.4688834933052308, 0.43876961495308353, 0.4088816033690671, 0.3808604773529816, 0.35189431342788413, 0.32497186553872776, 0.30087592577056194, 0.27880397456022726, 0.25623662490994237, 0.23663621516626746, 0.21689644552857734, 0.1992595391057852, 0.18402143277560598, 0.1681309914841023, 0.15548639474049017, 0.14212644218826753, 0.13023183839335384, 0.11862068437051683, 0.11008344337368642, 0.10089498121726387, 0.09264616390634715, 0.08555950390169194, 0.07923428224951914, 0.07429259824670616, 0.06957906013090555, 0.06518844209637863, 0.06163139122285564, 0.05828663985192115, 0.05532120816119651, 0.05324901066192264, 0.050966573561077665, 0.049178181578648894, 0.047673469010546345, 0.046207486653655865, 0.04503932498581721, 0.04438250730858524, 0.043401614459735574, 0.04259463027440629, 0.0419929780554445, 0.041305894549885126, 0.040796142063262944, 0.04058174566041491, 0.04022836785031044, 0.0402414391025493, 0.0398458971546195, 0.03968293366978441, 0.039525064794230715, 0.039374738994083135, 0.03928678540807555, 0.03905223189527846, 0.0392000305229859, 0.03930959023260813, 0.03927456551190951, 0.03928961043019887, 0.039205000418785454, 0.039214472599372246, 0.039224415168931874], "mse": [1919407.1973125902, 1646569.6860095107, 1427640.733168286, 1251129.384812672, 1110149.685145143, 982696.095356764, 875674.1386195931, 775188.3713145509, 683832.6508729814, 599691.028253927, 522160.7637743381, 454626.3810711885, 390704.4841533505, 335232.7681709212, 289109.0946325858, 249310.4853713741, 212097.14735593714, 181476.01539767568, 153303.3373003867, 130029.86636254146, 111208.45059191996, 93367.37903174995, 80006.27239668119, 67333.51159360765, 56845.67145303348, 47536.04374547451, 41041.311191527995, 34757.681168085044, 29495.918983308333, 25218.142540969227, 21674.74367067276, 18968.125322151212, 16630.263471373466, 14590.83429327423, 13014.526750576842, 11642.348054130744, 10498.810607130916, 9726.480961830262, 8914.526022166086, 8313.187938860632, 7825.946985848536, 7360.147995379878, 7033.635451810139, 6826.2301973182775, 6557.975663012228, 6360.780131143028, 6198.95432496045, 6028.282476898752, 5903.2402247860455, 5850.494248354317, 5774.553292163083, 5762.625354672209, 5680.741702101582, 5641.25029457791, 5609.835158213667, 5580.513942777212, 5554.314648555415, 5510.403154602593, 5549.821699031204, 5566.4606544887, 5556.702856654337, 5555.416320772034, 5541.795618740308, 5539.872220214957, 5541.851160027985], "recauc": [0.33955884477336623, 0.38315892329973733, 0.42337811558933675, 0.4601095813285032, 0.49187065373203986, 0.5223097569016161, 0.5493640771484556, 0.5762837765258008, 0.6022160882754942, 0.6276250291695836, 0.6527574090742408, 0.6762817763257808, 0.7004185011093701, 0.7229473910354, 0.7431335874328173, 0.7617661766176618, 0.7807230648990825, 0.7973951913709889, 0.8141227307915977, 0.8291193415637861, 0.8422021016916507, 0.8557725550332811, 0.8667077522567072, 0.8781562748867479, 0.8884207087375404, 0.8984307764109744, 0.9059222811170006, 0.913902693973101, 0.9211349727565349, 0.927429528137999, 0.933063039637297, 0.9375535331310908, 0.9418015134846818, 0.9457428261344653, 0.948982468617232, 0.9520014371807551, 0.9546852018535186, 0.9565808284532157, 0.9586899282520844, 0.9603316627959092, 0.9617352698232786, 0.963121008397136, 0.9641875150478011, 0.9648301274571901, 0.9657356402306897, 0.9664967237464487, 0.9670622914143266, 0.9677109192400721, 0.9681769213958432, 0.9684055961151671, 0.9687279394606128, 0.9687545198964341, 0.9691010138050842, 0.969285684123968, 0.9694041552303377, 0.969565534331211, 0.9696807162197701, 0.9698804695284343, 0.9697403962618484, 0.9696448311497816, 0.9696717671767177, 0.9696601808328981, 0.9697389738973897, 0.9697333437047408, 0.9697345586410493], "f1": [], "aucrecauc": 0.8761903078146043, "aucloss": 220285.1697779006, "convergence_rate": 0.8125201316877451}