{"bestEpoch": 39, "lastEpoch": 49, "mae": [1.7991530252726082, 1.3222696741053708, 1.3000615308303585, 1.2438345366735313, 1.3104242310669674, 1.2889932210282529, 1.2975912916672585, 1.22052914810639, 1.249364738729538, 1.2285314423089333, 1.2492757943173352, 1.2749750447199593, 1.2485424229012623, 1.2100189749498036, 1.2152257933880184, 1.279378264211438, 1.2442327263508308, 1.2142018066253033, 1.2515161882099972, 1.2457324857773995, 1.2396855941147809, 1.2476497077876418, 1.2316112501122802, 1.2688789401232807, 1.2524444569110706, 1.253192102626718, 1.2388437117574307, 1.2510545956814285, 1.2479518404376904, 1.2664206180218933, 1.2589796635444084, 1.2668429328697144, 1.2374565679102962, 1.2371375945438603, 1.2708911233614533, 1.268028689462051, 1.2537915912887463, 1.2768008862006635, 1.2533051022294865, 1.2554197455451042, 1.250830977960751, 1.2525296964229606, 1.2484445044808563, 1.25191174141124, 1.2520969160389663, 1.2536372136627731, 1.2511510109925983, 1.2512612783168133, 1.2515023050953178], "medianabsoluteerror": [1.5730390548706055, 1.1192240715026855, 1.10325288772583, 1.0572590827941895, 1.1182570457458496, 1.028001308441162, 1.110478401184082, 1.0406770706176758, 1.0764751434326172, 1.0627195835113525, 1.0651507377624512, 1.0845355987548828, 1.0367422103881836, 1.0114479064941406, 1.0291948318481445, 1.085038185119629, 1.0605754852294922, 1.0369963645935059, 1.076042652130127, 1.0623176097869873, 1.0557043552398682, 1.0563268661499023, 1.0483250617980957, 1.0830223560333252, 1.076465129852295, 1.0676517486572266, 1.0525155067443848, 1.082563877105713, 1.0762958526611328, 1.0930423736572266, 1.0713386535644531, 1.0864105224609375, 1.04948091506958, 1.0518074035644531, 1.0937423706054688, 1.092660903930664, 1.0804414749145508, 1.0947835445404053, 1.078122615814209, 1.0838751792907715, 1.0777215957641602, 1.076871395111084, 1.0710697174072266, 1.075754165649414, 1.0786027908325195, 1.0795478820800781, 1.0738067626953125, 1.0743389129638672, 1.0744690895080566], "mape": [0.36979018075173975, 0.2639843075310468, 0.2647193929050932, 0.25580322065417566, 0.2720648874760055, 0.26495096270800683, 0.2697755032716022, 0.2568190995942657, 0.2585889395213277, 0.24724781045591093, 0.2537098567247701, 0.2656395346186232, 0.24955937282554058, 0.24881263500706677, 0.25058541384368943, 0.2657500322329422, 0.25329543776267033, 0.2509609649441073, 0.25893066932696834, 0.25548267179569817, 0.26004866517036157, 0.25615564956847553, 0.2546761123187663, 0.2612372842245008, 0.25907607298800955, 0.2578520329145854, 0.25233273713625937, 0.2603670480123151, 0.2580901945157821, 0.2635783370407173, 0.2591097993034129, 0.2621618312559079, 0.25403276301479427, 0.2545430120768199, 0.2656733796496979, 0.2652111063523377, 0.2596357073410067, 0.2642712480407875, 0.2586740229802755, 0.2599809129153605, 0.258672613363705, 0.2586995667283293, 0.2578868948500375, 0.25860246255231323, 0.2586960052199047, 0.2589403746452079, 0.2582143089028603, 0.2582571099196913, 0.2583780732032674], "mse": [6.084277101323315, 3.4743107068020462, 2.833877272159204, 2.5243662191255725, 2.8986091450277516, 6.23988062557928, 2.5637136477274955, 2.2581893130961146, 2.3762023773469987, 2.3027341526278855, 2.4401982554381507, 2.481343365493038, 3.820450388478023, 2.3723701282839884, 2.291528590985448, 2.8037949421740267, 2.3606612194841947, 2.2461177059706, 2.38612897338542, 2.365392584988268, 2.3398768025452883, 2.3743737055001835, 2.311491903910108, 2.4525791792352525, 2.3913284566158555, 2.3941748409207957, 2.3457150692943474, 2.3854123126029325, 2.3750371539474218, 2.4468262098458937, 2.4200218888283263, 2.451842625157404, 2.339047907541313, 2.3383703841123658, 2.4668222943094924, 2.4566470057057113, 2.4021892315467137, 2.490244859013847, 2.4002539856095084, 2.408556013584716, 2.390383390467439, 2.3973076442319994, 2.381957851503721, 2.395128168440366, 2.3956717756448427, 2.401575393345241, 2.392147006668563, 2.3925897690676603, 2.393461196741261], "recauc": [0.5948008635398384, 0.6992233208902765, 0.701474936371083, 0.7134099781416522, 0.6989782569056767, 0.7173025232492354, 0.6982420349827636, 0.7161285987850416, 0.7094484594357136, 0.7143589058528236, 0.7107493447593987, 0.7035098806825414, 0.7193009379894392, 0.7207730213460757, 0.7181122163023033, 0.7061265858820692, 0.7106729210511165, 0.7176174878043932, 0.708962022189174, 0.7103072991816861, 0.7117002465780393, 0.7098599835953386, 0.7135769704673867, 0.7049549788483825, 0.7087511531791697, 0.7085805044630795, 0.7119216899376172, 0.7090727953674186, 0.7097904778462741, 0.7055143207420639, 0.707243055235836, 0.7054154265409377, 0.7122254278294291, 0.7123021948607493, 0.7044822916895191, 0.7051440125131635, 0.7084419049525962, 0.7031122267736557, 0.7085572958257034, 0.7080661378873898, 0.7091309199577698, 0.7087357894732144, 0.709683395390689, 0.7088803971368643, 0.708837516089405, 0.7084804257974716, 0.709056418858501, 0.7090306352983393, 0.7089746736431282], "f1": [], "aucrecauc": 0.9823693360861331, "aucloss": 2.592006491508398, "convergence_rate": 0.9141619298397841}