{"bestEpoch": 15, "lastEpoch": 25, "mae": [0.4960002360890739, 0.4822158139936288, 0.45470782861721754, 0.4501760078775684, 0.44385930135668505, 0.47481151089108636, 0.4389603114761847, 0.43793856146072135, 0.44489717048321287, 0.454506564179723, 0.4595167256898634, 0.4513354112120654, 0.4442088957251934, 0.44194993424636675, 0.4404570737721175, 0.4455715586799111, 0.4435190570538668, 0.4449148761401554, 0.44619556718148945, 0.44546187217618266, 0.44614422770020723, 0.4464225269679513, 0.4462586214467914, 0.44732822573055736, 0.44725092670942407], "medianabsoluteerror": [0.4043497562408448, 0.36437134385108955, 0.35103839635849, 0.3444646978378297, 0.3436795353889466, 0.35945317745208727, 0.3390905970335006, 0.3317396163940429, 0.34087284564971926, 0.3542540550231934, 0.36423768520355226, 0.34822906374931334, 0.34125204920768737, 0.33950355529785153, 0.3370670676231384, 0.34195102572441105, 0.3387297296524048, 0.34226414203643796, 0.343258330821991, 0.34141008138656614, 0.34193746566772454, 0.3421546506881713, 0.3418146443367004, 0.3435072898864747, 0.34333943367004394], "mape": [0.7372503462192179, 0.6565234788930984, 0.6079111535490177, 0.5580061168885802, 0.6083894501001502, 0.5182855867723118, 0.5770968775029286, 0.54514444738108, 0.5335324047213827, 0.5463346145508609, 0.6765304936149141, 0.597906694257931, 0.5948479161694145, 0.5829425454955205, 0.5668400002948167, 0.5885077915606601, 0.5815678714817324, 0.5734967489235722, 0.5764905622211328, 0.5768370724877333, 0.5784068421479435, 0.5751729274329624, 0.5732742588531188, 0.5809683368005873, 0.580468364269303], "mse": [0.4069543847426387, 0.41031931801406396, 0.36434491949829867, 0.3591105765095648, 0.34332337465442364, 0.40462272969804547, 0.3387497609797464, 0.341216553813733, 0.3508779165200266, 0.3585183474110429, 0.35836647751676554, 0.35537815536361334, 0.34596981727022375, 0.3446416951217777, 0.34192765789701857, 0.34839989199297666, 0.34725767007228026, 0.34832993715200494, 0.35008109809825216, 0.34982692219628625, 0.3504098111177401, 0.35112769448773284, 0.35074219467088863, 0.3518240474425396, 0.35177745956157086], "recauc": [0.8846396488265625, 0.8878456430657213, 0.8942434583023897, 0.8952974109448208, 0.8967665072426383, 0.8895675782093735, 0.8979059884461951, 0.8981436047549555, 0.8965250529937157, 0.8942902055765769, 0.893124972052979, 0.8950277504201779, 0.89668521592252, 0.8972105834102333, 0.8975579383167989, 0.8963682531084373, 0.8968457458462759, 0.896521202777314, 0.8962232539199805, 0.8963939963828279, 0.8962351831942591, 0.8961704034163703, 0.8962084319759873, 0.8959598006497379, 0.8959777052221005], "f1": [], "aucrecauc": 0.9968444329780058, "aucloss": 0.35603052040213123, "convergence_rate": 0.7901242139840382}