{"bestEpoch": 9, "lastEpoch": 19, "mae": [0.4903878764036333, 0.4652660280350117, 0.4498227804160197, 0.4553119963018683, 0.43884261351369763, 0.4345864477414162, 0.4437039342078067, 0.4351530007414448, 0.4289241356990475, 0.4508877668790519, 0.4360474931123333, 0.44140247771363716, 0.4506938742650787, 0.44212376845468276, 0.44046825925583416, 0.4467329477170953, 0.44638366419386843, 0.4454808612997097, 0.4420770370648034], "medianabsoluteerror": [0.3939520907402039, 0.38290883302688594, 0.3580757260322569, 0.3825506687164306, 0.34850906133651727, 0.3573601818084716, 0.37128441333770756, 0.35617992877960203, 0.34713060617446895, 0.37255475521087633, 0.3536202764511107, 0.35930625200271593, 0.37024309635162345, 0.3593759775161742, 0.35754708051681516, 0.3658406972885131, 0.36396136283874525, 0.36310931444168093, 0.3581659078598023], "mape": [0.25570678793659657, 0.2491119693501599, 0.22802593242930294, 0.24807603969273356, 0.22307949213115902, 0.23626220683000396, 0.25059671072219125, 0.23527897164686754, 0.22713110209841192, 0.2403765255254122, 0.2296701533163568, 0.2364623730315462, 0.246672159991227, 0.2342720697362126, 0.23273405230727637, 0.2407481133142893, 0.23782165447091966, 0.23771798785975745, 0.23295552120782823], "mse": [0.4082017997415852, 0.3572765867844024, 0.34860812246909917, 0.3340157013119979, 0.33365960162255326, 0.31200016724952295, 0.3183996241979061, 0.314070862844083, 0.31048351565882754, 0.33184499733365935, 0.3200189416000409, 0.3247999958554258, 0.33488560149496066, 0.3259992992167815, 0.3247788084947143, 0.33007105128654657, 0.33106348260836943, 0.32989265404171714, 0.32777048498518635], "recauc": [0.8859458049573343, 0.8917896282867234, 0.8953821190690134, 0.8941042264541829, 0.8979363240889389, 0.898925583075878, 0.89680493737136, 0.8987941395131418, 0.9002434345422589, 0.8951348559890959, 0.8985875623296296, 0.8973417773297825, 0.895180479643488, 0.8971736360190212, 0.8975588044582934, 0.8961015108759404, 0.8961828339164722, 0.8963929361017151, 0.8971846847691848], "f1": [], "aucrecauc": 0.995730674048944, "aucloss": 0.3305475086907774, "convergence_rate": 0.731160319266291}