{"bestEpoch": 7, "lastEpoch": 17, "mae": [], "medianabsoluteerror": [], "mape": [], "mse": [], "recauc": [], "f1": [0.008020876145059927, 0.013609952823584303, 0.011795888748035109, 0.0055307354539557325, 0.005483590948765251, 0.005360813945493534, 0.009236498507595182, 0.008646432720809467, 0.00933174241208342, 0.009631329264268849, 0.010681443361550714, 0.012493999641016168, 0.013236882760664082, 0.013305040748755544, 0.012236486370675934, 0.012440679625493417, 0.013057395177018693], "f1auc": 0.7511077330405785, "convergence_rate": 0.5893617429002868}