{"bestEpoch": 23, "lastEpoch": 33, "mae": [2.551623931677019, 1.509936229105549, 1.3728281550500714, 1.352019645608744, 1.3297461481631272, 1.5018562675954712, 1.413474802499451, 1.2850570548421691, 1.3042212511271167, 1.264870338579285, 1.2674272460137246, 1.251912001028038, 1.2856936543371684, 1.3462569951560954, 1.2756029878577702, 1.2492685539796924, 1.2478805581933234, 1.2555599398437824, 1.267646505461908, 1.2778723373308323, 1.2956263765288594, 1.2715268466548744, 1.2794512046639797, 1.2728346527707237, 1.3070247487599522, 1.2506877504342861, 1.2687781678005627, 1.2759239747276268, 1.2802449889580818, 1.2617227578547825, 1.2664863020948967, 1.266716247524873, 1.2663146799223717], "medianabsoluteerror": [1.8243155479431152, 1.1318483352661133, 1.0806379318237305, 1.1008095741271973, 1.0969023704528809, 1.1533417701721191, 1.1628131866455078, 1.1010208129882812, 1.1158289909362793, 1.074462890625, 1.09260892868042, 1.0954952239990234, 1.0927677154541016, 1.1445412635803223, 1.0912189483642578, 1.073214054107666, 1.0714812278747559, 1.083458662033081, 1.1061158180236816, 1.1064262390136719, 1.1170783042907715, 1.1084661483764648, 1.1105303764343262, 1.1188907623291016, 1.1338419914245605, 1.065110206604004, 1.1076879501342773, 1.0977063179016113, 1.10264253616333, 1.0913548469543457, 1.097334384918213, 1.100057601928711, 1.0958075523376465], "mape": [0.5192893723120064, 0.30814260871970617, 0.2792341831493077, 0.27850553974807657, 0.2662565303998141, 0.30950249990103407, 0.29039259263401196, 0.25920592327361175, 0.2611145503876242, 0.2572162349372708, 0.2582939266634811, 0.2514514017167097, 0.25917172328601124, 0.2804529632746771, 0.25862123878553783, 0.2543650647168294, 0.2521776531905335, 0.25379744820009636, 0.26044206125339153, 0.2575946589482386, 0.26690479098760717, 0.2613571962016442, 0.2578549299483386, 0.255035479636249, 0.2682248859556423, 0.24508617584155476, 0.2584524343357349, 0.25881924442607257, 0.25815532163146854, 0.2556327461549396, 0.25463581454312206, 0.25570140727230445, 0.25580987391915877], "mse": [39.31819224112988, 20.11781058029701, 12.352002578702475, 7.6312227955245175, 4.987631403258747, 5.14485808916402, 3.5499084734388213, 2.7371098782158465, 2.6943066508386595, 2.547413152625671, 2.598653889044957, 2.4552655914183186, 2.651657958067349, 2.749765893455196, 2.4826291350316945, 2.379276308038816, 2.385118095336479, 2.4097324702699976, 2.4490949358181657, 2.4966222099570023, 2.560117898048836, 2.4635238073313768, 2.5120781928872487, 2.473749032342063, 2.6038823283470545, 2.5830174675568065, 2.4502410945244755, 2.489362234863143, 2.518081863890391, 2.4262007350842807, 2.446620650865619, 2.4449966503245117, 2.443498451029529], "recauc": [0.518874887832072, 0.6876932801416085, 0.7093139798016878, 0.7050309047382597, 0.7035574824217747, 0.6758881689748102, 0.6805848624683959, 0.7042387726585909, 0.6989013353789895, 0.707940515987747, 0.7076461508148755, 0.710095142710289, 0.7033183750918862, 0.6872667184329143, 0.7034884229926597, 0.7095488470920557, 0.7099100057619906, 0.7081146665988259, 0.7053231413082949, 0.7029859353940887, 0.6989038588033194, 0.704416150506228, 0.7025579832270904, 0.7041574565970158, 0.6961453268567502, 0.7119632320252279, 0.7049983748803992, 0.7039079980775282, 0.7030559046292545, 0.7068915611094237, 0.7056192745948127, 0.7055511936363565, 0.7056451954841897], "f1": [], "aucrecauc": 0.9823749518683982, "aucloss": 4.302274918457789, "convergence_rate": 0.9440805850481917}