{"bestEpoch": 75, "lastEpoch": 85, "mae": [0.5307786307146767, 0.5086776503290934, 0.4754851194875038, 0.5283666338479509, 0.5043149416603613, 0.5004791449250103, 0.4231678613947338, 0.3998833162332333, 0.41365664396136925, 0.39748007577937955, 0.4298141674012057, 0.37771372505090994, 0.37680199724343316, 0.37817138915498294, 0.3673805908184986, 0.3663918582290241, 0.36591397988501334, 0.3548001715169324, 0.3600553283790771, 0.5582096324200276, 0.4578897097522843, 0.41944582175279993, 0.38779566008883104, 0.3781231432595445, 0.36873112452632745, 0.36002791640593873, 0.35624672232772225, 0.35651876999310794, 0.3543080037218138, 0.3538675492390011, 0.35270027750168526, 0.35227509928164286, 0.35157455695068535, 0.3508451235312826, 0.34971392133790813, 0.3485772445881829, 0.34808502675863356, 0.3484953817231242, 0.34929168703497737, 0.3476581623875138, 0.3539519949804049, 0.3469110319049093, 0.35010150216941976, 0.3467659935719971, 0.3458482170155272, 0.34644331826758734, 0.3450646637071233, 0.3444520251532422, 0.34381648056304687, 0.3433291261466739, 0.34283010583899487, 0.34489451203121313, 0.3423107495813168, 0.3417433448460146, 0.34320001134930295, 0.3419062788593139, 0.34241525086816244, 0.3417496970580672, 0.3411258782581758, 0.3410764687782452, 0.3412061826361715, 0.34118725415006196, 0.34081301854811474, 0.3405584724786718, 0.3408379768402264, 0.3408565235320582, 0.34090246030104554, 0.3407238781074745, 0.3406114280539745, 0.3404703836555647, 0.34064081493032267, 0.3405088895734502, 0.3404986700944053, 0.3408331674678758, 0.3404891038398951, 0.3406389083208082, 0.3404112087330492, 0.34037390750562185, 0.34082556654086427, 0.34047922127029023, 0.34035787373393817, 0.34069226694949917, 0.3404125656355178, 0.34069395637921696, 0.34043905294561627], "medianabsoluteerror": [0.44479863643646234, 0.43952568531036373, 0.3932595705986023, 0.4530763864517211, 0.4324054896831513, 0.4351764392852783, 0.32957884550094607, 0.31386126756668087, 0.3289502191543579, 0.31111687064170834, 0.35209581136703494, 0.2948063397407531, 0.2924198305606842, 0.295426905155182, 0.28419926643371585, 0.28104560732841494, 0.28152594804763786, 0.2726812851428986, 0.2775453901290893, 0.49800890445709234, 0.382273325920105, 0.33968317627906797, 0.30809804916381844, 0.29798829555511475, 0.28876404523849486, 0.2805223941802978, 0.2750625252723694, 0.2760569322109222, 0.27330593943595893, 0.2729905605316162, 0.27074908018112176, 0.27117489576339715, 0.2706588447093964, 0.2692732214927672, 0.26855316162109377, 0.26671989917755123, 0.26634067177772525, 0.267768371105194, 0.26935261249542236, 0.2666536283493042, 0.2731526494026184, 0.2659449696540833, 0.2703893327713014, 0.2665198206901551, 0.26469112992286686, 0.2655184686183929, 0.2649739146232605, 0.2640336751937866, 0.26326824069023125, 0.2625931322574616, 0.2610027873516082, 0.2643785083293916, 0.26107396841049185, 0.2613508641719818, 0.26245668768882746, 0.26107086181640615, 0.26125178337097177, 0.2605764746665955, 0.2596674799919129, 0.26034266948699947, 0.26032407760620113, 0.2602149486541748, 0.2602186155319214, 0.2598107481002807, 0.25968298673629764, 0.2594861555099488, 0.26012548208236697, 0.2595688945055008, 0.25926259756088266, 0.2598156130313873, 0.25978147387504574, 0.2598060250282288, 0.25963603019714354, 0.25977646052837383, 0.2599294602870941, 0.2595716905593872, 0.25979475498199456, 0.2594648122787475, 0.2602351999282837, 0.2593667030334472, 0.2594524788856506, 0.25974234580993655, 0.25924414157867437, 0.25966609954834, 0.2597533071041107], "mape": [0.7330576796941471, 0.8175993627124286, 0.6599577103977822, 0.7569336895305732, 0.7631882377371493, 0.8051739145819503, 0.5234737747522369, 0.5350538469594789, 0.48584416004442327, 0.5286979406195034, 0.685126581739355, 0.5375606154058524, 0.4813410338844146, 0.4877652081199737, 0.4838041501172216, 0.4790216870677213, 0.5148742820538431, 0.4981249066348605, 0.5027971712121059, 0.963265551503584, 0.6552302974816615, 0.5915349608724076, 0.5345337458440881, 0.50779091553052, 0.4981645839426077, 0.5015018287108469, 0.5090799784416737, 0.5165936837493496, 0.5035436135451445, 0.5070589864489373, 0.4927917866722612, 0.5051359921542388, 0.5041006344185958, 0.5053121628203808, 0.49604946081774537, 0.494121729956984, 0.4898638735322026, 0.48893158130489317, 0.5140734284320876, 0.4890420570512805, 0.5119781152929687, 0.4933288786215349, 0.5169857328993074, 0.5036205407079709, 0.4962024434076741, 0.5004951781855415, 0.500271138917555, 0.46834562849750755, 0.4882204441565811, 0.48565094050508173, 0.4709737860335047, 0.4919681066930279, 0.47096058932920815, 0.47830655220248003, 0.47455440669217797, 0.47359574177340646, 0.48379858088538863, 0.48577818259208827, 0.47742368938908175, 0.4793391027662463, 0.4766807056515791, 0.4792492636855211, 0.4772366152806419, 0.4768177792104237, 0.4762552358147279, 0.4756339809077394, 0.4766057888471185, 0.4750948739129526, 0.47749722663832767, 0.47550967948322387, 0.4765980055834838, 0.47657733645134487, 0.4760998648615354, 0.47667985643118266, 0.4759625721281357, 0.47625529519602366, 0.4761822923191839, 0.4762268512237845, 0.4766609351582237, 0.47669677923985404, 0.47634194649263617, 0.47668976720107226, 0.4772599713278269, 0.4770314232604173, 0.47703196613276483], "mse": [0.4598856981312206, 0.405372946496579, 0.3704438805320251, 0.4441825010947357, 0.4002021846596451, 0.38859278404382586, 0.3097699647477307, 0.2756934875914686, 0.28883423256358304, 0.2727248093275464, 0.2989411408578007, 0.24527777949829022, 0.24872456663442236, 0.24767478068801851, 0.2337550311941665, 0.2374193344091674, 0.23241639329732747, 0.22174276265900955, 0.22609202541746215, 0.4733430569228856, 0.33765001215019574, 0.29302758463623124, 0.2553997860273005, 0.24562585568579334, 0.23549533058077438, 0.22442391633175515, 0.2208226366317484, 0.2208301267093987, 0.21899627668723434, 0.21819562541478713, 0.21779081175937232, 0.2168790984689882, 0.2160855442782775, 0.21546031810092697, 0.2142587445043253, 0.21416669141047054, 0.21308899444381882, 0.21319803804072734, 0.2130580435292604, 0.21250991235057629, 0.21760995700350316, 0.21094924749220242, 0.21296379286574438, 0.21083001368981616, 0.20982003067040877, 0.20994157524403964, 0.20902082907933262, 0.20892254691066844, 0.207969491975917, 0.2073232294049343, 0.20805005754568545, 0.20849343954897637, 0.20681043090018522, 0.20610594616735342, 0.20763084983840122, 0.2065212203499592, 0.20611207325044095, 0.20617562400371078, 0.20532959062043715, 0.20515527495027489, 0.20509251388331148, 0.20515572666166423, 0.204820871633235, 0.2045683983705951, 0.20500101828204081, 0.20494457994483947, 0.20502127707928705, 0.20473727144802134, 0.20471642109645663, 0.2045687544263102, 0.20482667679798588, 0.20462482760780756, 0.2047482179483819, 0.20484201507134095, 0.2045916969214186, 0.20471493712472622, 0.20465038874805652, 0.20454798233648921, 0.20497959108009867, 0.20456354179697855, 0.2044966450440528, 0.20473660568728563, 0.20466080678119816, 0.20473439455146122, 0.20450239879455206],