{"bestEpoch": 37, "lastEpoch": 47, "mae": [0.7206576494684286, 0.7273765317125077, 0.74521341470866, 0.7008775607254624, 0.7286400376381831, 0.659476589483963, 0.6481931074977341, 0.6505717308458765, 0.5942760090430048, 0.5678608160727319, 0.5893744629607568, 0.5806444202625459, 0.5686488825661706, 0.5722355432299808, 0.5314140302014354, 0.5355757455108399, 0.5295955799336806, 0.5411859048421175, 0.5383370463539539, 0.5236746445513492, 0.5273282101723008, 0.5249138518187212, 0.5229132755125756, 0.5247621912994777, 0.5243557954297864, 0.5232539665645268, 0.5237205016412391, 0.522943273819119, 0.5244899864582155, 0.5286438882461197, 0.5234441410449125, 0.5238189459325472, 0.5247249421493134, 0.5230321879023679, 0.524227702056638, 0.5246860879010574, 0.5219479125901185, 0.5231776354335459, 0.5229091152442219, 0.5237623779961402, 0.5242217078410221, 0.5240019265476153, 0.5233734981605264, 0.5229837639534395, 0.523198174558257, 0.5231801062978828, 0.5234763127538179], "medianabsoluteerror": [0.5978295445442199, 0.6455991268157959, 0.6676713824272156, 0.6187382626533509, 0.6686598658561707, 0.5753662252426148, 0.5606564879417419, 0.5766072344779969, 0.49616177797317507, 0.44659895896911617, 0.4768947577476502, 0.4808854103088379, 0.46377346754074095, 0.4640985131263733, 0.4121016597747803, 0.41423282623291, 0.40162968993186954, 0.4198469460010529, 0.4230182540416717, 0.4005103731155396, 0.4090148186683655, 0.40426694154739384, 0.3999878764152527, 0.404754545688629, 0.4034818267822265, 0.4029872298240662, 0.40170662999153134, 0.4015452408790588, 0.4025794744491577, 0.41164533615112303, 0.4020093321800231, 0.4035382151603699, 0.40546732068061825, 0.4021687126159669, 0.40490874528884885, 0.4062345921993255, 0.4002883595228195, 0.40297282218933106, 0.40199094057083123, 0.4037132537364959, 0.40461456298828125, 0.40418565869331363, 0.403247857093811, 0.402372920513153, 0.4028366923332215, 0.4028028774261475, 0.4034604799747467], "mape": [1.0686887781724619, 1.1872545087158255, 1.2279888055559947, 1.1257485704397152, 1.240393099983195, 1.049130586454958, 1.0391050689637338, 1.0684173968427857, 0.9127890926115397, 0.7822747647619464, 0.8979374846067341, 0.8911974035035025, 0.8707763335842227, 0.8779147646405194, 0.7225588448763234, 0.7425142944114702, 0.6798547683072083, 0.7380115414460068, 0.7637265516813487, 0.7044259127667943, 0.7355715117696915, 0.7183877833519524, 0.7035639058521697, 0.718601794896219, 0.7233083477807379, 0.7126386889582476, 0.7187644867329912, 0.714079620732657, 0.7213854560768987, 0.7485251219550948, 0.719395014588207, 0.7251813261662314, 0.7315712131135672, 0.7202353132112106, 0.7289060339722149, 0.7307047215476026, 0.7107362973992872, 0.7209805439620995, 0.7197330067571147, 0.7259115480729158, 0.7293164785255547, 0.7274616565418764, 0.7232478615523087, 0.7207590181337369, 0.7224819464939543, 0.7223461622418936, 0.7242508035888158], "mse": [0.8514295515118111, 0.8050412038075639, 0.8314998612102422, 0.7549096016841852, 0.7755609378414079, 0.6767929971172509, 0.6561406062617775, 0.6424605580572702, 0.5727323115926444, 0.558300161786625, 0.5760487872513727, 0.5498145898446825, 0.5345224790215416, 0.5428560195951377, 0.4970640253598314, 0.5030187945043758, 0.5036728231249721, 0.5121433137923213, 0.5009505556786891, 0.48808957954775245, 0.4883323103429523, 0.4863964384668453, 0.48668341559199363, 0.4857235484279589, 0.4856530243089699, 0.4839387788638486, 0.4860269528437254, 0.484964427784595, 0.487124799472003, 0.4875594750749552, 0.4853458691947034, 0.4844722637010484, 0.48434841475073964, 0.48330409343379277, 0.48336516365535903, 0.4831187617076846, 0.4829436818008765, 0.4832020237326975, 0.48306190194161985, 0.48383421015916717, 0.48381322872224997, 0.4838150184871985, 0.4835619484540339, 0.48345343542120944, 0.48345399338080275, 0.4834377614601408, 0.48352672542366115], "recauc": [0.8324243895711267, 0.8308459368542259, 0.8266834717144012, 0.836994465278063, 0.8305336803627257, 0.8466209786898089, 0.8492441600703945, 0.8486897679986753, 0.861783700755821, 0.8679289246097999, 0.8629228705305635, 0.8649533285735899, 0.8677438638518408, 0.8669113073751007, 0.8764040524192485, 0.8754356257534711, 0.8768271982444844, 0.8741328124129457, 0.8747940151993311, 0.8782041649179325, 0.8773546194178551, 0.8779159717943549, 0.8783815727327517, 0.8779511063920211, 0.8780456366673454, 0.8783021099262123, 0.8781937352832359, 0.8783745455547712, 0.8780145926419293, 0.8770487094191569, 0.8782581021918041, 0.8781709060004498, 0.8779601888709537, 0.8783536662557241, 0.8780756136290953, 0.8779690035340284, 0.8786058725521616, 0.878319786095907, 0.8783823603504382, 0.8781839029845124, 0.8780770040747566, 0.8781280467405597, 0.8782743281499341, 0.8783648247113808, 0.8783150949570943, 0.8783192830931432, 0.8782503484542762], "f1": [], "aucrecauc": 0.9898174193119275, "aucloss": 0.5380441801462728, "convergence_rate": 0.8276909923984737}