{"bestEpoch": 165, "lastEpoch": 175, "mae": [1.2180283473931839, 1.0493607739190587, 0.9797953912330337, 0.9944491363803505, 1.0049772553946446, 1.0327186505490875, 1.045675743416008, 0.9982873710864113, 0.9726970735956539, 0.9617463946547085, 0.9499840057882459, 0.9442379308082457, 0.9423759024535263, 0.9429276765436394, 0.9445557352033956, 0.9428753191525282, 0.9391333316144279, 0.9371187041970491, 0.9331769282736813, 0.9337927041248566, 0.9294545647208321, 0.929984894643483, 0.9248205366471851, 0.9199379965320225, 0.9197264145708067, 0.9200880120924319, 0.913875961483773, 0.9077074833846035, 0.9091663673248972, 0.9088824600687233, 0.8972244621182568, 0.903607137498682, 0.8926098408913473, 0.885346179641975, 0.879983141542586, 0.879025855589846, 0.8716134111618529, 0.8620689231179811, 0.8572285115575611, 0.8519256722260046, 0.8484367582751352, 0.8368368169265312, 0.83794328776005, 0.8321752475374472, 0.8219714371805292, 0.8246109999621647, 0.8147928208941412, 0.8128849432061638, 0.8002551500632761, 0.8074652286808474, 0.7917164476147804, 0.7876349849222944, 0.7907071537550806, 0.7826242915879318, 0.7836741472166345, 0.7823869650854182, 0.7794428424167339, 0.7789029298350855, 0.8017699702924524, 0.7730144542637781, 0.7744665764632849, 0.7711662505444816, 0.7678297220780765, 0.7693638177086634, 0.7676421115376308, 0.7620057679925062, 0.7675569281723751, 0.7631133095407011, 0.7601821231056316, 0.7627227136943907, 0.7987170776795408, 0.7570408035544157, 0.7569888557227175, 0.7513047718240599, 0.7543197355747551, 0.7486961189103708, 0.7538345316165999, 0.7467514564194632, 0.7432856458263876, 0.7430732796129147, 0.7464428069130727, 0.7437039556840503, 0.7434624839066395, 0.7432309573678024, 0.7493001536491438, 0.7451939936401178, 0.7426787598043875, 0.7416881238968153, 0.7410482959243141, 0.7409798161008699, 0.7404421779489828, 0.7434380412142669, 0.7418635108402984, 0.7394905301495758, 0.7383484163523293, 0.7384797769684666, 0.7417879549858704, 0.7393071928918055, 0.7378309093878681, 0.7370310776674825, 0.7370209441821762, 0.7365054304232271, 0.7354962799584297, 0.7350507119738928, 0.739464287654747, 0.7346705368937719, 0.734157978199292, 0.732761092256362, 0.7336096579456427, 0.7370408092050916, 0.7326530131776432, 0.7315730961826794, 0.7321765199380358, 0.7320257249747688, 0.7407514778069111, 0.7298320681214783, 0.7301070266190649, 0.7371319178408705, 0.732747651930736, 0.7285445389615028, 0.7305751930509201, 0.727464994776916, 0.7271237559143391, 0.7291852951540884, 0.7261443819084652, 0.7251890105068418, 0.7253058215330198, 0.7254728218390284, 0.7242826540528234, 0.7242931190160717, 0.723153507017901, 0.7241782232776279, 0.7230811277861616, 0.7226966267961266, 0.7227095725239244, 0.7225629647409142, 0.7208785148899538, 0.7270577530905098, 0.7202483820334112, 0.7194655751019788, 0.7198778597546573, 0.7189527730781353, 0.7196031009623, 0.7184805608147655, 0.7191253041549929, 0.7172309214660404, 0.717401662643857, 0.719114562141662, 0.7172461690421453, 0.7164049831977056, 0.7262660585704473, 0.714089240071866, 0.7210271250657351, 0.7201830327122063, 0.7170262788523115, 0.7166883533368437, 0.7160503143221498, 0.7154747280843717, 0.7153701106993717, 0.7151336128917135, 0.7161624903863867, 0.7148951648479059, 0.7146929935045435, 0.7148152338120277, 0.7145533014972555, 0.7145837126750534, 0.7151740396959938, 0.7147072828229334, 0.7143577870494346, 0.7143799932887781, 0.7143770722724136, 0.7143786871838398, 0.7143115540611511, 0.7143772263073488, 0.7143916423239742], "medianabsoluteerror": [0.9772939682006836, 0.9045190811157227, 0.902376651763916, 0.8738999366760254, 0.8045773506164551, 0.8600006103515625, 0.8969249725341797, 0.8511605262756348, 0.8867311477661133, 0.8902115821838379, 0.8622493743896484, 0.8600764274597168, 0.8736186027526855, 0.8519291877746582, 0.8862423896789551, 0.8810405731201172, 0.8498096466064453, 0.8703665733337402, 0.852750301361084, 0.8659353256225586, 0.8629312515258789, 0.8616700172424316, 0.8559813499450684, 0.843721866607666, 0.8206238746643066, 0.8495044708251953, 0.8373355865478516, 0.8288416862487793, 0.843879222869873, 0.7972044944763184, 0.8239564895629883, 0.8331069946289062, 0.8186135292053223, 0.8082032203674316, 0.798060417175293, 0.7915310859680176, 0.791379451751709, 0.7701449394226074, 0.7530739307403564, 0.7452754974365234, 0.7567448616027832, 0.7374935150146484, 0.7419924736022949, 0.7012386322021484, 0.6961789131164551, 0.6922683715820312, 0.686546802520752, 0.6836402416229248, 0.6661820411682129, 0.6816697120666504, 0.6589751243591309, 0.6550555229187012, 0.6563072204589844, 0.6415338516235352, 0.6471986770629883, 0.6463742256164551, 0.6425209045410156, 0.6336236000061035, 0.6764426231384277, 0.627173900604248, 0.6290702819824219, 0.6300463676452637, 0.6182639598846436, 0.634127140045166, 0.6250433921813965, 0.6168708801269531, 0.6347765922546387, 0.6199784278869629, 0.6249217987060547, 0.6214611530303955, 0.6607561111450195, 0.6167137622833252, 0.6141753196716309, 0.6090426445007324, 0.6082808971405029, 0.6046514511108398, 0.6033926010131836, 0.6040019989013672, 0.6057658195495605, 0.603856086730957, 0.6041603088378906, 0.6023621559143066, 0.6025199890136719, 0.6013555526733398, 0.6110935211181641, 0.6042847633361816, 0.5971283912658691, 0.5991692543029785, 0.5974216461181641, 0.5969171524047852, 0.595067024230957, 0.6051712036132812, 0.5994811058044434, 0.5940661430358887, 0.5953302383422852, 0.5927276611328125, 0.6030845642089844, 0.5993466377258301, 0.5975847244262695, 0.5938117504119873, 0.5965237617492676, 0.5940766334533691, 0.5916175842285156, 0.5908932685852051, 0.6023664474487305, 0.5927524566650391, 0.5929684638977051, 0.5894045829772949, 0.590339183807373, 0.6012582778930664, 0.5893239974975586, 0.5933680534362793, 0.5907425880432129, 0.5863733291625977, 0.6065988540649414, 0.5937080383300781, 0.5884599685668945, 0.6010265350341797, 0.5977973937988281, 0.5958437919616699, 0.5920343399047852, 0.5899429321289062, 0.5879344940185547, 0.5739932060241699, 0.5867414474487305, 0.5904538631439209, 0.5856156349182129, 0.5864782333374023, 0.5873394012451172, 0.5857501029968262, 0.5943670272827148, 0.5836067199707031, 0.5926074981689453, 0.5841898918151855, 0.5779342651367188, 0.5853509902954102, 0.5896129608154297, 0.5899906158447266, 0.5917530059814453, 0.5878596305847168, 0.5897531509399414, 0.5900778770446777, 0.5756311416625977, 0.5841274261474609, 0.587561845779419, 0.5845108032226562, 0.5796065330505371, 0.5850205421447754, 0.5840308666229248, 0.5825643539428711, 0.5856666564941406, 0.5826635360717773, 0.5722479820251465, 0.5783243179321289, 0.5806770324707031, 0.5806846618652344, 0.5791277885437012, 0.5807981491088867, 0.5790047645568848, 0.5782623291015625, 0.5803775787353516, 0.5772714614868164, 0.5796728134155273, 0.5786881446838379, 0.5824661254882812, 0.579033374786377, 0.5795564651489258, 0.5783452987670898, 0.5788335800170898, 0.5782370567321777, 0.5773077011108398, 0.5765233039855957, 0.5784063339233398, 0.5768866539001465, 0.5778441429138184],