{"bestEpoch": 4, "lastEpoch": 14, "mae": [0.9896757448187431, 0.9730001868182685, 0.9239828204716104, 1.0075019109986778, 1.0068843269865728, 0.96646993876229, 1.0172874589358705, 1.0488323302188738, 1.014841220280114, 1.005507025839311, 1.0223687385898557, 1.0208040949016384, 1.013353426148201, 1.0149359959486735], "medianabsoluteerror": [0.777943296432495, 0.7791303277015686, 0.7238507318496704, 0.7861315131187439, 0.7984312379360199, 0.7403601932525634, 0.7837535977363586, 0.8227445328235626, 0.7898456239700318, 0.7887532663345337, 0.7963704502582549, 0.7941826128959657, 0.7913262820243836, 0.7925886702537537], "mape": [1.3115857238589312, 1.3877092779180296, 1.1927154869163246, 1.2847446714877462, 1.3912983990823915, 1.2253375945669271, 1.2287378503444775, 1.4141435809689653, 1.3314606208011506, 1.3459908238519818, 1.3437129076683254, 1.3320350576668618, 1.3283817492393328, 1.3296758639487216], "mse": [1.6558104132960667, 1.567669402993684, 1.4459613891859762, 1.7168426837945692, 1.6914724624024007, 1.6042203208689938, 1.7649530535707527, 1.8599298414531096, 1.7444059698412633, 1.705306685224524, 1.770959493752048, 1.7653349888082166, 1.7365771339714515, 1.742022523136301], "recauc": [0.769972267147767, 0.7737720653566267, 0.785170471422861, 0.765797087054331, 0.765910735634441, 0.7753148720735653, 0.7635346420045077, 0.7563004329970553, 0.7641148041645094, 0.7662666848778865, 0.7623776552063746, 0.7627345241986114, 0.7644529945351726, 0.7640871916711136], "f1": [], "aucrecauc": 0.9770319912294905, "aucloss": 1.6978884533910135, "convergence_rate": 0.3768727675845738}