{"bestEpoch": 16, "lastEpoch": 26, "mae": [0.6529496808907582, 0.6110699048020332, 0.621551088861763, 0.6478001874513003, 0.5689585828587663, 0.6359974927199484, 0.5859388300180747, 0.6198061574818824, 0.5858617377258932, 0.5534176623595218, 0.5520541261849561, 0.5411273469263155, 0.5361408283214331, 0.5402034494835828, 0.5300011110217988, 0.5285031320401368, 0.5354306487708145, 0.5639223791370993, 0.5439810276661312, 0.5311180125850433, 0.5344754702431792, 0.5338771430969876, 0.5297195258690257, 0.5286056502369716, 0.5289373625264796, 0.5290423572353194], "medianabsoluteerror": [0.5578081274032594, 0.5202112257480621, 0.5182441234588624, 0.5511918067932129, 0.48666220068931576, 0.506548992395401, 0.46100327730178836, 0.5368399930000305, 0.4714916467666626, 0.45878312349319456, 0.46920892000198366, 0.4430531740188599, 0.4508180284500122, 0.46196896553039557, 0.4459169554710388, 0.44186426997184747, 0.44938563108444207, 0.4687846851348878, 0.45192521095275884, 0.43848164796829225, 0.44652194261550904, 0.4451760292053222, 0.4394359457492828, 0.43847522497177105, 0.43882260799407957, 0.43991397857666026], "mape": [0.9471178721835691, 0.8951862397436238, 0.9017411061961477, 1.013812238597118, 0.8981796060052287, 0.7925157812717262, 0.6538970544834734, 0.9707925962101078, 0.7448897381130394, 0.7476600841116936, 0.8088388258407008, 0.6939737657858756, 0.7706620001699834, 0.8238721598851272, 0.7701107330520305, 0.7306544893597976, 0.7614010198103837, 0.8180408000546013, 0.7774936810114801, 0.7352160033893294, 0.7729395526491664, 0.7664538262122312, 0.7504615561339436, 0.7439452011128825, 0.7488415240394328, 0.7533333591422302], "mse": [0.6873389715420933, 0.5974457843998346, 0.6211704949707676, 0.6558815235571597, 0.5117717890474054, 0.6964292846442888, 0.5856370686963245, 0.5919547068238695, 0.5912549680651539, 0.505008330005604, 0.4895795234048021, 0.4887283929586982, 0.4622763676176344, 0.4611752941524355, 0.4538224677940865, 0.4525084938148384, 0.4654297803616399, 0.5126855576541204, 0.47883547372074636, 0.4668818196744934, 0.46280541417110543, 0.4628026266079766, 0.45868343837107706, 0.4582112287929478, 0.45752388703830615, 0.45690623998171565], "recauc": [0.8481376005107908, 0.8578764579906623, 0.8554392797309527, 0.8493336167051254, 0.8676710489520907, 0.8520835166612031, 0.8637217503746163, 0.8558446544071667, 0.8637439774755453, 0.8712857250217935, 0.8716023915908319, 0.8741440952462928, 0.8753036054577767, 0.874358766617168, 0.8767315576155965, 0.8770799805550052, 0.8754687686927959, 0.8688421107819566, 0.8734801807031969, 0.8764718188770022, 0.8756909020789795, 0.8758300448550405, 0.8767970859210403, 0.877056087762201, 0.8769788333865496, 0.8769546259343415], "f1": [], "aucrecauc": 0.9908050737601196, "aucloss": 0.5184250528842888, "convergence_rate": 0.7213529553192011}