{"bestEpoch": 14, "lastEpoch": 24, "mae": [], "medianabsoluteerror": [], "mape": [], "mse": [], "recauc": [], "f1": [0.19980542829751857, 0.17976484150816174, 0.203119845282969, 0.2264392301870231, 0.27455988027177797, 0.26992161577121887, 0.28826742145281337, 0.22066082250679267, 0.2617195234135226, 0.2845574344924198, 0.2732002873831292, 0.2546645176862679, 0.2559760195444953, 0.30448386446661163, 0.2732254952252192, 0.33580202692316446, 0.3040718973590724, 0.3275488749228149, 0.2979822270220596, 0.2911115240164633, 0.29326489431126584, 0.3130267194565958, 0.3014468983254082, 0.3044962121071091], "f1auc": 0.8140105048536095, "convergence_rate": 0.5997386822220327}