{"bestEpoch": 51, "lastEpoch": 61, "mae": [2.4269206282576254, 1.7198567773124993, 1.6050992225924392, 1.3485647061544925, 1.2139786812030815, 1.081315721980166, 0.9967037907916985, 0.9332989778176559, 0.8724887572814621, 0.8296518845530338, 0.7932662744723437, 0.7765988667642296, 0.7390064862312176, 0.7183126925787809, 0.7361744762776522, 0.6921874311344345, 0.6881649634537728, 0.6973366620939211, 0.6499118983970652, 0.6447244592028879, 0.6357063381196378, 0.6279609858928331, 0.6177356477316572, 0.6672798044445013, 0.6281321333971295, 0.6042061237547351, 0.5989941384245594, 0.5820223839369747, 0.5870516000643572, 0.5745882923624338, 0.5705448932104245, 0.571988875396138, 0.5678319418671776, 0.5675183987539738, 0.5697473616911871, 0.5698625574478611, 0.5645246312375172, 0.5635020655944017, 0.5608261025856338, 0.56180272240881, 0.5585815685641672, 0.5568841307015097, 0.5582969647234672, 0.5608765790440395, 0.5549786993616682, 0.557588729811746, 0.5564353369250561, 0.5540039485727762, 0.555189898046398, 0.5553124557133192, 0.5552470869126698, 0.5547661195188464, 0.5561525895552172, 0.5546578086408765, 0.5563454391045379, 0.5558476801533245, 0.5557328995523115, 0.5558269577074657, 0.5558352798090495, 0.5559334750186525, 0.5559843948390367], "medianabsoluteerror": [1.7829265594482422, 1.2597050666809082, 1.2133269309997559, 1.0633082389831543, 0.9583258628845215, 0.8753118515014648, 0.8015685081481934, 0.7525949478149414, 0.7143282890319824, 0.6783666610717773, 0.6489548683166504, 0.6267786026000977, 0.6042237281799316, 0.5843687057495117, 0.5998106002807617, 0.5699019432067871, 0.5675420761108398, 0.582606315612793, 0.535797119140625, 0.5358138084411621, 0.516143798828125, 0.5059638023376465, 0.500328540802002, 0.5249195098876953, 0.5058078765869141, 0.4751749038696289, 0.4752991199493408, 0.46779966354370117, 0.48604631423950195, 0.47249650955200195, 0.4687156677246094, 0.4613766670227051, 0.4645695686340332, 0.4698600769042969, 0.4759187698364258, 0.44893455505371094, 0.4570348262786865, 0.4651007652282715, 0.46181297302246094, 0.4622306823730469, 0.4518604278564453, 0.44783830642700195, 0.4475364685058594, 0.45320606231689453, 0.4538898468017578, 0.44569873809814453, 0.4461488723754883, 0.4511861801147461, 0.4544715881347656, 0.45017147064208984, 0.45832252502441406, 0.45906496047973633, 0.4597482681274414, 0.4504537582397461, 0.4543919563293457, 0.45574426651000977, 0.45626306533813477, 0.45308780670166016, 0.45217275619506836, 0.452606201171875, 0.4543437957763672], "mape": [0.48980378955356985, 0.348513850549894, 0.3208897038112459, 0.27271706574551635, 0.2416721418705517, 0.21821311996044898, 0.20022463078006694, 0.1862405285898147, 0.1758919139674204, 0.16855674630006112, 0.15955245272833832, 0.15882064578315036, 0.14946582671308217, 0.14533732807921174, 0.14395113516464564, 0.14099264192767705, 0.13586219901351881, 0.14414203151725286, 0.1327673460134673, 0.1317573573910656, 0.12617217529022867, 0.12492043150697667, 0.12551914801940772, 0.1309899327749951, 0.12945210539128985, 0.1230513062826193, 0.12202449703336807, 0.11689028295705463, 0.12020430921641094, 0.11602170539905575, 0.11465323058912774, 0.11364564016057543, 0.1147934244188789, 0.11462271661176723, 0.11580705227224446, 0.11272130140221394, 0.1150226913954816, 0.11404836976999955, 0.11366748020558787, 0.11418433536413929, 0.1120268267576294, 0.1124740005552141, 0.11153331383942817, 0.11243572018425824, 0.11245574941863754, 0.11269938772682167, 0.11167027085555556, 0.11175707216530413, 0.11204412237455202, 0.11175500675914536, 0.11238146930401567, 0.11212569570799048, 0.11281877995424806, 0.11186095780366746, 0.11199004756728435, 0.1123305853454859, 0.1123748821221008, 0.11217221478866204, 0.11221857226278324, 0.11223887196436708, 0.11229868111067741], "mse": [31.58316038351546, 19.31406189811945, 12.52064535791984, 7.447652011130171, 4.867833512733931, 3.0760174460785294, 2.133171693019428, 1.612986139185437, 1.3230317033764152, 1.1971874463509227, 1.0460407106334804, 0.9992030783219924, 0.9030940846569536, 0.8535135883808914, 0.9014931251364404, 0.8035378221070608, 0.7917303025279726, 0.8073890289705044, 0.7060958767602836, 0.6866012565480845, 0.6714071305044913, 0.6576607263060318, 0.6502417413140615, 0.8279755980312458, 1.0654288439133857, 1.0033798492013153, 0.7326052206761652, 0.6146067663188135, 0.5813585497454113, 0.5485300709521916, 0.5410272651764204, 0.5493370701196643, 0.5360128735152465, 0.532444804015654, 0.5344640380582895, 0.5492169322144446, 0.5294419136374757, 0.5295930716369843, 0.5267952607759417, 0.5239357863199685, 0.5294727218153112, 0.5201605155670586, 0.5288593631694114, 0.5295931777243893, 0.517287173300635, 0.5362037597442767, 0.5244554563250189, 0.5173725748448902, 0.518389718434158, 0.5213508620099486, 0.5177841788281167, 0.5181665678685978, 0.5204255529497157, 0.5192704539815804, 0.5223725844772503, 0.5208178799523354, 0.5206716212868037, 0.5214697140216517, 0.5213703670237189, 0.5214710269929347, 0.5213742511144931], "recauc": [0.5312167845689478, 0.6458722425623956, 0.6627864640223035, 0.7080877844049424, 0.7322989593844383, 0.757728433330803, 0.7738321720946555, 0.7859122678488241, 0.7987540600953332, 0.8085299947777134, 0.8160704158297739, 0.8198040710353219, 0.8284380617945076, 0.8331637317525094, 0.8290239082267308, 0.8393383965928347, 0.8401193878399169, 0.8381434607587088, 0.8490690984649443, 0.8502092399421886, 0.8522299191814136, 0.8541076902060271, 0.8567516724209324, 0.8458148767159586, 0.8581589020556708, 0.8636814934497226, 0.8627069710060604, 0.8655084698308486, 0.8636803433175451, 0.8664073410430642, 0.8673230007518431, 0.8669756780003438, 0.8679741300597619, 0.8680422625166739, 0.8675441351206867, 0.8674617204253897, 0.8687478943568918, 0.8690268443253525, 0.869602631392559, 0.869389359121288, 0.8701262333579736, 0.8704997516572803, 0.8702232221162384, 0.8696547649958954, 0.8709511699539333, 0.87041613533135, 0.8706527707353638, 0.8712221204956061, 0.8709456424530199, 0.8708983325383689, 0.8709346217834967, 0.8710491543490085, 0.8707436998420062, 0.8710628701043808, 0.8706707265302568, 0.8707951296331145, 0.8708220461593019, 0.8707979963804825, 0.8707960394391653, 0.8707737921062962, 0.8707618444645701], "f1": [], "aucrecauc": 0.9642267996260926, "aucloss": 1.6865997030337292, "convergence_rate": 0.9207637026799299}