{"bestEpoch": 42, "lastEpoch": 52, "mae": [0.8797176787012678, 0.8995219811795864, 0.8439558890628683, 0.7241661764689012, 0.6976372854144066, 0.6960703615895916, 0.675765152367128, 0.6297327064072353, 0.5723062853120751, 0.5597997861263722, 0.5404460361394283, 0.5115007105210865, 0.5057773802070081, 0.47849416839188413, 0.4733391353202529, 0.46625790160585423, 0.47590617670294266, 0.44374829978825014, 0.45008034080809184, 0.44099173904324657, 0.44089660069969483, 0.44077314219031183, 0.4282091896516778, 0.44008428650216636, 0.44250928520788, 0.42912255477708844, 0.4630069752718385, 0.4223261680792911, 0.4169682548565223, 0.4061285996821751, 0.4029708607598674, 0.40038631791475915, 0.40042464617720347, 0.399602892142655, 0.3995255833837612, 0.3964169517318039, 0.39622989610998727, 0.40157543495681086, 0.3918643247373236, 0.39092279438132727, 0.39015195568607225, 0.39030371095321453, 0.3912637301666647, 0.39175287104946127, 0.389702963247931, 0.3918912972202425, 0.39265385739712466, 0.39066611693317116, 0.3935955026654742, 0.38806223034490395, 0.38855717331938344, 0.3917260045576374], "medianabsoluteerror": [0.5495858192443848, 0.6087245941162109, 0.5705766677856445, 0.4906754493713379, 0.4962587356567383, 0.5313825607299805, 0.519554615020752, 0.4915337562561035, 0.4364438056945801, 0.45923376083374023, 0.425570011138916, 0.41077136993408203, 0.4151287078857422, 0.3800320625305176, 0.38445138931274414, 0.37450599670410156, 0.3868541717529297, 0.3550724983215332, 0.35805606842041016, 0.35504674911499023, 0.34669041633605957, 0.34545040130615234, 0.34853172302246094, 0.3624148368835449, 0.3584411144256592, 0.3402528762817383, 0.34963321685791016, 0.32331037521362305, 0.3267393112182617, 0.32622814178466797, 0.31745338439941406, 0.3167266845703125, 0.3216586112976074, 0.3200340270996094, 0.3184990882873535, 0.3232548236846924, 0.31569623947143555, 0.31525492668151855, 0.31458187103271484, 0.31804895401000977, 0.3103146553039551, 0.31017494201660156, 0.31594085693359375, 0.31300854682922363, 0.3100547790527344, 0.3176746368408203, 0.3147900104522705, 0.3118290901184082, 0.31594324111938477, 0.3134646415710449, 0.3118314743041992, 0.32067251205444336], "mape": [0.18290626630604256, 0.1825863572395413, 0.17112217758294893, 0.14771132457879663, 0.142915380463469, 0.13929304363369602, 0.14294353846280852, 0.12685713677870353, 0.11314396509984503, 0.11576622242379066, 0.10492651891265428, 0.10424508654427364, 0.10257053550042301, 0.09518723292816529, 0.09607981037890699, 0.09507165448518885, 0.09887844144078949, 0.0890152533868738, 0.09193115227250946, 0.08862180605552376, 0.08868404381345814, 0.08762356748258325, 0.08714492593231424, 0.09120408408988888, 0.09301699391722422, 0.08798108621218279, 0.09157085587749411, 0.08720961077033657, 0.08604828752376958, 0.08286463458231516, 0.08167407274328792, 0.08156920634992444, 0.0808817804580664, 0.08118474681389057, 0.08134071261386823, 0.08145321829490057, 0.08063302745675578, 0.08094533672419069, 0.07997985418728881, 0.08000679824666268, 0.07930645713154963, 0.07929447916992263, 0.07981663552154798, 0.08008197521539949, 0.07934884699310626, 0.07987008316620857, 0.0800389078376674, 0.07974174570260874, 0.0803401941682946, 0.07908794227825548, 0.0794028845777793, 0.0798921532041263], "mse": [24.48314488319742, 15.9873710375896, 10.585936951005895, 6.641939257940189, 3.914645058731217, 2.3432917294218054, 1.3961013694724684, 0.9175809464012149, 0.6337412224839307, 0.5352064431752094, 0.507529896256859, 0.4383318120613598, 0.4214563160828688, 0.3951522126323123, 0.37685568392991814, 0.3682776208882802, 0.37356064354650603, 0.3459010100606585, 0.3492548263671215, 0.33849982540625206, 0.3345060334666839, 0.3366377072824074, 0.3174790315581402, 0.3278221744276649, 0.3338074842348471, 0.36410281919451537, 0.789205543702317, 0.42360735391138243, 0.32879532307648385, 0.2951832622092905, 0.28404030658495677, 0.27846980025817103, 0.28107973806484804, 0.2766115344027915, 0.28075706288546426, 0.2744081100509975, 0.2755620067168205, 0.2821452387700196, 0.2712554685725191, 0.2694166874366488, 0.26814469415377895, 0.26974147418651245, 0.2684986925933107, 0.2714456342323591, 0.2679455972317049, 0.26899182270826233, 0.27167593870135004, 0.27021003515551806, 0.2724503384760079, 0.2656855912679969, 0.2669327686470108, 0.2678790932085968], "recauc": [0.8407937772836673, 0.8263156044406363, 0.8316433943428673, 0.8529714282791135, 0.8526775437584954, 0.8480328465390309, 0.8485092587528577, 0.8563817418473739, 0.8680305380349226, 0.8700317680240389, 0.8743021058027534, 0.8810342929246582, 0.8823660086571652, 0.8887103437429222, 0.8899109959056325, 0.8915857600178144, 0.8893129443394049, 0.8967922710568346, 0.8953192435618432, 0.8974335984920154, 0.8974553308403275, 0.8974839639817055, 0.9004065356758815, 0.8976455318034379, 0.8970806967411469, 0.9009196491224818, 0.8964515572738188, 0.9032302818335387, 0.9032833595752298, 0.9055438671227234, 0.9062766386491035, 0.9068776256273071, 0.9068684589021896, 0.9070598271636294, 0.9070778859554338, 0.9078013705936333, 0.9078440113149662, 0.9066008729262902, 0.9088597325232008, 0.9090778113170055, 0.9092571289398079, 0.9092229339652126, 0.9089990873443679, 0.9088850697634131, 0.9093628037709367, 0.9088538616992493, 0.908675230722523, 0.9091385451624462, 0.9084574609194528, 0.9097445446570062, 0.9096283298086075, 0.9088912839104029], "f1": [], "aucrecauc": 0.9804578290789793, "aucloss": 1.349661982859166, "convergence_rate": 0.8260039124545165}