{"bestEpoch": 53, "lastEpoch": 63, "mae": [0.6272550079513078, 0.5731378756799258, 0.576028558791393, 0.490532371178511, 0.5008400626207221, 0.5114609183848313, 0.4682888230729487, 0.4515484327412902, 0.482634058758624, 0.47014771429570895, 0.4405384876205049, 0.4256890777493372, 0.4285844523390599, 0.46855927635089134, 0.43361798400579854, 0.4340337667553716, 0.4045488281132708, 0.405190860489918, 0.40780961145133215, 0.40340071171554487, 0.4150619472567527, 0.40384793982274425, 0.40157417574780996, 0.41246505229722935, 0.4128940479475713, 0.3987247485185576, 0.40533201410434766, 0.3993755726988834, 0.40354298877897465, 0.4021648499040803, 0.41052314392536127, 0.402830489397206, 0.3965080176490846, 0.3947351550151909, 0.39442940911224533, 0.3946091083848852, 0.3930905900764664, 0.3940226771052663, 0.3950801841747709, 0.3961823601618565, 0.3978461415678328, 0.3948486657312172, 0.39420494524966876, 0.39416150607353173, 0.3938811242243038, 0.3937325247890697, 0.39342267439535544, 0.3934835930401447, 0.39338939625450386, 0.3933607184311299, 0.3933947796375219, 0.3933815996514191, 0.3933864499073637, 0.39331573957066424, 0.3933121232881967, 0.39332630235790805, 0.39329130298273207, 0.3933494322448138, 0.39328896253953244, 0.39323831328445297, 0.3933594334661865, 0.3933503188004247, 0.39334225656812494], "medianabsoluteerror": [0.5041274189949035, 0.4750647783279419, 0.46880515098571773, 0.37409764289855957, 0.385531450510025, 0.39924095273017884, 0.36215353250503535, 0.34700958371162416, 0.37386494040489193, 0.3591016292572021, 0.333090341091156, 0.31927851915359495, 0.321752634048462, 0.3609787929058075, 0.3188035976886749, 0.32600431442260736, 0.29749699592590334, 0.3005052810907364, 0.30624909400939937, 0.3019522857666016, 0.31358988046646125, 0.29964491367340085, 0.29750097990036006, 0.3105680441856382, 0.311566394418478, 0.2944959336519242, 0.2969675898551941, 0.29571712791919713, 0.3023575067520142, 0.3005620658397674, 0.3099632787704467, 0.3004140329360962, 0.29459203243255605, 0.2928244972229004, 0.29224231243133547, 0.29296180725097654, 0.2905923980474472, 0.2930495429039002, 0.29299738287925725, 0.293989770412445, 0.295744936466217, 0.2938564658164977, 0.2927358889579774, 0.2926491260528564, 0.29214599609375, 0.29210273683071136, 0.29150110900402065, 0.2913980960845947, 0.291575483083725, 0.2914422178268432, 0.2914990776777267, 0.29146533071994785, 0.2913680410385132, 0.29133393287658693, 0.29146012783050534, 0.291393780708313, 0.2912118744850159, 0.2915063381195069, 0.29146541833877565, 0.2914117765426636, 0.29134600639343256, 0.29144182205200186, 0.2912694501876831], "mape": [0.8469836980692131, 0.8927785776416889, 0.8961936130110157, 0.6674035673222862, 0.6504341554949932, 0.6833133584128415, 0.6780688924393904, 0.6175366316640626, 0.5160243040420804, 0.6022580431436368, 0.5794406295950753, 0.5378870353739807, 0.5543456733352936, 0.5066886685252302, 0.5023914407438925, 0.5026518886510917, 0.49462420405696644, 0.487649707700051, 0.5238417745062401, 0.5358548241551004, 0.5251183576507085, 0.4934667420037111, 0.5171700224334038, 0.549805147995068, 0.5071549282670027, 0.5041769978697401, 0.47605182783399247, 0.4971619922401628, 0.48351609316901445, 0.5200410524808929, 0.5595884645428035, 0.5096582369850636, 0.4958303693395173, 0.5059647828424034, 0.505043503975169, 0.5126581446001279, 0.5056966939460638, 0.5022478492913341, 0.49368241354352743, 0.5107001950863801, 0.4786663822511347, 0.504044009099668, 0.5017018375994674, 0.4989587486924089, 0.5013085020001575, 0.5036895137304315, 0.4990893212057803, 0.49863486465439993, 0.5005494746753695, 0.5006824886295295, 0.5001352529852214, 0.49973319402316957, 0.5022854497911662, 0.49998655507171086, 0.49824740930009764, 0.5020111774551909, 0.49929435287367324, 0.5016642655740966, 0.5009107139769835, 0.4992784727901972, 0.49866511244090905, 0.5011928337488134, 0.5007487429139427], "mse": [0.6790599113152032, 0.530727723979578, 0.5390342961980383, 0.431121988500694, 0.4449827694557342, 0.4519818184593934, 0.381799942910679, 0.3582277767646797, 0.4097505228103458, 0.39154049308345085, 0.3464151523043304, 0.32750054935798945, 0.33169952715141393, 0.39024928012681165, 0.350442371614451, 0.34225177127335493, 0.3036280485034268, 0.3003878371415784, 0.300292583721804, 0.2953645016012247, 0.3091739184072914, 0.2996658844598641, 0.29438169315915164, 0.3043801270872518, 0.30584070212843234, 0.29265542743045553, 0.3063584847634907, 0.2924574425489834, 0.2969396950082031, 0.2938426968994608, 0.30131660515978914, 0.29576605807178125, 0.2882437488559689, 0.2849542781760114, 0.28544707470113456, 0.2843529767693614, 0.2835917541175819, 0.28389077163451654, 0.286176403704281, 0.2858086149627391, 0.2909549517695052, 0.2848598217372002, 0.2842659402276278, 0.28444628447567677, 0.2838442681691253, 0.2834850277149206, 0.2836160073064033, 0.28366306135286073, 0.2834163264877439, 0.2835282457068824, 0.28351631130522803, 0.2835653850211156, 0.28331196820193194, 0.2835224220854809, 0.283663632069251, 0.2833421881348789, 0.2835960142885697, 0.28334207746020673, 0.2833838578121866, 0.2834447804054786, 0.2836806945672783, 0.2833978490314778, 0.2834093538861944], "recauc": [0.8541238044184815, 0.8666990072568174, 0.8660263904751567, 0.8859118419949963, 0.8835148105923484, 0.8810448441120261, 0.8910846209761494, 0.8949783175570539, 0.8877482143056217, 0.8906536309568832, 0.8975388662094407, 0.9009925477966374, 0.9003192483914446, 0.8910218338257793, 0.8991485932927794, 0.8990518998148184, 0.9059094737920809, 0.9057602625612141, 0.9051510451266077, 0.9061765136626334, 0.9034643686352536, 0.9060724021053792, 0.9066013671774061, 0.904068253012941, 0.9039685693014664, 0.9072639339186203, 0.9057272168626291, 0.9071126641562118, 0.9061432056401925, 0.9064639146456995, 0.9045200703187656, 0.9063091500317192, 0.9077795043210342, 0.9081920066465576, 0.908262915498584, 0.9082212673866458, 0.9085744573837172, 0.908357603426669, 0.9081116282909931, 0.9078553688971419, 0.907468352044978, 0.9081654757544806, 0.9083152923977938, 0.908325353745303, 0.9083906458946646, 0.9084249709066369, 0.9084971984852408, 0.9084830317047701, 0.9085050106964361, 0.9085115435942441, 0.9085035646846378, 0.9085067946278819, 0.9085056012481716, 0.9085220701466216, 0.9085229495130459, 0.9085195903462272, 0.9085277508149558, 0.9085142282140041, 0.9085283316749232, 0.9085399734267485, 0.9085118853905987, 0.9085139820430949, 0.9085159675633167], "f1": [], "aucrecauc": 0.9933751049904965, "aucloss": 0.3198665332409105, "convergence_rate": 0.8894769935335888}