{"bestEpoch": 18, "lastEpoch": 28, "mae": [1229.3860987976996, 912.6685668062355, 637.6522681318287, 425.5780279333287, 276.45141640603356, 172.2750375905486, 110.15774415161806, 78.95709181033796, 65.61672382498843, 60.32926324856249, 57.49274650445834, 56.67024731838079, 56.01728583854514, 56.06321615945602, 56.649682070431716, 55.919201258113425, 55.91679240333565, 57.93711235405787, 56.78846210854166, 56.698265601944456, 54.43140071049884, 56.2015875237882, 55.9539350353368, 55.73466662540625, 55.34724118790046, 55.69780611091204, 56.04423599789698, 55.877907221438655], "medianabsoluteerror": [1073.4763492285156, 799.5717161914063, 563.6702885, 383.9523926953125, 252.88623070312497, 161.95727521875006, 103.85424840625001, 74.11901878906247, 60.28076135937499, 54.181396664062504, 50.06079107812502, 48.921142343750034, 48.09436006250007, 48.18261712499998, 48.77648931249996, 47.83605915625003, 47.86511194531249, 51.10485851562498, 49.07409673437496, 48.99890107031251, 46.24462932031247, 48.51696819531253, 47.857299984375004, 47.699218984374966, 47.19372535156231, 47.64404278125039, 48.153808414062496, 47.84252976562493], "mape": [0.7430205126819655, 0.5498557317848147, 0.3824111421998852, 0.2536779496410651, 0.16457712011642733, 0.10308699040544488, 0.06743253564728276, 0.0499267294251747, 0.0425815995749241, 0.039757421499328136, 0.03823520672851681, 0.0378089976787818, 0.03743985921656018, 0.03747501998167389, 0.037808131063425184, 0.03739843569491381, 0.03746495955807682, 0.038435524970526776, 0.0378799018157698, 0.037833431465311845, 0.03662897863008921, 0.037551922699228406, 0.037451290786028324, 0.037317029166580425, 0.03711020737965285, 0.03728432411278954, 0.03747061566743312, 0.03738787744674845], "mse": [1686295.1474680097, 934350.780656638, 460134.7018920668, 208173.98792850622, 89363.75726511235, 36105.31025656148, 15555.946917817148, 8519.077154780654, 6338.7704499797355, 5644.042123649089, 5337.440633411686, 5247.978551129869, 5181.539960967771, 5178.870819839166, 5257.687615438788, 5174.068265009132, 5193.772871583552, 5352.816752449924, 5258.948077019082, 5251.413780796688, 5016.698838826967, 5172.013795274382, 5176.564488221284, 5146.654387573589, 5111.7264563149865, 5140.407915587383, 5173.793863366034, 5161.905642700472], "recauc": [0.3781543932170995, 0.5343054453593508, 0.6746347968130146, 0.7828464772403165, 0.8589399828871777, 0.9120953725002131, 0.9437919051164376, 0.9597119860134161, 0.9665188592933367, 0.969216551284758, 0.97066377748886, 0.9710830194130524, 0.9714158230637879, 0.9713933615583781, 0.9710936575138995, 0.9714664947976278, 0.9714680356924582, 0.9704368807251096, 0.9710233986361599, 0.9710693587877306, 0.972225681827442, 0.9713223618658162, 0.9714484485485585, 0.9715609338711649, 0.9717584351027695, 0.9715797802002422, 0.9714028143555097, 0.9714868227563498], "f1": [], "aucrecauc": 0.9443507061625235, "aucloss": 99936.56660271395, "convergence_rate": 0.9095872404395832}