{"bestEpoch": 41, "lastEpoch": 51, "mae": [2.134089504827391, 1.9164321182894821, 1.8601865422759438, 1.7515799610517788, 1.6850241638420784, 1.643781257451215, 1.6103283420609233, 1.595323809470829, 1.6260715478316967, 1.715214412195184, 1.5164597629477714, 1.4674896924634018, 1.5900716581808674, 1.4442708524608383, 1.4338379351494446, 1.3513797450794045, 1.3092935893120652, 1.2827923782003567, 1.264823101125875, 1.2109101368744186, 1.1846650131085137, 1.181751992677521, 1.139631589028666, 1.097243703489978, 1.065657392486935, 1.0387182904505214, 1.014172937415369, 0.9923060546206152, 0.9725147343524903, 0.9547222215737259, 0.9344708056454801, 0.9210174914450732, 0.9043817059755571, 0.8842877501112221, 0.8732064433863922, 0.8577639311603201, 0.8465740900759102, 0.8386704268997328, 0.7989287807734365, 0.8255335351997661, 0.7849332137980332, 0.795239551223679, 0.781795700166056, 0.782896549113215, 0.7656189235796276, 0.7659769775815899, 0.766758010389876, 0.7671663693615631, 0.7668618458552414, 0.7665508347526678, 0.766281264285799], "medianabsoluteerror": [1.1944046020507812, 1.048222541809082, 1.009028434753418, 0.9956831932067871, 0.9768037796020508, 0.9664096832275391, 0.9500203132629395, 0.9427924156188965, 0.966153621673584, 1.077282428741455, 0.9844150543212891, 0.9098238945007324, 1.018956184387207, 0.9694347381591797, 0.9748330116271973, 0.9406805038452148, 0.9288511276245117, 0.9117956161499023, 0.9289712905883789, 0.8779811859130859, 0.873619556427002, 0.8873848915100098, 0.8405990600585938, 0.8265223503112793, 0.7959995269775391, 0.7822370529174805, 0.7779412269592285, 0.7614531517028809, 0.7439231872558594, 0.7378020286560059, 0.7049813270568848, 0.6990761756896973, 0.6844253540039062, 0.6686811447143555, 0.6653881072998047, 0.6501355171203613, 0.6504087448120117, 0.6306877136230469, 0.6341953277587891, 0.6149678230285645, 0.6200852394104004, 0.6149463653564453, 0.6116852760314941, 0.6023917198181152, 0.5987796783447266, 0.5958991050720215, 0.5967202186584473, 0.5958666801452637, 0.5960192680358887, 0.5963807106018066, 0.5965049266815186], "mape": [0.42409625845526433, 0.38347103251057485, 0.37840710542474687, 0.35306091200714623, 0.3396065169121147, 0.3333435343189571, 0.3253596589753801, 0.3245804567100895, 0.3335279131103373, 0.35551946507689847, 0.3056974954166046, 0.30016274405449, 0.3272567278533747, 0.29191358531642064, 0.28942710102205066, 0.27227332217812267, 0.2629233329715902, 0.25816222077625534, 0.25322035856214425, 0.24285437756362607, 0.23689015114639642, 0.2397236499359173, 0.2298441351453816, 0.21741753294197985, 0.21197331517203025, 0.20653783861941277, 0.2025066535816327, 0.19828027748975274, 0.1944677604780492, 0.19132787695421363, 0.18627608258769304, 0.18469685422249205, 0.1814147666490864, 0.1761209379165799, 0.17518034842319258, 0.17171850889294515, 0.1682787549202308, 0.16814417560076492, 0.15865613149243424, 0.16564709469952457, 0.15648929513805723, 0.1594242478043145, 0.15539945050153403, 0.15638967050331123, 0.15221557322404572, 0.15226295194305098, 0.15355468531711144, 0.15372664280095696, 0.15370401255733973, 0.15353790826322447, 0.1534121953559877], "mse": [246.96046419877044, 216.345729507807, 186.35219363678422, 162.83489822771463, 142.2267059152025, 123.52756353710097, 106.55672451864558, 90.69165891984878, 76.48154425649581, 65.77963189152516, 54.0516377360064, 51.632167083588136, 37.18699925537782, 29.684916617230975, 23.616380152760478, 19.51493656711788, 15.507559059805933, 12.641352754077724, 9.941069642455618, 8.242650935842276, 6.867368989716004, 6.035151042643405, 5.281352253910999, 4.7971183385392075, 4.512646416510109, 4.325671036900756, 4.1706605653391815, 4.06142410756144, 3.9222937167791696, 3.7966362830138474, 3.6441751403282994, 3.6104273820073827, 3.3914010735259246, 3.391517845309334, 3.1320537429109274, 3.304779051305583, 2.6089158475251315, 3.9975438504890013, 1.5492362715613919, 4.884643995000677, 1.362280076279412, 3.052248225386244, 1.6942199190926623, 2.6293367791157816, 1.7005600242018097, 1.8828927888655773, 1.9911931941445922, 2.0415562872340476, 2.063450752867934, 2.0641836765414134, 2.0655354488972413], "recauc": [0.6649262935219029, 0.702674764558502, 0.7054993003591469, 0.7202900859945246, 0.7266935241412916, 0.7280731506037663, 0.7276722179598667, 0.7237954828781883, 0.7108595857869344, 0.6860225844074281, 0.7202065211670499, 0.7298271536731428, 0.6963314079434032, 0.7193705639015668, 0.7175184391078999, 0.7288109003141989, 0.7335690829639091, 0.7350288581896295, 0.7356817556111945, 0.7434292519536883, 0.7465033149384283, 0.7458925089213349, 0.753279722067641, 0.7612297446703131, 0.7676679442746883, 0.7734170258769784, 0.7786287554261777, 0.7833885173618632, 0.7876178967021316, 0.791388098645086, 0.795660307534358, 0.7987513135110285, 0.8019757691526104, 0.8066914484102031, 0.8083926312301672, 0.8127011980291747, 0.8128535304611821, 0.8194381058428535, 0.8191502981400098, 0.8248514175138764, 0.8213247517680021, 0.8267222705792721, 0.8241538365989018, 0.8281875904720579, 0.8281616180842252, 0.8290429454891937, 0.829385547548919, 0.8295258293422889, 0.8297035333468122, 0.8297820169933231, 0.8298555911203891], "f1": [], "aucrecauc": 0.9279738661707392, "aucloss": 33.18192517427657, "convergence_rate": 0.714798003772294}