{"bestEpoch": 101, "lastEpoch": 111, "mae": [3.0453683908042777, 2.5600328536603794, 2.3544535393664567, 2.2385473851686157, 2.13948442790257, 2.051889974806794, 1.98745326625955, 1.9291779109386493, 1.8780879361258926, 1.8374610601259678, 1.796377814715358, 1.762979127182774, 1.7325057397173558, 1.704696025971772, 1.6801410737344173, 1.6543343953540184, 1.6317392817624565, 1.6088095742287072, 1.589875128008924, 1.5752089034843968, 1.552713434617625, 1.5422315225133034, 1.5227334739987564, 1.507042782682346, 1.4902618021090088, 1.4744875381134483, 1.4607730508873726, 1.4488111861866035, 1.4348442679289646, 1.4211869380582947, 1.4115755107858685, 1.3949950489235055, 1.3826636031981068, 1.3679020362664776, 1.3538391587253784, 1.3421281712021649, 1.3280684551830926, 1.3164859133981324, 1.309769115495469, 1.2889966958992432, 1.2855471119903594, 1.274809107936374, 1.255650673029638, 1.242852246519875, 1.2414349433363323, 1.2285121397447472, 1.2109111851529488, 1.2057923543424571, 1.1841267869925114, 1.1696019016341823, 1.1602099143145137, 1.1480939582660359, 1.1389372350831561, 1.1272932580767159, 1.1301797328026402, 1.1160218106321236, 1.1038288657725819, 1.1021277867679615, 1.0984186868138874, 1.0758863210759948, 1.0749543422773618, 1.076484005679554, 1.0598826173896279, 1.0543317922480198, 1.0566305804408134, 1.0537500137158207, 1.0433656971376049, 1.0345787354609093, 1.031978582091811, 1.0286623373745316, 1.028403705638829, 1.024659620111356, 1.0138839908862416, 1.0143214550944812, 1.007465322362243, 1.0226023067038288, 1.0017945107994644, 1.0024435655218689, 1.0005525992246498, 0.9996721651232451, 1.0001739295863876, 0.9901536367130247, 0.9898317657792196, 0.9884459119542047, 0.9881882376986765, 0.9921024338387968, 0.987247359331146, 0.9880849718433699, 0.9868310396097552, 0.9859977494471269, 0.9857789013257274, 0.9858159927662157, 0.9853807003114218, 0.9854795940135952, 0.985593138467885, 0.9851281621224521, 0.9854735131530552, 0.9852971372594549, 0.9851965382055773, 0.9850993183442419, 0.9850196568695, 0.9850281893981924, 0.9850256882538879, 0.9850173169216911, 0.9850115924613237, 0.9850038797880749, 0.9849931187863781, 0.9849830822890623, 0.9849786505517458, 0.9849781206371937, 0.9849713446960554], "medianabsoluteerror": [2.558382511138916, 2.124539852142334, 1.9622621536254883, 1.887918472290039, 1.7937288284301758, 1.7269151210784912, 1.6800622940063477, 1.6274638175964355, 1.5851221084594727, 1.5559735298156738, 1.5147242546081543, 1.4818596839904785, 1.4724771976470947, 1.4407958984375, 1.4226694107055664, 1.3885769844055176, 1.3654391765594482, 1.3477749824523926, 1.3306288719177246, 1.3321480751037598, 1.3096671104431152, 1.3032312393188477, 1.2887392044067383, 1.2666420936584473, 1.2536306381225586, 1.2333159446716309, 1.2257132530212402, 1.2154898643493652, 1.2146215438842773, 1.2047405242919922, 1.2082056999206543, 1.1916193962097168, 1.1860613822937012, 1.176623821258545, 1.1654305458068848, 1.1607747077941895, 1.1461749076843262, 1.137331485748291, 1.1063284873962402, 1.0915546417236328, 1.0876145362854004, 1.0817265510559082, 1.0573055744171143, 1.0397543907165527, 1.0670318603515625, 1.0359201431274414, 1.017686128616333, 1.0136418342590332, 1.0105552673339844, 0.9955694675445557, 0.9868707656860352, 0.9779000282287598, 0.9630312919616699, 0.9590444564819336, 0.9397430419921875, 0.9362826347351074, 0.922846794128418, 0.9240870475769043, 0.9497241973876953, 0.8958442211151123, 0.9060244560241699, 0.9056930541992188, 0.8876490592956543, 0.8883090019226074, 0.8987727165222168, 0.8793857097625732, 0.8840570449829102, 0.8770813941955566, 0.8719501495361328, 0.8647761344909668, 0.865654468536377, 0.8628082275390625, 0.8649859428405762, 0.8531570434570312, 0.8621149063110352, 0.8579497337341309, 0.8399219512939453, 0.8603367805480957, 0.8440413475036621, 0.8502097129821777, 0.8338818550109863, 0.8386955261230469, 0.8376011848449707, 0.8415195941925049, 0.840120792388916, 0.8322067260742188, 0.8388035297393799, 0.8356800079345703, 0.8356647491455078, 0.8375201225280762, 0.8348488807678223, 0.837000846862793, 0.8353047370910645, 0.8333854675292969, 0.8361754417419434, 0.8331971168518066, 0.8349578380584717, 0.835505485534668, 0.8349790573120117, 0.835230827331543, 0.8327794075012207, 0.833137035369873, 0.8347220420837402, 0.8362927436828613, 0.8367047309875488, 0.8364500999450684, 0.8361659049987793, 0.8357033729553223, 0.8357987403869629, 0.8358173370361328, 0.8354001045227051], "mape": [0.5965183787811342, 0.5012847899083737, 0.462054586609908, 0.43645584528643294, 0.41665436692587005, 0.4041126898019118, 0.3917808564082307, 0.37674690851828296, 0.36623717121498517, 0.35835963722062636, 0.3501730030568915, 0.3433456521024152, 0.3372839808874012, 0.3308084442051299, 0.32956471096016904, 0.3233538253494906, 0.3165430582608467, 0.3127529957496784, 0.31001290113006336, 0.3100149274461571, 0.3030937697973151, 0.3042972373016359, 0.30033184452578954, 0.29634726460100863, 0.2895893301812815, 0.28904104145449955, 0.28609628371657314, 0.28492069419356536, 0.2824441522617517, 0.2774997824468454, 0.27977828804837823, 0.27594545707607765, 0.2709244972276478, 0.26868496197483405, 0.2674288487751171, 0.2663740521142754, 0.26349943308732793, 0.25970519589409685, 0.2623876566417753, 0.2556913435356813, 0.25787069984285227, 0.25613936841497104, 0.25144765246993006, 0.24682300522576525, 0.25209206533347767, 0.24812877079058943, 0.24076466123072787, 0.23791464403436294, 0.23897147960505577, 0.23541724953825244, 0.23210994026661186, 0.23307254958620352, 0.23048689796390626, 0.22888916238064227, 0.23343388645270716, 0.2296824553618122, 0.22543539211762742, 0.22793515643356047, 0.21935240776484152, 0.21938122336813384, 0.22202185480269743, 0.223762939648797, 0.21749658238010333, 0.21688035939885622, 0.21447572267713363, 0.2180184502885757, 0.21394976013391775, 0.21212790460623454, 0.21299962963483757, 0.21235007721953664, 0.21352339441998555, 0.2120493556146818, 0.20804483118178208, 0.21020275219646464, 0.20693876512919007, 0.21450902597353316, 0.20686097408196905, 0.2038812434868603, 0.2076629990482883, 0.2041985565936119, 0.20814003650421523, 0.2046305111836455, 0.2045727096490446, 0.2036619200054354, 0.20387329979716873, 0.20639658468044203, 0.20346046003557447, 0.20452666485719345, 0.2041568875297212, 0.2035009803467609, 0.20337666761722284, 0.20354754094599778, 0.20295230667793615, 0.20308900756585027, 0.2035088247584261, 0.202937521942817, 0.20360999835142995, 0.20343866267981808, 0.20332812428579855, 0.2032245465674124, 0.20315406365392313, 0.2031698987065345, 0.20320248879625272, 0.2032180658061266, 0.2032428971106101, 0.20323659330377603, 0.20323058115286213, 0.203215348898806, 0.20322364589336386, 0.20322399770694696, 0.20321489576542542],