{"bestEpoch": 32, "lastEpoch": 42, "mae": [0.704019174201774, 0.6586480312258998, 0.6389410411122541, 0.5962141194848846, 0.5196942131997943, 0.5101551825197026, 0.5073853777710297, 0.5111014241243979, 0.49808611887875676, 0.4990926553855297, 0.49674202948312496, 0.5220112521789361, 0.49323218124553836, 0.48740167814232405, 0.49919016108068426, 0.4911433892321975, 0.49748314532795607, 0.5280787609010583, 0.4852959179032104, 0.4816028087886068, 0.4827987663037001, 0.4810748053790887, 0.48233027508536386, 0.4811412194628212, 0.4835611755457806, 0.48104484723978536, 0.48220814418352104, 0.48148293364894434, 0.4810285366778054, 0.4807303401529831, 0.4805521805078196, 0.48055953045934835, 0.4803273390440412, 0.4809874544374406, 0.4809009862002147, 0.48089567920525067, 0.48071226888849317, 0.48066196603834654, 0.48064393115061116, 0.4806486544541916, 0.4806340279078828, 0.48063222259696464], "medianabsoluteerror": [0.6183954000473022, 0.5596194911003112, 0.5362821197509764, 0.5010252833366393, 0.4303002476692199, 0.4205479621887207, 0.4185355663299559, 0.42127275466918945, 0.4084096431732177, 0.41073826551437387, 0.41298479795455934, 0.42877086162567135, 0.4114843797683716, 0.40349539518356337, 0.4151542544364929, 0.41191538572311404, 0.4107533216476441, 0.4391617894172669, 0.40078013420104996, 0.39951875209808363, 0.4008809447288513, 0.3986224174499513, 0.3999876379966736, 0.39946279525756845, 0.40001330375671384, 0.39872241020202637, 0.39966759681701647, 0.39928689002990714, 0.3991395092010498, 0.3982930326461793, 0.39812683582305897, 0.39837672233581534, 0.3982957935333252, 0.3990590691566468, 0.39939356327056896, 0.3991078615188598, 0.3989761233329774, 0.39879878044128425, 0.3984974145889283, 0.39842478752136246, 0.3985806226730346, 0.398541784286499], "mape": [0.3307414090581029, 0.297316522905664, 0.2916779326667653, 0.2816763587052852, 0.2820997903791946, 0.28017464050605606, 0.27932459753826305, 0.26392962619195603, 0.27959466369111285, 0.2614484388259247, 0.2722817728472655, 0.25937675622530887, 0.2765709492908941, 0.2649223559240886, 0.26001055127410055, 0.26834386845738784, 0.2614729277146764, 0.2615281814389688, 0.25976615603495207, 0.2672055992692608, 0.2696066436350866, 0.2656970245878476, 0.2709969831879447, 0.26389551121762683, 0.262749196486021, 0.2643263553413572, 0.26671546622980963, 0.26757930521539475, 0.2681676590102987, 0.26806894044662466, 0.2675803409766146, 0.26852227236470555, 0.26752834427277, 0.2695558506789, 0.26914304469921185, 0.268928805294899, 0.268752246976386, 0.2684599008952145, 0.26847525942870176, 0.26859323658320783, 0.26849018591869983, 0.26855442641693], "mse": [0.7680644818578657, 0.6984519178182415, 0.6658039990518922, 0.5836301762962103, 0.44586433859618113, 0.4303840022770316, 0.425610956073538, 0.43773272670155017, 0.41065258960068496, 0.4168943408622888, 0.40567266649437556, 0.4599459574840477, 0.3981929211171974, 0.3936429139494997, 0.4136390305512195, 0.39419153512815885, 0.4109969234281134, 0.4639644708365487, 0.39173760014392, 0.3813564834345944, 0.38180257460913514, 0.38130709463020473, 0.38048096795040015, 0.3813210250483889, 0.3860166339368075, 0.3808784822185942, 0.3815597557067832, 0.3801300390154686, 0.379098231869564, 0.37886343410326934, 0.3787641829399654, 0.37825899111143557, 0.37856582244018566, 0.37840931766465563, 0.3783601095788097, 0.3784862269444637, 0.3783027814469118, 0.3783292358515262, 0.37836710838275855, 0.3783419085239886, 0.37834528046965393, 0.37831409288637974], "recauc": [0.8362719013200968, 0.8468210222319338, 0.8514036378840291, 0.861338986151593, 0.8791323422537667, 0.8813499011297424, 0.8819936966991601, 0.8811311798595399, 0.8841567346298447, 0.883924564619575, 0.8844688864630602, 0.8785956125178879, 0.8852910438345771, 0.8866426112112291, 0.8839020569642061, 0.8857720253395354, 0.8842991628228991, 0.8771860839807859, 0.8871326463323286, 0.8879905423037748, 0.8877124624844326, 0.888112842694553, 0.8878207402360346, 0.8880980707540467, 0.8875349358300673, 0.888119958937524, 0.8878495724397584, 0.8880179829478857, 0.8881236217174343, 0.8881929972701395, 0.8882345098356218, 0.888232801386196, 0.8882866970305187, 0.8881330425654155, 0.8881530765725464, 0.8881543653284407, 0.8881971931456212, 0.8882087590938739, 0.8882131531579678, 0.8882118283677802, 0.8882153162753857, 0.8882156649601631], "f1": [], "aucrecauc": 0.994092378372618, "aucloss": 0.4189157083331802, "convergence_rate": 0.8991066953293654}