{"bestEpoch": 79, "lastEpoch": 89, "mae": [849.0127317096643, 752.9634385329427, 663.8501728536892, 585.2610359453137, 512.4843923002406, 447.4406578698183, 390.87566041929864, 340.896936515897, 298.40790532058793, 261.5786377426389, 230.17262370951852, 204.66384911474302, 182.66937058038775, 164.74889484987614, 150.71360379837154, 138.7023692799271, 129.92870525279514, 121.96550256067015, 115.27771501776735, 109.78093528684609, 106.64219861544214, 102.2102680961551, 99.0416936621273, 96.62034133985416, 94.30908461216436, 91.29010700125232, 88.55759011104861, 87.23067928615858, 85.8518521382442, 83.92929820983449, 82.27533924309954, 80.9561433868241, 79.66000301440972, 79.07277907390625, 76.86742646197338, 75.8112659977963, 75.71212197298149, 73.39422297475116, 71.6012751303368, 70.35925268741897, 69.77502740860764, 69.57475702755787, 69.19893926516087, 67.89123782212964, 67.74532735840626, 67.23679088096297, 66.5496611611632, 66.77568924641898, 65.85237591533334, 64.96731688690971, 64.49414291413657, 64.37921432975811, 64.099061950603, 63.3635014218125, 63.43631097393403, 62.99134540673958, 63.21109911409259, 61.366400275943285, 61.648694184772, 61.12285148391319, 61.92497767714699, 61.96477867554513, 61.20502079064699, 61.92845338991666, 60.82036761534374, 61.36001230904862, 60.11337031072916, 61.964346908541664, 59.31099281629629, 60.855859187869214, 60.91377484173958, 60.41815873978588, 60.74144762102893, 60.65241344161922, 60.78909672775694, 60.680125771625, 60.64354001496991, 60.63911049023032, 60.55285712651505, 60.61305218583218, 60.67341485220949, 60.693924455074075, 60.72362689258564, 60.7057724549294, 60.70692223068171, 60.6937974476956, 60.71431021534607, 60.71308312839584, 60.71169508947801], "medianabsoluteerror": [752.1697385351563, 668.5682981601562, 593.2690428515625, 526.2074587304687, 463.62292433593757, 406.7331541796875, 356.7991940468751, 312.29028367187493, 274.26171921874993, 242.09265107812507, 214.1556392421876, 192.14501953125, 172.96984857812504, 156.5582272421875, 143.8669435390625, 132.5241701015625, 124.034546078125, 116.09533685156248, 109.73571730468757, 104.28381300781257, 101.2413330078125, 96.935668765625, 93.78222691406245, 91.37060500000007, 89.17749028906246, 86.37646443750009, 83.96850597656248, 82.50927704687501, 81.20849649999991, 79.35131842187502, 77.74389607031253, 76.47692912499997, 75.19030732031251, 74.65991187500003, 72.50964350000004, 71.34094221093756, 71.18994187499993, 68.80957060937499, 66.98278796875002, 65.67419415625, 65.04138142187503, 64.8413087734375, 64.44824207031252, 62.89416533593749, 62.73669398437505, 62.11865234375, 61.34106481250001, 61.59448253906248, 60.59802281249995, 59.48266560937509, 58.87988240625009, 58.74169881250009, 58.38671834375009, 57.49389612499999, 57.573486156250056, 57.16235310156253, 57.281005687500056, 55.16589325781251, 55.458374195312444, 54.81396472656252, 55.83960001562491, 55.91906696875003, 54.94372605468743, 55.91723591406253, 54.3879390390623, 55.14465367968751, 53.33471708593743, 56.02905309375001, 52.289672617187534, 54.50732375000007, 54.59387160156257, 53.90478527343748, 54.38244640624998, 54.22326619531259, 54.37976055468789, 54.27404774218758, 54.21972615625009, 54.21118123437509, 54.03796346093759, 54.15588338281259, 54.26831012499997, 54.30798351562498, 54.35192882812498, 54.32543957031248, 54.32727062499998, 54.30773937499998, 54.33801281249998, 54.33618175781248, 54.33410656249998], "mape": [0.5140148639563252, 0.45509456877237453, 0.40043430410426023, 0.35224627241109907, 0.3076790895302767, 0.26800957145993537, 0.23374736651060674, 0.20364555067622886, 0.17815429631144367, 0.15611513032481455, 0.13738037642411746, 0.12226097385172296, 0.10929179180983677, 0.09879931524617086, 0.09065737649008582, 0.08375040970944175, 0.07874912173722474, 0.07422276091503062, 0.07042390300738463, 0.06730854825161449, 0.06553551478584711, 0.06303261925984782, 0.06124881307367638, 0.059888439384168275, 0.05859130904984768, 0.05690090748876815, 0.05537782926123167, 0.054642233321014554, 0.053877911649341435, 0.05281164871104034, 0.05189480752365931, 0.05116630392442988, 0.05045127058587697, 0.05012847123762891, 0.048910715834052806, 0.048329462225471874, 0.04827606997084932, 0.04700099106925624, 0.04601568061148023, 0.04533445084434701, 0.04501521535087719, 0.04490576313893476, 0.04469958296311177, 0.04398609890378826, 0.043905962348097814, 0.04362889307609888, 0.04325449585490305, 0.04337582973632373, 0.0428739292457872, 0.04239417361106576, 0.042137590285098434, 0.04207357251113827, 0.041920823239561686, 0.04152346898326968, 0.041560372668871345, 0.04131927884892818, 0.04143485708121654, 0.04044658655072363, 0.04059452900595803, 0.04031154072469852, 0.04073654032735809, 0.04075471988715223, 0.040347423835465336, 0.04073000428054635, 0.040136733133960184, 0.04042164683703959, 0.03975458393753687, 0.04073931010453315, 0.0393236515112883, 0.040143103151612125, 0.04017198081509291, 0.03990573651584361, 0.04007592699585875, 0.04002799673203275, 0.04010039028107683, 0.04004184795224716, 0.0400216821570877, 0.04001924298578406, 0.03997312572490205, 0.04000514150984885, 0.04003723098591851, 0.0400480718901135, 0.0400638303127116, 0.040054289016963764, 0.04005488343921763, 0.04004785882502569, 0.04005879544407753, 0.04005813697127623, 0.04005739308063687], "mse": [801065.0557165338, 632084.8148323349, 493302.3856417885, 385264.4778161188, 297146.75639313256, 227914.61128318767, 174912.48366427716, 133817.64206232873, 103224.2273537752, 80003.55731779512, 62610.67276740844, 50065.78679763075, 40399.96159282888, 33288.84354263918, 28166.49641261052, 24092.960434753368, 21298.924297553116, 18909.716074827884, 17013.677845595917, 15527.474077349654, 14711.697200264722, 13606.729113696465, 12841.983276779885, 12272.972305561585, 11740.6064405591, 11066.408613591746, 10475.37008686386, 10193.54190943917, 9906.968886714161, 9516.828667852671, 9189.30052982611, 8933.430047826712, 8687.224463734945, 8575.697279472553, 8174.933383065242, 7987.134622790838, 7967.199873154631, 7572.91689158496, 7278.862577905642, 7080.322780600751, 6987.712282917108, 6954.560396819435, 6895.505961733395, 6698.9574376062865, 6675.65070551406, 6600.262681220066, 6500.179724730966, 6530.374066784132, 6399.03512839373, 6276.332068761817, 6211.430729343842, 6194.571698810942, 6156.086680111154, 6059.252263791084, 6067.15453293568, 6009.14923675951, 6035.626163993401, 5807.54442085587, 5839.714873753929, 5776.168487603174, 5870.533242081036, 5873.948603334347, 5781.911672929525, 5866.938737162528, 5734.5359392951095, 5796.484099021473, 5651.0380033124975, 5867.118762782263, 5559.744641214272, 5733.1213703421445, 5739.285332135489, 5681.140574100572, 5717.676456377402, 5707.11194705227, 5722.818511976435, 5709.965471622075, 5705.4365149911155, 5704.91076770461, 5694.895839316312, 5701.821088707937, 5708.760067845724, 5711.110867955726, 5714.542618391411, 5712.462014148344, 5712.58835107398, 5711.052679126507, 5713.440658937897, 5713.29624426054, 5713.133738802892],