{"bestEpoch": 75, "lastEpoch": 85, "mae": [1726.1408574550844, 1619.2588075527954, 1527.1388586040148, 1445.9472062806099, 1371.9054392246744, 1303.2972530041523, 1243.6196747073495, 1185.7940005356193, 1132.8319941789207, 1076.1348059103298, 1021.565038739106, 972.5311411425347, 921.119515527662, 875.3780319393373, 829.0187657356337, 781.8339763024017, 736.6063511486834, 696.2437343590423, 657.6651815432871, 620.4007836847524, 582.5707418191563, 548.6843918302361, 514.9251717599989, 483.4460502675891, 453.8091494967685, 425.06010383369096, 399.40559448324535, 373.243021783838, 349.32912255119675, 327.1136134183854, 305.9534649270162, 285.3973384804491, 267.2747969763345, 248.85372724266088, 231.55655567559953, 216.34094633682176, 202.58565810589818, 188.90403916415855, 176.3891475985104, 164.4748671263102, 153.53723290333332, 144.37678484152548, 135.59489123451502, 127.27840946306829, 120.10594514257872, 113.84106261935648, 107.54913777826388, 102.73507012510997, 98.17408510025115, 93.19146442287963, 89.79498892773728, 86.4452666148125, 83.38119227088772, 81.06077681573147, 78.85758732662038, 76.48999659560764, 75.04644138283565, 73.11201871051851, 71.91290638808913, 70.68321360742709, 69.77191553829051, 68.93462680176505, 68.30115776279283, 67.91578699431828, 67.04714888276852, 66.36810652944676, 66.33770047856135, 65.67243772808332, 65.66620709712846, 65.06756233068286, 64.83797158143055, 64.9684069124051, 64.40090208323032, 64.31144376806714, 63.482289290812496, 64.28632482736458, 63.91707265632986, 63.3384651617419, 63.55372914068518, 63.45159441223842, 63.46383180692709, 63.311700477665504, 63.2982846971389, 63.29322825506366, 63.31532810026388], "medianabsoluteerror": [1515.7479175268554, 1419.8440566690674, 1338.388786550293, 1265.7198942373047, 1199.865371758789, 1139.0852659414063, 1086.129272640625, 1037.686066142578, 990.2760921777344, 942.8784786523438, 894.6908567539062, 852.186523671875, 807.9389041054687, 769.2348633984375, 728.8271486171875, 688.7133793203125, 648.9293209375, 615.1742556054687, 582.46801740625, 550.2802736171875, 517.1124878476562, 489.42913858984366, 461.21508794531246, 433.78021258203125, 407.5452272851562, 382.5742797304688, 361.21691853125003, 337.49316447656247, 316.88940453124997, 297.39086955468747, 278.7271727890625, 260.08642595312494, 244.79052751562494, 228.28869600000007, 212.72570795312504, 199.94226057031256, 188.97644049218752, 176.68017578125, 166.00500476562502, 155.23876924218757, 145.46862798437496, 137.07482868750003, 128.42663562500002, 120.52612257812507, 113.6651611328125, 107.48583984375, 101.16381853124994, 96.80395537499999, 92.47021460937503, 87.624755859375, 84.47375458593751, 81.05749517968752, 78.05285661718744, 75.98474144531247, 73.87670904687502, 71.73571742187505, 70.35522425781255, 68.21093756250002, 67.11645490625006, 65.6043701171875, 64.90063493749994, 63.91918939062498, 63.37695277343744, 62.772583187500004, 62.15283191406252, 61.19238287500002, 61.18090808593752, 60.74438518750003, 60.63781726562502, 59.7601318359375, 59.44103997656248, 59.769897640625004, 58.86132782812501, 58.92028838281249, 58.07666003906252, 58.87365682031259, 58.407470937499966, 57.79516590625008, 57.89599645312501, 57.95715291406259, 57.822387867187444, 57.62475604687461, 57.590576351562504, 57.60852062499998, 57.53002964062489], "mape": [1.0494886021531942, 0.983163627539624, 0.9260718927904485, 0.8759689453284135, 0.8303954287052472, 0.7883291184552964, 0.7518280058704538, 0.7164813767001887, 0.6842700145247468, 0.6496778709140315, 0.6164098913450609, 0.5866972275561212, 0.5552223015096164, 0.5274456901622847, 0.49931105029610917, 0.47041466031257356, 0.44289065701246966, 0.4183035039674538, 0.39488277203535466, 0.37221465356441363, 0.3490395997729584, 0.3284551819610843, 0.3079450355891674, 0.2887886112201911, 0.2708618708468249, 0.2534705700704814, 0.23808612395024728, 0.22237693228787295, 0.20807752843530863, 0.19479918758748524, 0.18219274083439235, 0.16993210529797156, 0.1591687751175718, 0.1481947665872933, 0.1379183325480968, 0.12892999116673642, 0.12087683965827509, 0.11279549660826814, 0.10547970897466788, 0.09851983068558753, 0.09215190692850946, 0.08688334954226758, 0.08185609130855903, 0.07711616775589385, 0.07304462431095238, 0.06949992769497092, 0.06592379285229634, 0.06320205572859318, 0.060633361412485355, 0.057817421538108656, 0.055930090147962935, 0.054036859770372855, 0.05231010438530409, 0.05104010449820399, 0.04984170061170744, 0.0485130726755831, 0.047732836099926367, 0.04664321983652464, 0.046000583373954296, 0.0453132057930086, 0.04481687692596615, 0.0443613317040351, 0.044033963511480124, 0.04380230717437184, 0.04332923999228332, 0.04295365137744339, 0.04294005293016296, 0.04259434087184088, 0.04258004522068678, 0.04223940309571907, 0.04213049885957234, 0.04220050890376537, 0.041891291952425955, 0.04183816807648707, 0.04137179384061702, 0.041823854171257405, 0.04162664852843439, 0.041304220056482994, 0.04145305961399084, 0.04138367459749488, 0.04139503840720944, 0.04130906911228091, 0.0412924096971481, 0.04129033888513727, 0.04129948828799762], "mse": [3290681.2874091016, 2902598.1938072625, 2587275.1591497865, 2323403.795973811, 2094632.8527596125, 1892554.147447784, 1724716.4976409958, 1569445.0791347022, 1433066.24101435, 1294325.9341574332, 1167400.6390141514, 1058341.8236022675, 950798.4539123459, 859290.9403123636, 771210.3764856355, 687225.4454796757, 610837.3873902828, 546574.6013073291, 488277.92946428875, 435234.3023358712, 384868.7448253267, 342104.88473819674, 302000.0031622187, 266981.2864657746, 235803.6250850639, 207411.24304204163, 183483.45273768096, 160605.2169653784, 140975.20063013726, 123935.46794849989, 108706.9605346436, 94892.27200365128, 83531.64145817464, 72753.22336167222, 63337.427393475955, 55579.77230617616, 48990.71360324196, 42918.855858081464, 37686.41338243485, 33022.757201549706, 29035.309419410445, 25837.931896472088, 22968.65548306021, 20377.141267852796, 18272.998893322198, 16522.352351044818, 14860.042128414503, 13655.559520812947, 12560.295777253787, 11422.73315251435, 10681.249813633358, 9985.140206628846, 9360.669347844554, 8909.642008864443, 8498.39644642062, 8069.954194766411, 7821.740793810747, 7489.931815031286, 7291.456230115963, 7093.609634123893, 6947.557211900131, 6823.393790597355, 6728.641513867365, 6663.688977166723, 6535.3806183863835, 6439.039172767768, 6432.854694134987, 6344.3700498907265, 6342.388993041661, 6257.149873483775, 6228.226224694954, 6246.5578521827765, 6168.3334221728155, 6148.336022366065, 6033.498934818191, 6150.240620485233, 6097.548621225239, 6020.354297701388, 6052.7015779843905, 6038.882370949167, 6036.502253857906, 6019.340559394861, 6015.930213420969, 6014.468878034343, 6017.7998332448515],