{"bestEpoch": 38, "lastEpoch": 48, "mae": [0.6924957753332379, 0.5442605682744523, 0.5044175313947958, 0.5060587778379492, 0.4962560227458574, 0.47035806042831835, 0.4665452185426817, 0.45977045501007885, 0.47168961793592873, 0.4690724477150613, 0.4521454259902967, 0.4400993542501512, 0.4709215758473146, 0.4338416904057181, 0.4298138606654063, 0.44709217699630255, 0.44142424327300983, 0.4659466419835613, 0.42563742772342456, 0.44109856691324484, 0.4212242624348074, 0.4635333283851372, 0.42608043359380643, 0.41738916955707767, 0.46523246335426244, 0.41673988602438483, 0.4297685319304468, 0.42306930564142825, 0.4160840810142491, 0.41507506560750024, 0.41334839729358197, 0.41260025989151855, 0.4105193655374122, 0.40967028040408326, 0.4102273405312777, 0.41366078625310565, 0.4126462242223718, 0.41005365225778456, 0.40970112799810215, 0.41015789655442514, 0.4101665234339059, 0.4108229321939775, 0.4104389438419698, 0.4104692154617997, 0.4101355729298872, 0.41100176377674774, 0.41077247051802734, 0.4102587365327386], "medianabsoluteerror": [0.5377401232719421, 0.42914254069328306, 0.3987236380577088, 0.4082076072692872, 0.38609630942344664, 0.36074449717998497, 0.34590161681175224, 0.344596518278122, 0.3411746740341186, 0.3648745107650757, 0.34395523190498356, 0.3321294331550598, 0.3684340000152587, 0.3200221598148346, 0.32214926719665526, 0.33225718975067137, 0.33640392303466793, 0.35316395163536074, 0.31911084234714504, 0.3404848575592041, 0.3073451352119446, 0.359274287223816, 0.3191904759407044, 0.31150133192539214, 0.3709865748882294, 0.3059106373786926, 0.3314110946655273, 0.3220516157150269, 0.31237336635589597, 0.3106032109260559, 0.3069931256771088, 0.30659111499786373, 0.30377305388450626, 0.3014273953437806, 0.30402772128582006, 0.3086019074916839, 0.3078000438213348, 0.3039147078990937, 0.30354539752006526, 0.3034576201438904, 0.3038884401321411, 0.3037092626094818, 0.3034741044044495, 0.30375549793243406, 0.3032912790775299, 0.30447808861732484, 0.30412155389785755, 0.3036998152732848], "mape": [0.862335213392335, 0.7173025988450542, 0.7009304176054304, 0.7451402041762456, 0.7005858406722724, 0.6492155908338487, 0.5503907267855629, 0.554249418790932, 0.5298734661606309, 0.6400813351474692, 0.6226256886870903, 0.584807005073449, 0.670731400955125, 0.5662618984166102, 0.5750219196880721, 0.6028310653935243, 0.6184593931695189, 0.49439574092260624, 0.5438432417779737, 0.630130779939903, 0.541836072344868, 0.6455761423837981, 0.5834076674375741, 0.5408917414171112, 0.6704913084231953, 0.5129458937545953, 0.5729125652760231, 0.574994641157398, 0.5648097094469456, 0.561088194940858, 0.553876251774181, 0.5377829100126786, 0.5356739169121147, 0.527823015977373, 0.5145659687585179, 0.555643142026307, 0.5409320948285381, 0.5348141464100452, 0.5297617714223563, 0.5341814562749768, 0.532784024764873, 0.5385149621296503, 0.5354438624022958, 0.5365988092086799, 0.5332834553700914, 0.5406634963077764, 0.5393361472319882, 0.5350226961035366], "mse": [0.8486019115920729, 0.5161695822544822, 0.4419036098947906, 0.43166701207145686, 0.4302359079794343, 0.3925582476998553, 0.4031424382948762, 0.38691230275145283, 0.4218269169341764, 0.38505089686571087, 0.36442228088541184, 0.3503561268957866, 0.3819026196718342, 0.3490327614398397, 0.3342875774777482, 0.3636934600137166, 0.3469787255510584, 0.39362182515594685, 0.33052395931668216, 0.3411829890666385, 0.3314893789354762, 0.37549711354777154, 0.327488786692553, 0.3191920521714467, 0.3671852406112637, 0.323730466115843, 0.3261348772815087, 0.32099276709231706, 0.3129599259446585, 0.31254066561318716, 0.31222479917028634, 0.31103952399822854, 0.3100840228098169, 0.31057481109488494, 0.31059893038053243, 0.31202218151045524, 0.3102640301026306, 0.3088190973314517, 0.3088677956668914, 0.30936386247337594, 0.30901765113658436, 0.30973976078688736, 0.30924241580051465, 0.30908924312653985, 0.30907548447236227, 0.3093718626930553, 0.30927349858393394, 0.30908450388509606], "recauc": [0.8389471985716268, 0.8734155285335881, 0.8826837569857795, 0.882300404591129, 0.8845817140214145, 0.8906036036653167, 0.8914906624460076, 0.8930660968232674, 0.8902948081042, 0.8909041208411929, 0.8948438109997864, 0.8976431457573419, 0.8904746453222196, 0.8990996689244208, 0.9000337990074123, 0.8960155082865799, 0.8973350783710676, 0.8916299279844643, 0.9010055431654054, 0.8974114420732319, 0.9020428611801523, 0.8921957366359303, 0.9009120134036066, 0.9029262067214305, 0.8918062454753738, 0.9030768626718602, 0.9000452982902467, 0.9016037265220458, 0.9032289336204304, 0.903464249426506, 0.9038689101424711, 0.9040389444601302, 0.9045256547155369, 0.9047238248820683, 0.904593783968476, 0.9037956442524461, 0.9040308175895309, 0.9046339905914409, 0.9047160662986562, 0.9046099272235184, 0.9046077607902921, 0.9044557731909275, 0.9045444380082059, 0.9045370929402322, 0.9046146929889454, 0.9044139325358634, 0.9044664134600505, 0.9045860809512011], "f1": [], "aucrecauc": 0.9922642418307259, "aucloss": 0.35170622751284975, "convergence_rate": 0.893633154307719}