{"bestEpoch": 19, "lastEpoch": 29, "mae": [], "medianabsoluteerror": [], "mape": [], "mse": [], "recauc": [], "f1": [0.27856302596333027, 0.3155428973046855, 0.28147784797264835, 0.22599749770171554, 0.2583208118375435, 0.2516301528067478, 0.23460229291773277, 0.225765779616784, 0.2506100417830117, 0.28422438527847704, 0.24371924349525054, 0.2862562074307297, 0.27507010671693966, 0.2181289182639877, 0.2903264481871805, 0.29503844052812706, 0.27721395692884854, 0.2641373138665656, 0.28873452551608286, 0.2786832041072692, 0.2849244716866348, 0.2701053792593327, 0.2791660484222906, 0.2682072575457063, 0.27345011250126794, 0.27482658222817863, 0.2739130645464557, 0.2696638670280496, 0.27127242644979205], "f1auc": 0.8505357688825156, "convergence_rate": 0.5158561738811164}