{"bestEpoch": 17, "lastEpoch": 27, "mae": [1138.7353035774306, 793.9951264308015, 520.5481777097963, 335.6180735059143, 212.47720988196644, 136.90508269513194, 97.96527685005324, 76.79779475406251, 67.55534392432986, 63.33749237950926, 61.72591803483912, 59.45462949720833, 60.18176639641898, 60.637289291254625, 58.84302294346065, 58.625543868049775, 55.913804520233796, 57.26551655989468, 56.576035259454855, 54.38772489359143, 55.40643483765741, 54.43178565830903, 54.239415938072916, 54.34095576022338, 53.65514078224305, 53.83521350031134, 53.66869281154745], "medianabsoluteerror": [992.7854618320312, 696.9360352109375, 464.9125975390625, 304.1597897421875, 197.44287097656252, 130.3715816171873, 92.4775388828125, 72.239990234375, 62.897216968749944, 57.79602091406241, 55.80407726562498, 52.90490692968751, 53.637206851562496, 54.447632007812444, 52.14782703125002, 51.92224162499997, 48.38793903906253, 50.36682087500003, 49.041259937499944, 45.91540533593752, 47.51391554687507, 46.147949398437504, 45.78417921875007, 45.9898681640625, 44.93371623437497, 45.23291056249991, 44.96020513281246], "mape": [0.6874903989895942, 0.4780937560442066, 0.311243543721545, 0.1999369820830075, 0.1266714443079113, 0.08256530680437249, 0.06050090866845236, 0.048675232416168675, 0.04360435271274314, 0.041335486901897, 0.04045062012319834, 0.03924523603424374, 0.03960839331397953, 0.03987381271358815, 0.03894379612230397, 0.03880932447807124, 0.037329741148801235, 0.03807386895667786, 0.03769875113276148, 0.03656533459191378, 0.037108661563994366, 0.036575115383617476, 0.03648225758701449, 0.03654656383395297, 0.03619900828269493, 0.036287083066307596, 0.03620382222665976], "mse": [1449725.5861059004, 707826.1690510836, 308810.69056263356, 130290.62365521409, 53745.34315516138, 23447.40385353085, 12515.052807855882, 8132.216976506081, 6610.842708902564, 6015.270835949469, 5798.3109164318375, 5537.043427785842, 5609.865563295476, 5665.531138449396, 5469.285605614346, 5425.747809837505, 5118.140599273733, 5259.578291441679, 5218.778968048378, 5018.259672755796, 5115.382021626848, 5007.039520177759, 4994.244967881648, 5005.305492843049, 4954.741435457217, 4965.762516249894, 4955.172290059061], "recauc": [0.42006907357402407, 0.5948597674582272, 0.7343877054372103, 0.8287492008460106, 0.8915818248491516, 0.9301434291577306, 0.9500131494630945, 0.9608138147148049, 0.9655301085664122, 0.9676810199538473, 0.9685045097102303, 0.969663144092187, 0.969292055131439, 0.9690599133987473, 0.9699753234582718, 0.9700864160490122, 0.9714698136480315, 0.9707803224766921, 0.9711317353957618, 0.972248350761002, 0.9717278246343153, 0.9722261559489283, 0.9723242990965763, 0.9722723235286492, 0.9726221955528886, 0.9725302456171543, 0.9726156171172673], "f1": [], "aucrecauc": 0.9512752506449189, "aucloss": 79572.96195199952, "convergence_rate": 0.9143669041321341}