{"bestEpoch": 43, "lastEpoch": 53, "mae": [1.602477375449919, 1.2586626901409286, 1.108678770134877, 1.0176208459590252, 0.9374384714736179, 0.8847304061643454, 0.8420981282922684, 0.8058225415311971, 0.7750955381796117, 0.7763352622455475, 0.7629742429217972, 0.7459901369522415, 0.7170135035696531, 0.6991162984345813, 0.696172933581765, 0.6846781361360874, 0.6810938852004402, 0.6773296430517708, 0.6658263499492065, 0.6592761208992253, 0.6567350114042555, 0.6584070409813412, 0.6551007433032564, 0.6563090052017018, 0.6539313140048058, 0.6525709015210797, 0.6512698975781416, 0.6507697171703303, 0.6493555360588469, 0.6550517432516971, 0.6479533769566294, 0.6491578039417469, 0.6489063270141937, 0.6516026761414789, 0.6555927380065185, 0.649173664792968, 0.6492144370709257, 0.6471808708045559, 0.6467082383417404, 0.648427373839947, 0.6461269260885132, 0.6465715879105719, 0.6471203918764774, 0.6470472572024156, 0.6463967774931688, 0.6459119513891752, 0.6460644780177658, 0.6463418610104981, 0.6464594743360657, 0.6466838242546865, 0.6469437658602619, 0.6468358416349422, 0.6467742003242134], "medianabsoluteerror": [1.3525888919830322, 1.0742182731628418, 0.932981014251709, 0.8572769165039062, 0.7984738349914551, 0.7407002449035645, 0.692756175994873, 0.657935619354248, 0.6507368087768555, 0.6416435241699219, 0.6436882019042969, 0.6159415245056152, 0.5829815864562988, 0.5720186233520508, 0.5656571388244629, 0.5694050788879395, 0.5614457130432129, 0.5493254661560059, 0.5487918853759766, 0.5435147285461426, 0.5422472953796387, 0.5421276092529297, 0.53900146484375, 0.5432887077331543, 0.5411720275878906, 0.5370540618896484, 0.5383827686309814, 0.5377302169799805, 0.5364549160003662, 0.5406560897827148, 0.5375723838806152, 0.5387206077575684, 0.541903018951416, 0.5422663688659668, 0.5392575263977051, 0.5385837554931641, 0.5394461154937744, 0.5350894927978516, 0.5352134704589844, 0.5368213653564453, 0.5354247093200684, 0.5384747982025146, 0.5370640754699707, 0.5372776985168457, 0.5356431007385254, 0.5360875129699707, 0.536616325378418, 0.5378618240356445, 0.536318302154541, 0.5379972457885742, 0.5371322631835938, 0.5372638702392578, 0.5375247001647949], "mape": [0.32821349054064314, 0.2596383559828683, 0.2252307655806118, 0.2041367367256164, 0.1909613662126187, 0.17926649715507487, 0.1706696287360484, 0.16405130143959545, 0.1569843312147641, 0.16119788900052842, 0.15981249610620568, 0.1538656085874462, 0.14536884804025374, 0.14224734080337628, 0.13924293651021702, 0.1401249326389185, 0.13965747508640003, 0.138407664101524, 0.13661434871681086, 0.13476527810892747, 0.1342511800573067, 0.13516070704139452, 0.1334663278939577, 0.1344462990448382, 0.13380674649802457, 0.13328073661893255, 0.1326878248401742, 0.1330428526972042, 0.13197961730684613, 0.13502864506141923, 0.1318216711634556, 0.1326618023465728, 0.13262046104023478, 0.13398880780348474, 0.13487884673431255, 0.1319934763856169, 0.13303348612616123, 0.13235551397475995, 0.13220267292707563, 0.13300583355660753, 0.13160657441487175, 0.13191881368763628, 0.13229896899104684, 0.1322755965386507, 0.13187984571780015, 0.13158081004269281, 0.13141729756629633, 0.13172158515561705, 0.13181241317629333, 0.13195173575499472, 0.132126859480826, 0.1320537836627839, 0.13201410400101252], "mse": [4.136228266340402, 2.549762239608551, 2.0039788100185905, 1.7321611259132994, 1.4650648689357666, 1.3235500109346112, 1.1746563243615356, 1.0737270694185197, 0.9653421076083178, 0.9856441250810402, 0.9358705862949463, 1.1379127968614284, 0.8734179776167038, 0.7943450040502096, 0.7902370711565971, 0.7858169624791219, 0.8168943574933099, 0.9149646510024737, 0.734517466214596, 0.7056112531528328, 0.7007672989298918, 0.7032806517673632, 0.6969550463396912, 0.6982977743221757, 0.6939916966733582, 0.6906746570361508, 0.6886557837139912, 0.6877930125604083, 0.6862198481547711, 0.6933909817402915, 0.6824968139913972, 0.6830687069019022, 0.6818470565497259, 0.6867246246315721, 0.6975040998338798, 0.6903863483760254, 0.6818742122448254, 0.67844022482886, 0.6778802686841316, 0.6804082406343024, 0.6777219049392323, 0.6778744302982296, 0.6785136302903766, 0.6784000070110071, 0.6777704423728792, 0.6772272761153633, 0.6779242959731258, 0.6778987809435961, 0.6779691250141211, 0.6781399755256997, 0.6783330574615097, 0.6782390077325813, 0.6781852516132769], "recauc": [0.6358014105564351, 0.7091605144036547, 0.7436372885486283, 0.7649900589097701, 0.78318396549576, 0.7955868364042034, 0.8049946944574307, 0.8132344473719599, 0.8197273383363053, 0.819740436110209, 0.8225462608052774, 0.8294503154400575, 0.8339408606154127, 0.837398690092147, 0.8380837568823825, 0.8411176854039678, 0.8426047204789137, 0.8446879531756816, 0.8452964589284194, 0.8466646012352694, 0.8472566274821783, 0.8468672304923592, 0.8476362740977154, 0.847354543212646, 0.8479084262700215, 0.8482244894589013, 0.8485272317139027, 0.8486427255839212, 0.8489719037128567, 0.8476472261026309, 0.8492974426175883, 0.8490186299783429, 0.8490770292271246, 0.8484499153657213, 0.8475209862215195, 0.8490208787442424, 0.8490045194014768, 0.8494777215448973, 0.8495874475878759, 0.8491877509069137, 0.8497233005140542, 0.8496193079658121, 0.8494924157709283, 0.8495089639413649, 0.84965992308122, 0.8497725330377185, 0.8497370334355783, 0.8496729006920603, 0.8496450915259737, 0.8495931810826123, 0.8495326532309944, 0.8495582307973331, 0.8495724443711108], "f1": [], "aucrecauc": 0.9808717278913784, "aucloss": 0.8862952086302257, "convergence_rate": 0.9251110619861977}