{"bestEpoch": 78, "lastEpoch": 88, "mae": [0.5860744103225614, 0.522307040798462, 0.5331701718534305, 0.5005805720228986, 0.4934193196887001, 0.50104560359251, 0.5037271382856834, 0.5253150682857145, 0.47953286236645365, 0.5085981035955874, 0.47182443923700346, 0.45951595165427517, 0.4694605902997501, 0.44516025193287534, 0.4396071298169879, 0.4503380552302531, 0.445090718898361, 0.44014463574199547, 0.4345664900538669, 0.4368415958695129, 0.43900917506990483, 0.4442342200087125, 0.43517461660059453, 0.43869830290059575, 0.4231766126389746, 0.43731624362978544, 0.42204476626781834, 0.4421357136959417, 0.4338440804332277, 0.4335184197493759, 0.42115019213788646, 0.40558096589704806, 0.4095182940442208, 0.4034249552958877, 0.4113522944866991, 0.40015808879078496, 0.3999738287001842, 0.4025292467718618, 0.39589126470976393, 0.4008803875807485, 0.39490231989554625, 0.39805768679929066, 0.40268920662548396, 0.393782530776597, 0.3943453338921038, 0.3939996579932652, 0.39610538935409056, 0.39416697377518045, 0.39216533619406563, 0.39337360749287525, 0.3922374458419272, 0.3954386867284401, 0.39361524349635485, 0.3940448149573285, 0.3922795093244406, 0.39176906011555424, 0.3917443777654409, 0.39189265429975045, 0.3920805522874091, 0.3918786690717742, 0.39186750076396565, 0.391154335820823, 0.39151029618886013, 0.39183030522873236, 0.3917586941687885, 0.39164400761383505, 0.39172437708118973, 0.39186556527676975, 0.39123746611119004, 0.3916750597456382, 0.39158179612260063, 0.39216811340694774, 0.39214260965647696, 0.3917415580986225, 0.39196814193633306, 0.3918720727577214, 0.3917822790369094, 0.39133525749366604, 0.39133471601467634, 0.3921950006058454, 0.39217119263971884, 0.3917965780237514, 0.3915206925571321, 0.39149663121633105, 0.3917650245316517, 0.39221463164202214, 0.39156789441600537, 0.3914776423128133], "medianabsoluteerror": [0.4995416307449341, 0.42256613016128547, 0.4175574111938476, 0.3969191384315491, 0.4039428412914276, 0.37985565185546877, 0.3941366016864777, 0.43890368461608886, 0.373487890958786, 0.41516940355300913, 0.3674334645271301, 0.3560424298048019, 0.35787354469299315, 0.3445831036567687, 0.34133086204528806, 0.3424695956707, 0.3527403593063354, 0.3410997235774994, 0.3353288805484772, 0.34461639046669, 0.34075831174850457, 0.3480141842365265, 0.3387467980384826, 0.3430988550186156, 0.3222500193119049, 0.340320126414299, 0.33053129673004156, 0.3349238634109497, 0.3278390169143677, 0.32687260627746584, 0.31731396734714507, 0.3151968717575073, 0.32242995023727417, 0.31287613630294797, 0.32575921058654783, 0.30846195936203, 0.30898161649703976, 0.3118288612365724, 0.30465146183967584, 0.31326501488685604, 0.3020338356494904, 0.30722833335399624, 0.3145565509796142, 0.3020349454879761, 0.30368536710739136, 0.30378144741058344, 0.3081849265098572, 0.30251429080963144, 0.29976724863052373, 0.30433152914047246, 0.3033612036705017, 0.3059222745895386, 0.30287941694259635, 0.3038501667976379, 0.3013546252250672, 0.30198220729827874, 0.3000306606292724, 0.30173038482666015, 0.3017344164848329, 0.30198053061962127, 0.30182791233062745, 0.30088574886322017, 0.30138232588768, 0.3005830407142639, 0.3011553800106048, 0.30106909751892086, 0.3005996119976044, 0.30106272697448744, 0.3006658446788788, 0.3010591888427734, 0.3010465371608734, 0.30160758912563324, 0.3014014410972595, 0.30096388816833497, 0.3009927272796631, 0.30171652317047126, 0.3008479714393616, 0.3011750018596649, 0.3014359855651856, 0.302093493938446, 0.30222648978233335, 0.30088936090469365, 0.30095424771308893, 0.3012538015842438, 0.3011741876602173, 0.30174394488334655, 0.3004527276754379, 0.3006616473197937], "mape": [0.8655240508943085, 0.7441232064424838, 0.6973255722879075, 0.6591856973230711, 0.7237767286821027, 0.5837305272778172, 0.6406821130822324, 0.8284791065355916, 0.6484799151163739, 0.7227866803751372, 0.631140897060991, 0.5922578417450755, 0.5293241585316634, 0.5925074361931427, 0.5871479336269805, 0.5534295427798712, 0.6319177390715968, 0.5749184946037389, 0.5609709469817792, 0.5968974443746113, 0.558504794908114, 0.5797963744090117, 0.5873966993060389, 0.6026441147231328, 0.5478319629550785, 0.5407199816712887, 0.574719742316569, 0.5174724861605953, 0.5268345897900243, 0.5185369077676965, 0.5268478211614932, 0.5531625239760778, 0.5695172824636011, 0.5463071852318919, 0.5787702016551993, 0.5316456345981218, 0.5307067547176717, 0.526583680529368, 0.5240044868159804, 0.5471017533288177, 0.5190187479360029, 0.5232685555463666, 0.5601673227445176, 0.513409427728233, 0.5281240693677279, 0.5260931210439448, 0.5414085984534412, 0.5178953756300819, 0.5158008295869622, 0.5346442646291081, 0.5161608003952831, 0.5345802414805831, 0.5224452610869895, 0.5249976538446627, 0.5153367291416041, 0.5208716499681981, 0.5161098739682075, 0.5131648488363024, 0.518303088528081, 0.5178526150620283, 0.5168996068816349, 0.5174397024672565, 0.5164552137606236, 0.517987645581897, 0.5173285035939216, 0.5165932716070782, 0.5163734242153448, 0.5177445639507037, 0.5168153298185154, 0.5172762857401341, 0.5173929934542809, 0.5192098950615496, 0.5175324524128483, 0.5170092263566358, 0.5173162416576369, 0.5175702381967682, 0.5169105172747457, 0.5156698121855002, 0.515691170768277, 0.5168839225851307, 0.5174115880410735, 0.5165361736202512, 0.516221622470639, 0.5149242051696916, 0.5163010059904165, 0.5183383997994039, 0.5154225230769326, 0.5169851748963966], "mse": [0.5456508438953823, 0.4574048753360525, 0.493622062020027, 0.4302688647738806, 0.404787747525339, 0.45317729916571176, 0.439991180257744, 0.44392189625865713, 0.404336978314633, 0.42915364058108973, 0.39376686107859016, 0.3742880082916631, 0.39490186854292086, 0.35134692745607277, 0.3384717312851365, 0.36440507092651486, 0.3431588884414648, 0.3416038321771035, 0.33494832084967496, 0.33061340506944736, 0.3378508253213273, 0.346450372572642, 0.33064322317694556, 0.33389877858591493, 0.31988146657997873, 0.3310089892055357, 0.3091881182811265, 0.3489006709293078, 0.3381277454546048, 0.33896734376310983, 0.3198285168604642, 0.28767718897544586, 0.2886716844515071, 0.2859893695074403, 0.2894719754936395, 0.2817097910887244, 0.28116467435721676, 0.28242273890267694, 0.27607893212972384, 0.2783696923254162, 0.2774026830497582, 0.2782270008508105, 0.28077948399136937, 0.2746072645999784, 0.27278731133832285, 0.2731411380884034, 0.27322367370018197, 0.2732372553372744, 0.2722337534437344, 0.27190311297407993, 0.2710179916757147, 0.27346121765085596, 0.27251539312032813, 0.27199149371560155, 0.271719064299863, 0.27051065715184747, 0.2706761362384609, 0.27064987918124267, 0.27065450925666884, 0.2707260568949692, 0.2702975724227545, 0.27011733589255077, 0.2702060937782561, 0.2705388049983272, 0.2705112794748356, 0.27051712722767196, 0.27080719694405525, 0.2707154631087533, 0.269961388643026, 0.27078915295267836, 0.2700520331152094, 0.27122044030945114, 0.2709952630268643, 0.27089150933875833, 0.2710298110081591, 0.27030761024908284, 0.2708101883627966, 0.27056203387316263, 0.270069720883334, 0.27093636441652874, 0.2710213763909491, 0.2706258716622924, 0.2706187608108555, 0.2704310750518534, 0.2702370693107185, 0.2709150170003672, 0.2705445940287234, 0.27018159108028333],