{"bestEpoch": 35, "lastEpoch": 45, "mae": [0.5939357354392966, 0.5041342887361149, 0.5363353466684778, 0.4441837263483793, 0.4592821822312129, 0.4554630704978631, 0.449458776697276, 0.4417227654370335, 0.4251178426919342, 0.4444496431917085, 0.4535973451000859, 0.41166292185681896, 0.4266419775740535, 0.3947685415540984, 0.4073565168721218, 0.4221532476693136, 0.43904060487521296, 0.3929996015360132, 0.38051948422956744, 0.37721536489356394, 0.3736178121164088, 0.3704563901877019, 0.37129064380529203, 0.3661675629974271, 0.37180642168259154, 0.36437522616126145, 0.3666305503524377, 0.36678847945763654, 0.370815241905655, 0.3685120343752755, 0.36745124807727736, 0.36827568004436606, 0.3627743846233301, 0.3657120924162938, 0.3661276598464489, 0.3661572914372348, 0.3656287216215333, 0.3652873438656064, 0.3670765318250149, 0.36616230542987965, 0.3636334805074444, 0.36620048947895756, 0.3648221534509001, 0.3683509718622901, 0.3645466223558609], "medianabsoluteerror": [0.491060733795166, 0.4036078453063965, 0.4246387481689453, 0.3509030342102051, 0.35460329055786133, 0.3485603332519531, 0.36403799057006836, 0.3594551086425781, 0.3345351219177246, 0.3516349792480469, 0.3557896614074707, 0.3238387107849121, 0.3405580520629883, 0.31234240531921387, 0.31504178047180176, 0.3114147186279297, 0.34980249404907227, 0.3081986904144287, 0.29817676544189453, 0.2987551689147949, 0.2927584648132324, 0.2886536121368408, 0.29162073135375977, 0.29098987579345703, 0.29642724990844727, 0.2883594036102295, 0.2898061275482178, 0.289186954498291, 0.2883739471435547, 0.29411840438842773, 0.2913331985473633, 0.29201841354370117, 0.28159523010253906, 0.28517723083496094, 0.2881321907043457, 0.2885556221008301, 0.2867622375488281, 0.28467845916748047, 0.2854347229003906, 0.2882676124572754, 0.28513097763061523, 0.28745174407958984, 0.28324413299560547, 0.2898874282836914, 0.283017635345459], "mape": [0.12700080705410616, 0.09928252414303873, 0.10417941060451116, 0.09000865754864938, 0.09217462267390192, 0.09108839668335979, 0.09233738876670171, 0.09179606785813196, 0.0850068976624925, 0.0871088506947497, 0.09355815481438963, 0.08375564400105866, 0.08516153978477649, 0.07978052065191565, 0.08470907567919204, 0.0839449884122839, 0.09102284925465297, 0.0802446941801292, 0.07657277346846147, 0.07606776143210048, 0.07608884207164845, 0.07576202158189328, 0.07540050618221786, 0.07500739183185567, 0.07685648439772996, 0.07424417748045631, 0.07475740011839328, 0.0748451206150428, 0.07599317884111025, 0.07484201134422995, 0.07442147939493318, 0.07532161877905724, 0.07370476774409812, 0.07437584116103074, 0.07441472522440579, 0.07460461444012483, 0.0744678329958632, 0.07426270288905693, 0.0747178092476097, 0.07446602333211468, 0.07405163068369676, 0.07448749337400766, 0.07428500446031681, 0.074900161777254, 0.07420237534986429], "mse": [0.6225259274715857, 0.44309937636495045, 0.48492701958530876, 0.35147849609278425, 0.475271703638321, 0.5501265013609056, 0.37049047533940344, 0.3367918887771815, 0.34229239729451183, 0.3455124321298944, 0.5641967687598659, 0.3061099820946669, 0.32099712082730325, 0.29319880503990253, 0.36423144563776133, 0.4587114942186579, 0.4661241153857846, 0.2863868682818356, 0.26011261753601495, 0.25341206280805667, 0.24691490256046764, 0.24349980118823047, 0.24570859820096572, 0.2376760867396658, 0.24190882849738615, 0.237180737413006, 0.24128311797941646, 0.2408039788534334, 0.24320748090120675, 0.24382500976360824, 0.24237886774703904, 0.2410430021995594, 0.23709696202348543, 0.2411469710939323, 0.2411194565544081, 0.24049927953644862, 0.23870008744953364, 0.23669017905072262, 0.24125071846220203, 0.240657399490803, 0.23719227055030653, 0.24171282055984125, 0.23962507346540327, 0.2430634401940497, 0.2382027348045803], "recauc": [0.862828095373904, 0.8828513472699827, 0.8752591874360798, 0.8967261642058472, 0.8947078538955852, 0.8963848839398186, 0.8958380046724205, 0.8973219670061754, 0.9013938640688649, 0.8966294329398611, 0.8970265203657338, 0.9043564157308283, 0.9007700804409312, 0.9083446621352832, 0.9062629915583388, 0.9035746520069102, 0.8996027992775247, 0.9087523239107296, 0.9114978954126103, 0.9122669390179663, 0.913103479932614, 0.9138389465448434, 0.9136445913729718, 0.9148365059643623, 0.9135255269433569, 0.9152537807848756, 0.914728221878144, 0.9146911773223324, 0.9137557250404067, 0.914290416339952, 0.9145374372658688, 0.9143455883521755, 0.9156250159859789, 0.9149430047707826, 0.9148452607018341, 0.9148382569118567, 0.9149627801777775, 0.9150398561998323, 0.9146250189728895, 0.9148379135888187, 0.9154252706424093, 0.9148282318791442, 0.9151478312953163, 0.914327392231156, 0.9152135089925059], "f1": [], "aucrecauc": 0.9910911652859484, "aucloss": 0.306545931199689, "convergence_rate": 0.8429479298942253}