{"bestEpoch": 6, "lastEpoch": 16, "mae": [], "medianabsoluteerror": [], "mape": [], "mse": [], "recauc": [], "f1": [0.21484326718956231, 0.2746955234029264, 0.2743820535191173, 0.3333437725940493, 0.27365019712678934, 0.31124772464695977, 0.27375517748903216, 0.2889739127895804, 0.2227041417265777, 0.2881523961238799, 0.31891371504046656, 0.2598375085228518, 0.30429441361424503, 0.3443119307204236, 0.34372279242661774, 0.2908445180052258], "f1auc": 0.8451307787888983, "convergence_rate": 0.5881372441011394}