{"bestEpoch": 34, "lastEpoch": 44, "mae": [0.8776056341727165, 0.6929232765627283, 0.6283399074952545, 0.5945049786624981, 0.6650882539493784, 0.5565761605612077, 0.5270512717882465, 0.5258624462012446, 0.5119885096139118, 0.4970455756721078, 0.4883671372034195, 0.472574341084349, 0.48436468371074715, 0.4602891923306613, 0.4745208093729618, 0.46252048936366547, 0.4551274465442399, 0.4429276459330838, 0.469604552344608, 0.45112348499062377, 0.43923928988908845, 0.44025537806444465, 0.4421897831545881, 0.4427781003142729, 0.4357559398568622, 0.44080213595206, 0.43803941266380386, 0.43045751396995047, 0.4394119332592143, 0.43568138588428335, 0.43706547047647465, 0.43780490077732764, 0.434773643852467, 0.4324948920280386, 0.44226931846309603, 0.4334963359989909, 0.4399952570924716, 0.43894818399601526, 0.43785286162507686, 0.43689161512477676, 0.4315120547733641, 0.4342435200190651, 0.4339943108917142, 0.43445810713474997], "medianabsoluteerror": [0.67156982421875, 0.4859199523925781, 0.4423971176147461, 0.42966794967651367, 0.49691200256347656, 0.4065093994140625, 0.39763355255126953, 0.3986358642578125, 0.40348291397094727, 0.38287782669067383, 0.37313270568847656, 0.36951446533203125, 0.3868553638458252, 0.35965967178344727, 0.37891483306884766, 0.37435245513916016, 0.3539423942565918, 0.34625911712646484, 0.3741598129272461, 0.35238170623779297, 0.34381818771362305, 0.34822940826416016, 0.3413674831390381, 0.3425416946411133, 0.3370962142944336, 0.34763669967651367, 0.33542299270629883, 0.32929277420043945, 0.3420424461364746, 0.33929872512817383, 0.3386411666870117, 0.3330705165863037, 0.3421156406402588, 0.335874080657959, 0.33930206298828125, 0.33420395851135254, 0.34526872634887695, 0.3428535461425781, 0.33437204360961914, 0.3284339904785156, 0.32915782928466797, 0.3407440185546875, 0.330869197845459, 0.340303897857666], "mape": [0.1834224190421673, 0.14392246886399543, 0.128877802645504, 0.11998357484812759, 0.13970405584252432, 0.11484109915522266, 0.10853751260611251, 0.10642055441030827, 0.10547548389457259, 0.10158832206502043, 0.09747274311653858, 0.09685171331031188, 0.10073086754400448, 0.09425686028985142, 0.09905513267888526, 0.09562074063132918, 0.09126764716740784, 0.09034502091365067, 0.09863664461120912, 0.08988726562758223, 0.08987143212003863, 0.08932740896981449, 0.0912799058178712, 0.09097768834332523, 0.08906940788072563, 0.08995207916992509, 0.0888453008263849, 0.0874415042470907, 0.08857787382187889, 0.08979775514249189, 0.0890251799975326, 0.08867071548665031, 0.0884903541108883, 0.08800425001973539, 0.08901703354523262, 0.0881525299046306, 0.09027956025584022, 0.08938788207637417, 0.08920289194134841, 0.08881418275454475, 0.08796757286840448, 0.08829779903201591, 0.08847835324744795, 0.08862756951105841], "mse": [8.568985067984261, 5.610738910298939, 3.8530492472636286, 3.544503426572259, 2.653926909222118, 1.542605134619166, 1.0142838748231129, 0.9899908436092021, 0.6977621218611885, 0.5583536732419598, 0.497160141722129, 0.4369235168190675, 0.43143943916422667, 0.39563867105462247, 0.3978228927693984, 0.38136300247438565, 0.3690056411427718, 0.3514627004545212, 0.3837737544823325, 0.36665822567870154, 0.35305962290694465, 0.3479082979790559, 0.35229999463514, 0.35471631798201286, 0.35009704106753764, 0.3575629052993703, 0.3514545438360276, 0.3359838006535905, 0.35238112354142626, 0.3402929398144941, 0.3478330517565552, 0.35021278501603054, 0.3460536596085822, 0.3438200085315801, 0.35865010063677777, 0.347412563681063, 0.3514381765929823, 0.3505896084328617, 0.3537432236903672, 0.35191366962091036, 0.34375109245237756, 0.3472072469631858, 0.3486138013414135, 0.34683259883003037], "recauc": [0.8201251467405581, 0.8576870732044025, 0.868753490522413, 0.8759097330948337, 0.8562816803479182, 0.8779501705749017, 0.8822570722571742, 0.8824586372128459, 0.8837988845228498, 0.8859835348450739, 0.8875998482100185, 0.890743004956177, 0.8878272138920037, 0.8932922300125652, 0.8898285812103351, 0.8925771567887991, 0.8941819344996635, 0.8970357900877626, 0.8908234798763089, 0.8950831918069941, 0.8979200872370107, 0.897641343262373, 0.8971991260231412, 0.8970847136206925, 0.8987163906915923, 0.8975095243818925, 0.8981350246250166, 0.8998945551953067, 0.8978103783601842, 0.8986685657923844, 0.8983470094348949, 0.8981872440591124, 0.8988871424045942, 0.899422451685608, 0.8971523654253513, 0.8992133679554019, 0.8976754867385125, 0.8979088605736647, 0.8981665760122184, 0.8983873155595684, 0.899652375124227, 0.8990145839163388, 0.8990713008822339, 0.8989609225254829], "f1": [], "aucrecauc": 0.9900715928026872, "aucloss": 0.8597992217842131, "convergence_rate": 0.8926991959557977}