{"bestEpoch": 21, "lastEpoch": 31, "mae": [], "medianabsoluteerror": [], "mape": [], "mse": [], "recauc": [], "f1": [0.23631113649072477, 0.2507038005128067, 0.2551327688503284, 0.26161291499817146, 0.2652413467844332, 0.27185072127538173, 0.2709251714178227, 0.27445208254959097, 0.27985290922033784, 0.2783990946185292, 0.2864436044253903, 0.28069167752267227, 0.28458107612754086, 0.28489074213709537, 0.2844539967772418, 0.2885426670181719, 0.2812450601832838, 0.2902070381559904, 0.293632147330736, 0.2891284491506171, 0.29506070479372587, 0.28921898022619363, 0.2958590223421217, 0.29079161528190145, 0.2912416867888736, 0.30092335453264524, 0.2996879660914182, 0.3010983869988546, 0.2998215302750234, 0.2993596246378466, 0.30030570006545704], "f1auc": 0.9413709855283043, "convergence_rate": 0.7275219807862522}