{"bestEpoch": 37, "lastEpoch": 47, "mae": [0.99428049096381, 1.0618085951559513, 0.9208438104417306, 1.0664084725855563, 0.7585563089820265, 0.664720458121729, 0.615958826551356, 0.5881652623583985, 0.5347471789594166, 0.5307962493531718, 0.5268495942532061, 0.49573189689565417, 0.688976232241915, 0.4844706182164469, 0.5039322154200949, 0.49308996256290405, 0.5181267197883146, 0.49555892565776666, 0.5039622566620302, 0.4844617226331359, 0.49453890545425583, 0.48051784826317495, 0.4947859163705815, 0.475437482737949, 0.47180962994864295, 0.5007915647319566, 0.4703834181526862, 0.4718010132062373, 0.4753189857839761, 0.47118439306661514, 0.4730706139920535, 0.46926810704353544, 0.4985706404364844, 0.4727482333665192, 0.47398482324445973, 0.46841219909064663, 0.46582053273370155, 0.46747566825836484, 0.4679956054568305, 0.46694203578437826, 0.4699759714354034, 0.4660940642426016, 0.465847418145391, 0.46616971071483104, 0.4660896012982718, 0.4661628116749919, 0.46609702762401534], "medianabsoluteerror": [0.9488278031349182, 1.0292859125137328, 0.8636087417602539, 1.0350072622299193, 0.6796554923057556, 0.5722083687782287, 0.5197108125686647, 0.4961184978485107, 0.4466200613975524, 0.45214602947235116, 0.44386838197708145, 0.41672024726867674, 0.5997493624687195, 0.4034598350524903, 0.41974736452102657, 0.41499186515808106, 0.4384690523147583, 0.4126728296279907, 0.42182893753051753, 0.4042274594306945, 0.41638928413391096, 0.4031077480316163, 0.41677442073822024, 0.39925474882125855, 0.39416815042495723, 0.4168210434913635, 0.39030492305755615, 0.39328191518783573, 0.39775490522384627, 0.39129405021667474, 0.3901118206977844, 0.3917630791664123, 0.4135089492797852, 0.39405250549316406, 0.3925152540206909, 0.388571012020111, 0.38625202178955087, 0.38914700746536246, 0.38932163715362544, 0.3875880861282348, 0.3913499879837036, 0.38654698133468623, 0.3860796451568602, 0.38596113920211783, 0.38592514514923093, 0.3858854413032532, 0.38589458465576165], "mape": [0.440852384090805, 0.46893322268489696, 0.4080783986318908, 0.47074988566979203, 0.3365858348253633, 0.29699756058717003, 0.2798125603995429, 0.2748990704706414, 0.2607378080673212, 0.26496864343534554, 0.2593902328813732, 0.26340710066166284, 0.3185554321749436, 0.2663957520631994, 0.2601239215822812, 0.2652612471111374, 0.2596919834898522, 0.2664272699045626, 0.2524675045237115, 0.2524693871329221, 0.25668424677953583, 0.25427878987594676, 0.2530616846737061, 0.2593444977407538, 0.2549813978078973, 0.25114604549659153, 0.25419775480242696, 0.25320920870584934, 0.2545942135096135, 0.2508490745469419, 0.2725544038780295, 0.25574128930157053, 0.2500501880271696, 0.25042399199965143, 0.2504281913127196, 0.25305783354641, 0.2560256159760839, 0.25520773130622765, 0.25407733033251717, 0.2557589668434077, 0.253037963109874, 0.25600075920634147, 0.2553954699706396, 0.2554619526964384, 0.2556516300106404, 0.2556088360578471, 0.25596111842859043], "mse": [1.3602763426642999, 1.5135237192135105, 1.194402395868561, 1.5187201786317963, 0.8627489997350644, 0.6958148934598667, 0.6101226197744746, 0.5552474810818903, 0.4676740691297544, 0.44843339944783, 0.44821291980109185, 0.39577102700779704, 0.7279188847979745, 0.3795706537888907, 0.4157452192175362, 0.3905475256309725, 0.4321508122081907, 0.39818966231525554, 0.4119015058839358, 0.3824681101173439, 0.39371593519795417, 0.37387388778551534, 0.3953917674725508, 0.365135028690012, 0.36120530830182523, 0.4093384689620281, 0.3623581886534116, 0.3620666752871603, 0.36619950045852395, 0.36351358744906664, 0.36427259905902626, 0.3579643446839233, 0.4064671048318021, 0.365449764389332, 0.36980810025984856, 0.35935450466808055, 0.35550212634005374, 0.356920322902843, 0.357998991854769, 0.3571203830437366, 0.3608398720153408, 0.35558905395122425, 0.3557562971789075, 0.35617350199843384, 0.35618412367776003, 0.35631947172701045, 0.3562662765744088], "recauc": [0.7687715594500403, 0.7530688319563167, 0.7858497890397748, 0.7519986182205182, 0.8235846336954497, 0.8454058983109959, 0.8567462909658351, 0.8632090636896338, 0.8756332852139862, 0.8765484762413759, 0.8774664164733628, 0.8847032540352929, 0.8397618135981714, 0.8873217315161215, 0.8828175911355707, 0.885318128905002, 0.8794952277220855, 0.8847425123377921, 0.8827884065376569, 0.8873238405820998, 0.8849807069639185, 0.8882418263868692, 0.884922820521635, 0.8894241295605971, 0.8902668741716273, 0.8835282303186869, 0.8906005146315997, 0.890271550151073, 0.8894535165864516, 0.8904154647587178, 0.8899759030839287, 0.8908605492188403, 0.8840466800696432, 0.890052055733317, 0.889763829610887, 0.8910614393430357, 0.8916643778531556, 0.8912789412763495, 0.89115815856521, 0.8914032744251917, 0.8906974548287774, 0.8916005950347058, 0.8916578683640904, 0.8915830929665812, 0.8916016654651773, 0.8915845671931018, 0.8915998701095154], "f1": [], "aucrecauc": 0.9797521844533533, "aucloss": 0.4924337890776355, "convergence_rate": 0.8707495960976033}