{"bestEpoch": 73, "lastEpoch": 83, "mae": [2.1410726523662094, 1.7275312734369108, 1.5592071693966012, 1.4669453559188053, 1.3981210315436836, 1.3433152710232186, 1.294571919352015, 1.2572626954198896, 1.217607283358787, 1.1910575288620209, 1.1723575864565583, 1.1433993588325948, 1.1293773146179815, 1.1120271509164057, 1.0954487293273822, 1.0823655913401777, 1.0716521020355931, 1.056113521829206, 1.0448094121818543, 1.0361931538388693, 1.0282022430299294, 1.0207205615035664, 1.0069160666442256, 1.0013173909660282, 0.9943493594898372, 0.9862610896690363, 0.980353288885518, 0.9713368910367426, 0.9656053281438689, 0.9593121282904603, 0.9527208657675426, 0.9502796403662988, 0.9406723895861889, 0.9422010533348673, 0.9309417173258575, 0.9288587388129328, 0.9226578341745599, 0.9205344777670981, 0.9175032159405905, 0.9142571180628272, 0.9100078083205289, 0.906302920498553, 0.9001179588881937, 0.8986198844433234, 0.9002236526051437, 0.8940563964302485, 0.8915064112188202, 0.8847784060186766, 0.8840411312345896, 0.8800337386371921, 0.8777721468412673, 0.8794197960844413, 0.8772354243245253, 0.8818733671918759, 0.8726104315805934, 0.8725848546439576, 0.8711850170951013, 0.8697666205975655, 0.8706455617655573, 0.8659691224282364, 0.866762070082654, 0.8627843134759126, 0.8628473938067728, 0.8643668174733793, 0.8632843254014054, 0.8633750265594886, 0.8601091025481923, 0.8624741354351837, 0.8620146853262766, 0.8591655263720057, 0.8596196262291694, 0.8646580879207115, 0.8580660413214614, 0.8593885787420606, 0.8605412040092617, 0.8635423478727754, 0.8584576541691603, 0.8593387202255175, 0.8590216968711991, 0.8596025110619324, 0.859668965898185, 0.8597065759615155, 0.8594754925638924], "medianabsoluteerror": [1.6812554323673248, 1.3343978643417358, 1.1918398082256318, 1.1152687287330627, 1.0596815538406372, 1.0132515501976014, 0.9743715780973434, 0.9447119474411011, 0.915119582414627, 0.8941619348526001, 0.8792210865020751, 0.8579743862152099, 0.8490567779541016, 0.8344155263900757, 0.8236307263374327, 0.8132841563224792, 0.8063096928596496, 0.7949160754680634, 0.7858462810516358, 0.7798780512809753, 0.7739079904556274, 0.7676374697685242, 0.7561731457710266, 0.7519051289558412, 0.7479568660259246, 0.7411827051639557, 0.7375150114297867, 0.7308305382728577, 0.7254510879516601, 0.7213381767272948, 0.7154433250427246, 0.7156031012535096, 0.7060848045349122, 0.7083206248283387, 0.6981817942857742, 0.6979524528980254, 0.6905356514453889, 0.6913479852676392, 0.6889062583446502, 0.6865621262788772, 0.6833183979988098, 0.6803744614124299, 0.6758000636100769, 0.6747350692749025, 0.6762891301512718, 0.6709365102648734, 0.6702524423599243, 0.6642099061608314, 0.6640143549442291, 0.6606113028526306, 0.6593291068077087, 0.661219984292984, 0.6595262134075165, 0.6651210808753968, 0.6569226253032685, 0.6570342099666596, 0.6556484508514404, 0.6550896763801575, 0.6557260274887085, 0.6510359501838684, 0.6521173238754272, 0.6478776931762695, 0.6486760401725769, 0.6512209415435791, 0.6498266887664794, 0.6498401761054993, 0.6462734699249268, 0.6487405681610108, 0.6483424836397171, 0.6450929164886475, 0.6454600495100021, 0.6516307234764098, 0.645956552028656, 0.646824996471405, 0.648001205921173, 0.6509969353675842, 0.6466559958457947, 0.6473151326179505, 0.6470247983932496, 0.6473621630668638, 0.6473361515998841, 0.6476949048042298, 0.6475275230407715], "mape": [2.1260603675865313, 1.8302782777392503, 1.6441589113560693, 1.5555134227054976, 1.5027599216833993, 1.457994957793044, 1.411414070026722, 1.3734181939044865, 1.3406534055245314, 1.3199417146890242, 1.3020364633256105, 1.2796604494145623, 1.2712472409291202, 1.2451401584151962, 1.2370530017023547, 1.221985775940052, 1.2170877640886322, 1.200429097318428, 1.1792392615333904, 1.183309216218507, 1.1812400003788905, 1.17452570187917, 1.145408231079338, 1.1462025917721999, 1.1423347644335937, 1.1361014788869732, 1.129295036989333, 1.1123477727693625, 1.1158295575499417, 1.104233425730812, 1.0954805256636249, 1.106518462986921, 1.0813729118933038, 1.1024199596970976, 1.0752624788406995, 1.083484237373834, 1.0576542367088226, 1.0673273949369353, 1.0694053322781256, 1.0676959344071564, 1.0644856691875613, 1.0546327911416298, 1.0398067123042616, 1.0471993108332411, 1.0569635820061307, 1.044467870987876, 1.0417680138845418, 1.0182376022160755, 1.0255717720732618, 1.0227670421779176, 1.0203198282102446, 1.0255170452701836, 1.0226109095481999, 1.0511265528941824, 1.0193549243204505, 1.02406586805316, 1.027418681585125, 1.0213010802372895, 1.0288493153455305, 1.0124408432008896, 1.0163653517166549, 1.0037396245933543, 1.0090826846039236, 1.0162488397686202, 1.0108937898528225, 1.0180618836944653, 1.007680167209569, 1.016230445689624, 1.0187560195422485, 1.0042430183839115, 1.0094306448305859, 1.0262371837811395, 1.0020090598933802, 1.0071507135869955, 1.014813116200821, 1.0249313090525287, 1.0096693515045125, 1.0112461118661564, 1.0096823830071058, 1.0109330420361362, 1.0109274988287933, 1.010771338822451, 1.009866064962153], "mse": [7.951335803903556, 5.274371703082855, 4.365721606715677, 3.8936462248899812, 3.5554725507261122, 3.2999940202932767, 3.0761138842550886, 2.915017868722471, 2.7366905635315497, 2.625163614218041, 2.545904607245539, 2.423383754944955, 2.3642613490614055, 2.2950186288192302, 2.22862335358732, 2.177399265882217, 2.1333476658732837, 2.0724765628706012, 2.0313250115366683, 1.996047797677357, 1.9641354679601533, 1.9359486938679196, 1.8884734631269617, 1.8666312115284274, 1.8391862890577906, 1.8101582716744664, 1.7884575828562999, 1.758329732837823, 1.737187245597426, 1.7153103203495277, 1.6925616131937764, 1.6805469117950278, 1.6515737343067187, 1.650329098802718, 1.6171118222003757, 1.6075013790117827, 1.5901182093253439, 1.5798546081827365, 1.567836719054536, 1.556668490242018, 1.5423100596433545, 1.5314440254324522, 1.5123365189056874, 1.5054836954149704, 1.5080375555974452, 1.4893160901431597, 1.4813445013152726, 1.4631611605921362, 1.4583407530725816, 1.4458432504187622, 1.4378878224672313, 1.4415062455217205, 1.4355661179210966, 1.443844070208791, 1.4200060022275713, 1.4190459362234698, 1.4126225463579178, 1.4089601332264576, 1.4097258407817863, 1.3978266066321037, 1.3996478818534073, 1.3887231830348936, 1.3884971383178446, 1.3913076400812676, 1.3890890604428952, 1.3872904813342497, 1.3772657801828831, 1.3838969016282192, 1.3822186675765578, 1.375567589497379, 1.3756973383357345, 1.3905726681536719, 1.37252469978008, 1.3759542998758127, 1.3784189765741925, 1.3871281725809248, 1.3717518907952484, 1.3745633707844278, 1.3738634181052938, 1.3757085028376816, 1.376042160017218, 1.3761286053481456, 1.3754907387653998],