{"bestEpoch": 1, "lastEpoch": 11, "mae": [], "medianabsoluteerror": [], "mape": [], "mse": [], "recauc": [], "f1": [0.35825948240638544, 0.3449267108873214, 0.31515851934777755, 0.31912482877672665, 0.30449445239533574, 0.3433179803478851, 0.33842795023675504, 0.36128760390078646, 0.32173960225853626, 0.3550730861947254, 0.35598357136862324], "f1auc": 0.9301930719317543, "convergence_rate": 0.5559257215188956}