{"bestEpoch": 11, "lastEpoch": 21, "mae": [0.6922703950572374, 0.6235588271687839, 0.5902873790676827, 0.5711408575406359, 0.5589075983623749, 0.5498340333460365, 0.5441698443263097, 0.5418783178256095, 0.5373441543401469, 0.5398525945567126, 0.5314226695093905, 0.5363230398898609, 0.5307713135541245, 0.5368259632704939, 0.5353504403305718, 0.5362463209092507, 0.5396222073774533, 0.5387092686815225, 0.5399117705508938, 0.5402834320349659, 0.5407290398043604], "medianabsoluteerror": [0.5346359384059906, 0.4833993113040924, 0.45606064677238467, 0.44222011089324953, 0.4320321428775785, 0.4228538632392884, 0.4185732245445251, 0.4157556581497192, 0.4116556787490844, 0.41215330362319946, 0.4040953397750854, 0.409200679063797, 0.40214268088340754, 0.40634675145149224, 0.40529649257659917, 0.40398671865463254, 0.40655515193939207, 0.4062393593788146, 0.40546285867691034, 0.4062371063232422, 0.40675078868865966], "mape": [0.8538711626977623, 0.8057363553414009, 0.7558837931181701, 0.7458472424831718, 0.726085483523337, 0.7201544837719869, 0.709682259087111, 0.7112312576016079, 0.7116302774724184, 0.7118438035744858, 0.6810127635985371, 0.6956646703080596, 0.6690368537691626, 0.6981886659932024, 0.6725024164949576, 0.674840321724129, 0.6873769983218344, 0.6822688273289947, 0.6802124058861594, 0.6801448999211388, 0.6804642095938546], "mse": [0.8483261405313912, 0.6892166656674362, 0.6198068643479602, 0.5784746982068324, 0.5567163547767787, 0.5399451513768353, 0.5299532911909222, 0.527061088143134, 0.5188419013448535, 0.526276489774486, 0.5122502242451612, 0.5215536924189066, 0.5128796747583, 0.5245099132425545, 0.5228598478604656, 0.525947118717157, 0.5328879233717396, 0.5309308676457297, 0.5341965188376183, 0.535212959735441, 0.5361630325999408], "recauc": [0.8390599264337686, 0.8550061885363656, 0.8627420231072505, 0.8671917202703174, 0.8700386758534238, 0.8721550249297022, 0.8734776017237091, 0.8740181029072893, 0.8750637836256587, 0.8745058317675216, 0.8764459528402158, 0.875322727316211, 0.8765991893854277, 0.875219034766397, 0.8755406573825758, 0.8753403001070462, 0.8745652213070595, 0.8747725333953679, 0.8744939771198573, 0.8744102638268945, 0.8743073317578163], "f1": [], "aucrecauc": 0.9943878941689729, "aucloss": 0.551588291611399, "convergence_rate": 0.8688805301400534}