{"bestEpoch": 61, "lastEpoch": 71, "mae": [], "medianabsoluteerror": [], "mape": [], "mse": [], "recauc": [], "f1": [0.012579511058146746, 0.008474402282909856, 0.0065730608234322195, 0.006003669848838705, 0.00986429712754252, 0.01310919625108933, 0.020645445307013188, 0.03196033115287909, 0.0600330991617945, 0.11189158282401859, 0.09887560359733007, 0.11777469215775933, 0.13496397806876087, 0.14326762898622802, 0.15910290960919238, 0.16986165010857995, 0.16852403241502195, 0.16306398145260328, 0.17512872737382354, 0.16357562197980502, 0.19174809974654716, 0.18954512890479405, 0.20241784859192877, 0.20613224904805974, 0.20026357363190103, 0.20647668914020587, 0.20400978853271753, 0.20742207199372922, 0.19584837040618033, 0.198822840738292, 0.2277522476314069, 0.23329409197548262, 0.2327930867984602, 0.23738264374671053, 0.24163283283869685, 0.2446707647900188, 0.24600525127858983, 0.24132526542418067, 0.2397052326729424, 0.24802515134257513, 0.2450011284494064, 0.2438188344147825, 0.24821980788775455, 0.25201465527838396, 0.253049318006068, 0.25068475332113493, 0.25541065119430917, 0.25588099124501223, 0.2446781853370313, 0.24902837916830745, 0.2487196431290989, 0.2534138460758488, 0.2558094304676131, 0.2571641180084031, 0.25785730838047727, 0.2588376688926653, 0.2578286666780012, 0.257516646890811, 0.2582015961318629, 0.25700545852195217, 0.25831958693303037, 0.2576311872404294, 0.2595452884378171, 0.260235619641594, 0.25847092670121735, 0.2584413124344039, 0.25922977371564804, 0.2590592879842887, 0.25946256857135686, 0.25885703272876254, 0.258814938904446], "f1auc": 0.765408454286471, "convergence_rate": 0.7598685912167786}