{"bestEpoch": 87, "lastEpoch": 97, "mae": [0.6170098557820539, 0.5708054614424212, 0.5730931474334066, 0.5826482816080183, 0.6103607104894065, 0.5887245300823108, 0.5920827657716253, 0.6015608126170796, 0.6228661311573589, 0.6492528461111121, 0.652808514951524, 0.6553809438917703, 0.6719013272668505, 0.6713325733075141, 0.6536284681045753, 0.6731355933333654, 0.652640146103595, 0.6654377929332751, 0.666447287021514, 0.6638949245170955, 0.6542575487812504, 0.6598601140435986, 0.6489541370768644, 0.6618633621180998, 0.6758399521729267, 0.6651503137847451, 0.6609937034883426, 0.6617011287354895, 0.6572334972364486, 0.662832127293827, 0.6608669559704035, 0.6699467820286923, 0.6669657298661228, 0.6701188421822708, 0.6787056801547157, 0.677308883176342, 0.6636963604439892, 0.6634085737827219, 0.6743136264728354, 0.6744668684194195, 0.6635274532921105, 0.6515611080281357, 0.6647371404657473, 0.6532269466621722, 0.6922652675987949, 0.6716806961279025, 0.6800722529194286, 0.6592591326329565, 0.6661577587288464, 0.6610882916284379, 0.6871512820149348, 0.6659558609055083, 0.6528816345051267, 0.6754986951499449, 0.6673772623649346, 0.6887332016568211, 0.6706309291338309, 0.6795019497013082, 0.6770198489398761, 0.6770647176712038, 0.6891701749725337, 0.6875223751072973, 0.7125661138186774, 0.6843465034157141, 0.6592956454002231, 0.6984720198722413, 0.6775153922380331, 0.6674292674711388, 0.6843830917722574, 0.6819046145498986, 0.6888047125404196, 0.6875071219475087, 0.6846335817835691, 0.6814728430506938, 0.6852583798719567, 0.6868535450520546, 0.6895855346188385, 0.6856398147346405, 0.6854209302294516, 0.6858118571358329, 0.6839257217083224, 0.6851387294706414, 0.6838507225174842, 0.6856490003189007, 0.6838566383006869, 0.6837511082222346, 0.6849994088858535, 0.684871781212327, 0.6854192757550969, 0.6854311671679916, 0.6860623703446243, 0.685879823356312, 0.6858468276792661, 0.6857550458366227, 0.6858145633152078, 0.6858144274181841, 0.6857881810987976], "medianabsoluteerror": [0.5137715101242064, 0.4656105852127075, 0.4701754570007326, 0.47991387128829954, 0.5045945644378662, 0.48647395372390734, 0.48666141033172616, 0.4971175956726074, 0.5160983562469481, 0.5400175213813783, 0.5424972105026244, 0.5449794077873231, 0.5584124803543091, 0.557624475955963, 0.5425926208496094, 0.5583780050277711, 0.5415756702423096, 0.552814495563507, 0.5533877730369567, 0.5509876012802124, 0.5418448448181151, 0.5473849654197692, 0.536979079246521, 0.5497132062911988, 0.5607918977737427, 0.5527536582946777, 0.5483514308929442, 0.5494708299636841, 0.5459758067131042, 0.5498262977600097, 0.5490521955490111, 0.5567588829994201, 0.5550945758819579, 0.5570671987533571, 0.5640195846557619, 0.5651064753532409, 0.5523560667037964, 0.5527569627761841, 0.5628398776054382, 0.5628075957298277, 0.5541146516799929, 0.5421736264228821, 0.5544258189201354, 0.5438564920425415, 0.5747969150543213, 0.5596035385131837, 0.5677308678627014, 0.5490623116493225, 0.5543848514556886, 0.5505244731903076, 0.5732182025909424, 0.5541701912879944, 0.5419949054718017, 0.5614429950714113, 0.5553560614585877, 0.5743099069595337, 0.5587298130989075, 0.5654105305671693, 0.5649719476699829, 0.5629805922508241, 0.5744734716415406, 0.5718141746520997, 0.5962981009483338, 0.5697739243507385, 0.5480697059631348, 0.5837564897537231, 0.5644096136093139, 0.5554296255111695, 0.5708752918243408, 0.5686323285102843, 0.5738227796554565, 0.5735048055648804, 0.5707236170768737, 0.5681112289428711, 0.5716463041305543, 0.5726944208145142, 0.5754947614669799, 0.5716925430297852, 0.5715579271316529, 0.5718648195266723, 0.5704684495925905, 0.5712475895881655, 0.5701395535469056, 0.5716301155090333, 0.5702227115631103, 0.5702340841293336, 0.5711833477020264, 0.5709507942199706, 0.5714776754379273, 0.5714921712875367, 0.5719634175300599, 0.5720358371734618, 0.5720200777053833, 0.5719854593276978, 0.5720459818840027, 0.5720466017723084, 0.5720305800437928], "mape": [0.31202208330194287, 0.3207702731477438, 0.3183534625234989, 0.31139465086841883, 0.37598366887533113, 0.3142313106953162, 0.34296086768690826, 0.337949504403835, 0.33054325360223785, 0.3720386287216661, 0.35234258058521695, 0.35610784148548025, 0.393606167427947, 0.3917783873675594, 0.36582416831280723, 0.3923770933450243, 0.3419011884851117, 0.3846143923902549, 0.3773610653098637, 0.3841621480006872, 0.3608973679405373, 0.35894834879451665, 0.35994774443151617, 0.3487864661639802, 0.38911011483845703, 0.3810517155925138, 0.374187434044608, 0.3714780916576322, 0.3679291850657436, 0.3782865484356393, 0.37291365376534535, 0.37125528015508935, 0.3594353303264444, 0.3797433904546719, 0.3840692196017749, 0.37453761918166206, 0.3624810658777734, 0.36541610257907853, 0.3691862537759441, 0.37000095598159743, 0.3625069133775706, 0.357149656339659, 0.36104557327201964, 0.3529208017672257, 0.4017464182875127, 0.37597136671608866, 0.3789667796529223, 0.36530364586993097, 0.3785377040438901, 0.3724155436944699, 0.38536719821271, 0.3746073978381144, 0.36653833286427584, 0.3792328578744059, 0.35883626064522584, 0.3862299003653212, 0.37213041142147363, 0.3628932046794643, 0.37074933188600356, 0.3641585821716562, 0.36552413193345906, 0.38407951192162565, 0.40989322570265785, 0.39242702934488366, 0.3590198133812771, 0.38165025242116635, 0.38158622467912456, 0.3761772204126559, 0.3688091528098792, 0.3712544994908844, 0.3876346864419735, 0.38143117785864045, 0.38065215032367783, 0.37593853816884504, 0.37490820751355197, 0.38493587306850685, 0.385680394743357, 0.38114159971841305, 0.38129505906815003, 0.3814213495543642, 0.37979038396571213, 0.38048931484871557, 0.3790627456177499, 0.3809898003078907, 0.37924824940611207, 0.3798989488508765, 0.37923935595798747, 0.3793777699383728, 0.38038929725891285, 0.3800274138531681, 0.38107037772780805, 0.38088095554430773, 0.38088591032325925, 0.3807582209176502, 0.3807932279582159, 0.38081116509531493, 0.38077746590507094], "mse": [0.6283362170868984, 0.5364212819423249, 0.5410787291819392, 0.5602797526187108, 0.5967794323576113, 0.5720484314392257, 0.5708929809231362, 0.5904070649326166, 0.6358800746372111, 0.6788449588820713, 0.6923520042145566, 0.6972173638216489, 0.7256366989084179, 0.7239171510136216, 0.6917030342309786, 0.7299549259708036, 0.6945133885196308, 0.7134015877390184, 0.7178087160671568, 0.7107246974141352, 0.694265283164724, 0.7062771667617244, 0.6834433268915909, 0.7120872916479544, 0.7368576101655318, 0.7142549800666693, 0.7064239041529403, 0.7083007385807505, 0.6990666301098034, 0.7095888722086173, 0.7061814029186839, 0.7253328778199242, 0.7204540641549343, 0.7242161419099798, 0.7426611884501707, 0.7406479500646758, 0.7136002426298773, 0.712310950337121, 0.7348401706237909, 0.735187022158799, 0.7129551602011432, 0.6888572848712509, 0.7157460940499999, 0.6935308289887193, 0.7692384696003813, 0.7282226258513184, 0.7455511417633561, 0.7039904293497089, 0.7159941092847725, 0.7063569945162356, 0.7601343065710598, 0.7168432664461092, 0.6909849549376298, 0.7371281570485582, 0.7225063546895972, 0.7637426268846068, 0.7277764805333101, 0.7483408856829581, 0.7415157278416796, 0.7431633348880248, 0.7688328608385178, 0.762270693818582, 0.8134362030079069, 0.7551782092237505, 0.7067443096397414, 0.7865354937989085, 0.7416392127849963, 0.7207693537426354, 0.7584726591373839, 0.7522860562408161, 0.7646201182066821, 0.7626635397232959, 0.7569749808317249, 0.7508088031587372, 0.7593108644598722, 0.7610893449839568, 0.7670358139767942, 0.7590766757220505, 0.7586115958863562, 0.7594747782881546, 0.7556166474279207, 0.7580981696502272, 0.7556497426556221, 0.7592372070521931, 0.7556723126514354, 0.7552425748600086, 0.7581251665683225, 0.7578326788022851, 0.7588519891563932, 0.7589361016582725, 0.760148424566158, 0.7597791454998686, 0.7597070350067341, 0.7595309597281538, 0.759655065626622, 0.7596507796573081, 0.7595996119262732],