{"bestEpoch": 50, "lastEpoch": 60, "mae": [1545.0649792501733, 1447.0475520108612, 1352.808240738346, 1260.6209883918834, 1191.4051108690971, 1115.8489755882933, 1062.6932782421052, 999.9251560272836, 949.5291110799252, 924.1067493272315, 884.4476540229327, 837.3404684939294, 840.0078620107603, 803.0528158412292, 795.8661443192494, 758.6508592533779, 739.7841388568373, 745.5485442486874, 707.9441423565867, 719.736460191713, 677.0130391506805, 680.1445104867373, 663.3292722970393, 645.6507429278427, 657.3705306692303, 657.5179301911979, 638.4036342743449, 643.2099060660266, 637.0879758362744, 631.481994663169, 626.9269259045417, 603.2015442322349, 606.4391703529617, 618.4211378729525, 600.4618545264456, 604.6003304916551, 604.0464492169618, 605.3027699089814, 599.5999253450706, 596.1117214243853, 594.7280321700533, 587.0408532235614, 592.2978415411957, 591.6404453279583, 584.1052413715184, 589.1495852482974, 587.8403600601054, 584.894793021287, 579.0534029936748, 574.7901357957685, 578.1697930940971, 577.4569634681377, 577.6101002231424, 577.4191715484549, 576.5668636236551, 578.4041058289664, 577.0459543534919, 575.8200501291145, 576.4661689622384, 577.0432628932176], "medianabsoluteerror": [1350.570785459961, 1265.0596318164062, 1182.3209380478515, 1100.0531620273437, 1043.644195673828, 976.2931208691407, 929.3254703847656, 873.7455447226562, 823.9689329882813, 803.0787357578124, 767.9913938085938, 714.1256716835937, 722.072754203125, 682.5181278554687, 673.6536868203125, 629.3826293945312, 605.9774776132813, 613.5768434335937, 570.41845696875, 583.2023318320312, 536.0926513046875, 541.4185177695313, 526.2547611562502, 504.4814456093751, 517.8985592734375, 515.4744265664062, 502.969116390625, 504.05084246484375, 499.9967652265625, 499.7537841796875, 494.13763445703125, 469.76904343749993, 473.56469743749994, 487.9763185390625, 470.1690673828125, 471.6953735898437, 472.3325198203124, 472.8016972460937, 467.57788050781255, 461.888427671875, 460.6102293125, 451.7947999140624, 456.9537350546875, 456.7546382656251, 447.74621576562504, 452.79016096093756, 453.51989734375, 447.7446898515625, 440.75109868749996, 435.62921124609375, 438.38525414062497, 438.7048341015625, 437.78466820312497, 437.3195799609375, 438.4378047617188, 438.5760498671875, 439.5697017421876, 438.37182575781253, 438.3075562070312, 439.0175777187501], "mape": [0.9341602369283946, 0.8683830284391235, 0.8051505905008405, 0.7432882662760913, 0.6968340270837083, 0.6462857934192378, 0.6109225386827045, 0.5694110031189545, 0.5365850161645214, 0.5202732065016847, 0.4950241205640632, 0.46533730178761146, 0.4675697646239133, 0.44479054766628595, 0.44083518029060864, 0.4185587039452893, 0.4077232133600842, 0.41185093920439336, 0.3900513542304861, 0.39766303009849513, 0.37361225914325896, 0.3760445679575235, 0.36724997468094506, 0.35806885804090405, 0.36511394119772217, 0.36575762953043994, 0.3560026251888254, 0.3590833828409078, 0.35638903063414035, 0.3539852617220435, 0.35222867407535313, 0.3406992323666776, 0.3428089553270596, 0.3492747901309337, 0.34095323739004485, 0.3433027340791344, 0.34348548164492404, 0.3445414717454381, 0.34213207965799414, 0.3408385309969646, 0.34068919846761236, 0.33745987754653956, 0.3403647162096438, 0.3404307470152043, 0.33729421302558427, 0.3399855395734059, 0.3398615888093184, 0.3388265740409183, 0.33677187244969303, 0.3352830064831779, 0.336971794201073, 0.33703745964299014, 0.33733130507237513, 0.33764134070793556, 0.33725594511577933, 0.33810873182107987, 0.33756008694299333, 0.3371739904682808, 0.3374336689663647, 0.3376796667834816], "mse": [2664470.813703196, 2373954.5628904067, 2114314.511417718, 1878728.8618655012, 1714727.168607142, 1545880.76874096, 1434693.1081741552, 1308592.4704471119, 1211696.1297964691, 1165096.2977106303, 1091906.9792224674, 1006548.8872526858, 1013094.9531499413, 946038.5464252749, 933837.8534943718, 866531.8210479768, 833032.9630954807, 842727.9824150605, 775836.2264050606, 796045.7955214557, 721210.3714127133, 725929.4589262041, 696185.1287885386, 665267.2367727531, 684665.4905356276, 684287.7756490626, 650989.0939396981, 658318.9947305742, 647265.8004441118, 637107.1724391137, 628692.6049789062, 588018.5963969, 592943.2442816783, 612691.5706690368, 581784.1841176542, 588414.486279303, 586974.3939144354, 588754.3702520509, 578811.9877594428, 572716.42869812, 569810.3294982825, 556587.0952797598, 564901.2355165625, 563497.7114085247, 550703.6249457259, 558786.8026855193, 556173.8286106102, 551027.4244442263, 541077.0484194543, 533834.4534635146, 539158.4296293908, 537692.4020162822, 537948.9803372158, 537377.1395360073, 536001.0227727302, 538899.3237126342, 536718.7228253961, 534613.0900975919, 535673.2835087434, 536605.3146918087], "recauc": [0.25417921051364395, 0.294425161034622, 0.33528458030988284, 0.3762941034844225, 0.4076961325762206, 0.4426199805165702, 0.46762854063184095, 0.49744749289743784, 0.5216397639763977, 0.5339864949457909, 0.553253947616984, 0.5762343345445656, 0.5750690920943947, 0.593162708863479, 0.5967709956180802, 0.6150551647757369, 0.6243790156793457, 0.6215612672378349, 0.6401148411137411, 0.6343120089786757, 0.6555062617372848, 0.6539679893915318, 0.662347523641253, 0.6711769991813997, 0.6653373337333732, 0.6652751349208995, 0.6748150963244472, 0.6724104854929936, 0.6754735029058462, 0.6782848358909965, 0.6805768132368791, 0.6925015464509414, 0.6908736651442923, 0.6848570190352368, 0.6938931078293015, 0.6918066028825105, 0.6920894607979318, 0.6914580791412475, 0.6943255066247366, 0.6960830157089782, 0.696780152089283, 0.7006517540642954, 0.6980017409148322, 0.6983325295492512, 0.7021346727265318, 0.6995869216551285, 0.7002435799135469, 0.7017291062439576, 0.704673178428954, 0.7068191115407837, 0.7051170746704299, 0.7054739992517769, 0.7053975767947165, 0.7054952754534713, 0.7059221922192219, 0.7049958477329216, 0.7056806865871771, 0.7062966889281521, 0.7059726268923189, 0.7056821385842289], "f1": [], "aucrecauc": 0.895135431583567, "aucloss": 822463.2930774825, "convergence_rate": 0.843804145487851}