{"bestEpoch": 39, "lastEpoch": 49, "mae": [0.6500323723290088, 0.5905171303913174, 0.6734019516488328, 0.5641020004490033, 0.583327966562481, 0.5478606509076761, 0.5930624768374677, 0.5405786642259314, 0.5122223164254719, 0.5258708460138914, 0.5514310307987369, 0.5009129459384095, 0.4973606285639942, 0.4959990408483171, 0.5013252703772846, 0.4839115516477282, 0.4841328906294749, 0.49591573545410117, 0.4753366482759225, 0.4836742516712971, 0.4541512516371696, 0.4415817401190556, 0.44605243901943903, 0.4323039635454671, 0.44927777257507884, 0.44232590175293957, 0.4378927286326898, 0.42612935721514483, 0.4224897063002212, 0.42931317590615176, 0.43900121972795164, 0.4699856529884788, 0.41721513126189447, 0.427393246714316, 0.42507232855424887, 0.42402496146562824, 0.42718682902112254, 0.39775667245810614, 0.3970119306661622, 0.3960544135372042, 0.39797657143998355, 0.43037646284528813, 0.42316155645073444, 0.40814165404775676, 0.40882478983450876, 0.4062469340701133, 0.40670054199069366, 0.4059561024520298, 0.40585495673526367], "medianabsoluteerror": [0.5466422057151796, 0.5048383760452271, 0.5842232668399809, 0.4795233988761902, 0.5005871295928955, 0.4441240370273589, 0.5221970891952514, 0.46091882944107054, 0.42558633089065545, 0.440129622220993, 0.492375786304474, 0.42528012990951536, 0.4055151057243347, 0.4130387544631957, 0.411746609210968, 0.4020361411571503, 0.4007075130939483, 0.4037465381622315, 0.3915474927425384, 0.3899213743209839, 0.3668653249740601, 0.3575209760665894, 0.3560887277126312, 0.3424605298042298, 0.36925562620162955, 0.3629252195358277, 0.3518597483634949, 0.3388468837738037, 0.33795948028564443, 0.34577370405197144, 0.3608310580253601, 0.37289005517959595, 0.328098920583725, 0.33879868030548094, 0.3430379152297973, 0.3338306140899657, 0.34941919565200813, 0.31387311816215524, 0.31291070461273196, 0.3106602430343628, 0.31350194931030273, 0.33904929876327516, 0.33678961038589483, 0.3199465668201447, 0.32008733153343205, 0.31772715330123913, 0.3180438160896301, 0.3168389594554901, 0.3173650830984116], "mape": [0.9223010077520714, 0.8765669977228512, 1.048092178243424, 0.8134570369113371, 0.9174562876009593, 0.6546533040020986, 0.9809018010318341, 0.8069920179096038, 0.733522778198345, 0.7771335171124562, 0.9243965894830656, 0.7375483457855705, 0.627831988741819, 0.6682617833323559, 0.672004790401454, 0.7029997950335342, 0.6799248149716651, 0.6801063555312378, 0.6423143157111825, 0.6758065399750052, 0.624220659287731, 0.6075906427288564, 0.5854022859094782, 0.5738662482154075, 0.6497454281762698, 0.6034691461424334, 0.5587215543589826, 0.5596068501815451, 0.542760612943198, 0.602465757539669, 0.677680192658537, 0.5142226806952975, 0.535815271950366, 0.5288665570171032, 0.5156249302526179, 0.5510376104385278, 0.5884283787656227, 0.5493456802751839, 0.5508506756782691, 0.5515058150570217, 0.5596813009039224, 0.5451650383570037, 0.5057412031286191, 0.5405680911730595, 0.5318672645009016, 0.5426003607159264, 0.5377447100921287, 0.5365408496987123, 0.538686450058382], "mse": [0.6674353723722624, 0.5567931189870108, 0.6936288725587547, 0.5111392995331366, 0.5328903577863932, 0.5012299650784059, 0.534657870470633, 0.46059810549280933, 0.42463341632854834, 0.442024070361548, 0.458383618370464, 0.4049529166136969, 0.41315830174413243, 0.3998424737426121, 0.4129650859408846, 0.37900925523434675, 0.3813646368452341, 0.40210115952110353, 0.3713356769587417, 0.386435813316409, 0.34090055918685497, 0.32462685886917825, 0.33403276510395374, 0.31890006638787377, 0.333185206853073, 0.3208112169090814, 0.3200860939264274, 0.30529084788952826, 0.3016728858363756, 0.3066250816357765, 0.31306196801794706, 0.3751713297453987, 0.29795811341889084, 0.3101026595395081, 0.3044180801793916, 0.30955301454913375, 0.30199290131213063, 0.26955933302712737, 0.2683495022772157, 0.26930920076225046, 0.26990457191282385, 0.31950268401044185, 0.3040569337056468, 0.28751112779881205, 0.2882445945003377, 0.28472035846373656, 0.2847853314775533, 0.28407663116957865, 0.28409953425424606], "recauc": [0.8488145359443108, 0.8626568398961277, 0.8433791617374495, 0.8688004461940126, 0.8643286485691195, 0.8725777433479656, 0.8620645804712008, 0.8742716282533632, 0.8808666628941136, 0.877692121672984, 0.871747315829615, 0.8834970617343931, 0.8843232617035042, 0.8846398765831126, 0.8834010389267836, 0.887451118969998, 0.8873996886334713, 0.8846591118352335, 0.8894454716232545, 0.8875064195525803, 0.8943728227305695, 0.8972963045144848, 0.8962563668148242, 0.8994541992930186, 0.8955062207343575, 0.8971231016347794, 0.8981543458184668, 0.9008902137096504, 0.9017367431314992, 0.9001497044772508, 0.8978965609403187, 0.8906901149717261, 0.9029634993527909, 0.9005962462306469, 0.901136063498459, 0.901379714225089, 0.9006443257998872, 0.9074891828851848, 0.9076624109634874, 0.907885181421893, 0.9074380187492216, 0.8999022213024606, 0.9015805308904257, 0.9050738753923976, 0.9049148961515354, 0.9055144780303105, 0.9054090193172922, 0.9055821482165014, 0.9056057622094437], "f1": [], "aucrecauc": 0.9812781059249377, "aucloss": 0.3685691955555035, "convergence_rate": 0.7365008122625303}