{"bestEpoch": 59, "lastEpoch": 69, "mae": [0.787362497438809, 0.7352858268894708, 0.7371980034107202, 0.7345538461406275, 0.7277682683325556, 0.7724372047137225, 0.7029886093933895, 0.729971477154777, 0.7362508355857417, 0.7203718235310934, 0.6985406848999212, 0.6989869827630538, 0.7389119484315386, 0.7131833025516681, 0.6878306979231468, 0.6948509412095485, 0.663216340710261, 0.68413089762614, 0.6181563078228475, 0.6073793996745579, 0.6338526513270356, 0.6073364473175021, 0.5840354865497042, 0.5827736321954938, 0.558505445995878, 0.5634533151278713, 0.551536747294835, 0.5429650312814627, 0.535804929355194, 0.5623854245590986, 0.5362413797932932, 0.5428621935575676, 0.5192837748657675, 0.5267519352109288, 0.5302988791648101, 0.5303654091244248, 0.5191596536111369, 0.5672158404936717, 0.509775781789262, 0.5116107220410213, 0.589100007999467, 0.5133148221248858, 0.500268689133721, 0.5062593452860752, 0.4966201312038256, 0.5218992278401875, 0.5278296076640144, 0.509753960287623, 0.5023431257904336, 0.48759532294526486, 0.48819564994429276, 0.4857199751464764, 0.4863432014166418, 0.4883260317734946, 0.49020922587555393, 0.48683517428776596, 0.48756367053998045, 0.4862716580589305, 0.48536213022854907, 0.48619853468132923, 0.48763859072476773, 0.4877806117492497, 0.4873540038498437, 0.4880628189321428, 0.4882561304889667, 0.48798152123741206, 0.4873864449911946, 0.487487667271168, 0.48816582461406854], "medianabsoluteerror": [0.7064805507659913, 0.5943184542655945, 0.5972506260871888, 0.61209068775177, 0.5694044780731201, 0.6956420302391053, 0.574506652355194, 0.6481983494758606, 0.629248571395874, 0.6366270732879638, 0.6084832382202148, 0.6103346776962281, 0.6450063371658324, 0.5872190237045287, 0.5969533133506775, 0.5870729565620421, 0.5524591469764709, 0.5881309509277344, 0.5243279457092285, 0.5135525393486023, 0.5436013388633728, 0.5143625450134277, 0.4820940089225769, 0.4793417334556579, 0.4536967158317566, 0.44809102773666387, 0.45633092403411857, 0.4318950116634369, 0.42580554008483884, 0.4754886412620544, 0.4310118818283081, 0.46247111082077025, 0.4229731440544129, 0.4237398898601532, 0.43429559350013736, 0.4395471906661988, 0.42778928637504576, 0.4494028204679489, 0.41141228079795833, 0.41252010464668276, 0.49690761566162106, 0.4092096030712127, 0.40556228160858154, 0.40263002395629877, 0.4030149364471436, 0.4339707136154175, 0.4353800535202026, 0.4092713570594788, 0.4101830649375916, 0.38829631090164185, 0.389756977558136, 0.38261702060699476, 0.3868114829063416, 0.3855288958549499, 0.39265027999877933, 0.3843093848228455, 0.38467441797256474, 0.38501431941986075, 0.38434585332870475, 0.3871324729919434, 0.38752045631408694, 0.38691922903060916, 0.3868343234062196, 0.3877868413925171, 0.3882530629634857, 0.3869649314880371, 0.3869102144241333, 0.38652986526489264, 0.3881422019004821], "mape": [1.2614254059860508, 1.0073965227803796, 1.0029759132031721, 1.062628435038109, 0.923701253688816, 1.2768135392780504, 0.9584119156834684, 1.1668213186025835, 1.1222113071895876, 1.1545139360177314, 1.0924360613418842, 1.1286435135459696, 1.1685648856043103, 0.9776531776307459, 1.068493840174387, 1.0451362900740842, 0.9588727280821987, 1.1218623317715495, 0.9507282695258844, 0.9421547425936849, 1.014189808243828, 0.9321010871941178, 0.8543331596066229, 0.8652052549031967, 0.7764405923403631, 0.7360271824800457, 0.8041387828958549, 0.7055081306274812, 0.7092747377832753, 0.8769619650479641, 0.7401080612400035, 0.8667483788390026, 0.7163949363456581, 0.685635982846215, 0.7675575426315345, 0.7992612452566304, 0.7717806500743387, 0.6468875052157813, 0.7296987293603843, 0.7091877341213287, 0.9044228722034975, 0.6851083250565289, 0.7155629667886638, 0.6511492462604452, 0.7064823073194962, 0.7983764934895115, 0.7911692719035424, 0.667199039443368, 0.7290257264295319, 0.6559575152017246, 0.6603322543577416, 0.6265396859172657, 0.6590005358628787, 0.6544739134313481, 0.6715474281091891, 0.6414280706982513, 0.646807847470638, 0.6564066827944046, 0.6488143430261001, 0.6561563962280631, 0.6605389124961599, 0.6580568649618332, 0.6537594169594527, 0.6589787361204479, 0.6599516024397651, 0.657842435256658, 0.6544788728670184, 0.6530645274268225, 0.655703296905905], "mse": [0.9443202957488935, 0.9207323967933352, 0.9237934764216924, 0.8867537371830668, 0.9339347459325575, 0.8935850966164416, 0.8369295865835492, 0.8196040756654229, 0.862898675721015, 0.802059384996193, 0.7683337748699344, 0.7549604441991339, 0.8467675258259144, 0.8431021167173621, 0.7441334804228545, 0.7801313189963878, 0.732330051435884, 0.7221742135175951, 0.6163577736558139, 0.5932822334387373, 0.6386827462061331, 0.5920982654518371, 0.5593851808960334, 0.5612100372634966, 0.5204935683477411, 0.5462363058167763, 0.5033682872972051, 0.5088086925642651, 0.49563410185908774, 0.5039289045941038, 0.4932276922124979, 0.46972941327089685, 0.4529867273016756, 0.468597988299033, 0.4631579479653337, 0.45833733792265674, 0.4423495805987902, 0.5544921704871221, 0.43466885967171087, 0.44328006756183014, 0.5463368228798177, 0.4493765533024632, 0.420290443371633, 0.44109409689415774, 0.4163721881809215, 0.44263944910778075, 0.45520307860201953, 0.4375905811183388, 0.41980472208733827, 0.4062942938949874, 0.4062884052452058, 0.4080222237648701, 0.4037116865177874, 0.40814589093292675, 0.4068418901760605, 0.4072634478032014, 0.4089059763755727, 0.40419224967148076, 0.40335899056383556, 0.40318332179605465, 0.40478175946741696, 0.40560571060815054, 0.4049248952673036, 0.40562021456456854, 0.40593821274730624, 0.4055334375871967, 0.40515025292684465, 0.4051827061652989, 0.40572825834528936], "recauc": [0.816884493612619, 0.8290048036240576, 0.8285586663404495, 0.8291688439062143, 0.8307551392018506, 0.8203498534573006, 0.836509017860038, 0.8302269943764627, 0.8287710336549916, 0.8324589710918942, 0.8375374262323834, 0.8374302494919423, 0.828147870735286, 0.834135783947808, 0.840026949408468, 0.8383969158095762, 0.845753770911571, 0.8408844712336804, 0.8562308742729351, 0.858736287102797, 0.852580526358555, 0.8587455895848652, 0.8641642807052015, 0.8644591113976825, 0.87010212624379, 0.8689523368756965, 0.8717229759232432, 0.8737167234871124, 0.8753836061574449, 0.8691996026318226, 0.8752819501711647, 0.8737403581558264, 0.8792243365796402, 0.8774875171416202, 0.8766622220605893, 0.8766467617521382, 0.8792532135257122, 0.8680760340192277, 0.8814355693577188, 0.8810089109126694, 0.8629862033274768, 0.8806124697852186, 0.8836467342934208, 0.8822536030430405, 0.8844956953798827, 0.8786159720206254, 0.8772367400579164, 0.8814407185941031, 0.8831642606329038, 0.8865944855568602, 0.8864551369922568, 0.8870305485706015, 0.8868858759947295, 0.8864247164705875, 0.8859864001207662, 0.886771474364239, 0.8866017996111759, 0.8869022269766677, 0.8871138047351697, 0.8869191849863473, 0.886584377042746, 0.8865514230928991, 0.8866504949307483, 0.8864857096746849, 0.8864406597521484, 0.8865046638655312, 0.8866430348537936, 0.8866194696427507, 0.8864616598752377], "f1": [], "aucrecauc": 0.9769490400522876, "aucloss": 0.5559590553418934, "convergence_rate": 0.7088372908083571}