{"bestEpoch": 58, "lastEpoch": 68, "mae": [], "medianabsoluteerror": [], "mape": [], "mse": [], "recauc": [], "f1": [0.29200929315538543, 0.39193758820773994, 0.37740584162774876, 0.3102180007243398, 0.38138065546254957, 0.3737396998185762, 0.47070197777763284, 0.39418629738407945, 0.42486616967927665, 0.41464251432950444, 0.3277028124542887, 0.5274399150886162, 0.5288876985615505, 0.5226065510905072, 0.5293820638721761, 0.521933673454987, 0.5521115574575385, 0.5552519964179158, 0.5372095078730814, 0.5394942679615451, 0.5715670114964265, 0.5611517622328951, 0.5462620007186035, 0.5935569963631238, 0.509970479709959, 0.550365327671576, 0.5744191996202733, 0.5971467067640678, 0.6105126162998967, 0.5542396941493626, 0.607788728271348, 0.5685671431859903, 0.6007765154538747, 0.5508674661317334, 0.5565940412515957, 0.6395628245382096, 0.6423184452539925, 0.6430385963156361, 0.6370773249097307, 0.6253901520831301, 0.6432546606881233, 0.629150334504308, 0.6433054430616123, 0.6446574926348133, 0.6433983139285827, 0.6448677599066829, 0.6449040426761207, 0.644968229122561, 0.6477840637352851, 0.6459949398618479, 0.6462670345712715, 0.6449468164991906, 0.644952969330058, 0.6455030954442624, 0.647801113621131, 0.6452419238205771, 0.6453522724392999, 0.6453423948588899, 0.6456256669685966, 0.6468727451369639, 0.6456141457340986, 0.6480184064775261, 0.646281327303204, 0.6450346503488926, 0.6458332286163924, 0.6454332259703235, 0.646706833377848, 0.6455946634909364], "f1auc": 0.8822346353621585, "convergence_rate": 0.7856399707897233}