{"bestEpoch": 155, "lastEpoch": 165, "mae": [3.0347495060369316, 2.7825463319608446, 2.6226922471090317, 2.5153406222651107, 2.4234038440173653, 2.311299522083484, 2.2662690298134955, 2.1763576567684546, 2.1272085471493742, 2.048178410242605, 1.9828412831648083, 1.9052170481605706, 1.8398879327307114, 1.75632110905635, 1.6969825741181126, 1.629974756777348, 1.5709368248719184, 1.4946978704507023, 1.438285904265416, 1.3852578747673538, 1.3259389390865226, 1.2730351010835583, 1.2296543660091854, 1.183943059695696, 1.1441149440492668, 1.1113765932750015, 1.0664598238128506, 1.0334466386201493, 1.0018653619383522, 0.9750209829875214, 0.9432356074795132, 0.9174556225753101, 0.890508063421436, 0.8679826696058994, 0.8461200678180756, 0.828280220562103, 0.8204924843379242, 0.8151639232183706, 0.787483548262747, 0.7765931256890419, 0.7692720326532665, 0.7651906906842285, 0.7617613975018764, 0.7591566004951181, 0.7543022420207455, 0.7506315914822574, 0.7460374196206749, 0.742820091031484, 0.7383488728097326, 0.7354357674324017, 0.7323385828596352, 0.7278653116435723, 0.725223289418376, 0.7203170999889721, 0.7172714582309664, 0.7133156208496015, 0.7088924756460979, 0.7082114065794285, 0.7078779923150599, 0.7074172457100147, 0.7067494806947063, 0.7057497946208505, 0.705037954211276, 0.7041238884397114, 0.7038784546415052, 0.7025681245462042, 0.7016965801921285, 0.7019295324135023, 0.7009792559506187, 0.7001312063029244, 0.6991666047138485, 0.6985169666721123, 0.6968630395965235, 0.696594177305678, 0.6950714266918142, 0.6942386585046367, 0.6948375416669574, 0.6925478079373837, 0.6926682008896503, 0.6910541179128582, 0.6911882251306698, 0.6905266197530666, 0.6888480691454724, 0.6886120562777664, 0.6883635322866757, 0.6875690317546793, 0.6857030639687723, 0.6855213685498956, 0.6844299978461824, 0.6843284689352924, 0.6832376581019157, 0.6830216269700993, 0.6825534375394041, 0.6808975020757951, 0.6801750396806433, 0.679663963183643, 0.6789214150258204, 0.6789605890071724, 0.6789568338122435, 0.6788534984693386, 0.6787616825987701, 0.6785750664512276, 0.6783862984389158, 0.678346932118511, 0.678121339894225, 0.6780250036876062, 0.6779545471916238, 0.6778393104810547, 0.6776842378154064, 0.6774579695807345, 0.6774023961988136, 0.6771660907711313, 0.6771310539209593, 0.6769258123143121, 0.6768349048569977, 0.6767136487934624, 0.6765562103574644, 0.6764074788648485, 0.6762643890040378, 0.675948693667987, 0.6758172897960245, 0.6758359707469921, 0.6755363615034701, 0.67553580273806, 0.6752623837304369, 0.6751855951872963, 0.6751164243346508, 0.6749703645133251, 0.6747571572461899, 0.6747174961559559, 0.6745367338270246, 0.6743472921369495, 0.6743110408907366, 0.6740163888793772, 0.6739699608101862, 0.6738207743334026, 0.6737093223233915, 0.6734431997591223, 0.6733696349821997, 0.6733544964664301, 0.6730648395002727, 0.6730156238243582, 0.6729029552493765, 0.6728027209440048, 0.6725505272465557, 0.6723200283302624, 0.6722358385394457, 0.6722165400164257, 0.6721167080679834, 0.6718458437731369, 0.6717630251142277, 0.6717383012794523, 0.671571341200952, 0.6714331694087988, 0.6713198608767729, 0.6710659329767616, 0.6709481036585301, 0.6708504069191134, 0.6706342220797475, 0.6706198678571581, 0.6706067153853401, 0.6705816349048529, 0.6705683616686636, 0.6705611377821482, 0.6705574107014597], "medianabsoluteerror": [2.0037283897399902, 1.8754401206970215, 1.7493767738342285, 1.692488670349121, 1.5899925231933594, 1.5889348983764648, 1.5678455829620361, 1.5016183853149414, 1.5314605236053467, 1.4965415000915527, 1.4638936519622803, 1.417470932006836, 1.4112639427185059, 1.3638200759887695, 1.329935073852539, 1.289294719696045, 1.2555594444274902, 1.1950026750564575, 1.163456678390503, 1.123575210571289, 1.0891480445861816, 1.0520524978637695, 1.0169718265533447, 0.9774675369262695, 0.9442381858825684, 0.912750244140625, 0.8749129772186279, 0.8426871299743652, 0.8216099739074707, 0.7947421073913574, 0.7719955444335938, 0.7495660781860352, 0.7309231758117676, 0.7203593254089355, 0.7065873146057129, 0.6856904029846191, 0.6734280586242676, 0.652277946472168, 0.6444096565246582, 0.6419539451599121, 0.6340727806091309, 0.6326766014099121, 0.6303210258483887, 0.6284739971160889, 0.6283736228942871, 0.6256754398345947, 0.6202106475830078, 0.618873119354248, 0.611691951751709, 0.6099071502685547, 0.6035966873168945, 0.6022415161132812, 0.5978579521179199, 0.5938920974731445, 0.5921697616577148, 0.5916728973388672, 0.5916893482208252, 0.5894503593444824, 0.5890407562255859, 0.5860190391540527, 0.5859570503234863, 0.5841479301452637, 0.5858721733093262, 0.5846395492553711, 0.5847187042236328, 0.5848441123962402, 0.5803272724151611, 0.5825786590576172, 0.5821762084960938, 0.5824887752532959, 0.5812458992004395, 0.5818328857421875, 0.5812764167785645, 0.5802679061889648, 0.5786280632019043, 0.5788106918334961, 0.5775580406188965, 0.5764889717102051, 0.5774035453796387, 0.573758602142334, 0.5734555721282959, 0.572789192199707, 0.5716352462768555, 0.5696635246276855, 0.5679059028625488, 0.5684342384338379, 0.5662131309509277, 0.5667195320129395, 0.5667133331298828, 0.5648641586303711, 0.5633721351623535, 0.5611929893493652, 0.5629773139953613, 0.558779239654541, 0.5585951805114746, 0.5593409538269043, 0.5580887794494629, 0.5571074485778809, 0.5571074485778809, 0.555992603302002, 0.5561227798461914, 0.5570106506347656, 0.5566487312316895, 0.5567708015441895, 0.5571317672729492, 0.5571703910827637, 0.5566272735595703, 0.5564203262329102, 0.5561766624450684, 0.5568466186523438, 0.5559234619140625, 0.5563478469848633, 0.5557346343994141, 0.5558867454528809, 0.5559289455413818, 0.5574493408203125, 0.5554437637329102, 0.5563468933105469, 0.5558147430419922, 0.5562286376953125, 0.5558528900146484, 0.5553188323974609, 0.5553112030029297, 0.5551538467407227, 0.5553073883056641, 0.5546188354492188, 0.5550389289855957, 0.5542058944702148, 0.5541403293609619, 0.5542764663696289, 0.5538845062255859, 0.5541253089904785, 0.5547976493835449, 0.554987907409668, 0.5539400577545166, 0.5550508499145508, 0.5557522773742676, 0.5555233955383301, 0.5556416511535645, 0.5550098419189453, 0.5540452003479004, 0.5539698600769043, 0.5534381866455078, 0.5542507171630859, 0.5535988807678223, 0.5535058975219727, 0.5542144775390625, 0.554654598236084, 0.5542502403259277, 0.5538902282714844, 0.5540332794189453, 0.5546379089355469, 0.5553207397460938, 0.5554509162902832, 0.5554103851318359, 0.5539093017578125, 0.5545229911804199, 0.5553407669067383, 0.55462646484375, 0.5546178817749023, 0.5548038482666016, 0.5549116134643555, 0.5552396774291992, 0.5552258491516113, 0.5553016662597656],