{"bestEpoch": 55, "lastEpoch": 65, "mae": [], "medianabsoluteerror": [], "mape": [], "mse": [], "recauc": [], "f1": [0.005278595903097381, 0.011243483258872682, 0.012967303306251256, 0.015685492811960997, 0.01010229539234222, 0.010073545875593289, 0.015370039021480087, 0.020844759635093624, 0.020422718083497077, 0.024328852257253352, 0.024641663216030427, 0.024894814390881023, 0.028737365472384938, 0.028084571333150263, 0.030345525856528343, 0.03207599181953651, 0.0341442736346875, 0.02960726408655405, 0.021189834079053012, 0.031433812612563554, 0.03520362125586933, 0.02952947642305282, 0.02075936250838792, 0.024815788755526164, 0.02513109748246788, 0.026160847221946937, 0.029137862557013876, 0.0321802294764844, 0.028966620383982268, 0.031122080122035333, 0.03034625400757169, 0.030394829017417493, 0.03221924711969624, 0.03369533984399143, 0.037341055197130824, 0.03791556892978433, 0.03577495474017022, 0.03468795167730864, 0.03618840968849157, 0.03882105785342671, 0.03569839985529157, 0.03678154061138335, 0.0367955312271869, 0.03935456953701868, 0.04121718502839756, 0.03808722358907112, 0.0388877787228585, 0.03824754047536813, 0.03846144630837324, 0.040349684073929755, 0.04271750570815189, 0.03534615274277259, 0.038829965639195295, 0.03978012491139916, 0.041955749092716044, 0.03835288766139586, 0.03776566665402473, 0.03778087946112796, 0.037314167672505616, 0.03583509576424364, 0.03844481037834264, 0.040345442529733676, 0.04160395053021617, 0.039154578936729446, 0.040961715575463686], "f1auc": 0.7347738868830558, "convergence_rate": 0.6973790620501881}