{"bestEpoch": 189, "lastEpoch": 199, "mae": [1668.745015031385, 1615.331393402224, 1562.6269673460577, 1503.7216273757158, 1445.6513825885704, 1413.2812796765152, 1361.495540999667, 1321.8833420295787, 1253.4599559302228, 1229.8532785123264, 1197.0256430368852, 1163.5702264018664, 1135.2814515809027, 1110.4681746350116, 1086.884095379731, 1052.0824028522425, 1049.0702397210937, 1032.0294980399594, 1012.8251414228444, 993.7202211302373, 987.5787352632668, 964.8573671624999, 959.933775365625, 955.0087603826244, 935.7394638150607, 931.4629024182146, 923.4287451554832, 912.2383920919705, 912.0273257851852, 907.6234911497685, 897.1331002354167, 893.2619015592014, 886.1864554328993, 880.3958297004774, 877.5238194646556, 864.7545409996673, 868.5030295069733, 863.2902903757523, 857.9963210832176, 855.9898902111835, 853.1722048270689, 849.94342619932, 848.1780618510851, 844.4419926598235, 835.9844525755498, 833.680902725651, 828.3857290874132, 829.4520987524884, 824.3609077079283, 819.958539625246, 819.4877058398004, 819.2217310224537, 812.7305109342013, 811.9641060405382, 808.2475378800926, 803.5499553153501, 803.9101040331598, 800.6015596266927, 799.9897144932291, 795.8081220181857, 794.2648903558594, 787.9407550476997, 787.0400872326678, 785.9828384714555, 787.7976230399595, 779.3465429347077, 778.1828613121672, 774.4544210994936, 770.5569160900897, 766.6491303099248, 765.841357695269, 760.5975029679832, 755.8342212749131, 757.0742661606192, 749.1749812213831, 747.479936444184, 740.6215375726563, 739.8101347315827, 737.9314225281684, 736.2879673505787, 732.1754438226562, 729.7995268485532, 728.6314087387442, 727.2926396867332, 727.1167140139902, 725.4468404155382, 722.2889688063802, 719.1978369342737, 718.6818426941841, 716.8011433488426, 716.0617419635706, 713.01362453193, 705.4962622724537, 694.8819477831597, 690.7197008303964, 681.8846882707176, 673.9059026081019, 668.2442407338252, 652.5664455406828, 652.9034296896267, 642.8615301399306, 642.5594775140625, 639.8042129470052, 636.3386956401475, 636.014070947584, 633.8028693688078, 632.5110563172309, 631.1660041434751, 630.0720398603444, 629.5419545377171, 628.8656902871382, 628.0003750021267, 627.1445131224248, 627.0612487090856, 625.8379591854311, 626.0949201952691, 624.478686371846, 622.7329448173032, 623.0801821400752, 620.7460358546297, 618.7381952874999, 617.8042727976273, 614.0681272355613, 602.3355596899884, 591.3950218936644, 582.582035294272, 565.3535080409445, 550.0085387303252, 541.570150058573, 532.1644703891574, 529.1340485865325, 528.4372552380244, 525.1378542867639, 524.1700707219491, 523.0602057588414, 521.4513166891077, 521.1108935120243, 520.4489325926088, 518.6690945573079, 517.4164869003345, 516.1890044965439, 516.444913658147, 515.6042080013183, 513.7814155208496, 513.5762782957338, 511.2076278508553, 509.0450856778229, 509.44567734810647, 505.78129979819334, 502.857467531845, 499.1334331894132, 497.5269942426377, 486.9422821292615, 485.61922539821404, 481.6915578634918, 471.4262149453784, 465.3519362812361, 460.65219271908563, 454.6078921003344, 450.0073674513125, 447.0050610637153, 441.599811425368, 437.9851578699571, 435.9728167964618, 434.6872382193495, 434.1438201420925, 432.0603416988055, 432.94936701723145, 430.9136145033483, 426.9156680878333, 424.4759695924468, 422.7122458149584, 422.0320110240151, 423.51156969010304, 421.56118555743524, 419.7264512186042, 411.9613258388993, 406.0025500138623, 391.4688486612489, 379.0629157182998, 377.12391334903936, 377.64701228948036, 375.4566117541794, 376.9630767968588, 371.9294604050764, 373.3247638627084, 368.9338849022049, 369.2423902913831, 365.52204699367127, 367.24309562286686, 370.08583231250583, 367.27938320226275, 368.4160579526968, 369.63736770385424, 369.8483645752373, 371.7608510661227, 372.26532516925465, 372.5693043720903, 372.7266988671713], "medianabsoluteerror": [1457.1866188677063, 1414.8984416115723, 1366.9762648911133, 1314.4909739575196, 1262.7346492519532, 1232.0639950722657, 1188.0819700976563, 1153.2791133632813, 1090.9590146035157, 1074.6871947070313, 1048.508758310547, 1018.0740358164062, 995.7070614160157, 974.9798279355468, 956.4382319531251, 922.3760372460938, 922.6394956699219, 907.9102785546875, 892.293579515625, 873.6410524257813, 869.799438296875, 850.6808476367187, 846.1227414101563, 841.6286006679688, 825.3994746914063, 822.4051516015625, 815.7224119921875, 804.281372421875, 805.0963749804687, 799.7566523632813, 791.915404921875, 789.1384272656251, 781.9572757421874, 778.2215572109376, 775.1341556796874, 763.6364133945312, 767.1211543164063, 762.1915891835938, 758.2120970507813, 756.4677732578125, 755.2722780664062, 751.3579716601562, 749.5874022265625, 745.5756225039063, 739.5837406484375, 736.3100585390625, 731.6203617968749, 732.7038573046875, 728.8237303515625, 723.6979367226563, 725.1854858398438, 724.0292964687501, 718.5162352890625, 718.5560914804687, 716.0488280078125, 710.2961422890626, 712.6213378359375, 708.876098984375, 707.7600093515625, 704.0315547070313, 703.3350224414062, 697.0841065078125, 696.4965824453125, 696.8060914257812, 697.3726803750001, 690.4074706484375, 688.7620242773437, 685.0167236328125, 682.2532345742188, 679.3552250781249, 677.4592893164063, 673.2694698085938, 670.2599486679687, 672.5055537929688, 664.707519703125, 661.7098383984376, 657.0050657460938, 655.3252568164062, 653.5457764296875, 652.2648929296874, 649.50085484375, 646.8468630820312, 645.6228024375, 644.5155639101563, 644.1270141054688, 642.7055660000001, 640.6177979140625, 637.486816703125, 636.5829467773438, 634.9019771875, 634.7928465078126, 631.0156857460938, 625.7717892617188, 615.5740970859374, 612.7234496523438, 605.016601390625, 596.9750980703125, 594.2350459804688, 579.4089961757813, 581.6209110585937, 572.6747432382813, 571.5822145273437, 569.1198728671875, 565.2956540078126, 565.6004032382812, 563.7808834921875, 563.176880234375, 561.3574221640624, 560.9653316250001, 560.3466184179688, 559.2794798085938, 558.6964720507813, 558.1297604531251, 557.8013301523438, 556.39672834375, 557.1130369921875, 555.8793948203124, 553.9054568398437, 554.977417109375, 551.7915646523438, 550.5309451132812, 550.1389769960938, 546.8248286328126, 536.3898929296874, 526.2271114648438, 520.2976073671875, 504.6475215585938, 490.464233515625, 484.36273175390625, 475.901367125, 474.57092238281257, 472.9031978359376, 469.6817012460938, 469.39782667968757, 468.2026972851563, 466.8705446054687, 466.39105242578125, 465.23333780859366, 464.1647948046875, 463.9882201601563, 461.97314494531247, 462.78106730078116, 461.7454838046874, 460.1566158046876, 459.95831292578123, 458.43560820703124, 456.5852049609375, 456.92535418359375, 453.379028203125, 450.8932494570313, 447.58313035156243, 446.35498064062494, 437.2275998085938, 436.7410884609376, 433.27648902343753, 423.5255127578125, 418.32238734375005, 414.42297375, 408.325439390625, 405.0955201914062, 402.1082151601563, 398.09362810156244, 393.9220582773437, 393.0112308749999, 391.25909417578123, 391.1878661484375, 388.9709472109373, 390.0345458437498, 388.6375736484374, 385.30712873437506, 382.5511478671874, 381.3798214882813, 380.01525861718756, 382.24316441406245, 380.21984846093756, 379.0150145859375, 372.03900152734377, 366.973877015625, 354.91943353125, 342.69665515625, 341.9240718593751, 341.95166021093746, 340.273315546875, 341.274169859375, 336.99340778906253, 338.6131590625, 334.6145629335938, 334.80456525, 331.4478762656249, 332.9559329062499, 335.53222639062506, 332.89453078125007, 333.5085450390625, 334.4888915390625, 334.584716734375, 336.3614501328125, 336.82373029687506, 337.1473388046875, 337.2742919296875],