{"bestEpoch": 45, "lastEpoch": 55, "mae": [], "medianabsoluteerror": [], "mape": [], "mse": [], "recauc": [], "f1": [0.43508113437033485, 0.47069712570238464, 0.5045865267302448, 0.5013802305878797, 0.5147398466081087, 0.5084282645627679, 0.5524021091738349, 0.5376462486170527, 0.57275718136377, 0.5343416009222266, 0.5682212443031455, 0.5947077067303476, 0.5401588760094137, 0.6071397027519795, 0.481191188530164, 0.6269047853629149, 0.6019563298406246, 0.6033897742190008, 0.5489860237787257, 0.6089527063137676, 0.7046604202312228, 0.7094900023520438, 0.6832421436411578, 0.7203107720116105, 0.726621380192647, 0.7337999342823678, 0.6986752261530583, 0.7182558895929284, 0.7167543644158437, 0.731796918146131, 0.7448018387053564, 0.7517150740838037, 0.7477972522793929, 0.7523192511662352, 0.7498159447359063, 0.7523008854314975, 0.7529450954443507, 0.7519203253762957, 0.7534184569350153, 0.7533056516454372, 0.7535516558632183, 0.7534310840490774, 0.7535286457636889, 0.7519290691644844, 0.7530413099903406, 0.7534806586305011, 0.752285669393074, 0.7520646544293224, 0.7533533987457047, 0.7529721738576851, 0.7523238041215198, 0.7529486849751228, 0.7525518069092197, 0.7517361069633096, 0.7531254531841155], "f1auc": 0.8912322813888692, "convergence_rate": 0.7426383638910401}