{"bestEpoch": 38, "lastEpoch": 48, "mae": [], "medianabsoluteerror": [], "mape": [], "mse": [], "recauc": [], "f1": [0.2635829600773127, 0.23798636387273836, 0.22586965982525242, 0.251409470724652, 0.3148021140228008, 0.3524611598225564, 0.3663456439626651, 0.35160871061584464, 0.38131619879053713, 0.426990399956917, 0.38135886041585837, 0.4049799531470442, 0.4603909846600151, 0.3322084020428978, 0.32342525902570135, 0.3146959312439656, 0.3904613670839967, 0.5124378931580765, 0.5287691444914729, 0.510187063749404, 0.5194221209456654, 0.530186092475432, 0.529454566396237, 0.5227780537512302, 0.5232306031246626, 0.4700323993317646, 0.5401300377954105, 0.5546398178524148, 0.5485531888729719, 0.5434213618171992, 0.560218201423849, 0.5610206886228202, 0.5575168338053667, 0.5519208377648412, 0.5464044459479032, 0.553412981316454, 0.5573451153245855, 0.5572080038443319, 0.5602053900920101, 0.5615672723773429, 0.5607750216834236, 0.5600436379629917, 0.5606444586896003, 0.5598524766951524, 0.5621082608671137, 0.5614677327300246, 0.5617870562212081, 0.5620353938632985], "f1auc": 0.8424159151765986, "convergence_rate": 0.7365581596344144}