{"bestEpoch": 80, "lastEpoch": 90, "mae": [0.8801104333283686, 0.86864810324681, 0.7455951273748239, 0.6802501802873333, 0.6005117337481901, 0.5465417344505501, 0.5118104770672186, 0.503744979842684, 0.47980913353097265, 0.4664813108637371, 0.46316661378013857, 0.458044740779679, 0.45611386850778074, 0.4879822740021171, 0.4776995287619217, 0.4689398101625924, 0.44917771892370817, 0.45206582042878735, 0.4751103781278789, 0.4444774660587802, 0.46310374460963505, 0.44940706965770255, 0.4350952971157568, 0.4368964473365551, 0.45562402783821754, 0.4746511753506567, 0.4268421120877696, 0.419804374417856, 0.41827766493428337, 0.41773653161349755, 0.4194267716884122, 0.4238644872299388, 0.42124565720680934, 0.41644417670760986, 0.4198760204694953, 0.41668548798421956, 0.4185790809372058, 0.4164155185161241, 0.4141012410138671, 0.4144666445365772, 0.4159024866675741, 0.41380462063737966, 0.4134965592792588, 0.41316991183015433, 0.4133378732585023, 0.4136127642328044, 0.41322598529361265, 0.41366152954887286, 0.412709056574006, 0.4141184669812848, 0.41198366350461396, 0.41288330847153826, 0.4125054887672736, 0.4129559758026249, 0.412692330769972, 0.41277826286614494, 0.412710550352752, 0.4125439168004862, 0.4129546093768857, 0.41277409050008745, 0.4127891646436592, 0.41298445499602193, 0.41292247402271043, 0.4125841468460078, 0.4129684836521535, 0.4127650171712711, 0.41268797277626695, 0.41284773335848074, 0.41283986227151415, 0.4128990594030368, 0.41290167112183496, 0.4128101927858425, 0.4131776473794735, 0.41297963317873715, 0.41274596267330904, 0.4127995891747833, 0.41270022845702037, 0.41282635761461345, 0.4126771079933279, 0.41257182388750907, 0.4127494140543808, 0.4127400918306455, 0.41269283838137866, 0.4128359152286109, 0.41279898801293524, 0.41277489087608643, 0.4127022991710785, 0.4129499292357288, 0.41297646670500276, 0.41303403361982144], "medianabsoluteerror": [0.5483131408691406, 0.6013062000274658, 0.513277530670166, 0.5065479278564453, 0.465390682220459, 0.42151618003845215, 0.4076695442199707, 0.42313194274902344, 0.39319610595703125, 0.38054704666137695, 0.3749363422393799, 0.37551426887512207, 0.3759489059448242, 0.386441707611084, 0.4053983688354492, 0.37283873558044434, 0.3611431121826172, 0.3605225086212158, 0.3957662582397461, 0.34455299377441406, 0.3676166534423828, 0.3750462532043457, 0.34465694427490234, 0.35801029205322266, 0.35915613174438477, 0.34633350372314453, 0.33469247817993164, 0.33905506134033203, 0.33739280700683594, 0.3358011245727539, 0.33712291717529297, 0.3484973907470703, 0.34564828872680664, 0.3374457359313965, 0.3442115783691406, 0.3329453468322754, 0.3477301597595215, 0.3403968811035156, 0.33364057540893555, 0.3345613479614258, 0.33765077590942383, 0.3333702087402344, 0.339508056640625, 0.3344144821166992, 0.33742761611938477, 0.33576202392578125, 0.3339271545410156, 0.33740949630737305, 0.3336472511291504, 0.33580827713012695, 0.33482837677001953, 0.3335576057434082, 0.33558130264282227, 0.33784031867980957, 0.3369626998901367, 0.3359184265136719, 0.3360595703125, 0.3352985382080078, 0.3357853889465332, 0.3353559970855713, 0.3378462791442871, 0.3386216163635254, 0.33676624298095703, 0.33090925216674805, 0.33826208114624023, 0.3319411277770996, 0.33237695693969727, 0.3334231376647949, 0.33281850814819336, 0.33487892150878906, 0.33598995208740234, 0.33350038528442383, 0.33925557136535645, 0.33792757987976074, 0.33411264419555664, 0.3313617706298828, 0.3355734348297119, 0.3348536491394043, 0.33393239974975586, 0.3329315185546875, 0.3352699279785156, 0.3354473114013672, 0.33428525924682617, 0.33403682708740234, 0.3375825881958008, 0.3325648307800293, 0.33389902114868164, 0.3378286361694336, 0.33731508255004883, 0.33789873123168945], "mape": [0.18076865707897632, 0.17746249490767324, 0.14782055352540766, 0.1392709401156198, 0.12113187780314119, 0.11033414104777212, 0.1036121740768857, 0.10418617887959901, 0.09864672143796477, 0.0954902882442284, 0.09296857584007875, 0.09406499619246374, 0.09392312791957004, 0.09481630898328712, 0.0980974105932637, 0.09288683391752021, 0.08907885511769437, 0.0897316869788514, 0.09947513624634988, 0.08822977407962275, 0.08996926154922853, 0.0939241750179219, 0.08746797709188765, 0.08958712184971097, 0.09100507054455638, 0.0928938884310271, 0.0855524252424632, 0.08526098394726936, 0.08499578248286838, 0.0839531665245336, 0.08453509280676726, 0.08740880423845074, 0.0861838842799742, 0.08395063556628507, 0.08616684079689843, 0.08438917927398266, 0.08553104777212649, 0.08523721373764849, 0.08391807407092362, 0.08387997056026661, 0.08458620081083709, 0.08382024563325893, 0.08410187653400916, 0.08383582632064042, 0.08403040315272507, 0.08413973865764071, 0.08367621863824799, 0.08418270218966097, 0.0837678077385338, 0.0840623188683603, 0.08350243155831448, 0.08376878346539966, 0.08368989139986462, 0.08400363560569762, 0.0837428272281901, 0.0837584472046332, 0.08376997997091194, 0.08371192985580644, 0.08382229310530426, 0.08378523278484887, 0.08382380989637954, 0.08396644624241134, 0.08389806562021937, 0.08353951169268463, 0.08392630180308414, 0.08354981519850181, 0.08364663160012745, 0.08366166869611817, 0.08368203376240962, 0.08374386054017836, 0.08381242907044492, 0.08366314468326319, 0.08408210720901511, 0.08399842939445937, 0.08369064882921735, 0.08354387152758265, 0.08374161159052954, 0.08374760516817634, 0.08368263126404422, 0.08362936575629472, 0.08373449841147929, 0.08372058009661569, 0.0836725828329749, 0.08374297651647505, 0.08382067219727374, 0.08361835575981454, 0.08367787110319247, 0.08389248427222627, 0.08386720570680097, 0.08396225612932517], "mse": [27.787695616699516, 15.12900500459184, 8.123631930497869, 4.193140315444615, 2.0081021382846416, 1.0004826653682064, 0.5824956808226074, 0.4366408347194387, 0.3812546873959538, 0.3631203207299048, 0.3621828807099791, 0.3494029886038688, 0.3515895454379225, 0.410870458194601, 0.37162712336336706, 0.37297046552925056, 0.34578079331556505, 0.3477888530359085, 0.36585709255129145, 0.33984150799003465, 0.37137923535564865, 0.337274800826615, 0.327383928281861, 0.32344029712210176, 0.4558475208876417, 0.606286505958037, 0.3397905585818054, 0.30474034825990715, 0.30348172870993456, 0.30426282304375896, 0.30877610110931203, 0.30530078937701804, 0.30208077256141574, 0.30023078070578324, 0.3027208422245596, 0.3029992812333643, 0.299170792500127, 0.30110082323080267, 0.2989493738826988, 0.300021180484999, 0.30071076912179184, 0.2981942708595276, 0.2964306873613988, 0.2968544481075993, 0.2956547310576787, 0.2962689919150717, 0.2967657990097094, 0.2951171467812539, 0.29522270258586586, 0.2969268138528792, 0.2941379948159043, 0.2965362947730124, 0.2956187231995837, 0.29547528620650915, 0.2954724874336685, 0.2955198003487575, 0.2951923644820003, 0.2951194384864982, 0.2956986752023262, 0.2953865263327506, 0.29521016320780397, 0.29521600262805, 0.29519224018685075, 0.29537029154324895, 0.2950214095510818, 0.2957795879202499, 0.29516199104843843, 0.2955337414737046, 0.29577539204341524, 0.2956722777787745, 0.29540176509484645, 0.29550490839100707, 0.2950621371544047, 0.29468636244031676, 0.2951773128030068, 0.2958651024008085, 0.2950673486774027, 0.29523765465582297, 0.2951152753512747, 0.29495437229028804, 0.29514580028820614, 0.2950769008445336, 0.29518580909094744, 0.29531851634132855, 0.2951967691992624, 0.2956939619667779, 0.2952098542790912, 0.29519336166997373, 0.2955690968003776, 0.29516109160462145],