{"bestEpoch": 39, "lastEpoch": 49, "mae": [0.6216535577882579, 0.5699622668065257, 0.5189658284764638, 0.5005134191791109, 0.4729556804770625, 0.4621606409044885, 0.44775381614466686, 0.4573717657370552, 0.43995852610472647, 0.441967748189353, 0.4439322475262845, 0.4332883060783613, 0.4407684652122873, 0.45781996714941864, 0.4357803153126716, 0.47120471537075714, 0.4378560853398286, 0.4374427505151696, 0.4352017881937055, 0.45900731446108345, 0.45012592651105177, 0.48871153909547504, 0.4532651147713165, 0.45142180638463386, 0.45941888430322075, 0.450132138934333, 0.4658399777704874, 0.45118840883642775, 0.45052307562930155, 0.4587606678350963, 0.46956799502356755, 0.5223918475502445, 0.46360932000044003, 0.45081826885030385, 0.4739519630412614, 0.46263211149164896, 0.46096038046140153, 0.4659309937347189, 0.45379248258501853, 0.45394128469803835, 0.4601368941016296, 0.45836441140222356, 0.45935653109416147, 0.4567626123057637, 0.45849467458638843, 0.45945846404237967, 0.4566352422936553, 0.4571309277337722, 0.45735835018144866], "medianabsoluteerror": [0.48330947756767273, 0.47253341913223273, 0.4103943920135498, 0.3897743427753449, 0.37982334852218635, 0.3594516944885253, 0.34575847148895267, 0.3729186463356018, 0.3399105548858643, 0.3394090437889099, 0.34370748043060306, 0.332764253616333, 0.34125012427568435, 0.36778888463973997, 0.3423079073429107, 0.3704359245300294, 0.34032558202743535, 0.3439038157463073, 0.3420478367805481, 0.3719446408748627, 0.35103732347488403, 0.3894288349151611, 0.3556455671787262, 0.3539249151945114, 0.3610853463411331, 0.3541002869606018, 0.3653442907333373, 0.3509371185302734, 0.35068591475486754, 0.3559692692756653, 0.37378034114837644, 0.4406771993637085, 0.3630395650863647, 0.3515930008888245, 0.3775815105438233, 0.3661866581439972, 0.3620303738117219, 0.3620484805107117, 0.353823721408844, 0.3531061090528965, 0.36019564270973203, 0.3577892065048217, 0.3587576186656952, 0.3560071837902069, 0.3586146211624146, 0.3594253063201905, 0.3563021445274354, 0.356893048286438, 0.35712166786193844], "mape": [0.7250791642503773, 0.846903997259873, 0.6957794381423865, 0.6193605291268859, 0.7019722627643564, 0.5747835406675635, 0.6246171112670332, 0.7105234138457178, 0.5941264815866256, 0.563441922149463, 0.6064155787506559, 0.5658877001937127, 0.5439506699218171, 0.7223039596436769, 0.6287468288526351, 0.562865534645297, 0.6093525679477976, 0.6130775235349369, 0.6480312542980728, 0.6936231450361581, 0.5777202899795266, 0.7243957177811625, 0.6664890895878031, 0.6216880209765683, 0.6421358731365286, 0.6591900951963744, 0.6545680375960753, 0.5738573324379147, 0.5973046299884697, 0.5857557033101501, 0.7223982591739255, 0.8732352312929894, 0.6724720199735953, 0.5856103357603479, 0.7032213285684736, 0.6390867488556927, 0.6088381297720427, 0.640726501979669, 0.6406654043683965, 0.627551442503515, 0.6632842273860813, 0.6484228898795218, 0.6460171302792924, 0.6360594763959927, 0.6523993268955893, 0.6535708977956297, 0.6382896948050467, 0.6414861614474987, 0.6427592231170921], "mse": [0.6842058060888522, 0.5352181000326103, 0.46473672849820963, 0.43999937323528515, 0.37894040592516753, 0.37236792852708117, 0.35273534646164206, 0.34767938121228376, 0.34100920157170306, 0.34707321205430886, 0.34555171076608954, 0.3317328520508903, 0.34093142273922555, 0.35060880480222806, 0.327619291369807, 0.38483730035773894, 0.3341706329304939, 0.3291904723618133, 0.3247055207083706, 0.3505237615756118, 0.3541283314830016, 0.40418173563116727, 0.3514382708603953, 0.35340190110724484, 0.36138261686897777, 0.34591789973225945, 0.37434331572474333, 0.3546572020909298, 0.35272237831892866, 0.36627563917352485, 0.3724746365454092, 0.4324014661802785, 0.3703911220277652, 0.3538587425935418, 0.3797220466447103, 0.3667452803069232, 0.3670242762964613, 0.37552604022313246, 0.3563890814573688, 0.3573458973791945, 0.3641100879988898, 0.3630287942072805, 0.3646370972275218, 0.3615516000864534, 0.36262391070448885, 0.36379550213560036, 0.3608256938992966, 0.36137519198778684, 0.36155127238303614], "recauc": [0.8554246125321899, 0.8674380533552949, 0.879298610736605, 0.883590645770093, 0.8899996924737374, 0.8925126590676459, 0.895861354253989, 0.8936266883959726, 0.8976766353389051, 0.8972108040594866, 0.8967516151948559, 0.8992277042881371, 0.8974857630737425, 0.8935196728619407, 0.8986485807626156, 0.8904089858548476, 0.8981629705228866, 0.8982591199695991, 0.8987806501632681, 0.8932436022018855, 0.8953102699827179, 0.8863350876454436, 0.8945790412643786, 0.8950090624298951, 0.8931478294418927, 0.8953079523579094, 0.8916548106298491, 0.895062283482105, 0.8952174635498773, 0.8933013076351891, 0.8907872216420666, 0.8785015209621178, 0.8921740968561471, 0.8951487091778965, 0.889768163887571, 0.8924013791556562, 0.8927894285041803, 0.8916336531770579, 0.8944566206649738, 0.8944224164770437, 0.8929812699461513, 0.893393600404321, 0.8931626584931825, 0.8937659865633819, 0.8933631915127733, 0.893139091989904, 0.8937956957092735, 0.8936805581505265, 0.8936274220628166], "f1": [], "aucrecauc": 0.992298724623434, "aucloss": 0.37030803636062043, "convergence_rate": 0.8419623088764665}