{"bestEpoch": 37, "lastEpoch": 47, "mae": [], "medianabsoluteerror": [], "mape": [], "mse": [], "recauc": [], "f1": [0.014365748015188015, 0.014510044613849065, 0.01761139477389312, 0.012228650834152904, 0.015341199335917204, 0.015413323505662239, 0.010359291836375914, 0.0209718712904213, 0.022195816811167942, 0.020221346384741698, 0.021093405741230305, 0.01765452041429358, 0.024139814965016725, 0.021017641969814094, 0.023151862462292505, 0.023502566578463856, 0.022750576546995017, 0.023542928124424364, 0.023902770915910653, 0.02333320591669002, 0.022707073588606224, 0.024506018305166598, 0.023830236772982943, 0.024007661623591563, 0.02383644223646467, 0.02317091833657833, 0.023421503503965272, 0.023254166476360645, 0.023470884054360718, 0.022815969390664485, 0.024503353236038715, 0.024236371428607427, 0.021391812637215336, 0.02340507271508732, 0.02266331316075908, 0.022348893804757537, 0.02446170629153815, 0.021281933102890206, 0.023219308490493362, 0.02316198316896797, 0.024472291776263314, 0.024673167488397495, 0.023886149549678642, 0.02479331044449857, 0.024713754949896777, 0.024992414571505178, 0.02410975813814426], "f1auc": 0.874531171401743, "convergence_rate": 0.7857074640260603}