{"bestEpoch": 19, "lastEpoch": 29, "mae": [], "medianabsoluteerror": [], "mape": [], "mse": [], "recauc": [], "f1": [0.25470087820543796, 0.27997311579539275, 0.30281408170446045, 0.28441223531927967, 0.29180988607423397, 0.30405214432830585, 0.31221435033986644, 0.2947787655266352, 0.3202954725182607, 0.31532552119531226, 0.28126499913445807, 0.31137490149878916, 0.3244761772781766, 0.32314521251619993, 0.3309466849088576, 0.3195179929754455, 0.32389291920839375, 0.3258313568709121, 0.3233861733829697, 0.33813352956844456, 0.32941319471600256, 0.3206581103274934, 0.33391151214084325, 0.33258487895189787, 0.323286290644418, 0.32808611527499293, 0.33040976711532793, 0.3307004183324271, 0.32844795823940803], "f1auc": 0.9324581493354358, "convergence_rate": 0.7262682656526461}