{"bestEpoch": 48, "lastEpoch": 58, "mae": [2.430666176336883, 0.9105662162713976, 0.8565815740788961, 0.9373846198536054, 0.82674570383176, 0.8672101263978659, 0.8580833552856033, 0.803653485809574, 0.7783512147766922, 0.6927658961149086, 0.6832172156270329, 0.6744468353926583, 0.6178242464144125, 0.5991896016467612, 0.603322730846946, 0.6033168974976093, 0.6170267136367866, 0.5585358676184423, 0.565720397604318, 0.5440497962298199, 0.5393072425234657, 0.5319079569513103, 0.518092093498814, 0.5091722901645821, 0.5386871528040287, 0.5070118802521919, 0.507687477180731, 0.4871127909497629, 0.5233003277570736, 0.4812142041962948, 0.4950467378663272, 0.479294091565397, 0.48109034635829956, 0.4728494108725855, 0.48239919306934803, 0.4828494946407445, 0.4755729160642771, 0.4953497848353597, 0.4875976291261012, 0.4693918678304644, 0.4643393601497096, 0.4682062728847788, 0.4680916169563029, 0.4626161989951273, 0.46434700615906116, 0.46241082066405975, 0.46352059972928716, 0.462781493376507, 0.4629223704378997, 0.46422717082635506, 0.4640121567998193, 0.4641599277839438, 0.4635584461619426, 0.4640920976572662, 0.463886576667914, 0.4638176117408247, 0.4638343998299732, 0.4638823475822975], "medianabsoluteerror": [2.1620421409606934, 0.5134196281433105, 0.47954654693603516, 0.6028833389282227, 0.5236210823059082, 0.5714330673217773, 0.5910730361938477, 0.5620088577270508, 0.5487785339355469, 0.4748854637145996, 0.4784245491027832, 0.4813981056213379, 0.42197656631469727, 0.42247438430786133, 0.43695831298828125, 0.44709110260009766, 0.4734797477722168, 0.4019956588745117, 0.41524314880371094, 0.4060020446777344, 0.4036521911621094, 0.40145301818847656, 0.39743995666503906, 0.38683605194091797, 0.45036792755126953, 0.3916015625, 0.38770437240600586, 0.3784456253051758, 0.43607497215270996, 0.3779182434082031, 0.397463321685791, 0.38396549224853516, 0.38617515563964844, 0.3805060386657715, 0.3902125358581543, 0.37745189666748047, 0.3763747215270996, 0.39444899559020996, 0.39899587631225586, 0.375185489654541, 0.37027788162231445, 0.3696751594543457, 0.37343263626098633, 0.37158727645874023, 0.37290000915527344, 0.3701138496398926, 0.37346506118774414, 0.37185239791870117, 0.36893796920776367, 0.3739285469055176, 0.3718607425689697, 0.37349724769592285, 0.3736441135406494, 0.37409019470214844, 0.3748922348022461, 0.37375497817993164, 0.37425661087036133, 0.37279272079467773], "mape": [0.4587253038940316, 0.19167397389409727, 0.18033899486487476, 0.20382135388193645, 0.1747242328909507, 0.18725363516832527, 0.18528828243461376, 0.17092393518400573, 0.1656923318463789, 0.14418819735110394, 0.14391230749243525, 0.14111781099789153, 0.12713371739498738, 0.12320171427334806, 0.12493905860772328, 0.12686891273543172, 0.12982360171995605, 0.11092892580464124, 0.111227081071084, 0.10860331286326277, 0.11207819507630049, 0.10630748808666882, 0.10645181926531853, 0.1022162785814459, 0.1105836368231553, 0.10141606333512469, 0.10011362684233664, 0.09957057593221931, 0.10821359044862057, 0.09763186158965778, 0.10143410909722905, 0.09595447086946672, 0.09515780324284584, 0.09547656626043893, 0.09937827771100939, 0.09501370741342623, 0.09703137956602119, 0.09676682287876762, 0.09957613092002073, 0.096161158157518, 0.09361857844467267, 0.09391220485087375, 0.09375222271224096, 0.09374638521713569, 0.09392811354610832, 0.09359101044788277, 0.09453771582080969, 0.09414459405588702, 0.09376035142090412, 0.09406827165439122, 0.0945506939224637, 0.09374356352043232, 0.09388090692306257, 0.09412257305280555, 0.09421998145673517, 0.09403226215404596, 0.09407293165040481, 0.09416156575958042], "mse": [55.15874961787993, 42.51082765111692, 36.41036910558688, 31.084021547107096, 26.641109367052806, 23.40852254302886, 18.748313764762845, 15.785576223492209, 13.43572309761553, 10.710795196706309, 8.908433284555548, 7.5337277295541085, 5.896373956260817, 4.774767745064651, 4.035332984705045, 3.1774195476757376, 2.655982282434947, 2.162402945011462, 1.8254311008961164, 1.5362342426786049, 1.2270523282643873, 1.0298651739646465, 0.840779351924439, 0.7574657353670637, 0.6545684341880298, 0.5790116128975258, 0.554521819217049, 0.4667880371587555, 0.47812910470761494, 0.4186831645858283, 0.4194608176545911, 0.4039274046185464, 0.4041391961705457, 0.38367638411747595, 0.38244711570793033, 0.4049171033843404, 0.38738382196027593, 0.4238867363938843, 0.39776783998790144, 0.37354811863553555, 0.372035989837076, 0.38055750891879053, 0.38009860202257334, 0.36708793855939764, 0.3723155109153373, 0.36784542156093436, 0.3669468289479721, 0.3655287677298039, 0.3682559467199469, 0.3692253248440904, 0.3663194550290052, 0.36972759042868786, 0.36810076552190657, 0.3680853456787904, 0.367000841518638, 0.3678827538140476, 0.36795983393206816, 0.367684570921224], "recauc": [0.5053561655513302, 0.8501306704649182, 0.8576265281866327, 0.833699453021169, 0.8555997721296332, 0.8425565865889714, 0.8394535643059672, 0.8486640116122838, 0.8513448838876336, 0.8674791097372697, 0.8667427676512931, 0.8663550186120569, 0.8764403045179218, 0.8782515052054468, 0.8754370802682739, 0.8729433362148438, 0.8680083765328129, 0.8802304363632382, 0.8771412843309735, 0.881050102950563, 0.8806952957568328, 0.8813454122617891, 0.8835019444271924, 0.8849291382965965, 0.8769882995851938, 0.883832204023698, 0.8833577659173402, 0.8876000027053855, 0.8788347595487321, 0.8883299418167014, 0.884958784240937, 0.8885849450032542, 0.8881072968264901, 0.8900456815334813, 0.8878030439501211, 0.8876993088941576, 0.8894069290210861, 0.8848337288243072, 0.8866362091066643, 0.8908512890423955, 0.8920234968913988, 0.8911330542597687, 0.8911536879743589, 0.892420137997322, 0.8920176260674473, 0.8924647013276681, 0.892213732186813, 0.8923845697305742, 0.8923556962630695, 0.8920527823465492, 0.8921020492025172, 0.8920604384502989, 0.892201029234403, 0.8920784972421033, 0.8921260474828808, 0.8921420463364566, 0.8921384414445565, 0.8921280387565019], "f1": [], "aucrecauc": 0.9821275340202077, "aucloss": 5.373290791870042, "convergence_rate": 0.9416741544916345}