{"bestEpoch": 127, "lastEpoch": 137, "mae": [], "medianabsoluteerror": [], "mape": [], "mse": [], "recauc": [], "f1": [0.02205935698164344, 0.013277276729540167, 0.009101160427876233, 0.012788510699651003, 0.007561562259185775, 0.0077861154969099105, 0.01358655575387572, 0.011874145353698755, 0.010890950015377399, 0.015092388494718764, 0.011271272821841578, 0.013583816235253069, 0.015544869739512796, 0.009563162021318752, 0.014122225462821351, 0.019190038729266033, 0.016137403099983027, 0.012678547007503222, 0.016270138860135744, 0.01584905019340115, 0.016655196953763638, 0.01979616772369515, 0.017265973247230962, 0.017914937186659548, 0.019258823023993718, 0.021531602774539107, 0.019426493871887107, 0.02059084931427635, 0.022298432416247113, 0.01924685572873713, 0.019017193917075667, 0.02034077506004205, 0.021571642743665832, 0.0155522575621254, 0.022235068634650166, 0.02146418741555956, 0.027347982244268394, 0.022499029982666122, 0.026350826706616492, 0.026661781439791962, 0.022316529055114328, 0.02321645809328057, 0.026181568915552702, 0.023376210177101644, 0.021674450359109372, 0.022779105026726178, 0.022363151255033766, 0.023857744479196183, 0.0230264703765512, 0.024791421312861616, 0.024244258002763665, 0.02497987901773144, 0.023662749409271825, 0.02131604449986483, 0.02109961252663776, 0.026433689619373896, 0.0271818703785557, 0.024741664562876867, 0.023667719758026062, 0.027592523998688744, 0.022055510621581714, 0.02597964568412628, 0.024433950076876623, 0.025399581523720495, 0.0246265795644569, 0.02320080299178539, 0.025230440916496198, 0.025271104421346145, 0.02365282563947169, 0.024078618720245068, 0.024541676573590854, 0.027833751460077123, 0.0290382580448168, 0.027283564986600867, 0.0267828094669549, 0.02393563578710313, 0.027144472903381265, 0.02369333794632526, 0.027639944349310226, 0.027271557261193922, 0.024058212924670558, 0.02307441126164725, 0.025943066892291426, 0.02330449641744549, 0.026850090638356916, 0.028295638477657495, 0.024847793870278148, 0.02824345385661208, 0.026700953633833287, 0.026839466852054118, 0.02677861602817755, 0.025995625458939194, 0.02625188741357956, 0.02427373566418958, 0.02518760937768536, 0.025947705909114056, 0.026799553748312298, 0.024927972850585067, 0.027803421662805042, 0.027661129755401834, 0.02720617567495521, 0.02651795223392924, 0.027590445237663214, 0.027559972244783335, 0.025850643916491518, 0.026038442961470867, 0.02427936359666016, 0.024493616376546797, 0.024144140454164263, 0.025327455835897978, 0.02577817354148782, 0.024097029230629313, 0.02681040686751889, 0.02466734461678511, 0.027286852184476143, 0.025160149111130622, 0.027921493329163292, 0.02673099878201761, 0.028642928642916173, 0.028102544679051423, 0.027974628438503256, 0.027230552711544936, 0.027958202888434137, 0.02802565619053851, 0.02827129440304232, 0.02730072713915966, 0.027287323475189407, 0.027027805688331852, 0.026938227136890324, 0.02691428305856825, 0.026837037503109736, 0.0270370679381943, 0.02711181418249784, 0.027141130284047, 0.02711411906651247, 0.027113875323068196, 0.027113972540915417], "f1auc": 0.7993141310542652, "convergence_rate": 0.7286562091970653}