{"bestEpoch": 14, "lastEpoch": 24, "mae": [1.1763927606889335, 0.9918680557801413, 0.9007262275083721, 0.8556862863307196, 0.8282434484805077, 0.814519088336306, 0.8003696859749837, 0.7972157269151215, 0.7894603630236297, 0.7740669674659322, 0.7714927918609399, 0.7629792053224929, 0.7628114828503614, 0.7584379095971552, 0.7690440584532134, 0.7636298263558075, 0.7608004372070044, 0.7642259169754715, 0.7636871122470178, 0.7629223967507361, 0.7647352530246668, 0.7672076277594931, 0.7663975640578965, 0.7660916478223959], "medianabsoluteerror": [0.8876596050709487, 0.7996026468276978, 0.7209534054994583, 0.6845818042755127, 0.6530285024642943, 0.646378972530365, 0.6285011410713195, 0.623683888912201, 0.6198300552368163, 0.5977856349945069, 0.5970768094062805, 0.5862050652503967, 0.5867350816726685, 0.5815169429779052, 0.5919289708137512, 0.5862353992462158, 0.5845886997878551, 0.5795027792453766, 0.5815424388647079, 0.578836003690958, 0.5806491899490356, 0.58320356965065, 0.5821235179901123, 0.5820047664642334], "mape": [1.3617285478549785, 1.3299646824812, 1.1887699795637157, 1.13965225865519, 1.0583442322969034, 1.0738875737405953, 1.0255156150425186, 1.007920277333555, 1.0195237780067439, 0.9523614188737571, 0.9636055933400769, 0.9325819075665605, 0.9445226720004993, 0.9294953720061433, 0.9602627832758324, 0.9391322707518697, 0.9366899352238656, 0.8988725278566638, 0.9284182318043072, 0.9128637637971728, 0.9167435337301554, 0.9244023815541274, 0.9219138086204265, 0.919808670368298], "mse": [2.619338978268338, 1.7291454365261374, 1.4435150122345735, 1.3015460264608263, 1.2405406589624164, 1.1886457320417096, 1.1642048631947373, 1.1628360830898024, 1.135787087855885, 1.1073428090084667, 1.0996343327670635, 1.0795475039151323, 1.080910245140122, 1.071914604747201, 1.0982618625551, 1.088049018592149, 1.0796818045080536, 1.100087013937704, 1.0943838514945472, 1.0941113389627477, 1.09923400793951, 1.105990292454247, 1.1038950328919392, 1.1032438015186294], "recauc": [0.733101140796441, 0.7715489675929981, 0.7920643452713728, 0.8022069169045263, 0.808503989765586, 0.8116014407250036, 0.8148566187488466, 0.8156063516369338, 0.8173708775785, 0.8209106333733653, 0.8215312909710208, 0.8234662799294542, 0.8235432761810156, 0.8245383733003306, 0.8221449042685721, 0.8233944661893476, 0.8240247057150509, 0.8232739613294344, 0.823401270456662, 0.8235683361857563, 0.8231631847432673, 0.8226039480797407, 0.8227877237092516, 0.822856783371927], "f1": [], "aucrecauc": 0.9878566169964053, "aucloss": 1.1969806960510243, "convergence_rate": 0.8941327594157868}