{"bestEpoch": 6, "lastEpoch": 16, "mae": [], "medianabsoluteerror": [], "mape": [], "mse": [], "recauc": [], "f1": [0.17832022380443616, 0.20067830980456208, 0.21222829177827057, 0.21277173579581554, 0.2125766849402879, 0.21980758730346728, 0.2596065263510629, 0.22969103490636691, 0.21902557318915386, 0.2760444590178111, 0.2633304640812635, 0.27399142600448284, 0.27822403464527423, 0.2641050268220589, 0.26874727734210213, 0.26575268702359955], "f1auc": 0.865696809647729, "convergence_rate": 0.6259764750608824}