{"bestEpoch": 60, "lastEpoch": 70, "mae": [0.6664191266294919, 0.5609327462620858, 0.5268047313287015, 0.5372939097368009, 0.48631738344369396, 0.4750766017454415, 0.46913701731597834, 0.5440128775923648, 0.5236935222301413, 0.4734799225641901, 0.45360927738655027, 0.45792825197423936, 0.45098988568501763, 0.4526445529314289, 0.521182549302988, 0.42902048196325854, 0.4877386399628518, 0.42827631205101635, 0.43090877331817806, 0.4274467371886827, 0.4268692390645475, 0.41768494291652675, 0.46025923809936653, 0.41202270789273965, 0.41122969206422844, 0.4346983422381644, 0.4287213063583151, 0.4511428473439816, 0.4009102822187617, 0.4013162880498646, 0.4017949840664659, 0.39990348058687847, 0.4099978410249639, 0.39919713013396, 0.39854071969569066, 0.39851490879166396, 0.3976887421685093, 0.397382006809451, 0.3975717797872679, 0.397116187139585, 0.39778290663611987, 0.39694324144424914, 0.39748768873777657, 0.39710733574943147, 0.3965817136748664, 0.39654000437347287, 0.39651877515887657, 0.3962766494567637, 0.39665019429509607, 0.3965737529037394, 0.39606273764402616, 0.39617625448036514, 0.3963361358440966, 0.39605443157777437, 0.39642108984219443, 0.39635018209986966, 0.3962571365885501, 0.39629947465968673, 0.39618628576399817, 0.39632994358252643, 0.39640211868227027, 0.3964612601411665, 0.3962736068738154, 0.3961785506685495, 0.39622069403434723, 0.3961832583986535, 0.396223675490228, 0.39616440593508956, 0.3963778241633044, 0.39641933603972307], "medianabsoluteerror": [0.4882029438018799, 0.4340950548648834, 0.41628602743148796, 0.4190630400180816, 0.3701216602325439, 0.3535788035392762, 0.3575821614265442, 0.4373688077926636, 0.40302252531051636, 0.3677489590644836, 0.3450688028335571, 0.3392033895850182, 0.33938785910606384, 0.3357487916946411, 0.40941381454467773, 0.3218148112297059, 0.3786063075065612, 0.32404287219047545, 0.3255935001373291, 0.3196923851966858, 0.32039437294006345, 0.30449144899845115, 0.3673059010505676, 0.3138290500640869, 0.308510422706604, 0.329923939704895, 0.3176933526992798, 0.36203175783157343, 0.296240416765213, 0.2990946125984192, 0.29946181833744046, 0.29777855157852173, 0.31066409707069403, 0.2957745683193207, 0.2956687569618225, 0.2952557665109634, 0.2962007939815521, 0.29532528042793277, 0.29479614973068236, 0.2952417981624603, 0.2958668231964111, 0.29476833939552327, 0.29613441944122304, 0.2952102112770081, 0.2948137104511261, 0.2946092760562897, 0.29464973330497746, 0.2944669049978255, 0.294731297492981, 0.2946417450904847, 0.29410034179687505, 0.29431480169296265, 0.29471319913864136, 0.29416768312454233, 0.2946734499931335, 0.29455326914787294, 0.29429404735565184, 0.2944635760784149, 0.29437203407287593, 0.2946122217178344, 0.2945934653282165, 0.2946532452106476, 0.29465837717056276, 0.29416017532348626, 0.29452040910720806, 0.29434854030609137, 0.29455024957656856, 0.29437715411186216, 0.29453810214996334, 0.29458888292312624], "mape": [0.7272386110943208, 0.7256036327596459, 0.7350318141077015, 0.7950858137554869, 0.6651855114869486, 0.6214892623711389, 0.6480141422847442, 0.5816347993181111, 0.5345113568907524, 0.5930039861880356, 0.6057717660504511, 0.5214940382932259, 0.6173241119319186, 0.5265306197187817, 0.5218934763573326, 0.5693256345111107, 0.4860227976301747, 0.5851082857119394, 0.5531756235955434, 0.5434056440832086, 0.5037496995230852, 0.5120463081376347, 0.6650747546172893, 0.554293478696773, 0.5507551735756469, 0.5936012387830187, 0.5075294242381682, 0.6470644854671148, 0.5146916590489468, 0.5141724792958615, 0.49762389658410994, 0.52836134914905, 0.5523101420469964, 0.5071996991743585, 0.4972347674960641, 0.4979940586119853, 0.5143486842297731, 0.5101910591130885, 0.4951151827331144, 0.5117226851220962, 0.512271192843362, 0.49626154411574885, 0.5020257165183266, 0.500005452491827, 0.5068311877260002, 0.5076115118294978, 0.5082100979637609, 0.5058463278211828, 0.5102454695718446, 0.5091848655465344, 0.5056163848649845, 0.5078482312321815, 0.5070766761353465, 0.5045240650555833, 0.5080577544715416, 0.5083622662004496, 0.506958835693173, 0.5102009780281801, 0.5085102726851588, 0.5104720406484183, 0.5092586014553551, 0.5097810112886465, 0.509323144558199, 0.5072642798679085, 0.508244424762118, 0.5067276978802969, 0.5078860050047762, 0.5061832016164868, 0.5091511430383915, 0.5088614182110467], "mse": [0.8301359180770952, 0.5551975418219894, 0.4746542691965644, 0.4953006201250208, 0.42297445566885367, 0.41236420105427274, 0.39158503047452714, 0.5002379739566528, 0.488990803617166, 0.39323633567371, 0.36577409653413895, 0.3882230798830361, 0.3626865923933294, 0.3784322315121636, 0.4704818116915585, 0.33403168531443206, 0.418765186202319, 0.33074051610029886, 0.3341568343358759, 0.3302225668939457, 0.33064081874307677, 0.3259104302247638, 0.35629816125766395, 0.3043778117146102, 0.3087647395750101, 0.33433086360896136, 0.3389057853835524, 0.3417750758157932, 0.29685697067266464, 0.29390851766642245, 0.2948283970923055, 0.29196924801780816, 0.2999211547100488, 0.29277137968266176, 0.29201780005711914, 0.29240322274168334, 0.2886327468403836, 0.2884740902618685, 0.2906702941314701, 0.28844477265701385, 0.28866758995381486, 0.28917033491766514, 0.2889037537357317, 0.2891365514733281, 0.2877572324344387, 0.287697227577449, 0.28766096348500403, 0.28753123568692346, 0.2876310499962095, 0.28744502962561874, 0.28726849743976873, 0.2872310691799137, 0.28750157656994824, 0.2874049258990446, 0.2875630237317885, 0.287435864450062, 0.2873614483498352, 0.2871521469080557, 0.2872321504157953, 0.2871258592189468, 0.28725956464846664, 0.2873616533457811, 0.2871665931554992, 0.28730607605104264, 0.28721468502708, 0.28734049920297683, 0.2872080632910578, 0.28731224354066387, 0.2873309312712245, 0.287385773918584], "recauc": [0.8450250103635046, 0.8695411692914281, 0.8774757917175305, 0.8750354174357651, 0.886892608219901, 0.8895060005916604, 0.8908873114386239, 0.8734729509672635, 0.8781986089503475, 0.8898773393936502, 0.8944988641745313, 0.8934943156429787, 0.8951082476614309, 0.8947232557426793, 0.8787826471714657, 0.9002179868601257, 0.8865611691348867, 0.9003909364616252, 0.8997786951953758, 0.9005838989181051, 0.9007181415362215, 0.902854153594652, 0.8929522602228567, 0.9041711776516635, 0.9043555060350144, 0.8988972902691275, 0.9002873960725702, 0.8950725709708697, 0.9067556969540583, 0.906661274580419, 0.9065500092060813, 0.9069898688084409, 0.9046419520558648, 0.9071541668916289, 0.9073067418121394, 0.9073127164641058, 0.907505073508139, 0.9075764010445467, 0.9075321936597158, 0.9076381989884542, 0.9074830622105793, 0.9076783274311564, 0.9075517031888736, 0.9076402077689194, 0.907762473300035, 0.9077721708831822, 0.907777140175739, 0.907833373752529, 0.9077466317820392, 0.9077644252221276, 0.907883181687078, 0.9078566747013621, 0.9078195222775802, 0.9078849992166531, 0.9077998796481409, 0.9078163214096403, 0.9078378713790389, 0.9078281944716637, 0.9078544236266947, 0.9078211110814285, 0.9078041866698783, 0.907790545183238, 0.9078341064501965, 0.9078562256494407, 0.9078464983448715, 0.9078551143267001, 0.9078458011836872, 0.9078595738322557, 0.9078098434318513, 0.9078001600632974], "f1": [], "aucrecauc": 0.9922773407892583, "aucloss": 0.33187096811428574, "convergence_rate": 0.8884951305481189}