{"bestEpoch": 42, "lastEpoch": 52, "mae": [1.3044372889089535, 1.2866686012505093, 1.2402354205059833, 1.2835742372276444, 1.2584847427503048, 1.203535086094535, 1.2585080386926903, 1.2816685900179088, 1.35127279368046, 1.2634745554297069, 1.2669526893086667, 1.2478952662379235, 1.2584081149535042, 1.2523225662514306, 1.2834853377900417, 1.2393734390449982, 1.2324587711140416, 1.2731889915597263, 1.2548840130230752, 1.257971760828062, 1.2692582052350658, 1.2561585414544685, 1.26211614122597, 1.263196172724055, 1.2629199635315465, 1.2603553736942394, 1.2603508569185078, 1.2620908522417649, 1.2596316624866333, 1.2593285421141636, 1.2581163277709522, 1.263209824786332, 1.2620359897777218, 1.2605654136691764, 1.261218517783414, 1.2604112938593803, 1.2607305440303593, 1.261518865854438, 1.2607847253686164, 1.2618843096455798, 1.2604863200857186, 1.2618322614701885, 1.2622295995778412, 1.2608260763006607, 1.261648967181781, 1.2605109968588109, 1.2604131265640914, 1.2621921855397458, 1.2610749353709354, 1.2611378366252297, 1.2600428784707958, 1.2597156258493694], "medianabsoluteerror": [1.0703372955322266, 1.1085119247436523, 1.0921611785888672, 1.1091914176940918, 1.1005001068115234, 1.0638628005981445, 1.092020034790039, 1.1146869659423828, 1.1705737113952637, 1.103687047958374, 1.0935769081115723, 1.081857681274414, 1.110163688659668, 1.0907297134399414, 1.1103153228759766, 1.0903897285461426, 1.0699429512023926, 1.1173758506774902, 1.0998878479003906, 1.1057753562927246, 1.1115365028381348, 1.0976619720458984, 1.1087169647216797, 1.1098542213439941, 1.1065196990966797, 1.1063575744628906, 1.1036686897277832, 1.108820915222168, 1.1043806076049805, 1.10316801071167, 1.1023635864257812, 1.1088862419128418, 1.1065053939819336, 1.1085453033447266, 1.1104063987731934, 1.1039502620697021, 1.1081714630126953, 1.1086883544921875, 1.106947422027588, 1.1089181900024414, 1.107311725616455, 1.1109061241149902, 1.1060314178466797, 1.1077275276184082, 1.1095151901245117, 1.1040635108947754, 1.1048903465270996, 1.1086621284484863, 1.1055808067321777, 1.107060432434082, 1.104886531829834, 1.1031455993652344], "mape": [0.26577758144470975, 0.2636638005807886, 0.25537015353437953, 0.2622822700701239, 0.25615636387312263, 0.2441663659779231, 0.25545578570073985, 0.262553594032784, 0.2724410579615375, 0.25287024091025895, 0.2534427821464081, 0.25300599256085793, 0.25567937778876243, 0.25376069147310854, 0.25923535507489337, 0.2531746650542689, 0.24866394395557107, 0.2580826920182334, 0.25481162020352327, 0.25589889160249474, 0.25790015461328014, 0.2548116744197233, 0.2563948236871781, 0.25621559911185715, 0.2559077337560438, 0.25565607607763874, 0.25552912255379956, 0.25610706801798944, 0.25578114467790636, 0.2556501239565719, 0.2549848416352549, 0.25616967740126106, 0.25584380611191193, 0.2560162335473128, 0.25608246318129463, 0.25550320526448767, 0.25577772736362964, 0.2560801757761749, 0.2557938012141298, 0.25591166928213094, 0.25572719453205356, 0.2561313767348342, 0.2558923927159945, 0.25592102597547234, 0.2561674244159229, 0.25552757219465627, 0.2555517318945946, 0.2563508492585246, 0.2558452418250449, 0.2559381695269955, 0.25558555819276946, 0.2555277108902636], "mse": [3.7136008074283295, 2.5751803755024, 2.3556827952770454, 2.5153717526454193, 2.4410443316754415, 2.216004539036984, 2.438519336941487, 2.5164135451156113, 2.806173643443083, 2.4508599603954666, 2.4701132681106306, 2.388061754846078, 2.4230617740648377, 2.401577937225672, 2.527022268666602, 2.3454444996764416, 2.322867322383472, 2.484571250595338, 2.4095916460683964, 2.4211504013113494, 2.468197234031857, 2.4175832101523786, 2.439243962413737, 2.444664180079243, 2.443738029544646, 2.4333062794067897, 2.43320372243037, 2.4401179929885264, 2.4294555684525094, 2.4283715756459356, 2.424556193459516, 2.4448861446612575, 2.440171505797184, 2.4328604638966462, 2.4356459446975998, 2.433614432254773, 2.434609443963011, 2.4372896366645183, 2.434435367518616, 2.439406861651709, 2.4335963900778133, 2.438646834115216, 2.441039095715781, 2.434207410948809, 2.4375739273595665, 2.4340337306689803, 2.433572691469508, 2.440050990676572, 2.4354627806740203, 2.43553858986531, 2.4312935728401905, 2.4302462956671205], "recauc": [0.7053181974565462, 0.7020097821659954, 0.7115880314430344, 0.7015206155013031, 0.7074700775947831, 0.720118939460029, 0.7073826503831298, 0.7020207170047592, 0.6860338797353818, 0.7063445960112662, 0.7054668734981978, 0.7098639489764288, 0.7074049148821508, 0.7088250019646662, 0.7016569834120385, 0.711793990933594, 0.7134208786481121, 0.7039820356906957, 0.7082093379265837, 0.7074968739579074, 0.7048844087979, 0.7079175991749537, 0.7065297157934125, 0.7062855787810157, 0.7063536940717758, 0.706944621684963, 0.7069461323063305, 0.7065408394598471, 0.7071083181095315, 0.7071797636337612, 0.7074637947831859, 0.7062863684240033, 0.7065579369471447, 0.7068929172354242, 0.7067417177694427, 0.706932468049414, 0.7068551173689288, 0.7066721948542263, 0.7068449206746971, 0.7065892480082199, 0.7069112163533552, 0.7065995133670594, 0.7065121033215578, 0.7068310847562613, 0.7066417421007464, 0.7069096713996836, 0.7069316440741225, 0.7065139572659636, 0.7067758097471265, 0.706760840862665, 0.7070168225198764, 0.7070932462281587], "f1": [], "aucrecauc": 0.9812580443172672, "aucloss": 2.4531570533069034, "convergence_rate": 0.6025776795987864}