{"bestEpoch": 51, "lastEpoch": 61, "mae": [0.6614562763378041, 0.574271880673551, 0.542885012963456, 0.5221125496899623, 0.510585508043382, 0.504926323394252, 0.5006731669309628, 0.4897673771013877, 0.4843986852708174, 0.4834481861071216, 0.47572862035934355, 0.4746791400719735, 0.46992253492493896, 0.47314213794187265, 0.46454684342250474, 0.4637759960966407, 0.47499686279573844, 0.4670302561619573, 0.46280550626196676, 0.4610760602007306, 0.46156925216978106, 0.4522133445536512, 0.451715551317303, 0.4522715457384237, 0.4568596746518029, 0.4494433821867529, 0.4528625921595304, 0.4529530112039608, 0.44706551381431936, 0.45073446887375407, 0.4448304518596263, 0.4444902550142776, 0.44258875414717086, 0.4529863907354496, 0.44539803977014203, 0.44977560753591445, 0.44795639067374954, 0.443856627925526, 0.450784459660255, 0.43886396920503185, 0.4385776451265605, 0.44100936857719636, 0.43907742417440765, 0.43928403635508206, 0.4380917219113599, 0.4413511090901696, 0.43779395420444184, 0.4384805200224477, 0.4399094303954326, 0.43942774103540727, 0.4389948081936796, 0.4396962100859319, 0.44108016023295527, 0.44103231122138553, 0.4401352739979075, 0.43952787004650246, 0.4401515859478332, 0.43986917202008907, 0.4397581226426394, 0.4397790034803423, 0.43981584529200457], "medianabsoluteerror": [0.5465340495109557, 0.45731967687606806, 0.4367720508575439, 0.42242190837860116, 0.4142335176467895, 0.41338357925415037, 0.41197088956832884, 0.39998223781585684, 0.3953840732574462, 0.39721358060836787, 0.3851379728317259, 0.3881415247917176, 0.3835023760795594, 0.3899216890335082, 0.3781850862503051, 0.3801853895187377, 0.3957880735397339, 0.3869035625457764, 0.3828772544860839, 0.3817372679710388, 0.3828558087348938, 0.3664807796478271, 0.36825013637542725, 0.3716425228118896, 0.3784681797027589, 0.3680583429336548, 0.3738883852958679, 0.3743703484535218, 0.3659087705612183, 0.3725004673004151, 0.36310112953186036, 0.363358736038208, 0.3565991640090942, 0.3757925271987915, 0.3655444073677063, 0.3727109932899475, 0.37034246921539293, 0.36408305168151855, 0.3748594760894777, 0.3541107892990112, 0.353723633289337, 0.3600421071052551, 0.3549512147903442, 0.35725809335708625, 0.3543210029602052, 0.3609867477416992, 0.3537382483482361, 0.3546011328697205, 0.3589221596717834, 0.35785091876983643, 0.3569773316383362, 0.35837824821472164, 0.3610011458396911, 0.36100321531295787, 0.3590591585636139, 0.3577569484710694, 0.35919243335723866, 0.3583506155014039, 0.3582781672477723, 0.3583250093460083, 0.3584116458892821], "mape": [0.34176388956864506, 0.3221412561387126, 0.29381276866312384, 0.29030509927812875, 0.28123645204999326, 0.2831409028540185, 0.282414300702753, 0.2693935251506936, 0.26570869777575795, 0.2694199105163589, 0.2550480323200807, 0.26301597531101256, 0.2575731474193399, 0.26417612157126336, 0.25364803047610784, 0.25489781537900097, 0.2689845329291134, 0.2616286953450637, 0.25716151115455943, 0.2555150747834096, 0.2570619979335261, 0.24240758136827095, 0.2437502257447186, 0.2471335481046622, 0.2538995788677813, 0.24539679227737704, 0.25044986595133173, 0.25044443114028, 0.24426694335293836, 0.2485095956143402, 0.24117693845639632, 0.2407587020275908, 0.23324795553540145, 0.2526472019529666, 0.2432167039735023, 0.24872525161130243, 0.2468914170420877, 0.24230495152636278, 0.2504740153290416, 0.23338558569568832, 0.23336948671396152, 0.23961175627133718, 0.23295759107320438, 0.2369959406478431, 0.23557204407774587, 0.23900903683815117, 0.23446400279299193, 0.2335005161932266, 0.23741411604308688, 0.23688198238861868, 0.2364076760872951, 0.23734492038105484, 0.23929355478382625, 0.23934258389506124, 0.23795050672724058, 0.237158884848818, 0.23812816709128898, 0.23756662821934244, 0.2375362253489283, 0.23756300828221802, 0.23759107042555358], "mse": [0.7136644487098706, 0.5550707627669282, 0.4944586430167408, 0.45431905837813996, 0.4336669610078259, 0.42066268204330387, 0.4112654281078922, 0.39787731083557476, 0.3892947614785188, 0.3850339199882298, 0.3795259457301604, 0.3733311749436091, 0.36744128419939964, 0.3675902837176143, 0.35995159385586595, 0.35704522334250566, 0.36570883023165657, 0.3572453898767325, 0.35261016585688243, 0.3499141560754518, 0.34943736828603844, 0.34377426505876957, 0.3415793900247595, 0.3399121393741809, 0.34271090021956085, 0.3370841735614339, 0.3384673579756348, 0.33753013317744657, 0.33373696207414816, 0.33487521003524395, 0.3311155147892403, 0.33012353394400734, 0.3322771171109362, 0.3356793367840112, 0.32904975933534286, 0.33201263576212753, 0.3304393956633152, 0.3272776585964415, 0.3324470893203687, 0.32612178485971904, 0.3258312952997259, 0.3247567294908859, 0.3258028424432724, 0.3238769923370837, 0.32340923668930727, 0.32424519867900037, 0.3233972097181683, 0.32381989377660075, 0.3231955129600122, 0.3229687017881982, 0.322698223577583, 0.32304587634745147, 0.3236753520566165, 0.3236864869826344, 0.3232170144507853, 0.32296600781901874, 0.3232163497409201, 0.3231026140211722, 0.3230568898398114, 0.32306586847895047, 0.3230824462452675], "recauc": [0.8461596689532037, 0.8664367766733012, 0.8737372110531387, 0.8785682280448807, 0.881249117981189, 0.8825651391174469, 0.8835542847023458, 0.8860909791754895, 0.887339438131851, 0.8875604841438745, 0.8893560772083312, 0.8895999827399974, 0.89070625037579, 0.8899571758498387, 0.891956472892849, 0.8921357042872274, 0.8895259916182792, 0.8913786587636764, 0.8923613679879284, 0.892763550972536, 0.8926488040054906, 0.8948251470689859, 0.8949409125347276, 0.8948115727388091, 0.8937443556784146, 0.8954694147936263, 0.8946739280981635, 0.8946529137462939, 0.896022509397733, 0.895169066840981, 0.8965423337509877, 0.8966214237251795, 0.8970637690491104, 0.8946453454849109, 0.8964104026654626, 0.8953923151842121, 0.8958154976830395, 0.8967690286683706, 0.8951574214053172, 0.8979302199856711, 0.8979969756333014, 0.8974311683425559, 0.8978805615502842, 0.897832478025472, 0.8981101180144719, 0.8973517190852652, 0.8981791586602177, 0.8980195882120534, 0.897687107208453, 0.8977991728001591, 0.8978997137770662, 0.8977367062932397, 0.8974148532864391, 0.8974258999169384, 0.8976346751923294, 0.8977760324249965, 0.897630926566015, 0.8976964941418053, 0.8977223190718037, 0.8977174173481101, 0.8977088835796385], "f1": [], "aucrecauc": 0.9941043150002103, "aucloss": 0.35448455075634205, "convergence_rate": 0.8982082903749998}