{"bestEpoch": 18, "lastEpoch": 28, "mae": [1288.0007762020327, 824.666656405845, 418.90734976428007, 279.33594004246294, 189.30314394554978, 142.8186172900081, 128.0097030103229, 115.92006699625232, 113.76688837519099, 108.51389658676736, 105.23173339151273, 108.16621530779976, 105.03081303602663, 105.49449165592131, 108.21047165538658, 105.10171143711689, 104.81467626326852, 99.70868678762268, 106.69758600266088, 106.15508421225464, 102.01202344855093, 107.51111765186458, 104.26813387263888, 104.58769932058217, 104.19953786207755, 103.56919621012383, 103.77019230387846, 103.74481549542939], "medianabsoluteerror": [1132.6213987539063, 730.1589964101563, 379.08117692968744, 255.8831791171874, 177.08044398437505, 134.481811703125, 119.90283161718753, 107.83862333593743, 105.41210972656245, 99.99621610937493, 96.81738322656247, 99.66210966406243, 96.55175792187492, 97.18933110937519, 99.77221708593743, 96.68627940624992, 96.37475550781244, 91.29406732812481, 98.33447294531243, 97.89746088281254, 93.67224080468759, 99.14563017187493, 95.89086955468747, 96.25219767968747, 95.85095256249997, 95.2086181640625, 95.43884282812496, 95.40954595312496], "mape": [0.7825105931088443, 0.4986958568423679, 0.24961951397182555, 0.16613854704579625, 0.11268224203965925, 0.08561133521233967, 0.07713488431435554, 0.07022267381641266, 0.06899497631421235, 0.06600936571365683, 0.06416540056426798, 0.06581464811425333, 0.06405020847300655, 0.0643132273754447, 0.06584904975222387, 0.06409225990648998, 0.06393231460729049, 0.061065271012935254, 0.06500879016573141, 0.06470161232144969, 0.062368087713172066, 0.06546348880665823, 0.06363249614614915, 0.06381497300042628, 0.06359806959891044, 0.06324553336796246, 0.06335852620882547, 0.06334424945154767], "mse": [1833148.5359247813, 757423.5661056765, 202057.8177009504, 91498.95370569103, 43635.791902214056, 25782.382498053084, 21036.86495642065, 17547.4013072989, 16956.68098998334, 15560.626776558096, 14709.051269063248, 15468.139063243434, 14658.91212726715, 14774.907033911299, 15472.26855920815, 14674.334089048169, 14600.361185874064, 13342.53232189085, 15069.622580248822, 14930.612601683242, 13893.220415128368, 15281.217167446106, 14455.067383157822, 14533.630876821759, 14434.883526975203, 14275.741251186551, 14325.956377153027, 14319.599073312671], "recauc": [0.3507331918377023, 0.5792097876454312, 0.7862506695113956, 0.8574663836754046, 0.9034074518562967, 0.9271262978149667, 0.9346824015734906, 0.9408510480677696, 0.941949765346905, 0.9446300037411148, 0.9463038007504454, 0.944808154889563, 0.9464079000492641, 0.9461711948972675, 0.9447861082404536, 0.9463710371037103, 0.9465177184385104, 0.9491226011490038, 0.9455576224289095, 0.9458329684820334, 0.9479483503905946, 0.9451417289877136, 0.9467965907701881, 0.9466336707744849, 0.9468314979646113, 0.9471533079233849, 0.9470509865801394, 0.9470633433713742], "f1": [], "aucrecauc": 0.9581522698859991, "aucloss": 87560.54115819262, "convergence_rate": 0.9342501759859755}