{"bestEpoch": 11, "lastEpoch": 21, "mae": [0.4450025965322709, 0.41577119434967785, 0.39590782789616935, 0.3895429939062734, 0.3996260341732489, 0.3772443606509791, 0.3843428338982196, 0.3806056882435895, 0.3807390932985944, 0.38025622129455516, 0.36721535884586404, 0.37149167444871956, 0.3719697190472851, 0.3747158272037715, 0.37237435520840234, 0.3715786641869112, 0.3702934210873928, 0.3727629644416886, 0.3720958348535808, 0.3711794721155445, 0.37144629479649993], "medianabsoluteerror": [0.3662719964981078, 0.3287184262275695, 0.31115632057189946, 0.3154954457283019, 0.32640513181686404, 0.29866182804107666, 0.29792236089706414, 0.2995728731155395, 0.2947767734527589, 0.2954086780548095, 0.28573768854141235, 0.2896327185630798, 0.28876297473907475, 0.29263161897659307, 0.29258407354354854, 0.29002087593078607, 0.2862906098365783, 0.29115095138549807, 0.290667588710785, 0.28775687456130983, 0.2892912983894348], "mape": [0.25106908255047533, 0.2073190311541788, 0.20817296508442146, 0.2088892933964236, 0.21962560595727773, 0.20618430486523634, 0.1981230743454492, 0.20507321214327168, 0.1971464539208543, 0.1985101561043566, 0.19198332281719105, 0.19643538002357108, 0.19764021140915622, 0.19881331468464156, 0.19753651746227915, 0.19730522890263805, 0.19420899449885895, 0.19858041982591054, 0.1977257478712935, 0.19589860069702936, 0.19600960714246438], "mse": [0.33036025465027397, 0.3029742881138562, 0.2753948659898889, 0.25728171442746994, 0.267180074921555, 0.246712533979217, 0.26270792874906834, 0.25230735585963915, 0.2572049498781539, 0.25583166254999895, 0.24009568008619692, 0.2436212243648991, 0.24529043084479768, 0.24744372995610267, 0.24317539421182585, 0.2435293345711038, 0.24410260110892565, 0.24482837076315128, 0.24429100343178276, 0.24473602966881572, 0.24472647738995032], "recauc": [0.896502217514363, 0.9033006369603939, 0.907920046275324, 0.909400985242859, 0.9070559524054648, 0.9122608527437458, 0.9106106050603365, 0.9114793600719912, 0.9114479508863946, 0.9115609258140854, 0.9145942014616028, 0.9135993455010797, 0.9134873721147707, 0.9128490193133594, 0.9133936140636232, 0.913579319972606, 0.9138780315444117, 0.913303078962044, 0.9134592303916924, 0.9136712985655736, 0.9136100148313334], "f1": [], "aucrecauc": 0.9963931497924209, "aucloss": 0.25531262697482804, "convergence_rate": 0.8176880833325078}