{"bestEpoch": 24, "lastEpoch": 34, "mae": [0.7476307720099149, 0.6806863190569149, 0.6370429897272056, 0.6025483764557612, 0.5790264510492169, 0.5630395501464273, 0.56092653638094, 0.5416393910019338, 0.5387018559581264, 0.5328517386404394, 0.5348954756082939, 0.5244115050470703, 0.5153027749318643, 0.5125867276147011, 0.5134484046456038, 0.5140062896732274, 0.5039661783244784, 0.5000501351461795, 0.49923116179095506, 0.49824823523505263, 0.49653892936366734, 0.4959987443632468, 0.5042101956578853, 0.4911389847808595, 0.5050264157195968, 0.5061499868143631, 0.5032341581310926, 0.51260547278216, 0.4953078347545116, 0.4962016935106289, 0.49725038822692236, 0.5000066130217669, 0.4977937162737317, 0.49885857361795466], "medianabsoluteerror": [0.5908355617523193, 0.5547992658615113, 0.5140015459060668, 0.47516723632812496, 0.45221471071243285, 0.43259526848793034, 0.4412236261367798, 0.4137316346168518, 0.41307606935501096, 0.4087917125225068, 0.4122333788871765, 0.39700221300125127, 0.38125596284866337, 0.3838806271553039, 0.3722210645675659, 0.3936979055404663, 0.37941900849342347, 0.367760546207428, 0.36733026266098023, 0.3644962632656098, 0.36311080336570734, 0.364242696762085, 0.3819850182533264, 0.3596608161926269, 0.3803570866584777, 0.38043148279190064, 0.37689504623413084, 0.39076287150383, 0.36114248037338265, 0.36337209701538087, 0.3652242255210877, 0.36868571996688837, 0.3638382315635681, 0.367353996038437], "mape": [1.0115636819445135, 0.988731800151834, 0.9130520949126791, 0.826392082594399, 0.7894381955398231, 0.745843193996621, 0.7904572295861474, 0.730751170580623, 0.7345658360275737, 0.7346803169540107, 0.7408039519990876, 0.7162892044759456, 0.6743525923605984, 0.6730308704864868, 0.6067938094792803, 0.7097501080268146, 0.6704003088617089, 0.6386868830173801, 0.6343008893250953, 0.6320658639809928, 0.620308291330259, 0.6489527600253703, 0.6934055248171397, 0.6143900324754397, 0.6737732106520821, 0.6733372656834394, 0.6755882675365299, 0.707952825472119, 0.6106785418785131, 0.6309968503218596, 0.6369437197753829, 0.6475256849536726, 0.6294416022844019, 0.6392818582352835], "mse": [0.998414847988155, 0.8102510025901505, 0.7192246911908506, 0.6588610965970816, 0.6146388169260316, 0.5896377550998242, 0.5715269267102703, 0.5463209176527449, 0.539975866782633, 0.5264179309792218, 0.5294881714115652, 0.5196430753182113, 0.5101944994356262, 0.5014373981140655, 0.5149098114968426, 0.49008188861600144, 0.4795511126586265, 0.48289123380601773, 0.4809498232102857, 0.48368425472315996, 0.47835690883914433, 0.47636081917246986, 0.47541733430930727, 0.46671400081385694, 0.47982213451183886, 0.4862791219460417, 0.4802922767197356, 0.4892102295170084, 0.47541417538259373, 0.476202609468588, 0.477061779068448, 0.4814031564833464, 0.480887566822621, 0.48017504972416], "recauc": [0.8267007699051403, 0.8421265753389133, 0.8521218763562296, 0.8601246635717542, 0.8655556477307311, 0.8692670247087506, 0.8697457379632502, 0.8742001999225675, 0.874883158143835, 0.8762375727190643, 0.8757653939776674, 0.878211966468183, 0.8803131960631877, 0.8809295207943908, 0.8807352076284987, 0.8805853273425749, 0.882900554084455, 0.883821594465469, 0.8840182068418102, 0.8842728570791001, 0.8846536857373409, 0.8847819375505444, 0.8828499459329211, 0.8858735359277533, 0.8826681722996379, 0.8824208755298539, 0.8830822937965497, 0.880889414642755, 0.884905342187469, 0.8847014574314149, 0.8844624952591262, 0.8838308384738698, 0.884343170856566, 0.8840952983957576], "f1": [], "aucrecauc": 0.9899722602931277, "aucloss": 0.5312849495524354, "convergence_rate": 0.8499885331437969}