{"bestEpoch": 8, "lastEpoch": 18, "mae": [], "medianabsoluteerror": [], "mape": [], "mse": [], "recauc": [], "f1": [0.2629424733101349, 0.2732695105166976, 0.2848842018163604, 0.2956904259422852, 0.2923302379479425, 0.2994838199953492, 0.30601062064571255, 0.29531908549056396, 0.31122402324301063, 0.30228788460886236, 0.3036985448156003, 0.306175797763365, 0.310872910466922, 0.3096709504100064, 0.31136727563271355, 0.30909323996031923, 0.3098077430671107, 0.30968587238867046], "f1auc": 0.9649093728513326, "convergence_rate": 0.7743703133212488}