{"bestEpoch": 11, "lastEpoch": 21, "mae": [0.5262684580665705, 0.4742070716744852, 0.4474446426625844, 0.4412819269987724, 0.4176040214714332, 0.4161571905725328, 0.4035342962940524, 0.4063266157252329, 0.39677703411371246, 0.3991342323332837, 0.39845693976347835, 0.40230190689562856, 0.42003539466840384, 0.4101869932316155, 0.4035534777813742, 0.4035242222541944, 0.403527262263148, 0.408355662955022, 0.4033478968074679, 0.4039571997314344, 0.405063883573871], "medianabsoluteerror": [0.42468159914016734, 0.3808682322502137, 0.3573545861244203, 0.36317187547683716, 0.33663300037384025, 0.33936704397201534, 0.3193564176559449, 0.329794144630432, 0.31358722448348997, 0.31472963809967036, 0.3199454307556153, 0.3244883298873901, 0.3440065670013427, 0.33284473419189453, 0.32186055183410645, 0.3241822242736817, 0.3232590198516845, 0.3294413805007934, 0.32185329198837276, 0.32314296722412106, 0.3246048927307128], "mape": [0.27171325660661555, 0.24702101405021468, 0.22981071567449063, 0.24032976617340174, 0.21964961584026954, 0.22437278526815818, 0.2076113115223244, 0.21877517171445557, 0.20505459092830497, 0.20317732658424972, 0.21168736250392783, 0.2171944519563328, 0.22936184148809807, 0.22112237518230168, 0.2107564780144282, 0.21335503500298822, 0.21236698101902676, 0.21778500926416247, 0.21075177698463132, 0.21132278874330387, 0.21296467881543066], "mse": [0.473311866933445, 0.38610942395089215, 0.34811387474529515, 0.3241016538248249, 0.3002129646055711, 0.29232438470733796, 0.28569544197878655, 0.2801354271005821, 0.27645771877497016, 0.2812610414751598, 0.27324102289398056, 0.27531745691251913, 0.29350361309123435, 0.2836205624212449, 0.2817812460858818, 0.279280972044351, 0.28045855894458255, 0.2837661126532016, 0.281572877564305, 0.28192086484655643, 0.2824043441399248], "recauc": [0.8776035539843247, 0.8897100044454023, 0.8959339651908474, 0.8973663702049064, 0.9028737466387899, 0.9032107425273493, 0.9061467679767848, 0.9054970007831185, 0.9077179511219741, 0.90716970842945, 0.9073270670079173, 0.9064327573234624, 0.902308396135701, 0.9045987739590372, 0.9061421025956606, 0.9061487095892836, 0.9061481277414334, 0.9050250214924422, 0.906189975213875, 0.9060481813303624, 0.9057906972291905], "f1": [], "aucrecauc": 0.9950057984965012, "aucloss": 0.2983366662078981, "convergence_rate": 0.8494728589571494}