{"bestEpoch": 17, "lastEpoch": 27, "mae": [819.7831208304967, 655.2234794096053, 592.1857937568877, 567.7297722163217, 559.3103141908322, 555.4097240029514, 555.25654585436, 555.8831780338936, 557.263660889662, 558.373372263463, 559.087440966684, 559.5321302221874, 559.9722076054665, 560.1542036089537, 560.4445782284479, 560.6836499334815, 560.7499703178125, 561.1193212839595, 560.8322785688646, 561.7445642861644, 561.2389555251042, 561.3275499806887, 561.3640140101412, 561.2664181809085, 561.228713464853, 561.18565787314, 561.1426886708888], "medianabsoluteerror": [706.6973269492187, 522.0220945546876, 458.8795168984375, 436.42626947656254, 437.2313232421875, 446.95434587499994, 451.7416989218749, 456.76721208593744, 461.0657956015625, 464.1011959921875, 466.90112263281253, 466.53417921875007, 467.1044918984376, 467.8969722421873, 467.2596434375, 467.38818382812497, 467.03503453124995, 468.55725132812495, 468.3547362109375, 469.2332759531248, 469.21356186718754, 469.39685046875, 468.92907749999995, 468.88378864843753, 469.4166259765625, 469.2069091796875, 469.3211056054688], "mape": [0.45573710650498117, 0.36355470085098396, 0.33783194388171695, 0.3332471244000355, 0.3356263026084126, 0.33902029142058865, 0.3428118555785966, 0.34627576787867775, 0.3493165981492323, 0.35121982592284007, 0.35244725216045775, 0.3537847787150102, 0.35399185309460257, 0.35497499476400574, 0.35544032173782547, 0.35572161820894277, 0.35671467259360484, 0.35705834228986294, 0.35634804396939324, 0.3571933853517395, 0.3562467765523586, 0.3566610038430142, 0.3570546261676456, 0.35655655718803186, 0.35658626081162453, 0.35658818504919315, 0.35657870016257276], "mse": [974335.0332676126, 683183.7132879158, 567948.0141182797, 521801.60832894535, 506299.3097112814, 499395.6104308445, 498995.07734424574, 499882.54364961735, 502392.12760013243, 504525.35886005516, 505883.89606901223, 506803.1109548356, 507613.8185886071, 508120.0821847642, 508672.2401501808, 509107.5639942172, 509251.64894767, 509983.4264999975, 509414.28346120665, 511062.5291223414, 510023.0854187649, 510317.7888595406, 510412.50728009286, 510184.2154084443, 510126.9200839351, 510062.3398661994, 509985.41165771155], "recauc": [0.584905127549792, 0.6665082211924895, 0.6982116433865609, 0.7105050060561612, 0.7147138269382493, 0.7166579028273198, 0.7167135380204687, 0.7163806751045476, 0.7156693891611384, 0.7151011693761968, 0.714735918036248, 0.714508369355454, 0.7142838431991347, 0.7141903523685701, 0.7140414782218962, 0.7139201623866092, 0.7138854329877432, 0.7136973252880844, 0.7138451622940072, 0.713377322917477, 0.713636845165998, 0.7135906183210914, 0.7135720090527572, 0.7136225622562256, 0.713640875198631, 0.7136632478062622, 0.7136851166598142], "f1": [], "aucrecauc": 0.9896652213787281, "aucloss": 525908.5785647611, "convergence_rate": 0.9444057300587687}