{"bestEpoch": 26, "lastEpoch": 36, "mae": [], "medianabsoluteerror": [], "mape": [], "mse": [], "recauc": [], "f1": [0.02221607996508394, 0.0345937172722384, 0.06525266867658051, 0.08999715644692866, 0.1133021442819472, 0.12205071174347117, 0.14485672150756343, 0.15200777851322433, 0.15173376443298345, 0.17284026585358533, 0.17753083970230743, 0.17952349753320562, 0.19028199023508569, 0.20404518028812735, 0.21382236433583524, 0.21817585336828776, 0.22371459303922672, 0.2299169436699638, 0.22282268202036196, 0.2310312192871677, 0.23613167506859362, 0.23300667953464596, 0.23246236152974373, 0.23420794360278832, 0.238606381533021, 0.2540375142876948, 0.2552332513769861, 0.2523231711199909, 0.25158766865499776, 0.2517421135716129, 0.253443860648263, 0.2537823038575678, 0.254334366557778, 0.25418621043582, 0.25475643852583146, 0.2547175479139146], "f1auc": 0.7820083683974128, "convergence_rate": 0.7612248377672113}