{"bestEpoch": 16, "lastEpoch": 26, "mae": [], "medianabsoluteerror": [], "mape": [], "mse": [], "recauc": [], "f1": [0.01382421422857674, 0.016331070015423693, 0.019685201222210836, 0.015808561760271532, 0.01452120612313562, 0.017363458103354237, 0.020030621676248934, 0.023193767650650256, 0.026080581594167478, 0.025333073410099174, 0.022926357194670746, 0.02229352980488931, 0.02333570939477311, 0.023018862211982054, 0.021628970384334083, 0.021659586538847093, 0.02561085521853276, 0.02613652330403041, 0.0222373525271876, 0.027292718498397654, 0.027149562824126363, 0.026133911431402455, 0.024893809775469435, 0.026156652738270933, 0.025558179686765124, 0.0247442828859524], "f1auc": 0.8261022025777285, "convergence_rate": 0.6476116770314135}