{"bestEpoch": 78, "lastEpoch": 88, "mae": [0.9164576140867653, 0.8145203377592413, 0.8083037866009006, 0.7070648640731827, 0.635722151172558, 0.6670838546556498, 0.5724895872940445, 0.533432522304599, 0.4997695144655939, 0.4926010283088095, 0.48683943971096344, 0.5137794105367401, 0.47033960779139644, 0.47346769883548356, 0.46781391423058766, 0.45656057055611154, 0.4700261644591919, 0.4636101993628887, 0.46673417729771594, 0.45135445526036616, 0.449989120370123, 0.4504668057026259, 0.443213066611141, 0.4476383716185151, 0.4528731627027235, 0.4401682250654415, 0.4679475110542148, 0.554769619363221, 0.4415368937234718, 0.43681388608459093, 0.4315800050505649, 0.43588162745309783, 0.43148192310104083, 0.43084203669020615, 0.4322242933247779, 0.43061685922257975, 0.4321587658648715, 0.4281786449823926, 0.4349534183362076, 0.4411716490646347, 0.43519306739416885, 0.4309048027342388, 0.426580335935939, 0.42619299168362473, 0.4255416181297839, 0.4261972465508589, 0.4252836624044673, 0.4261934668838548, 0.42632815160990334, 0.4252033495551076, 0.4254193450837376, 0.4262563717393911, 0.4259830807804693, 0.42582296105622836, 0.4255621376784037, 0.42563599153683024, 0.4254093207815362, 0.42561315352508305, 0.42536793809308654, 0.4257623221184272, 0.42607262696836806, 0.4263845605617776, 0.4251182038391983, 0.42563535256194285, 0.42538941205264036, 0.4253129424649418, 0.4253801104541992, 0.4258063579399562, 0.4261314820637623, 0.42546136060859424, 0.4255207809352646, 0.4256965020576213, 0.42585645956228657, 0.4258908428279878, 0.42515642046314556, 0.4259222153736642, 0.4251707966205716, 0.42515883566872426, 0.42565293709846286, 0.4259223556584032, 0.42541234983515586, 0.4247206342699108, 0.42537133856569415, 0.4255755146549119, 0.4255723530101154, 0.42587786853579446, 0.4250803638724089, 0.42560702494808866], "medianabsoluteerror": [0.5408110618591309, 0.5102353096008301, 0.5459606647491455, 0.4961833953857422, 0.4600400924682617, 0.4947805404663086, 0.44951868057250977, 0.4273548126220703, 0.40459585189819336, 0.3957357406616211, 0.395904541015625, 0.4068164825439453, 0.37508440017700195, 0.38358640670776367, 0.36688661575317383, 0.3720974922180176, 0.381009578704834, 0.36667633056640625, 0.37198686599731445, 0.3595767021179199, 0.37259674072265625, 0.3626711368560791, 0.3555269241333008, 0.370664119720459, 0.37308788299560547, 0.3607444763183594, 0.35982656478881836, 0.4420204162597656, 0.3451228141784668, 0.35512638092041016, 0.35074901580810547, 0.3654031753540039, 0.3433957099914551, 0.34336328506469727, 0.34838008880615234, 0.34961509704589844, 0.35520458221435547, 0.34870147705078125, 0.3484933376312256, 0.36077404022216797, 0.3492577075958252, 0.3545362949371338, 0.34912872314453125, 0.34555625915527344, 0.342710018157959, 0.34685325622558594, 0.3456254005432129, 0.35053539276123047, 0.3504605293273926, 0.34590911865234375, 0.3470172882080078, 0.34789180755615234, 0.34941911697387695, 0.3465769290924072, 0.34662389755249023, 0.34720826148986816, 0.34546947479248047, 0.3455772399902344, 0.3459620475769043, 0.3474259376525879, 0.35037708282470703, 0.3503565788269043, 0.34558534622192383, 0.34726428985595703, 0.34552574157714844, 0.3454890251159668, 0.3462090492248535, 0.3467864990234375, 0.349884033203125, 0.34609389305114746, 0.3463892936706543, 0.3468160629272461, 0.3484210968017578, 0.3492136001586914, 0.3457627296447754, 0.34934496879577637, 0.34509801864624023, 0.3457789421081543, 0.34699296951293945, 0.3493494987487793, 0.34618139266967773, 0.34505701065063477, 0.34529972076416016, 0.3464517593383789, 0.34650754928588867, 0.3469047546386719, 0.3470621109008789, 0.3456563949584961], "mape": [0.19324592805909335, 0.16887504281333748, 0.16237528470121557, 0.14428580996798554, 0.12727228154293577, 0.12816241907029935, 0.1179270136191182, 0.10910383631869017, 0.10135268826511579, 0.0999532307156217, 0.09949962597167011, 0.09927682634960949, 0.09532053902060864, 0.09557381845180749, 0.09331748972239602, 0.09324693443787546, 0.09635200952151733, 0.09210817467744356, 0.09330254063971247, 0.09110221332213624, 0.0924063781223396, 0.0903746853160555, 0.08979238795575813, 0.09142904179640542, 0.092439212518074, 0.09045719539637066, 0.09259615211277908, 0.11796475448929566, 0.0890855396596388, 0.0896732298685262, 0.0882279541415819, 0.09041304643102743, 0.0871947575094207, 0.08687199498467679, 0.0878484883231851, 0.08764979050959054, 0.0884410666765435, 0.08770703276376443, 0.08812292103275292, 0.09178117511078729, 0.08714976115311868, 0.0890682134784052, 0.08737080169518753, 0.08687495386229806, 0.08658459980214019, 0.0869484220978007, 0.08668838822736312, 0.0873490037263157, 0.08742485277801204, 0.08676376489430297, 0.08697241854013006, 0.08735992878645142, 0.08726552109857764, 0.08712971994804457, 0.08707477166577475, 0.08712548578945131, 0.0870082715808886, 0.0871113450987675, 0.08696949136049587, 0.08717223334898268, 0.0873302933189959, 0.08744865238083391, 0.0868610693025828, 0.08713667165538799, 0.08698608602268859, 0.08696011105235485, 0.08699104134839403, 0.08717306146147484, 0.08733453309374882, 0.08708746311884115, 0.08706945784463005, 0.08714394006422957, 0.08726528096108326, 0.08728782284890804, 0.08689795412621898, 0.08729372322418726, 0.08693181041474375, 0.08693360606095935, 0.08709466219684175, 0.08726670807432346, 0.0869876265730597, 0.08647555994422035, 0.08702443406765287, 0.08708580507985424, 0.08712071068583864, 0.08724024220886094, 0.08682467954910766, 0.0871223835052126], "mse": [39.989103333598564, 25.57103534662653, 14.479771775628826, 8.130160111113398, 4.319787852036404, 2.4646945781374523, 1.2117389444610505, 0.6941150457377583, 0.47866622824199073, 0.41547760871265804, 0.396275038820633, 0.4471405642697075, 0.38421587898283266, 0.38150356807397795, 0.3774258950516181, 0.3569020070405388, 0.37032324834647345, 0.37302026389444914, 0.3748242796495769, 0.349512422572724, 0.3423613468739713, 0.35326077679745943, 0.34344454872806146, 0.3357552268340705, 0.34759874131387014, 0.3303792552375181, 0.4769342123264171, 0.7539086828347245, 0.3694673308609654, 0.3320923694849082, 0.32493805306187984, 0.3258015212707579, 0.3279719676785521, 0.3269777485404042, 0.3315941672714345, 0.3269595408167553, 0.3233610633650748, 0.3218667284343654, 0.3343429133377899, 0.333278038216138, 0.3361224178006192, 0.3215739759955717, 0.3184711628262959, 0.3207520235918188, 0.3201634062765845, 0.32049493428255943, 0.3209346656895007, 0.3203700892867461, 0.3201976881558467, 0.31981150483665516, 0.3193108528041365, 0.3196231598953872, 0.31893845512019714, 0.3195814659839928, 0.3192834883130919, 0.3188633448727105, 0.3191919259302967, 0.31893849094550963, 0.3187288113874581, 0.31862781324605804, 0.31893906895540586, 0.3195225211668848, 0.31885998562852685, 0.3191030194457715, 0.31930815761427533, 0.31908348111968454, 0.3191698427082308, 0.31987240970313796, 0.3195151789279251, 0.318566000883896, 0.3190503795639787, 0.3193120556241806, 0.3188704216832367, 0.3187909428930655, 0.31882383765505923, 0.31930177696396356, 0.31889868173571917, 0.31841536248668106, 0.31909004224883447, 0.3191245886338236, 0.3190955809693273, 0.3189380840339808, 0.31899351853049723, 0.31914489529169054, 0.3186859860633525, 0.31902752158967884, 0.31879821402552755, 0.31878416537799176],