{"bestEpoch": 81, "lastEpoch": 91, "mae": [1345.1959641586661, 1245.3443775249134, 1155.1390494179977, 1065.0223389235678, 987.0554327187789, 921.4521572919849, 860.8372295847366, 808.5681248212818, 773.8043162637008, 729.7566393521702, 698.9485456925926, 671.717396016305, 633.2464555594908, 619.5669737346656, 587.3995558201689, 558.3821744725127, 547.2441209245649, 514.4809543120822, 490.4916636034931, 485.24443872258917, 465.6406274700509, 429.57037862752776, 429.8236657731783, 416.236980262419, 410.7270339911794, 392.01227668448956, 377.8426262214571, 357.10966087188547, 341.7371331485856, 346.6162736650625, 332.368389008463, 324.10155299837965, 315.93654894756014, 303.31674442287385, 289.6509926142859, 293.4299251231053, 286.48721463764815, 278.99221395036807, 267.2381467486458, 263.7777221064734, 255.7043905997963, 252.9085384770405, 252.2654574221285, 244.31268168791436, 237.7627995262801, 230.83765828690971, 229.50231119133215, 221.47229943644558, 210.81839495846415, 215.0147639904803, 212.93027077234026, 203.8997033713044, 204.2046773476898, 202.22119633651158, 197.93342172393633, 195.71216392978243, 194.87291356757407, 190.10697008160764, 185.397497171603, 180.17662669263538, 182.06079212980208, 178.58449447716896, 171.20161774122454, 174.70972733330788, 169.3016426795984, 166.4696524636875, 164.43051909027432, 161.25703699434146, 165.524647562684, 158.69040215604744, 157.33768025948493, 157.5141745443692, 153.93440991422455, 149.87702330512963, 150.35155954543058, 150.58126384609838, 147.9730504129016, 148.83394693365395, 146.82242595564466, 146.73266485176737, 145.77383332684607, 147.7508790805058, 147.3414499175949, 146.39172420506597, 145.8196882532743, 146.0355790227743, 146.2084626854213, 146.11016217543866, 146.2746271276956, 146.2356078134595, 146.1663662408322], "medianabsoluteerror": [1182.1965637753906, 1094.3755491992188, 1015.1079710742188, 935.35949725, 867.76904296875, 809.9500120898438, 757.5312498828125, 711.9592281015625, 681.6084597070312, 646.5111083359375, 618.7630616953124, 595.10131853125, 563.8448488671875, 553.3342286328125, 525.493164, 499.3023681015625, 490.9539186914062, 460.54510538671866, 441.1678466796875, 436.8997802734375, 419.1651613125, 387.5626223593749, 386.90136753906245, 373.6472163906251, 370.58300739843753, 352.65344203125005, 340.30755621484377, 321.8034059960937, 311.1826169531248, 313.371826234375, 300.7458492031251, 292.74072248437506, 286.514038203125, 274.1874997109376, 261.19604450781253, 265.84838914062493, 259.3613282421875, 255.26135271093744, 243.57739228906257, 239.26257353124993, 232.85388212499993, 231.70593267968752, 232.21105963281252, 223.85949718749998, 219.05639653906246, 212.47058110937496, 211.12768548437498, 202.8483882656251, 193.50585931249998, 198.55297816406255, 197.9527591953124, 187.67504835937507, 190.0474857578124, 189.15112263281253, 185.57153337499994, 183.42041021875002, 182.7233882656251, 177.68542486718752, 173.36828642187493, 168.304931640625, 171.8989259609375, 168.49963420312497, 160.08386259374993, 164.22180134375003, 158.8740236718752, 156.60424846093747, 154.47058110937496, 151.66052240625004, 156.79504359375005, 149.38989281249997, 148.11401408593747, 148.72924787500006, 145.95166057031247, 141.47204578125002, 141.8125001796875, 142.7547603359376, 140.6331789453127, 141.453857125, 139.47033644531257, 139.36694324218752, 138.33483903906244, 140.43005353906256, 140.17651320312507, 139.13342290624996, 138.52477998437507, 138.74487275781257, 138.91210920312506, 138.84265125000002, 138.95165986718757, 138.88391084375007, 138.84240705468756], "mape": [0.8174028832107482, 0.7560126259104333, 0.7005130267499885, 0.6449310881700973, 0.5968618933908296, 0.5565047613115277, 0.5188545717538181, 0.486675521794425, 0.46601005026701536, 0.43878936777957117, 0.4200264509949182, 0.40364002914535896, 0.37951980165790844, 0.37223190996738104, 0.35204484677834386, 0.33413275600146813, 0.3280725513520371, 0.30743067421440856, 0.29247427873189846, 0.29023973222542154, 0.2781212173122695, 0.25501655072517415, 0.25625636928957146, 0.24803421206807097, 0.24526413448512213, 0.23371756325241075, 0.22500845145836137, 0.21208036571258823, 0.20249651910347558, 0.2064449112318646, 0.1977351314637409, 0.19285535822200398, 0.18793723371282708, 0.18018398163563304, 0.17173882548403036, 0.17468203731976922, 0.17057757136915822, 0.16610030507449794, 0.15879588390300847, 0.1568743684811325, 0.15198380126555786, 0.1504428431525094, 0.15042690829606037, 0.14557783323245183, 0.1415981218030966, 0.13731605944394393, 0.13677775496313077, 0.13179654072070282, 0.1252712468744312, 0.12807725958336424, 0.1269568317655972, 0.12130262190088095, 0.12174336493356593, 0.12062288665709464, 0.11804677482697681, 0.11686879888812862, 0.11647890418892122, 0.11353632629498979, 0.11060172263135612, 0.10748919563418494, 0.10887150266331298, 0.10669306462186551, 0.10213189626874468, 0.1044682864684721, 0.10113985180986727, 0.09946474319587631, 0.09828107554975035, 0.09633793636658869, 0.0991669507957329, 0.09486441545430314, 0.09412706905451149, 0.09438573277816519, 0.09215860570965005, 0.08971063614904506, 0.09009285392366453, 0.09037408422090483, 0.08883257547516415, 0.08942087383539543, 0.08814879573332762, 0.08807703204270553, 0.08749199885306937, 0.08875598272650724, 0.08851912432093847, 0.08791942129087618, 0.08756692059016542, 0.08770099168034794, 0.08781899196188934, 0.08775384799915466, 0.08785796871793353, 0.0878328448462276, 0.08779034931845163], "mse": [1999204.1372502816, 1716100.4651888732, 1479139.6727106317, 1260614.5426482514, 1085594.933290538, 948079.1990653393, 830469.521008481, 734741.479207736, 672041.5523309597, 599708.6554627264, 550657.1145258322, 508664.56578243006, 454540.31909998774, 432990.98874114355, 391132.1249368327, 354594.4625214462, 339381.0860187459, 301982.381654867, 275831.610283339, 268335.0008272121, 247905.4202959585, 213771.57880816192, 212241.8591400053, 199258.39522481163, 193317.22242921562, 176741.61458901787, 164680.73375991688, 148135.98889085746, 136520.76874994714, 138869.68035816046, 128146.51024892037, 121864.58868405317, 116009.83996395652, 107340.93025611965, 98430.0799481175, 100199.26870152804, 95588.30582961728, 90862.7916213509, 83875.65297904707, 81555.52994393921, 76940.32165660654, 75246.79257641293, 74544.05582679283, 70110.5281546573, 66697.99970044133, 63132.89175388271, 62200.17131922851, 58212.67802470006, 53173.10711320616, 54964.85466387954, 53917.878301599965, 49760.735273734426, 49805.13160523004, 48885.598856788005, 46982.36280242551, 45891.714702864985, 45437.67551905467, 43366.29990878796, 41495.03962873736, 39331.29592439014, 40009.07022478369, 38635.53837736719, 35764.71655815372, 37026.772855523646, 34969.24122252324, 33922.182468600724, 33092.89645357918, 31973.132610142857, 33431.80582946457, 30993.88069069555, 30481.043742382117, 30467.468083519383, 29314.836332028954, 27905.840863815185, 27973.809187999646, 28000.750923769396, 27149.491730972466, 27357.2629870933, 26735.413551902846, 26721.29929728825, 26397.284060533428, 27033.57168720197, 26889.24379493677, 26584.74044661868, 26387.15654116133, 26458.843469621323, 26512.106520466044, 26485.564933105456, 26535.381012095168, 26523.148152820922, 26500.34204877584],