{"bestEpoch": 5, "lastEpoch": 15, "mae": [], "medianabsoluteerror": [], "mape": [], "mse": [], "recauc": [], "f1": [0.270329703096329, 0.3187890068376557, 0.22400456293793194, 0.33572110105019676, 0.3421306946419865, 0.27995759511890184, 0.26769518307339824, 0.2458260847930911, 0.2801647278730197, 0.3292190221497666, 0.28318091672110224, 0.28093994670723565, 0.2520939653365203, 0.2293544216462356, 0.219985632938723], "f1auc": 0.817197086669825, "convergence_rate": 0.4879654826146721}