{"bestEpoch": 42, "lastEpoch": 52, "mae": [0.9696939032834436, 0.7773500700339853, 0.7188101421698596, 0.714868301006191, 0.6885026914128983, 0.6494720856429591, 0.5829806025460856, 0.5818996688661818, 0.5188320703401643, 0.6086424014664307, 0.5363578213834396, 0.5803882357528818, 0.49261590289300855, 0.5079761649925709, 0.48978715632668, 0.46125690550422926, 0.5531477606158065, 0.5074304871096917, 0.4680571648042158, 0.5336604633946234, 0.4459002047438365, 0.4452774786828624, 0.4397707076938484, 0.42956801484195944, 0.43698159464511044, 0.44421337930491844, 0.4398147726407158, 0.4318541294124295, 0.42598809317337055, 0.4326421578892039, 0.4278032708304815, 0.4302925341101074, 0.4250460515957089, 0.43348709883080233, 0.4392502942338261, 0.42932961388035273, 0.4336382870839687, 0.4275636522718874, 0.4261771302010409, 0.4270958334538846, 0.4259630521656007, 0.4244599710398841, 0.4244631323880675, 0.4244070848670064, 0.42472425232857297, 0.4247139126882898, 0.4247202282507757, 0.42468181014813616, 0.42472794524966584, 0.4248519547943653, 0.4248322221414611, 0.4247839449496669], "medianabsoluteerror": [0.9560706996917724, 0.6947523856163025, 0.5784156560897827, 0.5493666219711304, 0.5509568357467651, 0.5490660047531128, 0.4585595369338989, 0.5026059103012085, 0.4037904024124146, 0.49911755323410034, 0.45440079212188733, 0.5044589757919311, 0.393328275680542, 0.406099672317505, 0.3764939641952514, 0.3565915608406067, 0.4727910661697388, 0.4108831620216369, 0.36352994561195373, 0.4401745057106019, 0.3411548638343811, 0.3382870554924011, 0.32165628552436826, 0.31700729370117187, 0.32006193399429317, 0.33574076890945426, 0.33403688430786127, 0.32386428713798526, 0.3164305973052978, 0.3244493257999419, 0.3147961318492889, 0.32005983114242553, 0.3143191897869111, 0.3255054712295531, 0.32896565794944765, 0.31343315362930296, 0.32449832677841184, 0.3177329826354981, 0.31564671516418463, 0.31542546749114997, 0.3152747076749801, 0.31329879939556127, 0.3134408020973206, 0.3134041714668274, 0.3136845052242279, 0.31350364804267883, 0.3138005828857422, 0.313651282787323, 0.31370499849319455, 0.31389144539833064, 0.31387623786926266, 0.3139142525196076], "mape": [1.6972229711362259, 1.2504269645261477, 0.979618212126654, 0.8819464593695941, 0.9201013155292458, 0.9604594478262013, 0.7859915763382881, 0.898918078705589, 0.6923453134331226, 0.9073338670766231, 0.8275992093622444, 0.8997312815626426, 0.6899345148172548, 0.6822903519211343, 0.5902133538454862, 0.6081564941628037, 0.8385131079790401, 0.7072041807678323, 0.6357363895033217, 0.7756964674927553, 0.5675112881115699, 0.5552359071593046, 0.5375644645065097, 0.5476150396604275, 0.516398581550712, 0.5433063402094361, 0.5933524268412568, 0.5685523348584041, 0.5353788678153738, 0.5583563473963845, 0.5275174467505547, 0.5678370527624024, 0.5249089268121477, 0.5658838343204665, 0.5315892497120491, 0.5259093470992526, 0.5628143024455419, 0.5392651761210542, 0.5398620322774665, 0.5362829774019607, 0.5390347655671083, 0.5296018533049357, 0.5315885476771881, 0.5351367466433693, 0.5395450328850742, 0.5379212138041539, 0.5393633949381849, 0.5386312080042513, 0.539149948846138, 0.5396146247876276, 0.5396661107899561, 0.5393617198690124], "mse": [1.266473245335113, 0.9168632257342689, 0.8904838847160679, 0.9211954814848836, 0.8260592284583074, 0.6906415921646925, 0.6006360140102751, 0.5377116446830802, 0.47754003809361945, 0.5998948539063653, 0.4575681514456935, 0.5188016320847019, 0.41461441980401664, 0.4399804969579153, 0.42978779150288643, 0.37565467925116064, 0.4790529889222677, 0.4276735369057279, 0.3823910856279063, 0.46305260993734865, 0.35542381123243716, 0.35866869553518194, 0.3616030270632452, 0.34190363720334854, 0.3580559927832249, 0.35949748689216093, 0.3476741557435808, 0.33941925212057183, 0.3344506813809781, 0.3399210329338634, 0.3414461331485414, 0.34262209967420076, 0.3348305343049642, 0.3409505838766084, 0.3572410980196273, 0.34664934601309566, 0.3449712341256742, 0.3373198303003117, 0.3364322830459079, 0.3389836334347968, 0.335240736615624, 0.3340520929023034, 0.3342362634105623, 0.3344624421815293, 0.33466590039685407, 0.33487835504236896, 0.3347868451275471, 0.3349363875169864, 0.3348876094397787, 0.33490336239777496, 0.334861211525893, 0.3348670350556805], "recauc": [0.774469337350181, 0.8192112070380348, 0.8328362373792456, 0.8337582928114371, 0.8398807471485329, 0.8489473852092353, 0.8644111022552903, 0.8646609521598473, 0.8793293672395679, 0.858441021896047, 0.8752531455902945, 0.8650128670432974, 0.8854268423366571, 0.8818546601471875, 0.8860847198774121, 0.8927203594727956, 0.8713494684266146, 0.8819811751955497, 0.8911411307683299, 0.8758815843854876, 0.8962920418900908, 0.896437402258438, 0.8977281671159376, 0.9000995140409214, 0.8983809047890176, 0.8966982190447024, 0.8977283977800181, 0.8995764053812899, 0.9009381362722476, 0.8993922669565938, 0.900523896535765, 0.8999633611753148, 0.901163421098354, 0.8992030112783479, 0.8978869531675557, 0.9001801198299768, 0.8991759402317293, 0.9005846907355577, 0.9009118089073, 0.9006992403270407, 0.9009610175675223, 0.9013090786809226, 0.901309632726998, 0.9013244698547613, 0.9012530250479598, 0.9012553814398405, 0.9012546167593385, 0.9012640649409868, 0.9012535984775715, 0.9012244217328067, 0.9012291713452868, 0.9012403362621223], "f1": [], "aucrecauc": 0.982937778568179, "aucloss": 0.4362793970838456, "convergence_rate": 0.8788637665584392}