{"bestEpoch": 18, "lastEpoch": 28, "mae": [], "medianabsoluteerror": [], "mape": [], "mse": [], "recauc": [], "f1": [0.002782525913552496, 0.0030549516348021217, 0.007062515867138787, 0.007618734190145233, 0.02070540154186344, 0.021233586140728004, 0.028160559553705864, 0.02941404588603794, 0.030967228600306252, 0.02973603464247932, 0.03968998672716654, 0.035529371151195616, 0.038698228620116445, 0.04423523809908676, 0.03815840871056314, 0.046486045851006935, 0.05193197298021705, 0.05183521911487595, 0.05190960539940202, 0.05282092342596957, 0.052807032655258525, 0.05390228102734002, 0.05561108921600037, 0.05435457361411084, 0.05420576266190764, 0.05389502183768237, 0.05425839358105413, 0.0538542716248225], "f1auc": 0.6903769694492932, "convergence_rate": 0.6740688578505045}