{"bestEpoch": 4, "lastEpoch": 14, "mae": [0.7362501246825143, 0.7048761976222101, 0.68991736514374, 0.6995055417058771, 0.6793513840189291, 0.7003155350870954, 0.7094994401334497, 0.6764287969399546, 0.6820791854144587, 0.6804012391542543, 0.6803022204289696, 0.6799010608648137, 0.684474237586122, 0.6820531778009334], "medianabsoluteerror": [0.5753760051727295, 0.5646724390983582, 0.529289609193802, 0.5692702269554137, 0.520865833759308, 0.5629930210113525, 0.5724422168731689, 0.506695580482483, 0.5245154118537902, 0.5202229285240173, 0.5166974687576293, 0.5099635696411133, 0.5219194674491883, 0.5128109693527222], "mape": [0.9896992628349665, 0.9921860688814602, 0.8603584011424074, 1.0163546786281468, 0.8594968271551998, 0.9964690165144019, 1.0422158451386159, 0.8269191308248369, 0.9081841986872758, 0.895229826150976, 0.8856149374810399, 0.8624951052953943, 0.9010159799351194, 0.8688955920436934], "mse": [0.9617074268940712, 0.859355269964986, 0.8618065540066084, 0.8369585267413447, 0.8436714711278459, 0.8526390974207633, 0.8688598626619151, 0.8607867206694745, 0.8550995278988034, 0.8582742171661721, 0.8633630759567852, 0.874904330926733, 0.8728980423848668, 0.8805346696557984], "recauc": [0.8288795530283714, 0.8361246019553695, 0.8396158055457711, 0.8373781581768321, 0.8421023161972756, 0.8372278646985291, 0.83511318616001, 0.8428451466081319, 0.841558247473863, 0.8419692511289815, 0.8420019304787326, 0.8421303215303376, 0.8410559195803032, 0.8416433899795597], "f1": [], "aucrecauc": 0.9961118247896555, "aucloss": 0.863825980400095, "convergence_rate": 0.765160299313916}