{"bestEpoch": 7, "lastEpoch": 17, "mae": [0.9744871016605263, 1.0135686573099163, 0.9653707937566272, 1.0558084004573691, 0.980887737802905, 1.0332128828573526, 1.0064166815394162, 1.0200508724911992, 1.031845715879626, 1.0352553480416473, 1.0215014236627205, 1.027546385343559, 1.021288468261218, 1.0299784586875862, 1.0274415564895694, 1.0278814481514449, 1.0267488213429783], "medianabsoluteerror": [0.7660263741016388, 0.8085544538497924, 0.7553897428512574, 0.837638008594513, 0.7642891752719879, 0.8196607446670532, 0.7809730470180511, 0.8067207145690918, 0.8065889477729797, 0.7998642247915267, 0.800970309972763, 0.8004665744304658, 0.7940799713134766, 0.8036296772956849, 0.8030050933361053, 0.8016424536705017, 0.7999765658378601], "mape": [1.2281149133849352, 1.391009323089279, 1.230889194884891, 1.3357428498106638, 1.2818408624720183, 1.3005490555326065, 1.2744739364570958, 1.3271317528808562, 1.3828980445350938, 1.3108158911053636, 1.3806910888240458, 1.328285145578705, 1.3276412363814967, 1.347269445996675, 1.3551429210120867, 1.3424578489603152, 1.344343587395516], "mse": [1.6049116019035468, 1.7118377648596175, 1.5821178988339957, 1.8605604716858857, 1.6344444579575883, 1.7804749501876782, 1.7212377465764754, 1.7394871043758577, 1.8007327097630226, 1.8252480074805764, 1.7608147146743955, 1.7901135820036875, 1.7716987229782326, 1.7963279782877402, 1.785133557136776, 1.7899047901430931, 1.786763390845388], "recauc": [0.7734909074875029, 0.7644182059336269, 0.7756015080530704, 0.7546541750553281, 0.7719953465246903, 0.7598647364251886, 0.7661000843536603, 0.7629159582969526, 0.7602155374014266, 0.7594558681896383, 0.7626232940376978, 0.7612254800480371, 0.7626791531891809, 0.7606650441897393, 0.7612517163103645, 0.7611532159637733, 0.761418320711298], "f1": [], "aucrecauc": 0.9840970049754719, "aucloss": 1.752873247082443, "convergence_rate": 0.41068480577610333}