{"bestEpoch": 44, "lastEpoch": 54, "mae": [], "medianabsoluteerror": [], "mape": [], "mse": [], "recauc": [], "f1": [0.007829981817975592, 0.043132377387909246, 0.053557003271392394, 0.06191625632042001, 0.07689182343234276, 0.08809727177323744, 0.11191408197350369, 0.11494802437610115, 0.12009760029131994, 0.13568360498972415, 0.13429015473405734, 0.14649056872140717, 0.15159869854700556, 0.16000763190166262, 0.1589709484728634, 0.16947472338244468, 0.17994155763602673, 0.17418255545951247, 0.1819304157772359, 0.1926530979370482, 0.1926624547064675, 0.1879397687503354, 0.19514449283966712, 0.20524225161989137, 0.2091405592439474, 0.20720553169580969, 0.20775306153117915, 0.2118599494387368, 0.21667129769643656, 0.217908901536275, 0.21959881304010498, 0.22409209128090848, 0.221338970545246, 0.23529946731047924, 0.23089717832785484, 0.23268088545592078, 0.22814920935667515, 0.22720935144260015, 0.22888334658821208, 0.24308100619255882, 0.24151570952274037, 0.24321606000396195, 0.2428138364789119, 0.24140964487437885, 0.24499451576594222, 0.24383995271079553, 0.2457920975648918, 0.24574094795350399, 0.24673390768668382, 0.24638367522346707, 0.24625375673136987, 0.24693568338386795, 0.24723443865624437, 0.24719744827318807], "f1auc": 0.7714711790741375, "convergence_rate": 0.76399689669709}