{"bestEpoch": 42, "lastEpoch": 52, "mae": [0.5343541308467838, 0.5446743494585052, 0.5765444732341801, 0.513918783628096, 0.5152901287082933, 0.5217855281617052, 0.5014733021285158, 0.5057564488991927, 0.5128167847729593, 0.5023068212838827, 0.49329535353769827, 0.49364858661885136, 0.5086789720408487, 0.48038565377896597, 0.4784045310132892, 0.49339647632866784, 0.4970627642629937, 0.4887944561435451, 0.48955841522815813, 0.47676551492855, 0.4916283133720603, 0.4745424315046257, 0.48485509452745623, 0.4715141654037514, 0.4727421089438841, 0.47826712099319635, 0.4684596092326811, 0.49484019192747386, 0.47046338921103836, 0.47424369094305147, 0.47568322304895927, 0.4684816651551414, 0.46613057833402777, 0.4659344282057497, 0.4664286372013101, 0.46429163998429174, 0.46660116002849217, 0.4652017594764653, 0.465429512154662, 0.46434988432926777, 0.4651501111242965, 0.4648708288964287, 0.4645125362906018, 0.4638803252647169, 0.4638723237879762, 0.4642504276689105, 0.46375515992005406, 0.46368464390094427, 0.4637067447102895, 0.4636644486891464, 0.46320179038509357, 0.4638370288820238], "medianabsoluteerror": [0.4334317445755005, 0.44912365913391106, 0.4754802942276001, 0.4188805818557739, 0.4150670289993287, 0.41995527744293204, 0.40567691326141353, 0.40857071876525874, 0.42058237791061404, 0.4086846041679383, 0.40486522912979117, 0.4037991166114806, 0.4162926149368287, 0.3948534870147704, 0.390392370223999, 0.4143088245391846, 0.4034736275672912, 0.39201272726058967, 0.40508857965469347, 0.3884230852127074, 0.39755237102508545, 0.3916297411918639, 0.39125649929046635, 0.385029525756836, 0.3919544219970704, 0.3965492796897889, 0.3849864602088927, 0.39587731838226325, 0.3862193465232848, 0.3949236488342285, 0.3800353240966796, 0.37899514436721804, 0.3846029996871949, 0.38151535511016843, 0.3845312237739563, 0.3794350743293762, 0.38222156763076776, 0.38408802270889275, 0.38332161903381357, 0.3817199349403382, 0.38304397821426395, 0.3839394330978394, 0.38223736286163335, 0.38074827194213867, 0.3805252885818482, 0.3830669045448303, 0.3814406871795655, 0.3799063301086427, 0.3815872907638549, 0.3809739470481873, 0.38107383251190186, 0.3812987923622131], "mape": [0.3006287004835396, 0.2864179374153775, 0.3613447771587665, 0.2790822412584383, 0.3028504433532841, 0.2906223943861375, 0.27823680637531945, 0.28757530956302624, 0.2736472637477276, 0.2847524749096095, 0.2642183907327659, 0.26453863453132753, 0.26204249647066297, 0.2750662532626722, 0.26234986782653263, 0.26452729773680855, 0.26486197262445543, 0.2722324472495997, 0.28326235306149244, 0.25963802038535233, 0.24998048131129455, 0.259900066944839, 0.2463434863386553, 0.25461237859274277, 0.26648858526567704, 0.2776612594325148, 0.261074810058928, 0.2459289240134033, 0.2524460863664901, 0.26865284323781913, 0.24296870256403105, 0.246475527770004, 0.2585572234486619, 0.2539530272013216, 0.2604957206300586, 0.2538956661805449, 0.2496286432797939, 0.25509747633164825, 0.25669148736896513, 0.25388117810063726, 0.2570367805134019, 0.25859288625176985, 0.25528427470500065, 0.25629065146194846, 0.25494455913551867, 0.2566233444823888, 0.25544774622613864, 0.2554014005373045, 0.25509722015319225, 0.2551552066325894, 0.25493464428977186, 0.25535332470612904], "mse": [0.4740768431949019, 0.4944508418133194, 0.5328673303786887, 0.44476868634397904, 0.4393407514180462, 0.45649417831486516, 0.42186064160667497, 0.42651162812112103, 0.4406407305498593, 0.4204282980640662, 0.4051717868973404, 0.4079173022480445, 0.4383011331299125, 0.3816214308152186, 0.38437797785414596, 0.39764908939218113, 0.419578788833427, 0.40514227159002975, 0.3923943173756563, 0.38391188449746527, 0.41338151120990846, 0.3742922480346787, 0.40314801500050135, 0.3758257270704587, 0.3689892342829389, 0.37472812653045706, 0.3658742160998949, 0.42025815651588433, 0.3724728466248475, 0.36908920609114043, 0.39134008069113013, 0.37530324167500284, 0.36180398903821803, 0.36399728621665145, 0.3614676225358361, 0.3621327745800866, 0.36669367937436853, 0.36091712842396123, 0.36046635279949624, 0.36136357105768374, 0.3604086928309961, 0.360027118519877, 0.3605336070748503, 0.35976081881879884, 0.36056227869861546, 0.3599795566684935, 0.3600507285465551, 0.35956275723934206, 0.35952972298822367, 0.3595679144094108, 0.35925559883168345, 0.3600169225553037], "recauc": [0.8757228431503233, 0.8733224499805753, 0.8659069353164811, 0.8804747998431736, 0.8801533856068834, 0.8786454050220418, 0.883367319712769, 0.8823715316298703, 0.8807299671512657, 0.8831731897279425, 0.885268761923456, 0.8851867144876499, 0.8816915072881543, 0.8882715154648865, 0.8887326404845988, 0.8852450508286809, 0.8843941518690889, 0.8863168415947186, 0.886138676921399, 0.8891133555091766, 0.8856568491404693, 0.8896302902300743, 0.8872324279395003, 0.8903346371897163, 0.8900491173486812, 0.8887641540636622, 0.8910451820477713, 0.8849098216803155, 0.890578927970369, 0.889700199408267, 0.8893667179231171, 0.8910399120324054, 0.8915872104144837, 0.891633068291781, 0.8915179434945741, 0.8920148389091803, 0.8914780630706028, 0.8918038411657706, 0.891749698050641, 0.8920020356068924, 0.8918154510970574, 0.8918804919362691, 0.8919634736141158, 0.8921098888957184, 0.8921120000813612, 0.8920244971595629, 0.8921396823672024, 0.8921563026549784, 0.8921507692713233, 0.8921605658298016, 0.8922683126054965, 0.8921200696433512], "f1": [], "aucrecauc": 0.9947614914451405, "aucloss": 0.39163254432547323, "convergence_rate": 0.8226790643791264}