{"bestEpoch": 22, "lastEpoch": 32, "mae": [], "medianabsoluteerror": [], "mape": [], "mse": [], "recauc": [], "f1": [0.21664460549733203, 0.2357303999895097, 0.22169998081966577, 0.23030913519685256, 0.2427779003286763, 0.21710199085776746, 0.22252712801289998, 0.14840532928057606, 0.21528419134671484, 0.23398104392702498, 0.25055278815401827, 0.23757613229083485, 0.22282617249835668, 0.2379860985544368, 0.22364578734935228, 0.23574223701933902, 0.23112764180866704, 0.24483100112194506, 0.23625244893152605, 0.23871532677914442, 0.244979219368291, 0.2349614143655197, 0.2347729461806212, 0.2474891062246512, 0.2532698061426985, 0.23720133465110443, 0.23849789351651238, 0.23566650073239312, 0.23539889449096132, 0.24480784796671612, 0.23769242949617914, 0.24155080624106362], "f1auc": 0.9171537381345632, "convergence_rate": 0.7999088222230444}