{"bestEpoch": 77, "lastEpoch": 87, "mae": [1751.627218729521, 1672.2453592750041, 1603.3493024392378, 1535.6160749894675, 1474.5077126169633, 1416.505401174906, 1362.1422708399812, 1309.639103486104, 1262.9313478256583, 1219.949018362406, 1176.0001527346933, 1133.9003672348379, 1092.8484537239149, 1051.490395980136, 1012.1479160720052, 973.5862173234519, 935.8817150176794, 902.1324194357205, 865.0717565667969, 829.9241392165364, 790.0264216601129, 754.0078660050926, 716.7314344548901, 682.601396938614, 648.3298980327257, 614.025612460794, 582.8328959894399, 553.4805235395822, 520.9383573068739, 493.8626266385324, 466.5001586658669, 438.3143971637998, 411.48631292660997, 388.5889183764745, 365.0130620579132, 343.2752829428229, 321.54654883866897, 302.18581379498033, 285.146947439559, 265.3575362163079, 249.5209037834595, 233.93291694947104, 218.8870731808472, 205.04413311302545, 192.11985430459606, 180.1142710432488, 168.23209383286573, 158.08391036610763, 148.11123118476738, 139.26872736971526, 132.62019624801042, 124.85594608396295, 117.49534310967361, 110.86854578287155, 106.7205563081146, 101.99601097111342, 97.59306339869096, 93.4039644957685, 90.73623048249539, 87.51824006823841, 84.59033907990624, 82.25251363223032, 80.01152893159144, 77.35913494185068, 75.63364821472338, 74.01200431629861, 72.9542647682639, 72.08741199379051, 71.12649527299537, 69.8568656795301, 69.20618774695718, 68.34681446546529, 67.99903681417246, 66.64258934764582, 67.33457215035996, 66.69938360192245, 65.98873977578009, 65.94695275530671, 65.9486666228507, 65.84257922051157, 65.3202827618831, 65.28384927691319, 65.36148067741087, 65.32374597802894, 65.23318201318519, 65.1886611974595, 65.20590378281365], "medianabsoluteerror": [1538.1337208041991, 1467.9141135843506, 1405.9527049770509, 1345.1250225366211, 1291.1280667822266, 1239.5487821767579, 1189.9760438808594, 1143.535889078125, 1102.909668375, 1065.002166576172, 1026.9163203867188, 990.8940737207031, 955.1106565039063, 918.6091918945312, 885.0130612343751, 851.849609375, 819.1948241015625, 790.4085080117188, 758.1856691796875, 728.9442744335938, 694.968627578125, 664.2075802148438, 632.4882197460938, 603.095702828125, 573.5408325195312, 544.524780328125, 518.429321171875, 492.79931593750007, 465.7033079335938, 443.1906125585938, 419.49633765625003, 394.7619020273437, 370.8611453085937, 351.0625002890624, 330.294311703125, 311.70935035156253, 292.4298095703125, 275.1861571640625, 260.3889157265626, 242.4794917812501, 228.78979486718754, 215.22253424218752, 202.4045411953125, 190.2690427890625, 179.4577026640626, 168.78356939843752, 157.89245564062503, 149.41650378906252, 140.52587849218753, 131.97680681249994, 125.6131591796875, 118.15710455468752, 111.23059088281252, 104.34802287499997, 100.530029296875, 96.1199951171875, 92.00219732031269, 87.65942429687493, 85.18042027343745, 82.04150414062497, 79.19299304687502, 76.76843278906244, 75.07714872656243, 72.44213873437502, 70.84082049999961, 69.4284666171875, 68.09448212500001, 67.30468743749998, 66.28564423437501, 64.84668003906245, 64.24816906249998, 62.968628101562444, 62.97229010156252, 61.415527523437504, 62.40539521875007, 61.78527802343751, 60.8837890625, 60.58142049218759, 60.79541003906252, 60.44103980468731, 60.00244100000009, 59.75097649999998, 60.00891124999998, 59.817870914062496, 59.91491710937498, 59.742187320312496, 59.82678216406248], "mape": [1.0650744858692813, 1.0158167846648565, 0.9731635923654627, 0.9312966439248858, 0.8935785488665579, 0.8578268851157206, 0.8243704754968223, 0.7921115084853273, 0.7634656646625113, 0.7371578799717649, 0.7102845122466371, 0.6845676513784232, 0.6595012046847631, 0.6342674606782107, 0.610288276428521, 0.5867921908970105, 0.5638250193185654, 0.5433052181139741, 0.5208759868193693, 0.4997576168900262, 0.4754514681755569, 0.4535448388180352, 0.43077821822426454, 0.4100412617818666, 0.38911581313222554, 0.3680931313765925, 0.3491348697313845, 0.33143725370982563, 0.31143520702096444, 0.29510412396526836, 0.2785608641553237, 0.26146774529345623, 0.24519656625679656, 0.23149322754686724, 0.21733301708848712, 0.20432608555914306, 0.1912572421006887, 0.1797841024173283, 0.16976873598797776, 0.15785468491295213, 0.1485185974757498, 0.1392908350343933, 0.13034860844168913, 0.12216997661150174, 0.11461263250819022, 0.10757431746150262, 0.10058465680304865, 0.09469742338946825, 0.08890984848806642, 0.08382630460774758, 0.08013104472115629, 0.07568434739814317, 0.07144769060536682, 0.06763992443025592, 0.06537960968935447, 0.06273901750880091, 0.06025448276043281, 0.057865457108358186, 0.05640502782667168, 0.05461327894319307, 0.05294438636284724, 0.05167472720950668, 0.05045704406057055, 0.04893948297961887, 0.048006250805678066, 0.04710473544851771, 0.04654082152382362, 0.04606995257012031, 0.04557456260448842, 0.04483317569841184, 0.04450899237133358, 0.04399769523746148, 0.04381742344202889, 0.04306092954108211, 0.04345060798205137, 0.043092435155501284, 0.0426729811697188, 0.04268113157448363, 0.04269666664041896, 0.0426365074241996, 0.042358168349597596, 0.04234621082344946, 0.0423984188856119, 0.04237649448306203, 0.04232026020228326, 0.042291483804545664, 0.04230646153199055], "mse": [3388143.391154337, 3093168.606261018, 2847555.268445501, 2615678.211263379, 2414685.639965436, 2231125.7275395845, 2065445.3005092687, 1911279.2846709674, 1778940.5672947105, 1661136.5561233046, 1544761.541130457, 1437155.2127107452, 1335940.8983686646, 1237649.0940332692, 1147556.981126255, 1062544.950812126, 982577.4128940706, 913540.2964661481, 840261.8368220754, 773160.074926458, 701355.40068136, 639485.2049854406, 578718.3061180017, 525509.6085530699, 474899.2412342395, 427021.0539265348, 385383.5256339144, 347853.9117862312, 309292.51974027907, 278404.7519581512, 248881.24506736995, 220308.69050000826, 194765.0480998427, 173942.94860750277, 153873.67102044736, 136364.49024736646, 120072.61540663522, 106271.18868201836, 94784.37053788095, 82505.73044309815, 73159.69140442261, 64635.82495059931, 56911.248448559636, 50198.60710611732, 44377.06502282213, 39234.829220032014, 34515.36534316057, 30709.022352423457, 27188.681447851428, 24208.554753055585, 22043.580408835296, 19675.692421820655, 17582.480361463367, 15766.832032354147, 14679.400881068508, 13499.754843509816, 12446.895621512538, 11511.673326198308, 10888.845779547722, 10227.107452586048, 9613.496778581592, 9149.18133855714, 8723.671964958348, 8227.199179360052, 7920.251085671888, 7644.698215210312, 7476.047469937578, 7314.635834083105, 7163.147953946065, 6970.16803595499, 6851.702519813283, 6739.888649683829, 6674.503580383972, 6487.759556157151, 6563.68780521861, 6462.029899555864, 6361.200194753051, 6383.632584362476, 6363.453318142887, 6355.391379980507, 6281.385535864378, 6281.40866297336, 6293.126406560059, 6292.139379964037, 6273.364923495999, 6263.825761447617, 6272.300170989357],