{"bestEpoch": 5, "lastEpoch": 15, "mae": [84.0848944551146, 69.99576972206712, 61.78956556821875, 58.37979793695371, 60.043926879185186, 60.48019217861111, 67.85961184489815, 62.67882488169907, 64.27174852900463, 62.28194235855555, 61.97084171839236, 59.941245256792826, 65.60951863893749, 63.505744261178236, 63.16796845460533], "medianabsoluteerror": [78.61877435156248, 64.38720732812499, 54.60302699218755, 49.95642078125002, 52.427856617187444, 52.98400890624998, 61.94506795312509, 55.67150873437504, 57.625488460937504, 55.28051798437491, 54.86181634374998, 52.27758753906255, 59.11584501562493, 56.66479450781253, 56.30957036718746], "mape": [0.05282017395302437, 0.04508004068326696, 0.040683958917560915, 0.03889426263693303, 0.039766926793004705, 0.03999721591458724, 0.043928238212883115, 0.04115939952529286, 0.04200692753998576, 0.04095222449093717, 0.040788392317185194, 0.03972027975116707, 0.04272331786110334, 0.04160162329171773, 0.04142255903303639], "mse": [9604.38706745993, 7101.618933261163, 5964.4199070425775, 5584.114780415734, 5761.908315788514, 5810.918672725264, 6778.268673825032, 6073.340405176867, 6278.426850930472, 6024.622063867414, 5987.029159181972, 5752.918251422951, 6460.255823761462, 6180.058604336639, 6137.048013800327], "recauc": [0.9570953391635459, 0.9642845617895122, 0.9684711730432302, 0.9702111692650746, 0.9693626992328863, 0.9691399510321402, 0.965374655984117, 0.9680175276786938, 0.9672049427164939, 0.968220214614054, 0.9683794009030532, 0.969414526637849, 0.9665209632074319, 0.9675958855144774, 0.9677679323487904], "f1": [], "aucrecauc": 0.9971782974712835, "aucloss": 6259.186998740442, "convergence_rate": 0.791264323069355}