{"bestEpoch": 81, "lastEpoch": 91, "mae": [2.7546497279176423, 2.73362226087256, 2.4634925654938735, 2.2596635918896752, 2.1269253234129937, 2.085869106770053, 1.971937766879889, 1.9416844637132862, 1.820459536484251, 1.737692071386436, 1.680962309205487, 1.623535611121629, 1.6079253802748017, 1.5191002625740562, 1.4603766618194836, 1.4237889826727455, 1.352014439205431, 1.303856858663284, 1.2598500552044019, 1.2165602180215447, 1.1758992950039715, 1.1369098530493362, 1.0988214966504384, 1.0601420497673302, 1.0245023380429157, 0.9884688042096571, 0.9579775157844002, 0.9264656630652572, 0.8985985034403423, 0.8723475973384306, 0.8475590617723003, 0.8265432985713709, 0.8111974252199251, 0.7892609340727964, 0.7719815208295593, 0.7598116571781277, 0.7456977060067871, 0.7364820550898281, 0.7311505580578642, 0.7278099032230816, 0.7239768725263266, 0.722139544066309, 0.7168964692255577, 0.7133854062459823, 0.7101314877301527, 0.7063450524375646, 0.7031101704544109, 0.6994880446854057, 0.6963603646739668, 0.6935192900673041, 0.6895125759372259, 0.6857517326242359, 0.6826353817922407, 0.6833623746314738, 0.6750659111067474, 0.6746220324729424, 0.6738260709416855, 0.6736615407601935, 0.67310414132571, 0.6724155807757025, 0.6720482615560263, 0.6709036445683153, 0.6703704244035484, 0.6698856760945633, 0.6690834208611889, 0.6687096689641987, 0.667535933562664, 0.666823622699951, 0.6665433141893019, 0.665757589065206, 0.6654710546621866, 0.6645117123185095, 0.6637566232042873, 0.6632283443934803, 0.6625416007927509, 0.6620470207661564, 0.6616356128112499, 0.6607697357069042, 0.660405004961647, 0.659830818461095, 0.6589607107160511, 0.6581815982085915, 0.6576530689068607, 0.6569888668701979, 0.6567414293492163, 0.6565371085555538, 0.6564072974555647, 0.6562741477179274, 0.656172573709668, 0.6561508087861427, 0.6561263240247177], "medianabsoluteerror": [1.808952808380127, 1.738633155822754, 1.5902533531188965, 1.4725382328033447, 1.4221348762512207, 1.408003330230713, 1.3538761138916016, 1.3097429275512695, 1.2619919776916504, 1.237213134765625, 1.2137889862060547, 1.2054007053375244, 1.1508030891418457, 1.1511180400848389, 1.1031172275543213, 1.0772273540496826, 1.0765275955200195, 1.0534229278564453, 1.0204627513885498, 0.9862968921661377, 0.9549031257629395, 0.9408268928527832, 0.8946199417114258, 0.8657774925231934, 0.8444919586181641, 0.8142051696777344, 0.7918519973754883, 0.7663173675537109, 0.7372169494628906, 0.7125344276428223, 0.6994295120239258, 0.6802339553833008, 0.6544747352600098, 0.6467890739440918, 0.6294956207275391, 0.630704402923584, 0.5930089950561523, 0.5960392951965332, 0.5909824371337891, 0.5874371528625488, 0.5851783752441406, 0.5909333229064941, 0.5805964469909668, 0.575068473815918, 0.5742559432983398, 0.5708060264587402, 0.5677247047424316, 0.572667121887207, 0.5705461502075195, 0.5646767616271973, 0.5700211524963379, 0.5658206939697266, 0.5593338012695312, 0.5633955001831055, 0.552119255065918, 0.5537652969360352, 0.5507793426513672, 0.5547678470611572, 0.5549764633178711, 0.5539071559906006, 0.554124116897583, 0.549781322479248, 0.5503878593444824, 0.5500411987304688, 0.5486507415771484, 0.5500664710998535, 0.5456676483154297, 0.5453691482543945, 0.5443582534790039, 0.5426392555236816, 0.545194149017334, 0.5414023399353027, 0.5419187545776367, 0.5415534973144531, 0.5388765335083008, 0.5385704040527344, 0.5414485931396484, 0.5381655693054199, 0.5380101203918457, 0.5398046970367432, 0.5372323989868164, 0.5366060733795166, 0.5373716354370117, 0.5365509986877441, 0.5364718437194824, 0.5354413986206055, 0.5359325408935547, 0.5352725982666016, 0.5346927642822266, 0.534635066986084, 0.5344576835632324], "mape": [0.5568384368568055, 0.5671023119342351, 0.5069287416812777, 0.46009228741302466, 0.43046948516855693, 0.42771715382381653, 0.4021452169315256, 0.3993683245536468, 0.3720768449560869, 0.3526667484320471, 0.3410437948849164, 0.33055553042499036, 0.3327139443559711, 0.31068759216774255, 0.2982213382173004, 0.29370337580703815, 0.2747452353216904, 0.2642886634133109, 0.2552960574067322, 0.24639398887090475, 0.23846832885822306, 0.22945182564354097, 0.2217169399337364, 0.2137509389429593, 0.20660456586062936, 0.20010929683305478, 0.192723407245242, 0.18653793645323305, 0.18055324967607514, 0.1761538137643294, 0.17018130587705282, 0.1661214233298931, 0.16133497312796904, 0.15973856304647593, 0.1555282626144908, 0.1546292856169849, 0.14852081139929998, 0.14912726133707563, 0.14765370077387438, 0.14699668952677822, 0.14589752898835623, 0.14624631836398144, 0.14439812740068914, 0.14357808235558175, 0.143062230034724, 0.14220462738053005, 0.1415921383410163, 0.1413147551563197, 0.1404837230259873, 0.13977382979274794, 0.13935323239658023, 0.1385041825426292, 0.1374361914755546, 0.13843625191423858, 0.13586089108350954, 0.1358989607357394, 0.13557054160870555, 0.13588515645382968, 0.13577859167019926, 0.1356014338088147, 0.13566061863056664, 0.13518760050270842, 0.13513125268961299, 0.13514586221165137, 0.13488088038183588, 0.13501436092500396, 0.13448756764594127, 0.1343243652291347, 0.13445640167751857, 0.13424237169463077, 0.13434978777659615, 0.1339813279413788, 0.13376975784504788, 0.13372322126675026, 0.13356658666072355, 0.13351584452294188, 0.1335258265859424, 0.13326021649048433, 0.13325460797483937, 0.13316409671747395, 0.13286201121733066, 0.13263158641816106, 0.13255948544221346, 0.13240867192533523, 0.13250945039648, 0.13242104943611105, 0.13239507396725622, 0.13236508735918306, 0.13234576288592784, 0.13234157224734697, 0.13233574498098685], "mse": [235.36602669743368, 197.49286241357692, 152.22659779362215, 129.20436575669467, 99.26503516708874, 78.94348783942804, 62.00631938637173, 48.44711722616208, 37.438271044415075, 28.045551693684214, 21.013288401983633, 15.476571599471294, 11.623647056526172, 8.22371351056055, 6.149965529995991, 4.924762162457743, 3.820632939132925, 3.2597177254777825, 2.875768488370996, 2.5827463814917646, 2.3645886282636743, 2.161765242031927, 2.01039771241861, 1.8635836441142393, 1.7310570843326374, 1.615185982575161, 1.504416698790089, 1.4063925188689188, 1.3216392202933835, 1.2458992492729613, 1.1763613695442392, 1.1134357488720408, 1.0708217037279122, 1.0154698680016374, 0.9812185130299107, 0.9418380372799761, 0.9757665268622006, 0.8840432026696534, 0.8687075744749356, 0.8609968341303383, 0.8528763609984422, 0.8476178847520176, 0.8366261645513913, 0.8281199243433502, 0.8206792831770934, 0.8126712390629824, 0.8056233270678576, 0.7967309695290015, 0.7907731492842911, 0.7845089764694376, 0.7747975572643886, 0.7656315528860825, 0.7630564440892197, 0.7678277299394389, 0.7443166849069992, 0.7427232017219199, 0.7413162984294795, 0.7401948754969443, 0.7389222089429179, 0.7375318868569917, 0.7364521032202626, 0.7346296320890205, 0.7332298742815077, 0.7320882402951873, 0.7304474233642331, 0.7294773514048901, 0.727418500944148, 0.7263102553450108, 0.7250521566738819, 0.7233760437162166, 0.7224162081922642, 0.7208392731323159, 0.7192581591289083, 0.7179575715309129, 0.7167543971383361, 0.7153212741681247, 0.7144246034944544, 0.7126920112259552, 0.7117241268652005, 0.7106072926607462, 0.7095590914164529, 0.7075183703584044, 0.7063042001793733, 0.7049504893678459, 0.7040767125221243, 0.703728579798425, 0.7034931778670745, 0.7032524332798961, 0.7029947542189141, 0.7029509197352276, 0.7029050952523563],