{"bestEpoch": 61, "lastEpoch": 71, "mae": [], "medianabsoluteerror": [], "mape": [], "mse": [], "recauc": [], "f1": [0.020681583272186724, 0.04650212685291381, 0.047290498822764954, 0.06352275249737585, 0.07330599433777976, 0.08868079098182491, 0.10996788649513725, 0.12066310931594657, 0.12620115555265343, 0.13854143744137684, 0.14174389994945302, 0.14455398037234765, 0.1552140432309638, 0.16007607801307402, 0.15704174955345623, 0.15855768487621347, 0.1734536461597299, 0.18085186193182679, 0.18037355446205136, 0.1811122445898247, 0.18062768409780716, 0.1969274672343311, 0.19422011745243623, 0.19380105054170474, 0.2033824887948642, 0.20681682712947363, 0.20637666981695457, 0.2123077404612133, 0.2108390683695452, 0.21188112401085427, 0.21645745971489488, 0.22257995273885545, 0.21699276709146925, 0.22607393609720566, 0.22409127895438619, 0.2276124313614966, 0.2266052271302865, 0.22377019580789526, 0.22868615183334418, 0.2296601069899886, 0.23178894154687524, 0.22593983650332197, 0.23172937242515712, 0.23185792068023728, 0.2326687474113513, 0.22987430253460384, 0.23219153574097934, 0.2444193460234998, 0.2419267330721657, 0.24361475341059582, 0.24220182247413635, 0.23972061838066788, 0.24183705690510943, 0.24301127369754288, 0.24354109575168179, 0.24232485273044055, 0.24259226890298743, 0.2426829785679096, 0.24334390562140423, 0.24330379881888686, 0.24308197964929446, 0.24357777204727626, 0.24378910423638364, 0.24347078623851112, 0.24348202475111835, 0.24379456773490746, 0.24387923463696942, 0.24377187718897367, 0.24367993891025702, 0.24369843054346063, 0.24375449851749906], "f1auc": 0.8209765825835348, "convergence_rate": 0.8044282463999579}