{"bestEpoch": 13, "lastEpoch": 23, "mae": [], "medianabsoluteerror": [], "mape": [], "mse": [], "recauc": [], "f1": [0.12571847135025715, 0.14759179295575786, 0.21438088311926393, 0.21265018457133053, 0.21396026429396348, 0.2183837568719924, 0.21810558774451635, 0.26416843905799925, 0.14223940218806114, 0.2823623944022117, 0.23412349653139714, 0.25158090201774214, 0.22059149229048156, 0.22370359970870105, 0.2426662290125442, 0.22005187592957, 0.2730617394389083, 0.25044726033631404, 0.24034738596723648, 0.2531926130085888, 0.2477088410257116, 0.24682723482281335, 0.2521910290346212], "f1auc": 0.8060402686812289, "convergence_rate": 0.6503730685127622}