{"bestEpoch": 46, "lastEpoch": 56, "mae": [2.694620830473358, 1.6330778492512958, 1.3249940401549973, 1.1927092047929355, 1.0233008366780227, 1.1051925450635047, 0.9568386218656677, 0.9470834322823637, 0.8539103808944838, 0.8054763274302484, 0.8407942258407273, 0.8591181042060957, 0.7984611000846515, 0.75997921540039, 0.752953782979459, 0.6820910344142666, 0.7128472138302374, 0.6777696376644047, 0.7205407428774193, 0.6863276151869251, 0.7048193888180533, 0.6164496035110161, 0.6860684874185246, 0.6005370718913925, 0.5929514618415911, 0.6187188418059671, 0.616492803343129, 0.6153721384604363, 0.6001013276342096, 0.5726284413169104, 0.5678765148875887, 0.5551742261197, 0.5404816446867424, 0.5497167749663542, 0.6193241548219007, 0.6128217345081242, 0.5782433451756636, 0.5549101836076521, 0.6017372387608751, 0.5691344391642835, 0.5760332090294815, 0.5417637104354607, 0.6085236985127704, 0.5683836711054604, 0.5656855520496571, 0.5216462526213373, 0.532337540742093, 0.5393421163765213, 0.539184061227858, 0.5354094688646007, 0.5252650422490097, 0.5279889096928919, 0.5241274011122824, 0.5242970708388052, 0.520958296261495, 0.5202969579077896], "medianabsoluteerror": [2.1928956508636475, 1.1506648063659668, 0.8267683982849121, 0.7730379104614258, 0.6092934608459473, 0.7088456153869629, 0.5836868286132812, 0.5852289199829102, 0.5286836624145508, 0.49727964401245117, 0.5380597114562988, 0.5622677803039551, 0.510601282119751, 0.4842090606689453, 0.48952627182006836, 0.44573235511779785, 0.5100650787353516, 0.46677684783935547, 0.5033798217773438, 0.48051929473876953, 0.5121870040893555, 0.43923139572143555, 0.5364336967468262, 0.4469919204711914, 0.428464412689209, 0.4863467216491699, 0.48185205459594727, 0.47352123260498047, 0.46453166007995605, 0.43752622604370117, 0.4379916191101074, 0.42430973052978516, 0.4130234718322754, 0.43078041076660156, 0.5073156356811523, 0.4935336112976074, 0.46948814392089844, 0.44886112213134766, 0.48409461975097656, 0.4707913398742676, 0.46172523498535156, 0.43566131591796875, 0.511162281036377, 0.4709944725036621, 0.4654407501220703, 0.4093198776245117, 0.428056001663208, 0.43006467819213867, 0.42569684982299805, 0.42906665802001953, 0.4213886260986328, 0.4220757484436035, 0.4116053581237793, 0.42011451721191406, 0.41588401794433594, 0.41593360900878906], "mape": [0.5041950437135496, 0.30251340940635324, 0.24989279375353055, 0.2268975016546882, 0.20426847860043768, 0.21189923282816206, 0.18805098096008832, 0.18378164232002447, 0.17044968382586376, 0.16531609820662124, 0.16402130896664852, 0.16330951609599986, 0.15407327674186733, 0.14796485777880278, 0.1477813988070405, 0.13726860941500668, 0.14998266563900645, 0.13462556378080054, 0.13887817926520818, 0.1344810982722776, 0.13550906617617417, 0.12275002202668658, 0.14678636786361773, 0.12395776156752164, 0.11988833768320005, 0.12939408384722292, 0.1274579011716679, 0.12874731357811192, 0.11711099786202962, 0.11970659427752, 0.11642140059129878, 0.11384818235450592, 0.11064220710847388, 0.11102327592243319, 0.13069540061215484, 0.11708360006106969, 0.12332355891042857, 0.11445289412200199, 0.1290058549642048, 0.11909313207359642, 0.11283151358634204, 0.11095835145335128, 0.1302827584243371, 0.11885698056184144, 0.1151698291860945, 0.10519432847502172, 0.10579270891165642, 0.11051164601424926, 0.10839885515037152, 0.10985636822622545, 0.10587315951950556, 0.10749533591071375, 0.10634818956396608, 0.10629348777647955, 0.10585704836071559, 0.10569905064903522], "mse": [78.60233773657963, 65.92254167352199, 57.305982892271146, 50.54346033071145, 44.22193613334616, 42.51638544248814, 33.93668176976982, 28.98205281727493, 24.80406488675808, 21.185449341906168, 18.46379444331915, 16.012482403682814, 13.405109441951144, 12.810055250696335, 9.712314111413617, 8.033531469139163, 6.800892139678196, 5.777305932833694, 5.034371085081036, 4.721729637679633, 3.633793933284303, 2.8213632926429426, 2.447647055993187, 2.039609602069968, 1.9531628681399444, 1.692850558398327, 1.5212143815771553, 1.2837523184437876, 1.0792339375155493, 0.9136490011461145, 0.8258223750135841, 0.7167428691465683, 0.6386387736135993, 0.6017617870660128, 0.6660627748214821, 0.6750317697711697, 0.5652434830319651, 0.5194593435877211, 0.5903615557478208, 0.5346093440236125, 0.567213083506155, 0.49181188832777956, 0.5850330178116303, 0.5245361778014174, 0.5272563816238097, 0.4656372318672081, 0.48237255833018394, 0.4820963786155309, 0.49243959975430374, 0.47970738331606394, 0.46746652096091884, 0.47018742556447995, 0.46706854481419124, 0.4665129447439943, 0.46083271149497484, 0.4593867242843377], "recauc": [0.4720429475147995, 0.6988045354483956, 0.764755775268567, 0.7906845095769447, 0.8252575343356512, 0.8049397799374857, 0.8322586463933038, 0.8299944652893028, 0.8475072361338434, 0.8548849563981458, 0.8435359327213189, 0.8361630361457018, 0.8467736921306274, 0.8549943047857824, 0.8518716100926949, 0.8654868748117517, 0.8558672894409249, 0.8620461084900114, 0.8502000560509193, 0.8575520442535157, 0.8502567730168142, 0.8687220249659707, 0.8508795781740893, 0.869679844743829, 0.8711586743981642, 0.8638502538891033, 0.863594426727259, 0.8626134498104805, 0.8649425533009875, 0.8706252362277078, 0.8710083504059297, 0.8731725901735384, 0.8760559715429147, 0.8734123669833512, 0.8566424441963593, 0.858100502806889, 0.8657745623515322, 0.8711308480659257, 0.86022845332937, 0.8677290317428585, 0.8660924794848178, 0.8739956556589404, 0.8584681502822442, 0.8678048203035202, 0.8684322431556578, 0.8786754919913551, 0.8761872582726863, 0.8745586367768257, 0.8745961963171944, 0.8754743136517565, 0.8778322906097682, 0.8771993402567171, 0.8780959970353368, 0.8780585404918796, 0.8788353775302007, 0.8789890832543605], "f1": [], "aucrecauc": 0.9693569377191686, "aucloss": 9.87038520559131, "convergence_rate": 0.9126240568945168}