{"bestEpoch": 60, "lastEpoch": 70, "mae": [], "medianabsoluteerror": [], "mape": [], "mse": [], "recauc": [], "f1": [0.40991175878041686, 0.4887826842249817, 0.45032756299988885, 0.48104719251144074, 0.4916641662163243, 0.5639515029483068, 0.4591886627031242, 0.44363914775175867, 0.22256704806139732, 0.5134913849780252, 0.6353025714952817, 0.7595647469852379, 0.6821448537931751, 0.7252983072858634, 0.6317362017780709, 0.46650825152280123, 0.7959441050591297, 0.7623133056233068, 0.7876226163348019, 0.7920302156597679, 0.7953606921855766, 0.7624915757733144, 0.7957345053719667, 0.779603771501272, 0.7811769972725933, 0.8016330400527367, 0.803881353497001, 0.8037392479149204, 0.8029531985208782, 0.8040791886651992, 0.8030183967532782, 0.8031979108551222, 0.8066696166655022, 0.8042296081910587, 0.8042661937937944, 0.8070626608488427, 0.8082691467538087, 0.8064637191095708, 0.8105955414658232, 0.8097159628975117, 0.807759624517696, 0.8075721386095345, 0.8089097775932437, 0.8075532201424267, 0.8089261429836792, 0.8083029974345147, 0.809337363534622, 0.8076993170483519, 0.8087028013090247, 0.8084652350311908, 0.8077460966492245, 0.8075428316200773, 0.808773577485962, 0.807734112547901, 0.8081063337175406, 0.8086013220036168, 0.8089194043329315, 0.8093124924394001, 0.8089036491391577, 0.8087626386457244, 0.8074484692281035, 0.8083131082542346, 0.8094763897119324, 0.8085266653810875, 0.808314690127056, 0.8085828129512188, 0.8086866403920834, 0.809110282213291, 0.8090882973001966, 0.8094711392466393], "f1auc": 0.9154503260328555, "convergence_rate": 0.883448524146567}