{"bestEpoch": 61, "lastEpoch": 71, "mae": [0.9041604990635559, 0.8962683357798802, 0.9592956662848364, 0.924607153822881, 0.9952809784345992, 0.9379199060671733, 0.9165382357779263, 0.9335464830395739, 0.9272252654208408, 0.9342119755941674, 0.907973660448242, 0.9602035746332367, 0.9584618297808137, 0.906780322765058, 0.9192096372982865, 0.9403268204224782, 0.9308140736057168, 0.9522923226953561, 0.9575222953265873, 0.9466017096453844, 0.9639860646953332, 0.954026167781901, 0.9652184784042369, 0.9616328319640319, 0.9634293249943561, 0.9953648878689169, 0.960137372283372, 0.9632047304910616, 0.9738237336800268, 0.9765985086876743, 0.977886918652131, 0.9827777302406201, 0.9759921930470582, 0.9849376099768412, 0.9766691186966182, 0.9709607903935094, 0.985343281168224, 0.983189607779868, 0.9876880076223253, 0.975749364723823, 0.976926050277579, 0.9845439286293991, 0.9805562983786164, 0.9847845015372048, 0.982025999184752, 0.9812205525595555, 0.9804367496119339, 0.9815508218372901, 0.981124059259117, 0.9809831881061015, 0.9810428311323228, 0.9810574129378066, 0.9814788198398804, 0.9816042268466717, 0.9808513829219726, 0.9809363917825712, 0.9808973543689107, 0.9805225477329341, 0.9808846097464236, 0.9801775453732564, 0.9807513134374332, 0.980256476949795, 0.9799489487250598, 0.9798945078096817, 0.9795630169938292, 0.9800946310386968, 0.9799130057739185, 0.9803124606303362, 0.9798255605122804, 0.979783788872289, 0.9798505971122733], "medianabsoluteerror": [0.6864120769500732, 0.717942852973938, 0.7494164490699768, 0.7184802889823912, 0.750508314371109, 0.7189048886299133, 0.686533637046814, 0.7054949164390565, 0.7053914785385131, 0.6906686615943909, 0.6950855660438537, 0.7319998836517334, 0.7858790445327759, 0.7030070018768311, 0.7019928562641145, 0.7256106376647948, 0.6959998297691345, 0.7122970628738403, 0.714178729057312, 0.7114077949523925, 0.7311478495597838, 0.7198434257507325, 0.7292571806907653, 0.7240261113643647, 0.7341881155967711, 0.7515472102165222, 0.7362476253509521, 0.7277243447303772, 0.7400005650520325, 0.7427038609981538, 0.7419858622550966, 0.7438028645515442, 0.7384312093257903, 0.7419989585876465, 0.7403285026550293, 0.7345679354667664, 0.7434294748306275, 0.7406745004653931, 0.7445120787620545, 0.7385405385494233, 0.7365159320831298, 0.7448295080661774, 0.7380349314212798, 0.7419265866279602, 0.7411186337471007, 0.7409563446044922, 0.7400819635391236, 0.7414532554149627, 0.7415461659431458, 0.7398736715316772, 0.7404043769836426, 0.7403929114341735, 0.7415678310394287, 0.741402325630188, 0.7399530386924744, 0.7401730871200561, 0.7418166637420653, 0.7409722375869752, 0.7401331901550293, 0.7392989701032637, 0.7401434195041656, 0.740911259651184, 0.741222459077835, 0.7394120693206787, 0.740067970752716, 0.7407187247276306, 0.7404240965843202, 0.7403640460968017, 0.7402555966377258, 0.7391110730171203, 0.7398779511451721], "mape": [1.1056950313379288, 1.3454299271778543, 1.3289287397287857, 1.3077551826303822, 1.2056013650714978, 1.273516960093711, 1.1381866172956552, 1.2409841072039443, 1.175188546715329, 1.1762106768069363, 1.2405096644100881, 1.3153593340949552, 1.453308553123709, 1.2581721127436454, 1.290984359851326, 1.3145399934053767, 1.230143517998017, 1.262721182293791, 1.2766809497256986, 1.2336677939327965, 1.3086352548980271, 1.2710713597580512, 1.2715170498412587, 1.2345874771311247, 1.3239721378510068, 1.333580400554796, 1.3274128359962218, 1.264865912557194, 1.2885708330794914, 1.3149382604232835, 1.3103650404448486, 1.3077103043214513, 1.2987275414860127, 1.306478703996903, 1.2935331851959018, 1.2724099441643362, 1.3145544687335693, 1.3016895040683578, 1.2970089748156022, 1.2907161650947931, 1.288687212808202, 1.3050494121569856, 1.2982042856939764, 1.2997802455218286, 1.2936551124595042, 1.2962207439842817, 1.2959741798983724, 1.2914637602527623, 1.2902013087296238, 1.292051868903864, 1.2909059071880957, 1.2919185035452747, 1.293851020096948, 1.293523445271786, 1.2925998901920637, 1.2936733180472308, 1.292310959207856, 1.2924243828288344, 1.293555691894741, 1.2926577422006829, 1.29361977234533, 1.2931709822505288, 1.292422258264616, 1.29366956869626, 1.2932304083611748, 1.2938773960744192, 1.2934458725311373, 1.293366518254134, 1.29333776540838, 1.2932953170350785, 1.2940406345210094], "mse": [1.4451459371650788, 1.3481935719290972, 1.5544270575311394, 1.4596068439742074, 1.7258263151534943, 1.512308031240677, 1.4723348385197148, 1.5134023013249052, 1.4835726009242596, 1.534716957337533, 1.4182222587764024, 1.586034958156475, 1.488531126616667, 1.3974488762192714, 1.4540283181481957, 1.5099040917280715, 1.516041037523496, 1.5859394173141546, 1.6084958992565945, 1.5633108449131294, 1.6085962526471016, 1.5820447491864573, 1.6171388092384769, 1.6087427301724624, 1.600946122515369, 1.7233794588930509, 1.5839866942190293, 1.6119569270641347, 1.6400240052103336, 1.6465503588491837, 1.6564227105306961, 1.6750521311164557, 1.6522996555730014, 1.6887807514476658, 1.652935779446935, 1.634792449851157, 1.6864137837162938, 1.682517224817509, 1.697129770653674, 1.6495435361351887, 1.6590595514433526, 1.679394919312433, 1.6733193053522482, 1.6872603120036969, 1.6769893139268932, 1.672153937450785, 1.6695947934065851, 1.6731212646937266, 1.6710647059519883, 1.6709588700506433, 1.6719178756108228, 1.6715938872735685, 1.6726069535052437, 1.6727362498874927, 1.6713979416263796, 1.6707355284377174, 1.6702741539432133, 1.6692094368263781, 1.6703768242255128, 1.6685519670979145, 1.6696940221630376, 1.6688012151944829, 1.667634592825524, 1.6678807489666374, 1.6663267440490928, 1.6678285532791095, 1.6675417916515514, 1.6688689920386506, 1.6676956716956586, 1.6670717542085776, 1.6673450070739761], "recauc": [0.7898415124160717, 0.7916303372355247, 0.7769775888989154, 0.7850189441824804, 0.768658477233766, 0.7819084019057908, 0.7868949441944568, 0.7829245262851456, 0.7844051105587346, 0.7827775645136515, 0.7888625346454379, 0.7767236952656542, 0.7771102876183759, 0.789139295359381, 0.7862472481791356, 0.7813466095230199, 0.7835628458379026, 0.7785785084264761, 0.7773657794241946, 0.779901815333679, 0.7758560578190311, 0.7781746098065416, 0.7755738483930701, 0.7764159457693731, 0.7759857391680274, 0.7685891397404054, 0.7767460674200454, 0.7760493388116221, 0.7735809986099847, 0.7729333694678631, 0.7726399996478915, 0.7715058350252478, 0.773081663857469, 0.7710074371436472, 0.7729264359769741, 0.7742519526073006, 0.7709147789948584, 0.7714168723476303, 0.7703711548005421, 0.7731387564479705, 0.7728599019890618, 0.7710969583901655, 0.7720273991401053, 0.77104814547714, 0.771686737691639, 0.7718741228586441, 0.7720537468577656, 0.7717945117680529, 0.7718949776052121, 0.7719267430212328, 0.7719114910857955, 0.7719117023663397, 0.7718109047476531, 0.7717796171357991, 0.7719568269154903, 0.7719389940622116, 0.7719446553470097, 0.7720346718428771, 0.771949085454202, 0.7721118057175453, 0.7719807452299506, 0.7720953277734451, 0.7721680347715103, 0.7721792000114048, 0.7722535652709897, 0.7721336629159925, 0.7721749324028575, 0.7720841693177884, 0.7721989033759242, 0.7722044590204501, 0.7721862100672614], "f1": [], "aucrecauc": 0.9793765712633267, "aucloss": 1.6187072371155733, "convergence_rate": 0.2920514830127403}