{"bestEpoch": 66, "lastEpoch": 76, "mae": [0.6831524892414809, 0.5297652873102094, 0.5025687472658836, 0.6255143507224361, 0.475605638215693, 0.474326377710752, 0.46103532427823674, 0.4535438780341046, 0.4484952313169828, 0.4523649818071406, 0.45511023741851947, 0.44667094006241015, 0.4487813794718514, 0.45018761387830175, 0.4644582410422584, 0.5140560988956984, 0.4452962653238982, 0.4262740345802742, 0.4268219844672971, 0.42464429789469693, 0.425135631745442, 0.42309965301225977, 0.42539376707242527, 0.4240224459891674, 0.4224990119642146, 0.42134067004824527, 0.42604919044422856, 0.4201814503299255, 0.4201303030165621, 0.42056424742606446, 0.4191360961609205, 0.4208975207140998, 0.41763153897834937, 0.41721574210993206, 0.4230791506397701, 0.4176789331927433, 0.4170561145244599, 0.42622714217919483, 0.4310214297654003, 0.41725181539976325, 0.42004537931326646, 0.4165495313097494, 0.4157641936954899, 0.41763753902161266, 0.4143214535563545, 0.41378626454931183, 0.41665042006209096, 0.41813611677931645, 0.4148681038616875, 0.41470546409164666, 0.41393527837002475, 0.41420746190509994, 0.4194477255124378, 0.4141872247929991, 0.4151857406556174, 0.41488490261024796, 0.41840379098836944, 0.4125591115212252, 0.41354019123455454, 0.41362417291768727, 0.41384082579316206, 0.4139896073163376, 0.4137847444198193, 0.4137867754309261, 0.41367339258284025, 0.41360712156392965, 0.4137610176071811, 0.4137626427805323, 0.41377952872088525, 0.4137278921654367, 0.41388346024111744, 0.4138053804667133, 0.41385009624791946, 0.41373509309532525, 0.4138077687301222, 0.4138106963997678], "medianabsoluteerror": [0.6133102774620056, 0.42094195604324336, 0.39610370159149166, 0.5641474032402038, 0.38502672672271726, 0.3928039860725403, 0.36844982028007506, 0.37001312255859375, 0.3578284657001496, 0.3694677126407623, 0.3551696157455444, 0.36803625941276547, 0.35085884571075443, 0.37434945106506357, 0.38799047231674194, 0.44398445606231696, 0.3677662920951843, 0.3397152137756348, 0.3440657091140747, 0.3394592249393462, 0.3362154603004456, 0.33773696422576904, 0.3426678705215454, 0.34021528482437136, 0.3378504705429077, 0.3364712405204773, 0.344640371799469, 0.33483471512794494, 0.3322482645511627, 0.3325757467746735, 0.33118613958358767, 0.336974503993988, 0.33249164819717414, 0.33116552114486697, 0.34229386568069453, 0.3339299786090851, 0.3326802444458007, 0.3465554237365722, 0.3525191140174866, 0.32706314206123355, 0.3383123421669007, 0.333332121372223, 0.332372145652771, 0.3353273487091065, 0.329630115032196, 0.32811174392700204, 0.33379706740379333, 0.3360959148406982, 0.3312662625312805, 0.330994246006012, 0.3291385960578918, 0.3301583766937256, 0.3381910324096681, 0.33015832901000963, 0.3319443082809448, 0.33157265186309814, 0.33676662683486935, 0.32707649230957025, 0.3292651188373566, 0.3295594143867493, 0.3300310015678405, 0.33013454675674436, 0.32986950874328613, 0.3298975968360901, 0.3298054623603821, 0.32964235305786127, 0.3298665952682496, 0.32986107707023615, 0.3298612356185914, 0.3297692787647247, 0.3299801230430604, 0.3299103617668152, 0.32988651514053347, 0.3297938907146453, 0.32985438823699953, 0.3298731911182403], "mape": [1.1487584275421507, 0.7013487221604179, 0.6534481200118322, 1.0761895870534712, 0.6682535861928537, 0.7222346844882309, 0.6319040064681385, 0.6707256910363221, 0.6211485145643546, 0.6739761221397732, 0.5501158762282823, 0.6879333339536601, 0.5596631800280593, 0.7062851572514547, 0.7431355597818831, 0.8613468980387803, 0.7048421245692401, 0.6005299547715274, 0.6304988092308105, 0.6071240258842281, 0.5756180409320347, 0.600815795339899, 0.626390128464654, 0.6195720380233819, 0.608688067355265, 0.6052084117839316, 0.6345155197932499, 0.5989213314631382, 0.5770403532243281, 0.5804225436450842, 0.574251914560403, 0.6199125470118798, 0.590693996187935, 0.5818217629185847, 0.6350358063060808, 0.612769306189797, 0.5994558397208825, 0.6543039435681091, 0.6701092502946895, 0.5504412877914076, 0.6373704727905258, 0.6176426906401339, 0.612898509730964, 0.6229381662262835, 0.6000298740499432, 0.5828220406652783, 0.6218453387302051, 0.6295976028633951, 0.6103288237609685, 0.6087941800364763, 0.6007541604748164, 0.603577947866769, 0.6390843274647555, 0.6046983758109038, 0.6120195658860986, 0.6126668342066901, 0.6338273789988643, 0.5858135065900136, 0.603223690971145, 0.6036614786626636, 0.6058424814476193, 0.6072091515010332, 0.6054554554672519, 0.6053492110497144, 0.6044455624977552, 0.6037982164563419, 0.6053207082155941, 0.6053317560168565, 0.6055067059770531, 0.6049911149364602, 0.6063940347936719, 0.605682789193332, 0.6061268032062289, 0.6050873658744732, 0.6057817591463135, 0.6057600073329874], "mse": [0.6941622246002304, 0.4841430648080936, 0.4375494988862198, 0.5770853994123584, 0.3830901144188338, 0.36940153584393304, 0.36472444264566756, 0.34425250014718534, 0.34567856547514564, 0.3398315253595582, 0.36416460540239265, 0.3282136902432711, 0.3525571742439387, 0.3288080378672668, 0.34648576360047306, 0.4072370403435818, 0.32381117492030914, 0.3108471291582654, 0.3068479271352214, 0.3069860612254218, 0.3114317163604568, 0.30497392549983504, 0.3043670433251439, 0.3044390574952809, 0.30376418816541517, 0.3019612313286987, 0.3038576960623698, 0.3011217164327009, 0.30413326679579705, 0.30438058030785686, 0.30289878647693347, 0.2999297776152867, 0.2978567135680588, 0.29803309056960087, 0.2992852996833563, 0.29597619884620374, 0.2954897221526225, 0.30150592340310106, 0.3059896397192809, 0.3030733444063496, 0.2954052119124732, 0.29304891794533056, 0.29263223658373955, 0.2936343055291286, 0.29231314352292087, 0.29395338759668677, 0.2927730989244655, 0.2936773347238463, 0.2918316900205299, 0.29166681297504127, 0.29161223650675294, 0.29150307124068686, 0.2943812596778891, 0.2913106004706819, 0.2915928208704741, 0.2912776749995965, 0.29348516974105565, 0.2915873697637869, 0.29075191320154564, 0.29074201404125954, 0.2907546362510764, 0.29077284375660417, 0.2907109529737608, 0.29070914950776044, 0.29068333792215806, 0.29066945260426574, 0.29069114200019697, 0.29068997059267215, 0.2906919120564598, 0.2906807975026713, 0.2907126135009313, 0.29069403125011617, 0.29070327449941546, 0.29067671535238854, 0.2906904548303294, 0.2906905828052582], "recauc": [0.8411134334396576, 0.8767889458050246, 0.8831130570837503, 0.8545171361036716, 0.8893829791026342, 0.8896806384991607, 0.892771730043419, 0.8945141106179668, 0.8956883154882231, 0.8947883727940972, 0.8941500861933518, 0.8961126747228237, 0.8956219336610699, 0.895294701772582, 0.891975580693495, 0.8804400248017773, 0.8964323344329058, 0.9008564508202271, 0.9007293154987073, 0.9012355585435148, 0.9011213694858045, 0.9015948814914312, 0.9010614788818563, 0.9013801422781794, 0.9017346044813415, 0.9020040556637938, 0.9009089310982964, 0.9022736147479309, 0.9022855046090191, 0.9021845900429978, 0.9025166959216563, 0.902107032638064, 0.9028666126855861, 0.9029633423461478, 0.9015996899006375, 0.9028556041292757, 0.9030004779708651, 0.900867425778408, 0.8997524434262196, 0.9029549066312057, 0.9023051918205918, 0.9031181489577899, 0.9033009777015585, 0.9028652035025063, 0.9036365312651844, 0.9037609348003399, 0.9030948008423522, 0.902749373951518, 0.9035094308340296, 0.9035471563643642, 0.9037263422955685, 0.9036630427737254, 0.9024443501034817, 0.9036677710643158, 0.9034356280200527, 0.9035054397639315, 0.9026871082182708, 0.9040466280938689, 0.9038181621064179, 0.903798633193724, 0.9037484272505655, 0.9037138173006117, 0.903761274012223, 0.9037609257546897, 0.9037872867177664, 0.9038026720765444, 0.903766844840519, 0.9037664558775597, 0.9037625565561995, 0.9037745161980182, 0.9037383814098854, 0.9037566549155529, 0.903746176175898, 0.9037729118873409, 0.9037559932908515, 0.9037553310200325], "f1": [], "aucrecauc": 0.9948993836787, "aucloss": 0.31691096170537236, "convergence_rate": 0.9267330477152681}