{"bestEpoch": 40, "lastEpoch": 50, "mae": [62.571482705322914, 55.30513396352893, 66.06369592008912, 51.96762394651505, 64.15216550225347, 57.15483249640856, 65.59488030979746, 57.443036688425934, 54.65910039951504, 56.207012292390054, 59.36623154949884, 64.19241011293634, 53.35871704467476, 57.2938528055625, 61.80837049123148, 69.03039644078588, 55.335217641185196, 52.85859448576158, 60.59354491582986, 57.78957821100463, 58.33376019481829, 51.477080416659724, 68.65219930167824, 62.18545082234028, 67.26244534175116, 57.26423153117824, 56.512854397199085, 55.27966548600463, 61.71684379835185, 55.152807865098374, 60.06077346723958, 59.03256419466783, 60.46040197607986, 59.6901296957743, 60.61189007679977, 59.26392369560186, 63.117931182375, 59.51086331149191, 58.678926517745374, 58.14672068000231, 59.30443865137385, 60.49334226119792, 60.275243501516194, 60.9880738150544, 60.17143147171296, 59.69756341611574, 59.92893841587963, 60.013712649097215, 60.02687886365162, 60.00970599400463], "medianabsoluteerror": [56.38232415624998, 46.61792021093743, 60.817382984374944, 41.67626964062492, 58.448730703124966, 49.291137929687466, 60.24523931249996, 49.59484874999998, 45.82763642187501, 48.07226521875009, 52.156494140625, 58.59301746093752, 43.90356486718747, 49.54528820312498, 55.68493658593752, 64.18530303124999, 46.990234554687504, 43.43322795312497, 54.222412289062504, 50.35766607812502, 51.0687260000002, 41.585205312499966, 63.67138683593748, 56.02685506250009, 62.139160328124944, 49.66870087500001, 48.64660685937497, 46.982055843750004, 55.55383335937495, 46.74633753906255, 53.51709003124961, 52.09411615625004, 54.07678210937502, 52.96911649999993, 54.22253388281251, 52.4013676015627, 57.305908031250056, 52.69006317968751, 51.59826631250007, 50.91540533593752, 52.4937748281252, 54.062133968750004, 53.76794469531251, 54.73059110937493, 53.63146960937502, 53.02929640625007, 53.38183634374991, 53.42956549218752, 53.45886236718752, 53.42138678125002], "mape": [0.04119224907518111, 0.037365080909882685, 0.043071969818139474, 0.03567086945520824, 0.042044488521308244, 0.038332610040279325, 0.04282439359263977, 0.03848498716022493, 0.037037799098814196, 0.03783964447961224, 0.039501529372001944, 0.042062948577770126, 0.036323443680282175, 0.03825019397677976, 0.04059814744574385, 0.04447862132282066, 0.03713224488473438, 0.035874622916144634, 0.03991002766001721, 0.03842302876309661, 0.03870524187069424, 0.03513660020069362, 0.044229956850697714, 0.040715520153394344, 0.04346660379442332, 0.03809782522007181, 0.03770096278001896, 0.037051938550195805, 0.040451764041769166, 0.03698073295211985, 0.03956640576846149, 0.03902173115379268, 0.03977705946717822, 0.03936761961083174, 0.039855952064418845, 0.039140623037535835, 0.04119048818786692, 0.039269544963741264, 0.03882873740470819, 0.03854632436932474, 0.03915771884759919, 0.03978743266891939, 0.039671008955127415, 0.040048624681696565, 0.0396148025659439, 0.0393633266887849, 0.03948587327082648, 0.039530618710891155, 0.03953756617404233, 0.03952841764154402], "mse": [5996.125170010824, 5232.543972716486, 6451.110444910115, 4996.376819875856, 6192.868172738177, 5395.055410754401, 6383.605289057258, 5421.905497430628, 5175.946857306431, 5305.324124653731, 5618.4840461755275, 6194.407392206292, 5063.4805009550555, 5366.278674029485, 5859.988850257979, 6848.278482109612, 5152.886833953503, 4951.664156030264, 5696.9667763629695, 5391.385808226396, 5444.475992533096, 4842.1117385042535, 6791.151374836817, 5890.411113425109, 6588.36402511058, 5324.457544967398, 5249.513760746371, 5130.124337794055, 5829.272070341278, 5119.8696856260685, 5630.109647378949, 5513.191130298412, 5676.736055185234, 5586.878832169988, 5694.602497373594, 5538.390630048497, 6009.688145617009, 5566.409928587101, 5473.431752907704, 5415.529743588309, 5542.766003398732, 5680.284597151014, 5654.617285733566, 5739.916703767977, 5642.423886494661, 5587.519291951493, 5614.192521377654, 5623.985861575232, 5625.521510988709, 5623.522489084833], "recauc": [0.9680719923844235, 0.9717800372629856, 0.9662908364910565, 0.973482933478533, 0.9672658969600664, 0.9708362984446592, 0.9665301196786346, 0.9706889948254085, 0.9721101739803609, 0.9713198134628277, 0.9697080078378209, 0.9672452430428228, 0.9727742403870017, 0.9707652691195046, 0.9684619276742489, 0.964777885195927, 0.9717646283146832, 0.9730291399510321, 0.9690818711500779, 0.9705123253066047, 0.9702347864416072, 0.97373318072548, 0.9649700525608117, 0.9682692565552851, 0.9656790716108647, 0.9707806780678068, 0.9711641830849751, 0.9717933126645998, 0.9685093990880569, 0.971857793186726, 0.9693537205572409, 0.9698784545121178, 0.9691497001552007, 0.9695425987043149, 0.9690721812922033, 0.969760250099084, 0.9677941868260901, 0.9696336596622626, 0.9700586799420682, 0.9703304108188597, 0.9697395961818405, 0.9691329873728114, 0.9692433095161368, 0.9688805176813977, 0.9692967963463013, 0.9695384501413103, 0.9694208680127272, 0.9693781378137813, 0.9693717371737174, 0.9693801231975049], "f1": [], "aucrecauc": 0.9958039421224398, "aucloss": 5623.149583852589, "convergence_rate": 0.5437816065812894}