{"bestEpoch": 86, "lastEpoch": 96, "mae": [0.6061651657722625, 0.5663781159449321, 0.5505682456623295, 0.5410686692609858, 0.5339219032209285, 0.5271472098628217, 0.5217256718197457, 0.5160730801746153, 0.5112054009527259, 0.5056045629257746, 0.5027490608090189, 0.49261095272520505, 0.48918839748872145, 0.48367276967671424, 0.4815967931999487, 0.4753160272605804, 0.4755109661149773, 0.475186271058074, 0.46777111395813875, 0.466521804603128, 0.46253903305953475, 0.46320906770711434, 0.45904454736144434, 0.46245117889928294, 0.4605419108756327, 0.4627685187631183, 0.4657887366610515, 0.45547538285101163, 0.4547765139157829, 0.4496611296580293, 0.45324749255260743, 0.4511598177699755, 0.45160963376717705, 0.4601479152363616, 0.4420537180962479, 0.4409581481618655, 0.4539756904449582, 0.4417189658630107, 0.4383700456000652, 0.43973263284114683, 0.4369700455969539, 0.43920716385283837, 0.45611978025113825, 0.44859170745900695, 0.45382315009204427, 0.43189699949701704, 0.4340266910007249, 0.4304078193289215, 0.42782529501719263, 0.43324513749809823, 0.42668729709314157, 0.43128186797113116, 0.4314158151766833, 0.42502501316552577, 0.429103071812959, 0.43970915772453556, 0.4229463759444349, 0.42449451714700326, 0.4240536657771418, 0.4233297202762245, 0.4215724640780778, 0.4286931916423896, 0.42092655621879826, 0.421573314975009, 0.4253986327514042, 0.42161061289586005, 0.42100041187941706, 0.4215548144151158, 0.4260316585069948, 0.42053134144493765, 0.42154416947064194, 0.4213717075524493, 0.42197433979428856, 0.42144814500975825, 0.42110029207454697, 0.4224985937977181, 0.4206717802908824, 0.4210536516194987, 0.42108148382502236, 0.4213856707165788, 0.4216011915057613, 0.4210920012214686, 0.4213612425995507, 0.4211703457405419, 0.42116822992568115, 0.4211275024545319, 0.42118303267607166, 0.4212041743180022, 0.42120507363043685, 0.4212069677306734, 0.4211708999090104, 0.4211764262049783, 0.421168988890868, 0.42116048936423, 0.4211572530887197, 0.4211552906115384], "medianabsoluteerror": [0.5001860380172731, 0.46029258251190186, 0.4449713468551635, 0.4423818349838258, 0.43343534469604483, 0.43088627338409413, 0.42973956584930406, 0.4326183533668517, 0.43238801956176764, 0.42242507934570317, 0.4216536235809325, 0.4155846261978151, 0.4140262126922607, 0.40831604003906263, 0.40837748289108267, 0.3980998277664184, 0.4008787274360657, 0.39835373640060423, 0.39188020229339604, 0.39202718734741215, 0.38592027425765996, 0.3882513093948363, 0.3805057573318482, 0.38780244827270516, 0.3835751414299011, 0.3891876578330993, 0.38392636537551883, 0.3812885880470276, 0.38052814006805424, 0.37416213750839233, 0.37863725423812866, 0.3767036294937134, 0.37386136531829833, 0.3873093366622924, 0.366670274734497, 0.3658736085891723, 0.38276188373565667, 0.3670785427093506, 0.35899387598037724, 0.36079911470413206, 0.3599252462387086, 0.367683219909668, 0.38599965572357176, 0.37984272003173825, 0.38606928110122674, 0.3554974150657655, 0.3530484557151794, 0.3564940929412841, 0.3477295517921446, 0.35066583156585684, 0.35227483749389643, 0.35971833467483516, 0.36028250455856314, 0.3512118577957153, 0.356341814994812, 0.36914514303207424, 0.3446120738983154, 0.34991186141967767, 0.35130487680435174, 0.3500577330589294, 0.3468478441238403, 0.3579826474189758, 0.3463400483131409, 0.34711835384368883, 0.3537537336349488, 0.3484533548355102, 0.34657719135284437, 0.347565233707428, 0.35467052459716797, 0.3461379814147949, 0.3479194641113281, 0.34770072698593146, 0.3485679149627685, 0.3478683710098267, 0.34705359935760494, 0.34973006248474126, 0.34657927513122555, 0.3472536087036133, 0.3472832202911378, 0.34773423194885256, 0.34838697910308847, 0.34731118679046635, 0.3477044820785523, 0.3474231719970703, 0.3473532795906066, 0.3474213027954103, 0.3473711490631102, 0.34737092971801753, 0.3473688220977783, 0.34736573696136475, 0.3473358154296875, 0.3473766088485717, 0.3473499655723571, 0.34737824201583867, 0.3473807334899903, 0.34738938808441167], "mape": [0.3554685080941118, 0.3345850847090112, 0.3249753804637429, 0.3072531579383056, 0.31494883544874, 0.30633386817976865, 0.30166777660236505, 0.2917395336617158, 0.2842818414249117, 0.2947452308495886, 0.29586276479707296, 0.2799656573678664, 0.28127047561284985, 0.27552951256821007, 0.2717003356100446, 0.26795932075080275, 0.2710310430012447, 0.2749200013921332, 0.26529253278858134, 0.26227806960191513, 0.26116907448744964, 0.2500622612591262, 0.26193976619441384, 0.2526841011364393, 0.244791992789775, 0.25962625547253115, 0.2401843834277669, 0.25624094952988496, 0.2561746410683147, 0.2487923305035945, 0.2588185207807687, 0.25642040829907115, 0.23875874347463488, 0.26314466267645487, 0.2449880614615052, 0.2440189543171414, 0.2617909135544801, 0.24333024315239707, 0.23232684038996737, 0.2316497567725289, 0.23307442323956626, 0.24509981715913082, 0.25915305004762024, 0.2572407847725554, 0.2623153670741966, 0.23116103945019398, 0.22485909262202597, 0.2350499112003532, 0.22533596940825157, 0.22212223744773696, 0.23169291385552246, 0.23995217581120645, 0.2421263918232756, 0.2316583332286285, 0.23340152746929382, 0.2461822682844086, 0.22358057070291987, 0.22817718452068178, 0.2324961892163308, 0.23142184045738687, 0.2278283461656128, 0.23922952808028913, 0.22752553094974123, 0.22850947749209, 0.23597772701993472, 0.23068430879526627, 0.22809242671728613, 0.22968221536812894, 0.23667944453431977, 0.22778997627361128, 0.229978735409035, 0.2298645040193519, 0.23073295895979373, 0.22994737683450733, 0.22935259176216616, 0.23159622617832995, 0.22861366179577375, 0.22958851289763738, 0.22976579661154506, 0.23027148992088475, 0.23072763564208432, 0.22970143117909894, 0.23024531766470602, 0.22993253616443682, 0.2299756982880191, 0.22991792799386923, 0.2299962832060756, 0.23004198851837962, 0.23004079382618856, 0.23003564399956664, 0.2299821983356067, 0.22999299848676197, 0.22997869619049605, 0.2299656295282823, 0.22995885207980046, 0.22995238083352404], "mse": [0.5931748908004688, 0.521879572817377, 0.49414580042377654, 0.47576819261458425, 0.4643497531088693, 0.45089690343874506, 0.4398312372922314, 0.42829549966041114, 0.4191761058506475, 0.4070351338024189, 0.40105204340944417, 0.38751164586221376, 0.38037049477814083, 0.37377536612035245, 0.369054617568777, 0.36642622945058817, 0.36187789599337483, 0.36164706870621227, 0.35435082934134526, 0.35206113472098877, 0.34892268259859077, 0.35225653180702293, 0.3456274820197951, 0.34767025690354986, 0.3510983546108315, 0.3457645083353339, 0.36415899569142435, 0.337940964692781, 0.33675845222192224, 0.3330124924981236, 0.33418386756973106, 0.3318148629569794, 0.3387256513894196, 0.34059532119601066, 0.32370813992428393, 0.32225551279839726, 0.3321970645791779, 0.3216681966576094, 0.3255105723977546, 0.32573004234193303, 0.3204324925812997, 0.316682459230967, 0.33415507874891354, 0.3241604348274087, 0.32939976478763844, 0.3132586188933943, 0.3218584227173816, 0.3086964763324318, 0.31396378873555475, 0.32279845954398323, 0.3056518646742409, 0.3069665905376851, 0.30623167665842876, 0.3030446816007019, 0.3068926887871823, 0.31532421797390175, 0.30529273217156555, 0.3037393613516003, 0.3007973116477197, 0.30045369133366623, 0.3002897017556413, 0.3034388369639889, 0.299704901172406, 0.2997884523191161, 0.30078162378993245, 0.2987483412137918, 0.299331974588824, 0.2990895224989923, 0.30118571663725935, 0.2988976110309573, 0.2988816402030429, 0.29874718315133625, 0.29899496370565204, 0.2987741155741449, 0.2986727021300867, 0.2991726112362477, 0.2985633704709524, 0.29848595763946884, 0.29842717554866244, 0.2985263767054258, 0.29853654533298035, 0.2984551974646339, 0.2984946118342515, 0.2984299061138785, 0.2984076833684217, 0.29838879708588595, 0.2984102870905525, 0.2984120669143531, 0.2984131804415019, 0.29841771009038703, 0.2984033631774639, 0.2984042292880299, 0.29840281223130394, 0.2983996004289708, 0.29839926571840686, 0.29840008919094174],