{"bestEpoch": 83, "lastEpoch": 93, "mae": [0.6231854992471192, 0.6327783734959036, 0.6361381079796051, 0.5585569612130453, 0.6299510597082834, 0.532534056632589, 0.5333976565609043, 0.5975377761349833, 0.5796620763931567, 0.5022814454038081, 0.4967475983657085, 0.4965707290489914, 0.49879835458916527, 0.5044883354238496, 0.47027738743157516, 0.47815566999900744, 0.4763542777155065, 0.46754083858221185, 0.47327633169130806, 0.4739059653210164, 0.4794936045679476, 0.5318382469629536, 0.479433236065992, 0.48496877292764784, 0.48293971045082035, 0.48626756789538855, 0.4843387825079744, 0.4630079642772133, 0.5443893044801695, 0.4846267250026394, 0.4717351750223448, 0.47430547333491957, 0.46478618932550236, 0.4666068064910671, 0.4747662937075276, 0.4807720723133819, 0.5411388035199006, 0.46790746575929026, 0.46738226905504004, 0.4738453967550258, 0.48508449725276964, 0.4750994462978412, 0.46627774636291525, 0.4701904963213856, 0.47113044568140267, 0.49627039745486334, 0.4767156843018208, 0.4726863197965182, 0.48381745748324656, 0.47935968187086786, 0.48523940061451226, 0.48005463056063413, 0.498421064276796, 0.48721318387071266, 0.5359817168651039, 0.5308581316537311, 0.47321359520690887, 0.47476728344139596, 0.4804587085583957, 0.4774344611039646, 0.48924492414023085, 0.48999230532972976, 0.47909793588640354, 0.48138417247671533, 0.4882659709762229, 0.4811319373799365, 0.4795001760921721, 0.48772899521297164, 0.4790696816803536, 0.47719678071624777, 0.48303828587867703, 0.48243675320610246, 0.5037430172585795, 0.48562081892719444, 0.48202733182391294, 0.4843014075798291, 0.4837052805414431, 0.482067681234195, 0.48573011343311095, 0.4837985968335668, 0.4841108719660466, 0.4899328724706244, 0.48353289993631016, 0.48407665900680347, 0.4845418313217093, 0.4836237694286085, 0.48406883552481256, 0.4843298969234332, 0.4842003558827709, 0.4842318759223129, 0.48443075017061804, 0.48437982939532276, 0.48432991314630963], "medianabsoluteerror": [0.5153638553619384, 0.4910520768165588, 0.5580467009544372, 0.4508810627460479, 0.4889823222160339, 0.4194866979122162, 0.41561781525611885, 0.5095563554763793, 0.4592965479940176, 0.39280885219573974, 0.40004630684852593, 0.3792111611366271, 0.40544213533401496, 0.417173957824707, 0.36655537366867064, 0.3694732844829559, 0.3793693661689758, 0.36640929579734804, 0.37696956634521483, 0.3723830342292786, 0.3643516755104065, 0.4478530526161194, 0.3860150766372681, 0.39439879655838017, 0.37290347337722773, 0.37284585237503054, 0.38674079179763776, 0.35655832290649414, 0.46069516897201535, 0.3877612400054931, 0.37193449497222897, 0.36526089906692505, 0.3552792310714721, 0.3607579916715622, 0.3693895265460013, 0.3709974443912506, 0.4492882776260376, 0.36045130968093875, 0.3567753028869629, 0.3632739102840423, 0.3760780918598175, 0.36735405921936026, 0.358348846435547, 0.3645001864433288, 0.3620680689811706, 0.38616563558578487, 0.37110613346099863, 0.36322323799133294, 0.38218188762664795, 0.37104140818119047, 0.37602242708206174, 0.3713484036922454, 0.40201731085777287, 0.383307136297226, 0.4281344997882842, 0.43594284057617183, 0.36581108331680295, 0.3662291264533997, 0.371304429769516, 0.37025569438934325, 0.38663041591644276, 0.3823313260078431, 0.37042214870452894, 0.37121767997741695, 0.38040864109992983, 0.3738626956939698, 0.3687281560897827, 0.3846558523178101, 0.36863766729831693, 0.368209905475378, 0.3714028418064118, 0.3712571978569031, 0.39240204691886904, 0.3766899836063385, 0.3712868094444274, 0.37685529589653016, 0.37305367112159726, 0.3711506772041321, 0.37552743315696724, 0.3735826909542084, 0.37415158271789545, 0.38351664066314695, 0.37336003780365, 0.3741644859313964, 0.37400984644889834, 0.3729815268516541, 0.3738115227222443, 0.37409028053283694, 0.3739553833007812, 0.37376402169466016, 0.3742602780461311, 0.3741349363327027, 0.3740035843849182], "mape": [0.9055775207222265, 0.6643922602790725, 1.0872505904985592, 0.7884537427359601, 0.6020606533279196, 0.697313949612707, 0.6474475436790395, 0.9367946036058403, 0.5843136311304719, 0.6418683216307843, 0.7330025702276518, 0.603238724412882, 0.748427628164374, 0.7655983547974025, 0.6295846315966404, 0.5784190116038713, 0.6954662385725799, 0.6242535605119434, 0.6942644564304107, 0.6521529579515412, 0.5700643302438639, 0.8384779686652912, 0.7042687294019285, 0.7267473943278477, 0.6245900236633891, 0.5531117139463082, 0.7153465367513945, 0.5851438614072388, 0.8768765893478841, 0.7364976747191436, 0.6808860314612849, 0.5729097960075253, 0.5913644717908024, 0.6346708485999335, 0.5997517421036284, 0.5743635192084073, 0.8455132102250529, 0.608687513308098, 0.5925611750559501, 0.6145714593942803, 0.5772728239677966, 0.605454375593729, 0.5858812405699494, 0.6576673434655559, 0.6233078008324038, 0.7086575935175914, 0.6585377095996112, 0.6349820393102882, 0.6818059996041277, 0.6408461372128874, 0.6651667013521954, 0.6514834832050833, 0.7365813598740638, 0.6932419900529075, 0.5525736138689128, 0.8264786404282056, 0.6134717870161259, 0.616832915139868, 0.6678320297105149, 0.6484314186064989, 0.7028715768120771, 0.5682998923940107, 0.6129646365320724, 0.6505722696498999, 0.6883848242040499, 0.6116115188595602, 0.5843296971548633, 0.695276369148862, 0.6152184811647113, 0.6304939322592995, 0.6120370426101731, 0.6061244053660766, 0.5811888408100679, 0.6099343387244103, 0.6314591769365058, 0.6622918844527153, 0.6158972083602544, 0.6238531912740839, 0.6595144027213189, 0.6206223073951568, 0.643896634404742, 0.6793467772183912, 0.6336646322121281, 0.639883813126658, 0.6275606129208762, 0.6276511208400899, 0.6362618019667486, 0.6391094046909891, 0.6356480111911894, 0.6350611163885815, 0.6391753584939219, 0.6380867628950784, 0.637042787326469], "mse": [0.6440281076980724, 0.703001854654769, 0.6197281053498717, 0.5248310369216797, 0.6903510649444828, 0.4935444614602766, 0.49853290823459423, 0.5614527707977204, 0.5763373304070056, 0.4428793797126186, 0.4168358863358395, 0.4396544889092278, 0.4157554694004893, 0.41536758572657356, 0.3856852950044228, 0.4042869432318028, 0.3871215395160864, 0.37911712893657656, 0.3817471393712825, 0.38893929705885977, 0.41205749763002397, 0.45117039220554095, 0.38776723802426677, 0.39134151459233724, 0.40959346265198204, 0.4194298906139791, 0.39695113126398784, 0.37896120525428517, 0.4685024547286682, 0.3987524197019847, 0.3817880895291397, 0.3965404306201556, 0.3848362029054486, 0.38133377068801955, 0.3939853918905423, 0.40795604282916004, 0.47333526859057407, 0.3868438483066848, 0.389672115481889, 0.3972949956639277, 0.4130190857137212, 0.39625302721626554, 0.3835023441069953, 0.38720604997593244, 0.39267888372323784, 0.42766189123561177, 0.3952750966757883, 0.393584013909422, 0.4015960671314876, 0.40268984978161776, 0.41081765522849295, 0.4033469984566166, 0.4168138821015615, 0.408251431395357, 0.4881301437455442, 0.46092203412197247, 0.3936989602570258, 0.3962517035799265, 0.40475458848519863, 0.3983465025060571, 0.40927549491813453, 0.4180766504913095, 0.40419475846623193, 0.40593305144634495, 0.41372891941603357, 0.4044408896359062, 0.40547076674369725, 0.40959196556026356, 0.4035879433587137, 0.40004612961128566, 0.411087126761455, 0.4104883165463353, 0.441658993717095, 0.4125350847192075, 0.4075963263757508, 0.4086190347975888, 0.4105753457459434, 0.4086548265397008, 0.4125416058570838, 0.4107178981895542, 0.41034127278235427, 0.41560185554631157, 0.4102985939735414, 0.4107678280399063, 0.41221420300600425, 0.4105716736762418, 0.41093595146043144, 0.4112402158569084, 0.41121269766715846, 0.4112849723769965, 0.41138746808029764, 0.41136379724498073, 0.41133712877690687],