{"bestEpoch": 19, "lastEpoch": 29, "mae": [], "medianabsoluteerror": [], "mape": [], "mse": [], "recauc": [], "f1": [0.09966750155858643, 0.10025891227965064, 0.09966750155858643, 0.16545261984415915, 0.20774811232885423, 0.21216654768342663, 0.22873349201471158, 0.10025891227965064, 0.23193633162715974, 0.1036724604672519, 0.22108342190266014, 0.28080965581257644, 0.2214570935699576, 0.28118711774497374, 0.2377978069167018, 0.2839092122335346, 0.24928065534619936, 0.2772351718004808, 0.29738411759922934, 0.28121689619362733, 0.28286409433151416, 0.2251183001735229, 0.2968413395677128, 0.2749424095876147, 0.26811897288563347, 0.2667659176256869, 0.26850004878759337, 0.26946843207903803, 0.2697104096308111], "f1auc": 0.7708362122041776, "convergence_rate": 0.6553164211279608}