{"bestEpoch": 19, "lastEpoch": 29, "mae": [1423.5600506093135, 1062.8459458843415, 789.7700491433624, 643.6893975246284, 581.3674735345741, 559.7359806957593, 555.6864953438172, 557.9896163841169, 560.6347728178253, 562.7672633586551, 564.0254549274341, 564.6822984612905, 564.9446968266654, 564.9874325578959, 565.4126403125256, 565.3673324603415, 565.0985043531482, 565.3013787746205, 565.245274788632, 565.5963089867789, 565.8037035903669, 565.508893007323, 566.7753614855973, 566.6260933111748, 566.6629842071968, 566.6787541184665, 566.8056749624376, 566.78595416889, 566.8127669944109], "medianabsoluteerror": [1238.4305417578125, 934.242675609375, 671.8952024570312, 510.948242125, 447.81140089843757, 437.2673341718746, 450.9588011796875, 461.1475827109375, 468.12634265625, 474.36706566406247, 473.54077131250006, 473.29211378906257, 472.0040284296874, 471.70764171875, 472.3348391562499, 472.6816409140624, 472.106445609375, 471.88482659765623, 472.0505368125, 471.8984373125004, 474.1682131250002, 472.11938429687507, 474.72326683593747, 473.9723510468749, 474.015991390625, 474.2522582734374, 474.27734398437497, 474.14733869531256, 474.25170921874997], "mape": [0.8528042616073156, 0.6114812201488491, 0.4372466753828249, 0.3578773560756901, 0.3350504227649644, 0.3348863833768164, 0.34207499062613766, 0.3497933766553871, 0.3552870756430366, 0.3587902033513628, 0.36065447582250215, 0.36156943495933563, 0.36194908902566736, 0.3620060208114297, 0.36259484983157636, 0.36257523911396394, 0.36218988206855335, 0.36245726931678884, 0.36231466291276315, 0.36280665270747564, 0.36314069678781435, 0.36281666677576746, 0.36455477119285906, 0.3642594874083091, 0.36433178695159696, 0.36432849668311407, 0.3645548587117896, 0.36450203507313333, 0.3645419013141958], "mse": [2303961.4975562505, 1428041.9165467955, 921210.1788003817, 662531.3667668808, 547421.8973268624, 507062.1782994314, 499633.244607936, 503662.92329400335, 508887.3904057358, 512892.86551430397, 515171.4705378956, 516353.44734786905, 516821.80854575656, 516891.80817573617, 517657.6080761823, 517566.175185361, 517099.07747189375, 517461.1362827024, 517345.52093290776, 517975.43279601, 518345.2318297551, 517820.2907471343, 520099.08219193295, 519820.1947847054, 519886.60698607087, 519918.4186898429, 520146.6976351998, 520112.4995790391, 520161.6427723461], "recauc": [0.30421542895030246, 0.4671337652283747, 0.5996227178273384, 0.6722808577154011, 0.7036452830468233, 0.7145013760635323, 0.7165007167383405, 0.7152990706478056, 0.7139449352342642, 0.7128577894826519, 0.7122175773132868, 0.7118828030951243, 0.711750019446389, 0.7117284172861731, 0.7115130772336494, 0.711536101758324, 0.711672144992277, 0.7115698532816246, 0.7115983302033908, 0.7114194086075274, 0.7113153389413015, 0.7114635019057463, 0.7108218081067367, 0.7108976379119393, 0.7108786434198976, 0.7108706426198176, 0.7108062213628771, 0.7108159408533445, 0.7108029025124734], "f1": [], "aucrecauc": 0.9634151037579581, "aucloss": 601067.7871258081, "convergence_rate": 0.9385706977166824}