{"bestEpoch": 31, "lastEpoch": 41, "mae": [1.268009380667307, 1.166558148154597, 1.1320491582922538, 1.0810587747048725, 0.9361189047352293, 0.9222057242799452, 0.8836119722305112, 0.8548652355383648, 0.8279425449441726, 0.7688682465425604, 0.7551022872988645, 0.7634936033901872, 0.7080477830924162, 0.7085049091142925, 0.6559907237954701, 0.6629029445291343, 0.6608889130149721, 0.6453680437617068, 0.6523082630764444, 0.654248814770253, 0.6467708532205776, 0.6368789043452705, 0.6097165220051012, 0.6081505711857003, 0.6357783743842459, 0.6506848357492527, 0.6777941389997268, 0.6224543737702217, 0.673509566431147, 0.6255018637428323, 0.5988739949503675, 0.6191883366663677, 0.6076102897223025, 0.5977591949355509, 0.6081811916242954, 0.5911351601323679, 0.5893724376378582, 0.5952223783459322, 0.5932141590928688, 0.5896896025056574, 0.589206721767952], "medianabsoluteerror": [0.9643082618713379, 0.881476879119873, 0.7946901321411133, 0.7638168334960938, 0.6470503807067871, 0.6752729415893555, 0.6460304260253906, 0.6473846435546875, 0.6410889625549316, 0.5669772624969482, 0.578519344329834, 0.6145458221435547, 0.5570917129516602, 0.5566916465759277, 0.526512861251831, 0.5351920127868652, 0.5342793464660645, 0.5339128971099854, 0.5520973205566406, 0.5413942337036133, 0.532078742980957, 0.513667106628418, 0.5010099411010742, 0.4966597557067871, 0.5260190963745117, 0.5183968544006348, 0.5639891624450684, 0.5162179470062256, 0.5640172958374023, 0.5146064758300781, 0.5009975433349609, 0.513803243637085, 0.4967203140258789, 0.4887962341308594, 0.508580207824707, 0.48975610733032227, 0.47933197021484375, 0.49400806427001953, 0.48641443252563477, 0.48464441299438477, 0.49068260192871094], "mape": [0.2680102996167093, 0.2405519997857167, 0.22341359873219974, 0.23489407534277432, 0.19649242738235548, 0.18857345717735832, 0.1923471774815977, 0.170182289789839, 0.16224774826715954, 0.16552621995614128, 0.16121721673078088, 0.14733263391679438, 0.15248813195005545, 0.1527035017555062, 0.13314876509761486, 0.14084147478753561, 0.13326065494973008, 0.13446491823646953, 0.13529685992201768, 0.13046962110719004, 0.13047373390261768, 0.1253524529396389, 0.12577260268417484, 0.12539743498985106, 0.12603021171284332, 0.13611753280386948, 0.14613292426738925, 0.1301034776254224, 0.13064054094572017, 0.1277097285802802, 0.12391864022379658, 0.12192227094254918, 0.1274353237466982, 0.12137831448160487, 0.1264835295330702, 0.12033140291106302, 0.12117152467823679, 0.11999984400819838, 0.119653675037976, 0.1197460078820947, 0.1197315139024037], "mse": [41.47117407157094, 29.725757035904827, 24.73529571314151, 17.10496037084396, 13.574238111844023, 10.35241351017773, 7.572069098820454, 5.713914372794617, 4.257716047021078, 3.0964937482337827, 2.3056946498102757, 1.8276711188147305, 1.440415949909823, 1.1729393878366505, 0.9499699181231298, 0.8637358156726291, 0.8284366619024237, 0.7257269319286959, 0.7302061398954378, 0.7336048316076825, 0.6970158564816481, 0.6784537944288913, 0.6059270638001076, 0.6126002623108467, 0.6694304193883843, 0.7008741554547319, 0.7372883536235143, 0.6424118465834113, 0.7422091876448667, 0.6364777555321922, 0.5793747918770076, 0.6263778348871817, 0.6005226389046202, 0.5969489439020427, 0.5986839290360086, 0.5825028575407296, 0.5802664852320157, 0.5869739371818663, 0.5837170570778866, 0.5765623388766099, 0.5779127541864381], "recauc": [0.7654407047295874, 0.7789358922160667, 0.7821020344396266, 0.7849957155001459, 0.8144983053059854, 0.812838870567455, 0.816924088564023, 0.8198986393661679, 0.8227316895781579, 0.8331843997994033, 0.8335319113785735, 0.8297444746191063, 0.8407582261830714, 0.8387420959741014, 0.8503675976935147, 0.8476587274244074, 0.8479280986801049, 0.8508682313476799, 0.8489988030728922, 0.8484543957313686, 0.8498843533512295, 0.8520143809780909, 0.8582916307422023, 0.8586464207697804, 0.852186523149397, 0.8487542884051537, 0.842357133069984, 0.8552290347469351, 0.8433537655173001, 0.8545199353440321, 0.8607128649699849, 0.8559874010058061, 0.8586809762335658, 0.8609792664814027, 0.8585817387094014, 0.862563873963778, 0.8629594164359794, 0.8616086806071612, 0.8620693171273873, 0.8628870782718506, 0.8630040140986293], "f1": [], "aucrecauc": 0.9744929365094427, "aucloss": 4.034260558423168, "convergence_rate": 0.8092980022496798}