{"bestEpoch": 29, "lastEpoch": 39, "mae": [], "medianabsoluteerror": [], "mape": [], "mse": [], "recauc": [], "f1": [0.38961039143885207, 0.43246911039839553, 0.4466835558823745, 0.45597473655328036, 0.45114339653155855, 0.4857440395323704, 0.49971912841859695, 0.5081103795638554, 0.5133607818155527, 0.5214499060249546, 0.5401960828206235, 0.5378779588135939, 0.5499347191067164, 0.531735746199524, 0.5405025291624166, 0.5765046619932759, 0.580621274961547, 0.5687725352384442, 0.5734034556036762, 0.5769319504448804, 0.5826689135108466, 0.5753707398359363, 0.5894030799951849, 0.5758755792580835, 0.5819049932100249, 0.5871446148750835, 0.5917085254501565, 0.5859585875471183, 0.591576231911617, 0.5935001650422432, 0.5897291597768938, 0.5990031181374657, 0.5900403427235525, 0.587564214428436, 0.5873859037474566, 0.5940934097210923, 0.5819995620061988, 0.5838611577973896, 0.5836402713607125], "f1auc": 0.920237261279391, "convergence_rate": 0.7718252684411646}