{"bestEpoch": 37, "lastEpoch": 47, "mae": [1425.3223328290944, 1326.7062312711155, 1228.8797244849102, 1144.6009705063223, 1086.2749879488138, 1015.7980458463107, 949.2705741123698, 906.868195694401, 872.2451909653067, 826.9798937105325, 790.0541981448496, 775.9146025050203, 716.8843209294994, 687.7660770782263, 665.5952360137732, 660.9225143702546, 653.8551830623843, 590.3971091694699, 606.3451686131377, 600.2886607463843, 565.3783545940938, 556.0575492194896, 553.4602728702802, 557.0954527747408, 527.0106383756979, 503.23591544814354, 501.32683860717935, 479.8718326390729, 480.0060053639213, 481.17331037676627, 457.6482932327384, 440.6009878035984, 456.55204272619676, 438.29886730673843, 437.6776047737535, 433.808595948522, 420.2730423461609, 424.2770088357222, 422.6144715634641, 426.1491572370532, 421.07708267469786, 418.10503572737616, 420.2982888921621, 420.12782507922805, 419.03278782517714, 419.4450608105648, 419.50822557836], "medianabsoluteerror": [1253.6629490771484, 1166.1314087460937, 1078.989623671875, 1005.9259028515626, 957.0775755664063, 896.7141117343749, 839.8902583203126, 801.0166622460938, 770.7145386914062, 733.2926631054688, 698.5604856054688, 686.5993653515625, 640.9479983984374, 614.0248408398438, 592.9952998242188, 590.0488892773437, 581.8438108632813, 532.6545406015625, 547.469116328125, 535.4664913476563, 503.9716188867187, 499.76873791015623, 496.91638207031247, 501.2491458046875, 475.36968964453126, 455.4631960351562, 454.8978274374999, 430.59155226562507, 433.91778576171873, 432.8618163515623, 414.7120973398437, 399.19256621484374, 411.84655720312503, 393.5275880703125, 393.8278810390625, 391.92163109374997, 379.8994140625, 383.45458942968753, 381.6231690625, 384.94903564453125, 380.4097903359375, 378.500732125, 380.02789306640625, 379.8876950234376, 379.1817627578125, 379.4506229726562, 379.40270960937505], "mape": [0.8663904166206223, 0.805817239217963, 0.7452573564273911, 0.6936557539809032, 0.6585394762910842, 0.6148788386661961, 0.5735049118170377, 0.5479582062456291, 0.5269856162121161, 0.4985952727580362, 0.4759517986360733, 0.46818207774919623, 0.43024741938557015, 0.4120440672027673, 0.39841104183689213, 0.3963936848046186, 0.3928827932381029, 0.3511947430946816, 0.36286875373248534, 0.36011609623790963, 0.3377639156288627, 0.33198383669990733, 0.33106942536891043, 0.33408933003335, 0.3146388979003622, 0.29932106838574957, 0.29909221036836275, 0.28542377913753664, 0.28598989618647674, 0.28748153214789385, 0.27241089195551405, 0.2617688783072415, 0.27277987676212156, 0.26123337747091724, 0.26141583360788817, 0.25910358649198434, 0.2502884393205984, 0.25302376243262464, 0.25201167176445877, 0.2543936212116899, 0.25116019217313423, 0.24919106892178133, 0.2506383277909998, 0.2505499056247676, 0.2498477745356231, 0.250121563903606, 0.25016733795799656], "mse": [2243436.254539722, 1946239.6266365412, 1674547.9403878483, 1454432.3178359848, 1308549.2396491242, 1147737.1635799655, 1006041.630545534, 917612.457653545, 848895.8536036247, 766286.9016704961, 700652.298353902, 673400.124339513, 581773.1042993431, 536981.0946069397, 503798.19268240314, 494387.1312857206, 482160.5196835498, 401746.3853090394, 418290.3281061149, 407982.773583029, 364918.0482771281, 353599.3398945077, 348810.16018302366, 351644.94714221347, 317966.05736301246, 292289.18176870956, 288404.23493408866, 265547.89917189046, 264824.0643196119, 264432.48287481134, 241468.48273008046, 224569.14262069284, 238307.14416782904, 220768.1228487969, 219202.9333650489, 215401.03458014756, 203441.62755519108, 206748.48087561797, 205145.55890865644, 208126.45437093693, 203541.57626664743, 201059.86076633848, 202929.13284114923, 202745.00695653073, 201792.26294068788, 202138.1094164313, 202179.69171066667], "recauc": [0.2944068480922166, 0.33453697962388834, 0.37739702859174806, 0.4167173013597657, 0.4457264244943014, 0.481683146092387, 0.5156299481800032, 0.5372664822037759, 0.5549323673108051, 0.5780295214706656, 0.5968706944768553, 0.6040851344393698, 0.6342055983376115, 0.6490639434313803, 0.6603770451119186, 0.6627603352927885, 0.666367392294785, 0.6987470747074708, 0.6906095794764661, 0.6936997255281083, 0.7115126179284594, 0.7162688565152812, 0.71759337415223, 0.7157391442847989, 0.7310895089508951, 0.7432220703551836, 0.7441956195619562, 0.7551427883529094, 0.7550738036766639, 0.7544795220262768, 0.7664829445907554, 0.7751816514984832, 0.7670422597815336, 0.7763553392376275, 0.7766727043074677, 0.7786463535242413, 0.7855526441533042, 0.7835108399728863, 0.7843585395576596, 0.7825562852581555, 0.7851438032692157, 0.7866598363540058, 0.7855399021383619, 0.7856278813066492, 0.7861856852351901, 0.7859763013338371, 0.7859445055616673], "f1": [], "aucrecauc": 0.861504118174173, "aucloss": 521829.2261755912, "convergence_rate": 0.7868463746949599}