{"bestEpoch": 30, "lastEpoch": 40, "mae": [1.4998205369709816, 1.1912286821901237, 1.0609871198117302, 0.9899540750868007, 0.9424429123784358, 0.9119141932770123, 0.8858203575321666, 0.8649692026097818, 0.8505962188935156, 0.8380425482959039, 0.8280049877815222, 0.8185950669315322, 0.8108428109156158, 0.8043803700193563, 0.7995172964858962, 0.7955191718253255, 0.7904869543903464, 0.7866709554782707, 0.7843147159181538, 0.7809349681187995, 0.7794154397797655, 0.7770254451742176, 0.7745579765636985, 0.7743373535513487, 0.7725848230968981, 0.772546914600675, 0.7704118248103656, 0.7724881636716142, 0.7698001285977779, 0.7697388716248609, 0.7704136385719881, 0.770770801266621, 0.7718713234257328, 0.7717366934621015, 0.771800900677199, 0.7719564028048641, 0.7719008346724818, 0.7719437156252619, 0.7719903013016722, 0.772173878687287], "medianabsoluteerror": [1.164226543903351, 0.9179497140645981, 0.8151309250481427, 0.76236083984375, 0.7243929147720338, 0.7025721120834351, 0.6832859560847283, 0.668235279917717, 0.6543293070793152, 0.6454165494441986, 0.634996098279953, 0.6306674242019654, 0.6240185117721558, 0.6186480689048767, 0.6161960941553116, 0.6128849506378173, 0.6079569590091706, 0.6033814525604249, 0.6019926154613495, 0.598438675403595, 0.5989360284805298, 0.5963650393486023, 0.5928495359420777, 0.592763307094574, 0.5913353300094605, 0.5910951933264732, 0.5889618158340454, 0.5915159916877747, 0.5872979152202606, 0.5880430459976196, 0.5893634533882142, 0.587357246875763, 0.5902174711227417, 0.5888686466217041, 0.5890252113342285, 0.5892285132408142, 0.5888935077190399, 0.588949842453003, 0.5890241861343384, 0.5893438100814818], "mape": [1.5638566007450285, 1.2537345754890388, 1.135561332986035, 1.0903094481159674, 1.0305510368957822, 1.0244360829981092, 0.995679096453727, 0.988068013557801, 0.9572989243199, 0.9625690129608434, 0.9269682464959718, 0.946156485311883, 0.9377415163675487, 0.9305838254797668, 0.9363574570456661, 0.9340663749159024, 0.9219206521171385, 0.9124015151167029, 0.9145353208655094, 0.9058974402964077, 0.9191536771671519, 0.9167972558763495, 0.906870642689457, 0.9098396963659172, 0.9090698739062169, 0.9100401723960543, 0.8933017940485733, 0.9194694967343553, 0.8939855289365792, 0.9016737315157218, 0.9061298220077894, 0.8964623703889422, 0.9136727900866813, 0.904381877679189, 0.9032838462260276, 0.9051875883174965, 0.902869211743276, 0.9020479242221274, 0.9029996374353688, 0.9041192153565988], "mse": [3.923148059616722, 2.4952547431166687, 1.9854131328369276, 1.7281712957532687, 1.5702056373904945, 1.468767862737396, 1.387221498898327, 1.3222410395639639, 1.2838166551918688, 1.2439897991218194, 1.2203666266401627, 1.1879913518549927, 1.1677361818145253, 1.1503085207668384, 1.1351690674626909, 1.1237929190225866, 1.1123370146260976, 1.1033296448668444, 1.096018463863884, 1.0880583617254318, 1.0822057218694596, 1.075754575582876, 1.0707438086338614, 1.0700606775889703, 1.0661230132209467, 1.0653302376065084, 1.0626564980344744, 1.065087595144443, 1.061532823661387, 1.0607520413307947, 1.0614173604548411, 1.0653040569652317, 1.0652518747858573, 1.0670332670790665, 1.0673621753528755, 1.0674794898376685, 1.067768850625854, 1.0681118958291893, 1.0681096674158816, 1.0685051704875455], "recauc": [0.6612417521389833, 0.7261716958976402, 0.7549177572260864, 0.7708499701416655, 0.7815989317976156, 0.7885499088975738, 0.7944984295956503, 0.7992757036741494, 0.8025806876941877, 0.8054630001395086, 0.8077673459333581, 0.8099302969073024, 0.8117224214507298, 0.8132119938700421, 0.814335931415942, 0.8152579645570671, 0.8164211334110038, 0.8173029140547949, 0.8178499377982971, 0.8186254052381838, 0.8189873585319588, 0.8195394559160541, 0.8201071373401732, 0.8201613934732147, 0.8205730532610327, 0.8205784945426953, 0.8210694107023925, 0.8206054195666745, 0.8212157480009628, 0.821235653923435, 0.8210760705623623, 0.820999823161415, 0.8207458862382561, 0.8207777728013779, 0.8207633575885854, 0.8207274166358142, 0.8207404310650595, 0.8207308061701729, 0.8207202385893106, 0.8206784505928529], "f1": [], "aucrecauc": 0.9834663140327433, "aucloss": 1.2472846682904388, "convergence_rate": 0.9182144400111524}