{"bestEpoch": 33, "lastEpoch": 43, "mae": [0.6037481891528085, 0.5598140476582663, 0.5345766526515333, 0.4482410592153909, 0.41469760458298444, 0.4100448982086443, 0.40447542230608774, 0.39545018437707896, 0.40587867972584285, 0.3988242496553302, 0.3892293994257372, 0.39457239980982123, 0.41196932499436983, 0.38843477735172466, 0.38894965509058177, 0.4208852770045454, 0.38884899230173425, 0.3978253100568763, 0.37537474309688607, 0.3763328430843947, 0.3727477545650125, 0.39234145161238393, 0.3679129477529217, 0.39517752773671777, 0.3693740976386833, 0.3790697865137181, 0.4101547810222297, 0.3630825817416003, 0.36578950459048665, 0.36527767657751464, 0.3657902493480092, 0.364550466272163, 0.3660417144900477, 0.36283796056331696, 0.3641322360152847, 0.3632279194036055, 0.3676242147901474, 0.36680776373376617, 0.36459986867569943, 0.3693203409466221, 0.3647809845127048, 0.36476499586323846, 0.36438169554276156], "medianabsoluteerror": [0.5076247334480285, 0.4639319181442261, 0.4269538879394531, 0.371976685523987, 0.32980053186416636, 0.33236790895462043, 0.32256213426589975, 0.31124425888061524, 0.3023073291778564, 0.32225745916366577, 0.31032231807708754, 0.30353593826293945, 0.34227388381958, 0.2939225840568543, 0.30802590847015376, 0.34663119316101065, 0.2943969345092774, 0.32496931552886965, 0.2961195707321167, 0.2942602777481078, 0.2891112136840819, 0.28936912536621107, 0.2835553526878356, 0.32578915357589733, 0.28526349067687984, 0.29331057548522943, 0.34246845245361324, 0.2793900728225708, 0.28001819849014287, 0.287425196170807, 0.2889652228355407, 0.28567387580871584, 0.2904409074783325, 0.2830800914764404, 0.27948517799377437, 0.2811605238914489, 0.2909395456314087, 0.2893977761268616, 0.28598048686981214, 0.2931233048439026, 0.2857752919197082, 0.28569744825363164, 0.28515639305114737], "mape": [0.3001641615944879, 0.3004176332238411, 0.32434079909222113, 0.2476216697997364, 0.22197785213270327, 0.21705110051445006, 0.21430164681125544, 0.20443496934852382, 0.19749426988969654, 0.22244504501939757, 0.20455355391025037, 0.1948819009664453, 0.23727294172975424, 0.19335146230723602, 0.20676630770598647, 0.22962033848474003, 0.19078211510826798, 0.21376088887437775, 0.196239860958167, 0.19989329010611911, 0.1911273064884575, 0.19195264413054822, 0.1892454283230012, 0.20619202575507165, 0.19493486625346712, 0.19205324384697264, 0.22852543505358683, 0.18726464718503388, 0.18446955056042197, 0.19180346571739137, 0.1945371645111709, 0.1883794232517289, 0.19392236847771735, 0.18838689128367042, 0.18455670234787974, 0.18645793576286024, 0.19218958065948505, 0.19103780943019077, 0.1898353272190081, 0.1937272365860032, 0.188743682670731, 0.18888190774904165, 0.1886037419842896], "mse": [0.5999733284700683, 0.5176110019572597, 0.4720175902579307, 0.33158617027957765, 0.301615639091807, 0.28683567763770296, 0.2848418709745526, 0.27716984125874494, 0.3087831824802522, 0.27098584949084853, 0.26501671338975324, 0.28241249461654777, 0.278249635817498, 0.27869729264687637, 0.26320652836533154, 0.2914217710063484, 0.28075237117356006, 0.2636150885227388, 0.24791474942257458, 0.2513855262005346, 0.24944366236470666, 0.29055575447126314, 0.24547391518371145, 0.25997822877538385, 0.24653563583363972, 0.26085554942586087, 0.27323034322152334, 0.24063631116698245, 0.24371887961207317, 0.23533337312700023, 0.23475095123165737, 0.23708654115116776, 0.23424113106860486, 0.23488644905498487, 0.24078668355832814, 0.23795400985040577, 0.23615708318579506, 0.23616740958652419, 0.23501089840105213, 0.23686624612048912, 0.23598254003464147, 0.23588486237335496, 0.2358003069726042], "recauc": [0.8595901867962218, 0.8698051733663044, 0.8756710115291129, 0.8957504012026399, 0.9035529098668843, 0.9046333557521749, 0.9059292347784226, 0.908028196317152, 0.9056031986141262, 0.9072431945411488, 0.9094749223131376, 0.9082321726725681, 0.9041847648373841, 0.9096600230579626, 0.9095393972019813, 0.9021121305890921, 0.9095629509116823, 0.9074750672685004, 0.9126976689233504, 0.9124748455728112, 0.91331004735843, 0.908753645594732, 0.914434628893774, 0.9080931248141558, 0.9140954306740071, 0.9118410765454487, 0.9046112709698336, 0.9155600826709773, 0.9149305826475148, 0.915049460840281, 0.9149301300991868, 0.9152188856077758, 0.9148717185100732, 0.9156170507687027, 0.915316331874805, 0.9155266386076529, 0.9145039344975573, 0.9146938723163147, 0.9152075040703171, 0.9141094480140227, 0.9151652665796443, 0.9151692706255068, 0.9152583940306624], "f1": [], "aucrecauc": 0.9920466900613468, "aucloss": 0.27508433978835545, "convergence_rate": 0.870065911179402}