{"bestEpoch": 38, "lastEpoch": 48, "mae": [], "medianabsoluteerror": [], "mape": [], "mse": [], "recauc": [], "f1": [0.22558975047355967, 0.34794446858692524, 0.32948277395808934, 0.3845230042881126, 0.3876472629948556, 0.40131637334698067, 0.38412684499245314, 0.3863271146536943, 0.3959450245375004, 0.3983165402337678, 0.4326021547847459, 0.40930773337399556, 0.4328488111307351, 0.4099263691041604, 0.44353975145578745, 0.43690212549057966, 0.42975199763779626, 0.46269782011101535, 0.4548174191285744, 0.46858954994493424, 0.47129517775715796, 0.4684343688119607, 0.4423813032881931, 0.4554661775285979, 0.4086301301414447, 0.4843948385243939, 0.47569204256801745, 0.4681935096665265, 0.4835723649786628, 0.48561902049636985, 0.4851002558823383, 0.48579561165125607, 0.4866054463596855, 0.48739619893588715, 0.48595369143249884, 0.4868494722688483, 0.486612408321123, 0.4873174360822602, 0.4865696604075338, 0.4847792165660154, 0.4874261637050107, 0.48751008066372065, 0.48718159749598905, 0.48653828151696776, 0.4868893256709974, 0.48647316736046914, 0.48628418236315896, 0.48643280285578344], "f1auc": 0.9194609891693951, "convergence_rate": 0.8500934248284656}