{"bestEpoch": 41, "lastEpoch": 51, "mae": [0.5998242281689378, 0.526487927873295, 0.46997782320149845, 0.46597688245768387, 0.4973476262377231, 0.4586904471308075, 0.43910259011228964, 0.4095374863134266, 0.3917247923121489, 0.3826730913408972, 0.391145211685094, 0.3698968984306081, 0.37156229693840515, 0.35907365813649383, 0.36005964148318065, 0.3554296396018065, 0.36427835207342446, 0.3485216023018867, 0.3633750121215376, 0.3418020301482692, 0.34417152606190254, 0.3357110696131999, 0.35125327890287855, 0.33695127541872316, 0.33023061797348024, 0.33186145701075287, 0.32831896781717484, 0.3412485635115315, 0.34019794187519803, 0.3179758922360706, 0.3169083602194051, 0.319677644586725, 0.3192131727874504, 0.31652579940959946, 0.31525647428842146, 0.31577140819776595, 0.316129747039807, 0.3238082101550371, 0.31825763820684133, 0.3140672959630248, 0.31389667531727383, 0.3142664420002752, 0.3136817534692412, 0.31518286032628023, 0.31383605812461124, 0.3137225668017725, 0.31363925724978653, 0.31370736960484785, 0.31391077432365044, 0.3137540895139531, 0.3136881958731456], "medianabsoluteerror": [0.492972195148468, 0.4633876800537109, 0.39487892389297496, 0.3975603890419006, 0.43085163354873646, 0.3931036007404327, 0.3695312666893005, 0.3339846086502075, 0.32056318044662474, 0.30785761117935184, 0.31904631495475766, 0.28782352209091167, 0.3015649783611297, 0.28423155784606946, 0.2874597072601319, 0.2745778560638428, 0.2821497511863708, 0.26896708250045775, 0.29703347682952863, 0.2627363562583924, 0.2678185367584229, 0.2561156940460205, 0.28260837912559506, 0.26531555891036984, 0.25399935245513916, 0.2562429070472717, 0.24974259138107302, 0.26893845677375794, 0.26475405454635625, 0.24210194349288938, 0.2407472157478333, 0.24336912989616394, 0.24620505571365348, 0.2407873392105102, 0.2397173321247102, 0.2400005376338959, 0.23966048240661614, 0.24545795798301698, 0.24323687255382537, 0.23828058779239653, 0.2379227662086486, 0.23843011975288392, 0.2373337745666504, 0.23937161564826964, 0.2379783082008362, 0.23775549411773678, 0.23768733561038968, 0.23828248739242558, 0.23834024667739867, 0.23742649555206308, 0.23800433158874523], "mape": [0.804882647662858, 0.8738538318415321, 0.6479444921406317, 0.6745514220054882, 0.7962319221862321, 0.6966168167458909, 0.6113863757913042, 0.5742692034235624, 0.6016543371911471, 0.5837951999130313, 0.5663831342588288, 0.5311754406697671, 0.6033859215451555, 0.5424851177297483, 0.5614585619267708, 0.44250284871555884, 0.504152780812659, 0.49085353373792134, 0.5842009594473215, 0.4964740483660347, 0.46205002853610966, 0.4884358242265961, 0.5541649425580002, 0.50081773332353, 0.4393647820025852, 0.49100999976455884, 0.42018412217874795, 0.43384193949780464, 0.4667856124495595, 0.43902170782842737, 0.4350244809975469, 0.4159345880596861, 0.4703380523140588, 0.4400838861319302, 0.4419072670317949, 0.43969778735958054, 0.4302516856916434, 0.4119769555213145, 0.4102763778484849, 0.4253432218098568, 0.43121123253825944, 0.41617528852641966, 0.4206364925374502, 0.4141359785364596, 0.4240523533808028, 0.4258720835968065, 0.4223828095707931, 0.423960261606157, 0.4253846388575566, 0.42361872217910923, 0.42317177234075387], "mse": [0.6054697117271783, 0.42577627575839627, 0.35530822763315273, 0.3430025386340377, 0.38160036893931537, 0.3305303384013827, 0.30920034687001385, 0.27746122126669703, 0.2516672135573929, 0.2440603214470311, 0.2516473723248734, 0.23469230802203378, 0.2297870709584756, 0.21788920199272022, 0.2182730705527299, 0.2204756067567437, 0.23448024759376923, 0.21178563118565646, 0.21812050038837733, 0.20440416167863046, 0.20504546174502206, 0.19785474540556475, 0.2076507882468799, 0.1953080426570531, 0.19040649810594557, 0.19242365801670613, 0.19250249948323123, 0.20070154846487728, 0.19969409432652505, 0.17858351303260983, 0.17860433898234024, 0.1818007144084788, 0.17924588692157672, 0.17765836386171477, 0.17657541956862308, 0.1774093204140737, 0.17752154420657285, 0.18623140711972175, 0.1795241804538675, 0.1757562124379924, 0.17558739286025318, 0.1762372253653322, 0.17600771708410964, 0.17705369795088638, 0.17585355384149717, 0.1757437432891524, 0.17578612154785922, 0.1757274510500872, 0.1757697856201686, 0.17584471457729572, 0.17555370947069485], "recauc": [0.8604928551335875, 0.877548746824859, 0.8906918556132746, 0.8916223829430092, 0.884326023211291, 0.8933171720903694, 0.8978729563160858, 0.9047491720862033, 0.9088921974776006, 0.9109974149121138, 0.9090268930243457, 0.9139690021099844, 0.9135814431649256, 0.9164860957818031, 0.9162567284599198, 0.9173337229579173, 0.9152756708358547, 0.918940465622803, 0.915485697265345, 0.9205031805236266, 0.9199521085285949, 0.9219198217419717, 0.9183050461701164, 0.9216313986004315, 0.9231945011719784, 0.9228151110951806, 0.9236392079506169, 0.9206320784547024, 0.9208762431680999, 0.9260447584174126, 0.9262929458606838, 0.9256489304558225, 0.9257569891471594, 0.9263819343830162, 0.9266772877848559, 0.9265575014080167, 0.926474172232129, 0.9246883489532522, 0.925979148378058, 0.926953821065308, 0.9269932801298943, 0.9269074330326577, 0.9270434653972808, 0.9266942768081934, 0.9270076077937152, 0.9270339396814878, 0.9270532909117666, 0.9270375476036874, 0.926990197501525, 0.9270266450107082, 0.9270420536297296], "f1": [], "aucrecauc": 0.9893897959056203, "aucloss": 0.22121566751212768, "convergence_rate": 0.8522221107106105}