{"bestEpoch": 26, "lastEpoch": 36, "mae": [870.3629251865885, 617.6376776189526, 472.4637742981007, 396.86295698686234, 272.4170587314086, 274.38032404862497, 251.20802265307873, 224.80425442418056, 207.89172740549077, 183.62675149426624, 173.55839929838314, 158.48421901465045, 154.6692136977523, 147.69318016865276, 132.64496897950463, 132.74228088329977, 120.48914517600579, 115.51811123039816, 113.97805307119445, 104.59900585234145, 98.44919163560881, 110.13939063606713, 96.85817373075464, 98.38099531154167, 97.0771515250486, 87.5638754655104, 97.20966331650696, 87.16754298241203, 81.73545811241087, 89.7239970478611, 85.83240919375001, 84.54785023831018, 86.2433035076065, 86.61272290503126, 84.87280860805788, 84.94611166798612], "medianabsoluteerror": [767.2133784375001, 550.7175291796875, 424.58038330078125, 359.73107921875, 240.510986328125, 249.8509518515625, 231.15454113281248, 207.5024412265625, 193.95739752343752, 169.8236086953125, 163.35095256249997, 149.6442872890625, 147.15490681250003, 141.25744635156252, 124.71594232812504, 126.1915285, 113.3195798984375, 108.49414091406243, 107.98852544531246, 97.52124017968754, 90.6019289453127, 104.71301264062504, 88.99707054687497, 93.14880342187507, 92.16955596093749, 81.00610328125003, 92.71374482812507, 82.3437498203125, 76.8806149999998, 84.92492641406261, 80.73107916406252, 79.16430657812498, 81.391235171875, 81.79492228906247, 79.60436971093759, 79.63403326562502], "mape": [0.5256175198774455, 0.3702214603687272, 0.2813404866446042, 0.23692059066456087, 0.15851050973735115, 0.16247417511466658, 0.14959363598092956, 0.13384266224260227, 0.1241561714849992, 0.10939307674480087, 0.10372416320409192, 0.0948794301341229, 0.09288867811605973, 0.08883026737656464, 0.07975129553158271, 0.08008864590355388, 0.07282804312351407, 0.07013326201469385, 0.06941676749088438, 0.06399385524953832, 0.06029867776552113, 0.06742731542978508, 0.05933871603659681, 0.06076210469603571, 0.06008012720415314, 0.05426090863907781, 0.06023772143683372, 0.054452872319308676, 0.05139712372766446, 0.055918181542804826, 0.053674305638164, 0.052945146699111816, 0.05391546120521882, 0.05418923078625127, 0.05313287607594859, 0.05316872411524267], "mse": [845870.3323244255, 432365.4084537376, 256786.3433050501, 180745.69045515664, 90603.80645645774, 88984.27700825928, 74185.12549452181, 60050.53424116275, 51364.57212999722, 40752.464089986235, 36667.57576345526, 30887.677389778833, 29394.264054304753, 27050.42593254731, 22125.8007398889, 22104.376638845843, 18585.8525253661, 17104.04215904157, 16622.50169555247, 14236.75792717961, 12772.718566424921, 15538.193319909557, 12425.777844501672, 12631.972356907669, 12310.471211165343, 10323.664631280632, 12317.370852327722, 10109.678859485268, 9032.620534475545, 10655.836692889794, 9863.288080934497, 9624.53423007447, 9928.654513031994, 9993.636274447665, 9676.804040571518, 9694.890762722942], "recauc": [0.5558929967070781, 0.6848479959107022, 0.7589227219018199, 0.7974991425068433, 0.8609973145462695, 0.8599957032740311, 0.8718196412233815, 0.8852932552514511, 0.8939232145436766, 0.9063035933222952, 0.9114403736669964, 0.9191316909468724, 0.92107973760339, 0.9246387601723135, 0.9323179280891052, 0.9322679082723087, 0.938519733454827, 0.9410561945083397, 0.9418411915265601, 0.9466278924188715, 0.9497672878398951, 0.9438010319550474, 0.9505776799902211, 0.949800920832824, 0.9504648094439073, 0.9553204950124642, 0.950398758394358, 0.95552170031818, 0.958293888648124, 0.9542171846814311, 0.9562032499546251, 0.9568593451937787, 0.9559943698073511, 0.955805017538791, 0.9566929581847073, 0.9566552655265526], "f1": [], "aucrecauc": 0.9506334181061369, "aucloss": 60160.1522860655, "convergence_rate": 0.8824359942078851}