{"bestEpoch": 41, "lastEpoch": 51, "mae": [0.4227156029726579, 0.3906276902772604, 0.4373740943163275, 0.37875033209277026, 0.36770654127496327, 0.3676580465338843, 0.3974076434706528, 0.4144362306133514, 0.3612315669468709, 0.35664886122722533, 0.350652440647643, 0.3616318282660701, 0.3504479637588178, 0.3507014203443162, 0.3500558773492189, 0.3535435675513701, 0.346617867934311, 0.35375679854062775, 0.34627107680403874, 0.3424456992142056, 0.34527188689487154, 0.37553854309570234, 0.3457223051462927, 0.3567077326679475, 0.33784613639776023, 0.3435240069526197, 0.3358101992974309, 0.35345028767825665, 0.34013203329154945, 0.33588212128574685, 0.33933276321385103, 0.3391302069247231, 0.3375676285693454, 0.3362762085188723, 0.33768120988671313, 0.3362984401908766, 0.3361579047290346, 0.33631946290105585, 0.33732778159195137, 0.33648698648009107, 0.3366029954859513, 0.3368860202550331, 0.3370977930743637, 0.337201801898473, 0.3375518380199585, 0.33728666761399695, 0.33738295435394355, 0.33752794085163795, 0.33722687093082077, 0.33697401766350643, 0.3368492209772686], "medianabsoluteerror": [0.3525438737869264, 0.31254993677139264, 0.3797981500625611, 0.3025097608566285, 0.2748869180679321, 0.28027184009552, 0.33884880542755136, 0.3640364289283753, 0.26843413352966305, 0.2638276338577271, 0.2672332048416137, 0.2859126996994019, 0.2763024568557739, 0.2725660681724549, 0.2736537837982177, 0.28379164218902586, 0.26849468231201173, 0.271088933944702, 0.2548775362968445, 0.26375167369842534, 0.26709020614624013, 0.31645864725112904, 0.268345022201538, 0.28086366653442374, 0.262049889564514, 0.2695925474166869, 0.2556633949279786, 0.284973382949829, 0.2674958944320679, 0.2588864612579346, 0.2641564655303954, 0.2642103338241577, 0.262910943031311, 0.25928685665130624, 0.26257974624633773, 0.2607933068275452, 0.2591450309753418, 0.26043587207794194, 0.26337103605270373, 0.25968521118164056, 0.26078430414199827, 0.26226472616195684, 0.2619111061096193, 0.2630144119262695, 0.26198601722717285, 0.26250298023223867, 0.2615969514846802, 0.2626619863510131, 0.2617298793792726, 0.261502423286438, 0.26178702116012575], "mape": [0.23937666183628314, 0.20410976638915135, 0.2536600531502458, 0.1926508320959832, 0.1842692533232548, 0.19161226035434192, 0.22468687031630874, 0.2369268969424757, 0.1769875604994823, 0.17433947234267283, 0.17951576675170686, 0.19060759300314023, 0.18132245442543135, 0.18280305190111587, 0.18424179568138938, 0.18817871473216055, 0.18012986619322677, 0.1890736176813445, 0.1720129425798333, 0.17562593499049087, 0.17805018011755006, 0.2068425326001614, 0.1786165035835722, 0.19452735833518278, 0.17517088997519548, 0.18303515805048948, 0.17167976191239157, 0.18726022718459365, 0.17863796015841338, 0.17383720721730148, 0.17757251205012517, 0.17680642497195212, 0.1761012592260933, 0.1736521293501488, 0.17585957469624883, 0.1746123421571334, 0.17423544165082172, 0.17470113530580703, 0.17562605719419389, 0.17456653294543864, 0.17503943180363882, 0.17535592390074314, 0.17555244002037837, 0.17573710624801994, 0.17579664325054914, 0.17566670307184215, 0.1757726307779921, 0.17569248044479993, 0.17574233628358557, 0.17545113376753224, 0.1753939841209833], "mse": [0.2933744130899641, 0.2660127932368415, 0.2978453934500328, 0.24953726954415983, 0.2543445464450646, 0.2479129241570017, 0.2530833342115322, 0.2667266802577558, 0.24699373858847815, 0.24230503443292392, 0.22777602235002392, 0.22877276593684098, 0.2196414410973257, 0.22080475406845995, 0.21914512374906506, 0.21830792518961842, 0.21825856531081714, 0.22639547573086485, 0.22827314819128777, 0.21438066369447997, 0.21566499063511307, 0.23110768754840005, 0.2160178610101788, 0.2258545800096256, 0.20711599854376914, 0.20892592944247665, 0.20867875717840234, 0.21553473060397818, 0.20833544984446686, 0.20560844710361717, 0.2068102568862247, 0.20710509563742782, 0.2057056299817579, 0.20627051273493818, 0.20582695684879812, 0.20548702417743273, 0.20546057742079238, 0.20545749320476475, 0.20579042959293797, 0.20592729615019995, 0.2051058671101963, 0.20537006021232018, 0.2058215487584261, 0.20541246602953597, 0.20583322024818315, 0.20541230985471104, 0.20524227896535055, 0.20591880612700875, 0.20549300082219124, 0.20524547944219704, 0.20509201961089035], "recauc": [0.9016859434661197, 0.9091483827285701, 0.8982750480338186, 0.9119116502383992, 0.9144796087001351, 0.9144901683377613, 0.9075703991703905, 0.9036101667688705, 0.915985337671574, 0.9170529129552352, 0.9184463421120629, 0.9158933696769278, 0.9184938512078499, 0.9184344020430614, 0.9185847954046389, 0.9177744869565588, 0.9193849729171976, 0.9177251432913204, 0.919466265222597, 0.9203554802939069, 0.9196993223123762, 0.9126574297461961, 0.9195940449455907, 0.9170390969833281, 0.921425986013463, 0.9201050525551898, 0.9218993510346752, 0.9177965314652783, 0.9208937361880819, 0.9218824504212958, 0.9210804521171035, 0.9211273661171381, 0.9214906182873808, 0.9217905460165786, 0.9214644107579762, 0.9217857831308968, 0.9218188800991922, 0.9217811506045691, 0.9215465763650673, 0.9217427004240841, 0.9217153217801539, 0.9216492423054353, 0.9215994100575757, 0.9215759983653827, 0.9214938809806545, 0.921556517590634, 0.9215336564812431, 0.9214997699379959, 0.9215705540076283, 0.9216288569639465, 0.921657572586134], "f1": [], "aucrecauc": 0.996056655952374, "aucloss": 0.22106583116236853, "convergence_rate": 0.8461183986722194}