{"bestEpoch": 29, "lastEpoch": 39, "mae": [], "medianabsoluteerror": [], "mape": [], "mse": [], "recauc": [], "f1": [0.1717029950469016, 0.2031338409140973, 0.21087627421799032, 0.21493506881734786, 0.22236221414578416, 0.2252491728184043, 0.23226134536277873, 0.24081227976193362, 0.24240272611390973, 0.2502523306024877, 0.24945933483809915, 0.25495405684602473, 0.25771149840889107, 0.2599975893962669, 0.26564253974477275, 0.26421150744879957, 0.270259382905694, 0.2676751341765769, 0.27284029336672183, 0.2693659925052225, 0.2753865608502513, 0.27554733911252144, 0.27213269282613395, 0.2822093766979786, 0.28222294582697766, 0.28074073896486773, 0.2810990608907829, 0.29015323453546155, 0.2844419841214172, 0.284686400905126, 0.2846030186267883, 0.2870653680016351, 0.287000397318956, 0.2878040886125956, 0.2867767202229625, 0.2872076770182769, 0.2868781915921212, 0.286643020166256, 0.286856149788709], "f1auc": 0.9075314423828572, "convergence_rate": 0.7734909511260726}