{"bestEpoch": 22, "lastEpoch": 32, "mae": [0.7442000823308025, 0.7115298439438035, 0.7179493251084472, 0.7046439252665003, 0.6931549014005509, 0.7446897709569775, 0.7537828630753093, 0.7265223698913292, 0.7549588168569972, 0.7051233325571707, 0.7165451270935662, 0.723060122335723, 0.7335264368184453, 0.6779497313552398, 0.72611960414833, 0.733176412319315, 0.7345333368373098, 0.7472725780047071, 0.7494964165805686, 0.7356506600942095, 0.7255135965045152, 0.730715397049537, 0.7455692855857295, 0.75096730038132, 0.7337866061866981, 0.7279443100481396, 0.7419752193670008, 0.7421253171239532, 0.7443902896376365, 0.7386949998793972, 0.7430598873044618, 0.7443899726551657], "medianabsoluteerror": [0.628502264022827, 0.5975757718086241, 0.6047186040878296, 0.5910746455192567, 0.578688907623291, 0.6324649286270143, 0.632606101036072, 0.6093331670761108, 0.6347036361694335, 0.5906198048591614, 0.5999807167053223, 0.6070852279663086, 0.6179796457290649, 0.5654386043548583, 0.6090353250503541, 0.6153322076797485, 0.615245234966278, 0.624121642112732, 0.6258166551589965, 0.6125966906547547, 0.6071568012237549, 0.611283850669861, 0.6237566375732422, 0.6295142292976379, 0.6119958877563476, 0.6078134417533875, 0.6207990288734436, 0.6194186687469483, 0.6204169511795044, 0.6157274961471557, 0.620818555355072, 0.6192706108093262], "mape": [0.4389696750877874, 0.40198591580375287, 0.39829857328418855, 0.39549504054182144, 0.38071079511913075, 0.413826954360869, 0.42103101141143257, 0.3921122222023404, 0.4112650468127518, 0.3840462253221854, 0.39951058357589114, 0.3887749608540226, 0.4181352209024431, 0.3753440412219113, 0.4032592298093699, 0.3989234364264685, 0.4034399148951607, 0.4177529059358264, 0.41393013583255184, 0.4036560511992704, 0.40004792832086805, 0.405666194485069, 0.4070340938807138, 0.4133506352277552, 0.4065924311345263, 0.39459556405971435, 0.40643662161871214, 0.40699166661441977, 0.408989046929695, 0.406189661820096, 0.40891723492967597, 0.40915950446873217], "mse": [0.8681412311173659, 0.8018019838310785, 0.8187704913419284, 0.789818578751969, 0.7708854434174516, 0.8678047892907217, 0.9045332835323596, 0.8437280185791309, 0.9052339154175796, 0.795698454341841, 0.8196703620222758, 0.8359534825879682, 0.8514460921005409, 0.7389209945789482, 0.840199459097672, 0.8593836904744208, 0.8635380692288932, 0.8938039761155172, 0.8985739462777326, 0.8669537683869228, 0.841436240811189, 0.8532221244991475, 0.891323994723679, 0.8987613891101524, 0.8641948571062438, 0.8504872062179479, 0.8818571461655103, 0.883232183838268, 0.8876644677268491, 0.8751522073698207, 0.8848272629868813, 0.8888317932840566], "recauc": [0.8269181237567612, 0.8345199240580241, 0.8330277927330693, 0.8361215291551621, 0.8387940554260588, 0.8268063877728539, 0.8246921148390538, 0.8310329559936621, 0.8244218910255232, 0.8360099113425395, 0.8333530636985532, 0.8318418591043115, 0.829401796947106, 0.8423285559025149, 0.8311284373318855, 0.8294866407500401, 0.8291700710065072, 0.8262062360913722, 0.825690542433922, 0.8289102770011646, 0.83126771305421, 0.8300580254074748, 0.8266045740049398, 0.8253496389442259, 0.8293436731024212, 0.8307054540815025, 0.8274403258434444, 0.827405835725788, 0.8268791240533067, 0.828203692735854, 0.8271873412596654, 0.8268787472829773], "f1": [], "aucrecauc": 0.9853747454215507, "aucloss": 0.8534633674881081, "convergence_rate": 0.3120706395024644}