{"bestEpoch": 1, "lastEpoch": 11, "mae": [], "medianabsoluteerror": [], "mape": [], "mse": [], "recauc": [], "f1": [0.002600281805205174, 0.002600281805205174, 0.002600754927804375, 0.002600281805205174, 0.002600281805205174, 0.002600281805205174, 0.0026005972011424903, 0.002725823789352987, 0.002601070438531998, 0.002601070438531998, 0.002600912673599716], "f1auc": 0.9586474869598801, "convergence_rate": 0.10213571531917007}