{"bestEpoch": 66, "lastEpoch": 76, "mae": [0.39499951994278765, 0.3648735098814158, 0.4106441756369681, 0.3874532343199472, 0.352620352631125, 0.3699113856836689, 0.34201417007722634, 0.37176456050444895, 0.3422411232350541, 0.3469045620062136, 0.37607363653537773, 0.35001114357433916, 0.3469836902819265, 0.33738668224225016, 0.3371855295472645, 0.33993867778265435, 0.35430243216424057, 0.33445717042363166, 0.33287214970649404, 0.34237583080863127, 0.3431849314390012, 0.33186430381329096, 0.33575299045497564, 0.3430806743679153, 0.3602374033369509, 0.3408587435634392, 0.33217104923794394, 0.33444014236412467, 0.33718281884052925, 0.32833227137128995, 0.35742693036058204, 0.34081178216898667, 0.3349612761837337, 0.33386798043638566, 0.333003336238368, 0.3266571451970136, 0.33468130736877966, 0.341443985714282, 0.3689738994664234, 0.3560256081175172, 0.32402806858656974, 0.32344995485725203, 0.3293089660779634, 0.3222545829642996, 0.33917116279142806, 0.32498288571692097, 0.32751547447908547, 0.3246186557359118, 0.3230298313683977, 0.3265734753596075, 0.3208169972372975, 0.3220951576351512, 0.3220968277002479, 0.32162353440771485, 0.3210441300043056, 0.32032770111517334, 0.3220186432250401, 0.3203801490023319, 0.3267572142862677, 0.3217085949058463, 0.32072362512696556, 0.3236191044581677, 0.3221796756318471, 0.3218407431496026, 0.32240178338654024, 0.32268995318720195, 0.32274062379702945, 0.3219515665909103, 0.3226394950036441, 0.3224581248177196, 0.3224438201844142, 0.3222982929298397, 0.3223340216019077, 0.32231303631983044, 0.32231708324099634, 0.3223404479089613], "medianabsoluteerror": [0.3069231271743774, 0.27587547302246085, 0.35913383960723877, 0.277968966960907, 0.28008397817611697, 0.30554637908935534, 0.26245193481445317, 0.3080975985527039, 0.2692702770233154, 0.2723783969879152, 0.3206123042106629, 0.2850908470153808, 0.25329331159591684, 0.261924934387207, 0.2629730653762816, 0.2683021569252014, 0.2934816241264343, 0.26180647611618035, 0.2594551730155946, 0.2766653895378113, 0.25293352603912356, 0.25587737560272217, 0.2487060189247131, 0.2624436616897583, 0.3038228273391723, 0.2765727901458739, 0.24498799800872795, 0.26348650455474854, 0.26032880067825326, 0.249114990234375, 0.29845808744430546, 0.2721328496932983, 0.2516580820083618, 0.2633458018302919, 0.26322143077850346, 0.2496271657943725, 0.2631930017471312, 0.24838119506835943, 0.3186095476150512, 0.2897579908370971, 0.24745998382568357, 0.24975712299346925, 0.26194101572036743, 0.2425033569335937, 0.2759902954101563, 0.2548078656196594, 0.25754277706146245, 0.2543179273605347, 0.2491375494003295, 0.25502779483795157, 0.24383277893066413, 0.24741649150848388, 0.24929805994033805, 0.24846966266632076, 0.246964693069458, 0.2445140361785887, 0.24956125020980835, 0.24407558441162114, 0.2572628569602967, 0.2486699914932251, 0.24544094085693358, 0.2523243188858033, 0.24995250701904292, 0.24922792911529545, 0.2506083726882934, 0.2511968708038329, 0.2511579895019531, 0.24937727451324465, 0.2507909297943116, 0.25050200223922725, 0.2504950165748596, 0.2502673268318176, 0.250312316417694, 0.250313937664032, 0.25031788349151607, 0.2504095315933226], "mape": [0.1988778976352825, 0.1858787561328253, 0.23301527619897033, 0.1805516063827394, 0.1881728515065407, 0.1968862473784169, 0.17607677157268337, 0.20553491428058585, 0.17970211758403667, 0.17697812757652284, 0.20270852084800414, 0.18983932464684986, 0.16804223115706607, 0.17355544441320342, 0.1766492788420049, 0.1824133978283361, 0.19192816380018196, 0.17523340145279404, 0.17198284562793947, 0.18136232064085558, 0.1705237551991989, 0.17093428826095022, 0.16908393091228907, 0.17742078887859014, 0.20092682005098986, 0.1816796147882635, 0.16548833059101623, 0.17494211137723406, 0.17007879366533898, 0.16839203715518353, 0.19412881676860705, 0.18454436591609322, 0.16895457142403664, 0.17407434058144547, 0.17289422166792853, 0.16762074107524425, 0.17671911169203644, 0.16868415715825139, 0.20503627196304328, 0.19715561677300883, 0.16503906566175103, 0.16734505221309293, 0.17302025672295987, 0.1630007945160044, 0.18185539282794086, 0.1705204986019584, 0.1717312120079988, 0.16923274736991828, 0.16753389566076313, 0.17008757209849615, 0.1638986011205281, 0.1661108223895488, 0.16723786696717524, 0.16686911793031037, 0.16563040344761976, 0.16438597125656343, 0.16781001183295843, 0.16383924246933138, 0.1719086989633124, 0.16675698122134872, 0.1640642441067282, 0.16852917539702583, 0.1672113548695134, 0.1668691198790978, 0.16762849687733633, 0.16807181584612196, 0.16815580821294906, 0.16710487354087386, 0.16782946233443707, 0.16766162377511748, 0.1676646812365391, 0.1675157559986825, 0.16757443604285227, 0.16754982604626723, 0.16755606126536202, 0.16759274749892833], "mse": [0.27939529864954066, 0.245923381818337, 0.26394646465653543, 0.2895428418660321, 0.2176958117255117, 0.22777548792201763, 0.21448320097101742, 0.22798732210542882, 0.20958486367772422, 0.21432496885859678, 0.22912470137042928, 0.21139519881908786, 0.23293028377351874, 0.20658665994005743, 0.20600048645721247, 0.20472787777697474, 0.21225721471939493, 0.20209330405700443, 0.2033969211315188, 0.20612349000956842, 0.22624480874496405, 0.2039884513979071, 0.21573133242153775, 0.21873839065883122, 0.21727469549584788, 0.20401993990931183, 0.21418643069829454, 0.20327921765943363, 0.21418941494760882, 0.20398328229710688, 0.2169681355934911, 0.20765953532893913, 0.21749458286255377, 0.20580241557026183, 0.20585511380988183, 0.20474399669680363, 0.20746455091985327, 0.23374710118361516, 0.22721457713664672, 0.22458462755551473, 0.2037581632029455, 0.20121085008148842, 0.20231032867265328, 0.20467341632799155, 0.2083981186493947, 0.20132050872145174, 0.2045757178622869, 0.2015632438543327, 0.2020849980166681, 0.20604764575092693, 0.20347560562520053, 0.20298439999759985, 0.2014331905714528, 0.20127281264229704, 0.20160152756350244, 0.20210386165580738, 0.20122532428824066, 0.20285485367546963, 0.2029202672052129, 0.20144888511021203, 0.20243989616011573, 0.20190006416952722, 0.20148283289614094, 0.2014601052080655, 0.2014280000859087, 0.20141307816791187, 0.20143418970032392, 0.20147920110970122, 0.20157461604543753, 0.20151731216593236, 0.20149889496640597, 0.20147534926234872, 0.20147204320119524, 0.20147130466906535, 0.2014709758265878, 0.2014674756343849], "recauc": [0.9081326809294892, 0.9151387691861468, 0.9044922936827615, 0.9098880046115757, 0.917988053203184, 0.9139659223647769, 0.9204556158850169, 0.9135375397995059, 0.9204055722006435, 0.9193217698269339, 0.9125393405984658, 0.9186027288244487, 0.9193087831736843, 0.9215422517199793, 0.9215910124775354, 0.9209523883590937, 0.9176131550673613, 0.92222995348579, 0.9226009980719153, 0.9203928446763544, 0.9202057323701087, 0.9228407411128124, 0.9219380354380655, 0.920235604799088, 0.9162477870863683, 0.920756908678024, 0.9227797673794763, 0.922254172770081, 0.9216178331198387, 0.9236805293220602, 0.9169171866107809, 0.9207834781401077, 0.9221473427491959, 0.9224058268020012, 0.9226080560241179, 0.9240872134138088, 0.9222241657424189, 0.9206529428535242, 0.9142553694138437, 0.9172680938561407, 0.9247108043431193, 0.9248470171505303, 0.923485519676549, 0.9251264048027455, 0.9211942367565569, 0.924494212805622, 0.9239062359459633, 0.924580753399828, 0.9249510089409178, 0.9241276486599107, 0.9254673634037136, 0.9251710300952523, 0.9251708276673116, 0.9252812589978424, 0.9254160548096689, 0.9255829328005073, 0.9251897721669924, 0.9255710149879808, 0.9240884603063333, 0.9252627394908538, 0.9254919758857323, 0.9248189220600666, 0.9251535524032671, 0.9252323519834498, 0.9251020276034639, 0.9250349338693779, 0.925023141117045, 0.9252068375842715, 0.925046835784422, 0.9250891993951208, 0.9250924912337785, 0.9251262023748049, 0.9251179091882312, 0.9251226953902206, 0.9251217256438033, 0.9251163851495997], "f1": [], "aucrecauc": 0.9959201848789601, "aucloss": 0.21093712070394854, "convergence_rate": 0.821691009582199}