{"bestEpoch": 146, "lastEpoch": 156, "mae": [3.9026490881367035, 3.387957878890385, 3.2807876118617063, 3.088795534791946, 2.9809452881528222, 2.899841827469268, 2.8347285879239403, 2.7893118254106315, 2.7291739660974144, 2.6924819769705444, 2.6793627150681596, 2.620398415555014, 2.5780162122797563, 2.5537551033997654, 2.522716925085266, 2.5103623910771584, 2.587533800021566, 2.4754108607876435, 2.4724971943173957, 2.4589067942834046, 2.5354625311834558, 2.4592811361113815, 2.462802037489279, 2.516571231772103, 2.456921121497519, 2.4965791783835565, 2.4005291914248277, 2.392528484441491, 2.3989610891345436, 2.3532979101520652, 2.4029438238126732, 2.361635262424742, 2.4930603543467185, 2.3824312421712235, 2.5082830882439735, 2.364220817648501, 2.4081229238888877, 2.385686314074272, 2.3750400747215057, 2.3167313628699255, 2.372317138541371, 2.3453264678446364, 2.330299769158303, 2.5884925599385484, 2.379944206900585, 2.3142736902658037, 2.356525520115344, 2.3114031483801294, 2.3228802696264284, 2.3120158596947107, 2.3505693635363945, 2.3157743231009422, 2.3239134157206283, 2.229701953908442, 2.260031587135084, 2.2082543463241264, 2.281378144717405, 2.263327536926088, 2.233479593436394, 2.2199091241710014, 2.2348703002263663, 2.2754741760512376, 2.1897902448706064, 2.164940908277542, 2.218258467877275, 2.1473927919321603, 2.1161935609863503, 2.1395394748381804, 2.1080386181171105, 2.0906742186305696, 2.1061420452388093, 2.089110736968875, 2.063102087367248, 2.0532472802014685, 2.0626410663721284, 2.067706058443186, 2.0491548818368255, 2.0383471026786446, 2.0287815786506807, 2.0430091307145233, 2.019104941876287, 2.0253681688835807, 2.01211695068692, 2.007230269880259, 1.99317446896353, 1.9935219597712113, 1.9863245245868546, 1.9813684439008439, 1.9781535512755264, 1.9808608660665608, 1.9697305976812511, 1.9662346235469081, 1.967255808359317, 1.9617493779306103, 1.965624620747288, 1.947738032866048, 1.9640203130396625, 1.9447399450666176, 1.9443255676422748, 1.9378466585934306, 1.9353370452987095, 1.961987943275663, 1.927366267788709, 1.9316228853031567, 1.9227905722467342, 1.9196794064305633, 1.928726210197836, 1.9280791964025135, 1.9154540281135357, 1.9150313379845993, 1.9087874290258091, 1.9119913909818314, 1.912342305808308, 1.905544256943016, 1.904350448879351, 1.901096268879602, 1.9123153342001225, 1.9047426300803043, 1.9061835811713532, 1.9054372402357556, 1.8970765044680584, 1.8935654129240875, 1.902166432616967, 1.8911208504004615, 1.8921478626820545, 1.891544100921505, 1.891557599613849, 1.886384724296944, 1.9006866152614734, 1.8923155071499664, 1.8901617371346424, 1.897516946790761, 1.896894115661781, 1.877758711387192, 1.882153091963075, 1.8865868491157403, 1.880077011215699, 1.885984610700951, 1.8806463010146206, 1.9124698876065975, 1.9075454087589683, 1.8855100573439227, 1.8747374664824565, 1.8876735642731415, 1.8801907481880806, 1.8869866156318202, 1.8810089069913845, 1.886554180782888, 1.880207991757591, 1.8916161928007458, 1.884677972988578, 1.8820235528079987, 1.880561363848468, 1.8820833665498786, 1.8823445319536007, 1.8818811792464671], "medianabsoluteerror": [2.558951258659363, 2.0157675743103027, 1.989445686340332, 1.8542914390563965, 1.7154302597045898, 1.6970243453979492, 1.635450839996338, 1.616123914718628, 1.5904960632324219, 1.58937406539917, 1.5748143196105957, 1.5597929954528809, 1.5254011154174805, 1.5238356590270996, 1.5120203495025635, 1.5166621208190918, 1.6165974140167236, 1.5155811309814453, 1.5277080535888672, 1.5169076919555664, 1.6186821460723877, 1.5716218948364258, 1.5815157890319824, 1.63905930519104, 1.5906546115875244, 1.6553692817687988, 1.5931611061096191, 1.5718903541564941, 1.5977766513824463, 1.5741806030273438, 1.5969185829162598, 1.5894801616668701, 1.7116518020629883, 1.6382627487182617, 1.7326679229736328, 1.6099576950073242, 1.6762809753417969, 1.6670222282409668, 1.6629438400268555, 1.6367578506469727, 1.6303162574768066, 1.6492161750793457, 1.6669673919677734, 1.9178142547607422, 1.644418716430664, 1.6001439094543457, 1.69480562210083, 1.6194357872009277, 1.6355690956115723, 1.6056878566741943, 1.7246918678283691, 1.6508898735046387, 1.6613428592681885, 1.6007294654846191, 1.5868639945983887, 1.5690853595733643, 1.5931129455566406, 1.6170358657836914, 1.5996651649475098, 1.5751738548278809, 1.5723934173583984, 1.5917634963989258, 1.5695266723632812, 1.5521941184997559, 1.553966999053955, 1.5283513069152832, 1.513594150543213, 1.4986720085144043, 1.4813804626464844, 1.4842872619628906, 1.4857549667358398, 1.4724011421203613, 1.4530854225158691, 1.449052095413208, 1.4729232788085938, 1.4693503379821777, 1.4589600563049316, 1.4433331489562988, 1.4367799758911133, 1.4396319389343262, 1.422316074371338, 1.4204754829406738, 1.4265506267547607, 1.4261054992675781, 1.413846492767334, 1.3933238983154297, 1.402204990386963, 1.3954834938049316, 1.3901324272155762, 1.3842439651489258, 1.376114845275879, 1.3851032257080078, 1.3838930130004883, 1.3862290382385254, 1.3729376792907715, 1.3739545345306396, 1.3801498413085938, 1.3706517219543457, 1.3499755859375, 1.3563752174377441, 1.362797737121582, 1.37587308883667, 1.3487486839294434, 1.3531932830810547, 1.3542697429656982, 1.3477802276611328, 1.3469581604003906, 1.3329267501831055, 1.3451390266418457, 1.3463249206542969, 1.3360247611999512, 1.337094783782959, 1.3271856307983398, 1.332125186920166, 1.3349566459655762, 1.3368053436279297, 1.3257060050964355, 1.324599266052246, 1.326035499572754, 1.3402810096740723, 1.3181428909301758, 1.3189139366149902, 1.3157196044921875, 1.3359428644180298, 1.3363184928894043, 1.3305225372314453, 1.3171324729919434, 1.3048746585845947, 1.3227858543395996, 1.3111047744750977, 1.3183765411376953, 1.316131591796875, 1.3207979202270508, 1.3071670532226562, 1.3105182647705078, 1.3101778030395508, 1.3099212646484375, 1.3173766136169434, 1.3182635307312012, 1.3228366374969482, 1.3301339149475098, 1.3164658546447754, 1.2990102767944336, 1.3247361183166504, 1.3137483596801758, 1.3183088302612305, 1.312058448791504, 1.300706386566162, 1.3195202350616455, 1.3140206336975098, 1.29948091506958, 1.3118131160736084, 1.307143211364746, 1.3118209838867188, 1.310905933380127, 1.3157522678375244],