{"bestEpoch": 13, "lastEpoch": 23, "mae": [0.48216413861077273, 0.45194336391987433, 0.4737464356814338, 0.4651261731093344, 0.43860385862297746, 0.4378666482166878, 0.4313962764364082, 0.4314168575040005, 0.45168676022668597, 0.4704135959339189, 0.4449976895681565, 0.46486227096986893, 0.4301891471135238, 0.4327622378066371, 0.43073388826419523, 0.43505074515010395, 0.4365264742651216, 0.43304872027763475, 0.4337326224642544, 0.43371844013150307, 0.43376432225337386, 0.43395884543567625, 0.43403286652727974], "medianabsoluteerror": [0.38850776672363285, 0.35984338521957393, 0.37580885887145987, 0.3668408226966857, 0.3366120266914368, 0.3395253002643585, 0.33277562856674203, 0.3335850900411607, 0.3541390895843506, 0.37333941698074335, 0.34939895868301396, 0.3540725970268248, 0.3318764007091523, 0.33389520287513735, 0.3325956428050995, 0.3371468639373779, 0.3381793236732482, 0.33440011262893676, 0.3347916710376739, 0.3343237030506134, 0.33510840713977813, 0.3347874033451079, 0.33478016138076777], "mape": [0.7085816738942743, 0.6454215168571992, 0.7067067914523758, 0.6046466331860388, 0.5055118342049457, 0.5241977401462898, 0.5623213185746002, 0.5603037657889492, 0.647998058347577, 0.6232518851258307, 0.6388975029224159, 0.5295214572735806, 0.5564863563195308, 0.526826674285081, 0.5454151223730996, 0.5646003285333422, 0.5629867431608052, 0.5461220344401229, 0.5514934410508168, 0.5549646870171444, 0.5463514924124749, 0.5531598032097705, 0.5523739413024309], "mse": [0.3905511072733074, 0.34613585007935044, 0.37694336667396966, 0.36933133271301044, 0.342969950846546, 0.3382046619577187, 0.32622599250809275, 0.32560970401459866, 0.3481712694489133, 0.3733295102039783, 0.3408500317107459, 0.3859087563957357, 0.3234572757420965, 0.328016757039341, 0.32522805530312054, 0.3301027171908992, 0.3321385437051849, 0.3288135567026988, 0.32914088868537195, 0.32926772880944677, 0.3297627283959379, 0.32961996791531584, 0.32970228248365635], "recauc": [0.8878577703751278, 0.8948862913115443, 0.8898153450299096, 0.8918202804477985, 0.8979889260746524, 0.898160528520388, 0.8996652420659224, 0.899660533804986, 0.8949460158631991, 0.8905905527304115, 0.8965018392707954, 0.8918821365423144, 0.8999458859482785, 0.8993475856443034, 0.8998193259947239, 0.8988152966188818, 0.8984721046497683, 0.8992809528003567, 0.8991217923234314, 0.8991251030314097, 0.8991145367427831, 0.8990692752166434, 0.8990519760567273], "f1": [], "aucrecauc": 0.9965995396316751, "aucloss": 0.34178887913275247, "convergence_rate": 0.7468339789407115}