{"bestEpoch": 50, "lastEpoch": 60, "mae": [], "medianabsoluteerror": [], "mape": [], "mse": [], "recauc": [], "f1": [0.009739405307461067, 0.005063690085094518, 0.007893041407766756, 0.00869666003171515, 0.010098619545147968, 0.021399879169923024, 0.03298444236924969, 0.05871619059344056, 0.07042749879642682, 0.1170278746108104, 0.1273561220078097, 0.14234899178718524, 0.16764554032854329, 0.17413098079949516, 0.15262532539669246, 0.1947771956560146, 0.20207212849471937, 0.2025646335148129, 0.16152351786593452, 0.20602204271395974, 0.22313404030123188, 0.15284879494701165, 0.12939616872496862, 0.14556256097349388, 0.19756764158197537, 0.24470591863203645, 0.24572288766046155, 0.2553124914030295, 0.25496651633510437, 0.25912300732520993, 0.26449780214520724, 0.2592257407050661, 0.2631520109363164, 0.2591832312294627, 0.25248271997992566, 0.2573015259307063, 0.24603518945651207, 0.2322515305499703, 0.2520076339376097, 0.2508529970906828, 0.261910077791839, 0.26427379601406453, 0.2642357538203298, 0.2636921506998597, 0.2666858196398076, 0.2673556937241944, 0.26684671902488744, 0.26737940439996993, 0.26737275266217553, 0.267473836633693, 0.2675088091545552, 0.2666944096739217, 0.26705767407282344, 0.2666886743423129, 0.2660869969696231, 0.2664811082569554, 0.26652038533240796, 0.26664581139285626, 0.26644940991375965, 0.2667902783791811], "f1auc": 0.7542491301664248, "convergence_rate": 0.7495075436305735}