{"bestEpoch": 18, "lastEpoch": 28, "mae": [1112.4984996946903, 815.9970095778646, 566.5329115421018, 376.81511146470484, 241.9848865130648, 151.15875397109605, 100.87741944585763, 75.40768304537384, 63.910517101744205, 59.33639476141666, 57.06188628034606, 56.46510327649305, 55.322047847128474, 55.56169293868287, 56.53889561215162, 55.855266777940976, 56.410584486883096, 55.43097160301273, 54.77282461203125, 54.10786705550232, 54.27706124749074, 52.56930916745023, 52.645099513745365, 52.1953507254757, 51.7869916943588, 51.68966613761342, 51.729724261064824, 51.601953301343755], "medianabsoluteerror": [972.6201479394531, 714.3218998203124, 502.745239375, 340.1184085, 222.5484615078126, 143.75830119531247, 95.10717744531257, 70.68749988281252, 58.23364269531248, 52.59533726562495, 49.39282220312498, 48.779662906249996, 47.398193359375, 47.68823235937498, 48.97558599218746, 48.091918765624996, 48.8994141796876, 47.64807170312497, 46.51562458593753, 45.611328304687504, 45.964477718750004, 43.92321783593752, 43.86047328125005, 43.12097127343759, 42.70776361718731, 42.49743658593752, 42.606689273437496, 42.359863101562496], "mape": [0.672067574791112, 0.4911010553725154, 0.33895846586398604, 0.2242968349691878, 0.14400864160987872, 0.09067784847205698, 0.06212050697880313, 0.047917525703944294, 0.04165907519916326, 0.039229076086938014, 0.0380255388822399, 0.03770020797456234, 0.03708423879454088, 0.03721197281111463, 0.037749081112139836, 0.037356522072889614, 0.03764407173397907, 0.03712442156089379, 0.03679017177620105, 0.03642373457419547, 0.03655185184215286, 0.035616226281337475, 0.03568441659043189, 0.03549825003626312, 0.03527124498986905, 0.035223292415981516, 0.035237778542336735, 0.03517982165708134], "mse": [1381975.1810204524, 748364.3436674176, 365119.744313088, 164020.45317820238, 69112.78218603459, 28316.192463987307, 13251.327076216536, 7896.324374263232, 6107.874402606027, 5543.19678765946, 5294.17135745062, 5226.009297025083, 5099.864811933617, 5131.230937909681, 5240.086324501047, 5145.792098944345, 5205.621897754061, 5098.3883343311045, 5063.044289157362, 4986.746855713335, 5012.596375168724, 4836.746251398926, 4857.119906558143, 4860.2574369161175, 4809.867835246865, 4812.894223539969, 4809.932714525058, 4806.9009527753215], "recauc": [0.4327246650590985, 0.583633607805225, 0.7109242035314642, 0.8077281654091336, 0.8765250302808058, 0.9228702870287029, 0.9485271638274938, 0.961523337518937, 0.9673891389138914, 0.9697225574409293, 0.9708834438999455, 0.9711889263000375, 0.9717721253606842, 0.9716496834868672, 0.9711510558463253, 0.971499535138699, 0.9712163660810524, 0.9717162975556815, 0.9720529534434925, 0.9723902019831613, 0.9723050379111985, 0.973176680631026, 0.9731374174454482, 0.9733677219573809, 0.9735757723920541, 0.9736259107392221, 0.9736044271093776, 0.9736697966092905], "f1": [], "aucrecauc": 0.9502177328328907, "aucloss": 80985.69075496901, "convergence_rate": 0.9104447702051423}