{"bestEpoch": 19, "lastEpoch": 29, "mae": [], "medianabsoluteerror": [], "mape": [], "mse": [], "recauc": [], "f1": [0.16671167123773067, 0.25203174265184203, 0.2674161793496321, 0.300623016582072, 0.2977182377436588, 0.30585253195505624, 0.3298796874745522, 0.3386166710026298, 0.33992845149944045, 0.34275746870955626, 0.354661184544032, 0.3560226929815246, 0.349165862132256, 0.37060160063575387, 0.3554508807783528, 0.3698953824645405, 0.3533980118283519, 0.3602258001354645, 0.3769969047357946, 0.3540163766765163, 0.3409426812203291, 0.3585962034339553, 0.36248117398421204, 0.36742704879797367, 0.3708685164881508, 0.37119525062471953, 0.3708221410672149, 0.3684939811097954, 0.3686897643966325], "f1auc": 0.9050648766618242, "convergence_rate": 0.8298014223165473}