{"bestEpoch": 135, "lastEpoch": 145, "mae": [0.6794173754623664, 0.5258538101224135, 0.4807370803089714, 0.513449045997207, 0.4648306297978426, 0.45368558742560566, 0.45041867839450245, 0.4821991472575464, 0.42745808674644126, 0.4345518093376392, 0.44927320162977036, 0.4221501213674216, 0.42254585550614454, 0.4588784267896055, 0.47553595300143264, 0.4137023434773268, 0.41918616313393475, 0.46387284429783165, 0.4152038535702559, 0.4831196550347764, 0.41880916107068195, 0.42046179921084764, 0.40545965862799027, 0.40703470039610445, 0.40551030173029107, 0.40609452884839625, 0.4189979084502427, 0.40074959774325486, 0.40012358766742745, 0.39953994758430106, 0.39975217961220577, 0.41418649299112037, 0.3981685800019881, 0.3972104201592871, 0.3992926189681624, 0.39654743368270606, 0.3969696808368605, 0.3959210174281695, 0.3996481936269476, 0.3949626521601199, 0.39732863388929024, 0.3956136152318764, 0.4002884570839872, 0.3948497903501309, 0.39569446228433697, 0.396378402202805, 0.3948299188863765, 0.3952206680882727, 0.3947171247451072, 0.39439391529987256, 0.39434437169358266, 0.39712712718078474, 0.39373826183067073, 0.40155113481802107, 0.3946794708042282, 0.3946629474285183, 0.3951002322157382, 0.39454192934901816, 0.39438315351502307, 0.3940460203897301, 0.39409877785736613, 0.39463789153797063, 0.39445983173367344, 0.39457092510241953, 0.3945556618125949, 0.39455867182586857, 0.39436022690259764, 0.39444081222751515, 0.39443994339140176, 0.39446451273670263, 0.3943961511505347, 0.39444810432964755, 0.39446965931415967, 0.3944280483677365, 0.39440424900394094, 0.3944225255711614, 0.394367066788779, 0.3943336870128282, 0.39440827789670185, 0.39434037425037044, 0.39430916092186263, 0.39437654949650597, 0.3943306433743656, 0.39440430568734114, 0.3943865597121724, 0.3944057687833615, 0.3944320610983411, 0.39441698849545676, 0.3943332436699868, 0.394396651123439, 0.3944299663900724, 0.39436824294155526, 0.39438083455568496, 0.3943585578175448, 0.39434314026130124, 0.39439345954284843, 0.39436281371528026, 0.3944230882771667, 0.39435855375769796, 0.3944021660122149, 0.39444736124553825, 0.3943596548571195, 0.394348988703517, 0.3943193704979427, 0.3943387907017073, 0.39435663551479705, 0.39440706126306807, 0.39439243198998475, 0.3943641034514747, 0.39440593085239434, 0.3944193417905626, 0.394357681501916, 0.39435840279282725, 0.39431090072091046, 0.3943378720844173, 0.3943348809241068, 0.39433751601491596, 0.39439505299303435, 0.39434453621291576, 0.3944002927994218, 0.39436988731062245, 0.394344596170655, 0.3943990353511653, 0.39430416678696034, 0.3942822496832758, 0.3942662693952072, 0.3942735406960579, 0.3943161898233249, 0.3943159590850575, 0.3942767514858013, 0.3943444253020724, 0.39427422424007874, 0.3942811754141759, 0.3942843492222767, 0.3942400060386442, 0.39428291330929716, 0.39433101112368174, 0.39437489915209706, 0.3943107977724904, 0.39427270832517075, 0.39429626956718455, 0.3942992230162725, 0.3943751003497322, 0.39434268794265015, 0.39443564949236404], "medianabsoluteerror": [0.5886385798454284, 0.4045913934707641, 0.39580491065978995, 0.39232963442802427, 0.3624534845352174, 0.3672902226448058, 0.3598213410377503, 0.41337788105010986, 0.3434448182582855, 0.35618792295455937, 0.37069712877273564, 0.3396475195884705, 0.3360779130458832, 0.3629325246810914, 0.4005280649662018, 0.3275037336349487, 0.33454765081405635, 0.38974355459213256, 0.3273730027675629, 0.4078315091133119, 0.3397585546970367, 0.34119243383407594, 0.32304388761520386, 0.3252486157417297, 0.32359741687774646, 0.32316154718399054, 0.339523035287857, 0.3163008117675782, 0.316347621679306, 0.31497543096542346, 0.3156425404548645, 0.3339436173439026, 0.3140946745872498, 0.3094484686851502, 0.3157744503021241, 0.3099940848350524, 0.31049813389778136, 0.31046568751335146, 0.31705416202545167, 0.30936732292175284, 0.31383942365646367, 0.31107890129089355, 0.3181174302101135, 0.30889042615890505, 0.31172979593276984, 0.31254472732543953, 0.310190063714981, 0.3107566237449646, 0.3099124205112457, 0.3092441916465759, 0.30866702318191525, 0.31401470184326175, 0.3083435833454131, 0.31966809272766106, 0.31051473021507264, 0.31041835427284237, 0.31107105255126954, 0.31027716398239136, 0.3098531460762024, 0.3094719254970551, 0.3095876622200012, 0.3104818046092987, 0.3101293039321899, 0.3104221701622009, 0.31042727947235105, 0.3104694080352782, 0.3100538825988769, 0.3101645064353943, 0.3101430320739746, 0.3102206420898437, 0.3100256252288819, 0.3102204608917236, 0.31029047727584846, 0.31012784838676455, 0.31004633307456964, 0.3101039016246795, 0.3100653219223022, 0.310022110939026, 0.31001000881195073, 0.31001260757446286, 0.3099685943126678, 0.31009848117828376, 0.31001360654830934, 0.3100569432973862, 0.3100095427036285, 0.310105299949646, 0.3101645171642303, 0.3101209628582, 0.30999343395233153, 0.31005267500877376, 0.31016250848770144, 0.31007720232009883, 0.31000909328460696, 0.31007338762283343, 0.3100556015968323, 0.310088610649109, 0.3100220942497254, 0.3101783585548401, 0.3100567483901978, 0.310118613243103, 0.3102537143230439, 0.3100523841381073, 0.31002343297004703, 0.3099798035621643, 0.310021197795868, 0.3100788581371307, 0.31015598297119146, 0.31011624217033384, 0.31002823352813724, 0.3101649868488312, 0.31017054557800294, 0.3100934827327728, 0.3100337398052216, 0.309969836473465, 0.31001245737075805, 0.3100119888782501, 0.3100190699100494, 0.31012745857238766, 0.31002924323081965, 0.31013469934463506, 0.31005846261978154, 0.3099885725975036, 0.31017090559005744, 0.3099929094314575, 0.3099384772777557, 0.3099177169799805, 0.3099276304244995, 0.30999869823455817, 0.3099973034858704, 0.30986360311508176, 0.31003399848937985, 0.3098970484733581, 0.30994383215904237, 0.3099567580223083, 0.3098349130153656, 0.3099387204647064, 0.30996398210525516, 0.3101177668571472, 0.309995379447937, 0.3098765087127686, 0.3099317169189454, 0.3099536180496215, 0.31012784481048583, 0.31007245182991033, 0.31020294189453124],