{"bestEpoch": 17, "lastEpoch": 27, "mae": [0.7774757094817484, 0.8273618052614089, 0.8301191541793292, 0.8625324183977182, 0.7946955642943985, 0.8801493826791831, 0.8712690182739689, 0.9254256168294868, 0.9373110211304446, 0.8718146819970962, 0.908180692943865, 0.9379383020769724, 0.9148193686688949, 0.9424884993592112, 0.9457290560700315, 0.9844357237391076, 0.9186059180348631, 1.0099754280670725, 0.8865558429094459, 0.8955088025174667, 0.8919236373531265, 0.9003245043369017, 0.9151905100506446, 0.9247677479838691, 0.9187218913519345, 0.9219543273998335, 0.9300523813026108], "medianabsoluteerror": [0.6705005240440369, 0.7006122708320618, 0.6433389449119566, 0.6369883012771607, 0.6286628103256225, 0.6373202246427536, 0.6704336476325989, 0.6769698739051819, 0.7009754979610443, 0.6912532877922057, 0.7059286618232727, 0.7443542265892029, 0.691124038696289, 0.7526860427856445, 0.7371640467643736, 0.73255717754364, 0.7113558566570282, 0.7907372009754181, 0.6452842175960541, 0.6629724264144897, 0.683338418006897, 0.6655235123634339, 0.6819159710407258, 0.7053210735321045, 0.6900835704803467, 0.6856286740303039, 0.7008672988414765], "mape": [1.1887490633972497, 1.2407462655068298, 1.0809940391285309, 1.063478102750468, 1.1018325484102929, 0.9808839252918918, 1.1403938340605322, 1.1531270041078292, 1.1922476993730773, 1.2051002221684175, 1.1710075850289547, 1.3106495783695662, 1.1608108729170774, 1.3027883723376947, 1.3063107268175664, 1.2684798623714904, 1.2142777489200336, 1.3257569040523602, 0.931514381780389, 1.1954751858891395, 1.2609748799008709, 1.181588457450237, 1.2296996629321388, 1.2803497074201573, 1.2589500209629108, 1.2285268844215915, 1.2575253320745576], "mse": [0.9615671251332221, 1.1037027763623786, 1.2097377866133001, 1.3336151159479066, 1.0916160675318303, 1.4217737690649013, 1.3186876483285146, 1.5338208261665256, 1.5461685833711352, 1.2996339827224646, 1.4215194554912156, 1.4690994165391464, 1.4607224113884378, 1.479397100550232, 1.5105853626593952, 1.696512294817211, 1.4378546681404092, 1.7123265850784828, 1.4238514051268423, 1.4351807046608471, 1.3762507898662717, 1.4414904872410381, 1.475186546038204, 1.4757925875964795, 1.4739117036919784, 1.4937128619947513, 1.507345919447199], "recauc": [0.8191923559029892, 0.8075933347601942, 0.8069823259637866, 0.7994588154175464, 0.8152011546431348, 0.7954094461039918, 0.7974087357439115, 0.7848721710774051, 0.7821159507962994, 0.7972776452118356, 0.7888382183223684, 0.7818943200898203, 0.787290381900852, 0.7808445617215579, 0.7800858849468216, 0.7711101430714699, 0.7863963150026577, 0.7651744552435165, 0.793895963123634, 0.791765548384332, 0.7925840330599287, 0.7906425958451284, 0.787185940500424, 0.7849529726401762, 0.7863599237057296, 0.7856127077698144, 0.7837270460342327], "f1": [], "aucrecauc": 0.964477770649493, "aucloss": 1.4183310561261584, "convergence_rate": 0.4611747796129958}