{"bestEpoch": 14, "lastEpoch": 24, "mae": [], "medianabsoluteerror": [], "mape": [], "mse": [], "recauc": [], "f1": [0.20050042604937066, 0.23395123004375484, 0.2364914262411126, 0.23836697154971434, 0.2705759355087471, 0.3108380583705201, 0.2923377592623345, 0.29591128686383417, 0.317071722944264, 0.3324374116340934, 0.3304862024596271, 0.33984660811700396, 0.34352276823780586, 0.3534888285713889, 0.3342629622033617, 0.3428189792408391, 0.35271236486153656, 0.35110656738698937, 0.3608482762268253, 0.35669522888030203, 0.35537175319873177, 0.3540444257892886, 0.3573649977175824, 0.3576463876461473], "f1auc": 0.8843443600636627, "convergence_rate": 0.7397274845858482}