{"bestEpoch": 37, "lastEpoch": 47, "mae": [], "medianabsoluteerror": [], "mape": [], "mse": [], "recauc": [], "f1": [0.17251964073490972, 0.22460149456741363, 0.2807435929959528, 0.29249053717168283, 0.35158449637740147, 0.3553120459757754, 0.34981511953762057, 0.3154189423949083, 0.35263554137237224, 0.39136979608690353, 0.32983835085248914, 0.38096403605143525, 0.31363280065509996, 0.3742705063003177, 0.368423190701104, 0.3731057066956959, 0.33823697007940384, 0.35768928428370805, 0.3619472866341477, 0.33971224259905414, 0.3106628760565041, 0.3208441056684163, 0.39149727211743557, 0.4010280616992729, 0.3570210785423976, 0.37279261155417937, 0.3696561710303472, 0.34166765249650377, 0.38920304340411477, 0.40524496442450225, 0.39891667564920824, 0.40405577631752965, 0.4063108651091057, 0.4104952943365758, 0.3999955169459499, 0.41062232566324736, 0.4076137254107849, 0.40577528950590386, 0.40544192196527196, 0.40459978746139275, 0.4034893512953702, 0.40191622492107104, 0.40237944565456546, 0.40245060591550313, 0.40279744918650595, 0.40189404298940457, 0.4017048845964853], "f1auc": 0.8929858351654726, "convergence_rate": 0.8154476701659656}