{"bestEpoch": 4, "lastEpoch": 14, "mae": [0.6721575104407147, 0.6005674395477388, 0.5694910358361306, 0.5729513361555263, 0.5736145710234473, 0.5756119352062312, 0.57345278724774, 0.5732811780272775, 0.5756146600009522, 0.5775949467908242, 0.5789175774217012, 0.5798352267475285, 0.5799728437159182, 0.58089518288063], "medianabsoluteerror": [0.5507948160171509, 0.49299476146698007, 0.46728495836257933, 0.47634944915771493, 0.475043749809265, 0.48050408601760863, 0.47401225090026866, 0.47031843900680537, 0.47530564069747916, 0.4760194540023803, 0.4765581369400025, 0.4770046949386597, 0.4771041345596314, 0.4780064940452575], "mape": [0.34176985822168476, 0.3050323481460182, 0.3004578766542906, 0.31945378030728866, 0.3168553519952362, 0.31804052374524766, 0.3107957563223781, 0.3016237062590612, 0.3075216323654065, 0.30722181198541937, 0.3073561444252092, 0.30757469855503167, 0.30693578593887355, 0.3082876549335735], "mse": [0.7471172187519545, 0.59525122288879, 0.5369309431104149, 0.5342356262547421, 0.5380204923562085, 0.53717508871767, 0.5393998475669116, 0.5423793837182537, 0.5440072645267231, 0.5490608672604377, 0.5510578990396343, 0.5532401965247268, 0.5537452937273578, 0.5549784423912156], "recauc": [0.8436983852469433, 0.86032796139179, 0.8675581681138739, 0.866758681611877, 0.8666028041488393, 0.8661409610928454, 0.8666432250872071, 0.8666771243484402, 0.8661360683777249, 0.8656757525398591, 0.8653683593529969, 0.8651543045237506, 0.8651221539855652, 0.8649081717548213], "f1": [], "aucrecauc": 0.9968268727171865, "aucloss": 0.5558116889433428, "convergence_rate": 0.88457889108674}