{"bestEpoch": 11, "lastEpoch": 21, "mae": [612.8846183924745, 616.9699874967014, 612.6348275938958, 632.1740018557871, 578.0272690182303, 591.2837283462106, 572.9382090319746, 606.6272731231481, 582.9152155062222, 531.4975000295151, 495.4916009590579, 550.9446029845209, 497.04506536895605, 538.0154916746562, 538.2123093285602, 532.8305167215, 532.4668123848392, 522.6242132275764, 529.418094955007, 523.6786651409155, 525.5419795940405], "medianabsoluteerror": [521.1583859335938, 522.5670778085937, 512.1240848867187, 532.1178584179688, 482.20172137109375, 492.28729259765623, 476.43774431249994, 510.032104609375, 483.1942136875, 436.0250241171875, 412.1691281289063, 455.9907227734375, 408.38989228125, 447.64916986718754, 447.04833960937503, 442.8694457460938, 442.60961896875006, 433.72985881249997, 439.6104125429688, 435.2393191367187, 437.43597423828123], "mape": [0.3522658664026814, 0.3566503640634648, 0.3540769948141358, 0.3678224285024808, 0.3324706046662635, 0.34115996885575495, 0.3292956048993043, 0.3517320689606507, 0.33636774607361836, 0.30288787883926094, 0.2806150276281153, 0.31642731205754265, 0.2819264165176303, 0.30908116219660614, 0.3093628281545753, 0.3059769926327418, 0.30575974672418493, 0.29941218005357834, 0.30393478201344437, 0.3003003398072548, 0.3015211800901276], "mse": [468363.28445527103, 468426.38450751954, 461069.08875893534, 483581.81491011695, 415329.38790530106, 431249.52662577963, 408823.80151282786, 449774.9847449964, 419551.01365145197, 359383.05405314575, 318831.6712532014, 379275.1313936792, 318648.14978847385, 361406.04512893636, 361439.7288129499, 355215.97365637723, 354689.4559865998, 343779.7270957684, 350892.1589601439, 344392.27918131975, 346459.6085052683], "recauc": [0.6872726531912451, 0.6851881188118812, 0.6873999548102958, 0.6774299207698548, 0.7050578094846521, 0.6982945553814641, 0.7076555507402592, 0.6904650316883539, 0.7025645231189785, 0.7288017246169062, 0.7471733988213637, 0.7188776803606287, 0.7463806380638063, 0.7254751401066033, 0.7253740633322592, 0.7281205009389827, 0.728306919580847, 0.733329584810333, 0.7298618009949143, 0.7327908939042052, 0.731839658039878], "f1": [], "aucrecauc": 0.9574821579918807, "aucloss": 389658.5412203897, "convergence_rate": 0.5445000027837631}