{"bestEpoch": 61, "lastEpoch": 71, "mae": [0.5657170698793246, 0.5631589570013915, 0.49572133914654276, 0.461190617251153, 0.45042396004139607, 0.44400565300771155, 0.4415716185395831, 0.4491440651158677, 0.4106863505471462, 0.4039412991271316, 0.39776781873176886, 0.4045736629070572, 0.38631704623591884, 0.40531357941056784, 0.3714372630728243, 0.3685250215168702, 0.37018546689612675, 0.3595215697333338, 0.3563622787881751, 0.3532690383069576, 0.3755375682615462, 0.36050937929788784, 0.3544364346602411, 0.3609675173400171, 0.3571239530641882, 0.3719590432228646, 0.34962747923199344, 0.3366151415809514, 0.3370717770191623, 0.3434363825721029, 0.3460938381396474, 0.34752076758799866, 0.336426044253349, 0.33744475402969454, 0.33261330105329123, 0.3341703178734715, 0.3402411269121796, 0.3334270009859409, 0.33408109044064765, 0.3448660967377542, 0.3597760528329813, 0.3360779809390894, 0.33325390760842916, 0.3321468030667652, 0.3383491456139936, 0.3349102371755154, 0.3380865344535344, 0.33687457513672486, 0.3324067100480447, 0.33356217572465524, 0.3353869986881958, 0.33503531289599686, 0.34448701394510106, 0.33735655465963543, 0.3308304142540088, 0.3352161334940329, 0.33346147925885994, 0.33501419376305946, 0.3326342060184356, 0.3328787745483412, 0.33315964073206983, 0.33390457879769037, 0.33423422288275356, 0.3340549803143496, 0.334040461115162, 0.3338580790280226, 0.33374292621020135, 0.3337913479039864, 0.3337096339318678, 0.33367581633794857, 0.3338303183827122], "medianabsoluteerror": [0.45857653617858896, 0.461608386039734, 0.40232062339782715, 0.3842675328254699, 0.3770938634872436, 0.3569709467887878, 0.3512344932556153, 0.382500319480896, 0.32864722251892087, 0.3226937532424927, 0.31020631313323965, 0.33023358583450313, 0.2899841070175171, 0.3351968431472778, 0.291870617866516, 0.2783346176147461, 0.30033094882965083, 0.27659947395324713, 0.2635071158409119, 0.276157820224762, 0.30695793151855466, 0.28548251390457147, 0.27806031703948964, 0.2919325470924379, 0.279386794567108, 0.3037697553634644, 0.25975618839263914, 0.2543984174728393, 0.2597213387489318, 0.2703886699676513, 0.275378131866455, 0.278546667098999, 0.261661672592163, 0.2545500636100768, 0.25233511924743657, 0.2580799579620361, 0.2677343320846557, 0.2526268720626832, 0.2599168539047241, 0.2772441506385803, 0.29384202003479, 0.25961380004882795, 0.253833532333374, 0.2555580735206604, 0.26774607419967644, 0.2622100830078127, 0.2655740022659301, 0.2654675579071044, 0.2572445487976075, 0.2601138710975647, 0.26299355268478397, 0.26229269504547115, 0.2745356178283691, 0.26650780677795405, 0.2541069293022157, 0.2626865386962891, 0.2597713947296143, 0.2624310398101807, 0.2583829283714294, 0.2587230682373046, 0.2592884016036987, 0.26063820600509646, 0.261233639717102, 0.26087037324905404, 0.2608771324157715, 0.2605814909934998, 0.26046189069747916, 0.26048083543777456, 0.26042811870574956, 0.26038496494293206, 0.26055250167846666], "mape": [0.3213029497735337, 0.32773145435034234, 0.2814292300940314, 0.2547071423820129, 0.25638247844477896, 0.2374063481103063, 0.24494402754835867, 0.25762964020133255, 0.21748146887862174, 0.2192100213175515, 0.2081461329755775, 0.2231973836543695, 0.19507631669551717, 0.22773900205393466, 0.19846494586571536, 0.1885347319644658, 0.19810089769138572, 0.18730010505447386, 0.18029278694554854, 0.18232880458512538, 0.20833269857020267, 0.1907032817997924, 0.18815612306315288, 0.19118449391250994, 0.19367127191376687, 0.20557140262467619, 0.17359444492614995, 0.17269423259001926, 0.17501475822858426, 0.18344469895722107, 0.18337903748715684, 0.18575243169331093, 0.1743472386777383, 0.17180826575101396, 0.17158004158079485, 0.17420952764049863, 0.17914700825529734, 0.16967520832177924, 0.17440786537589847, 0.18500005819411242, 0.19290045795308602, 0.17585063999615955, 0.1733177679987633, 0.1721731523238055, 0.17950896661145038, 0.1764368928928087, 0.1790788678101139, 0.17802285084624028, 0.17309532417977536, 0.17488671275156756, 0.17691355404402623, 0.17658577628202266, 0.18377753738768304, 0.17823090851489334, 0.17148141254028249, 0.17682563820996328, 0.17506784889628318, 0.17664481212027486, 0.17400174716502756, 0.17431647179344267, 0.17477319097419805, 0.17555210322483683, 0.1758536174044568, 0.17569221279973285, 0.1756481130099747, 0.17546520646891337, 0.17535164271187278, 0.17539522933513457, 0.17531092930236422, 0.17528059153429812, 0.17544171834226463], "mse": [0.5273124789953066, 0.5214929199361974, 0.407554660598861, 0.3465472951187868, 0.3300624666179078, 0.33733756420967315, 0.3346200953647939, 0.3206195826730057, 0.29270835750839486, 0.2830883520407598, 0.28278150889686754, 0.27684543054267796, 0.2790731169702464, 0.2726634529904703, 0.24603967827942366, 0.2550003389379125, 0.23764518333876755, 0.23663033344491244, 0.2432806697998535, 0.22674118769338492, 0.24102018697871058, 0.22938196140222608, 0.22597816913378707, 0.22690252147117193, 0.22841283657019362, 0.23524051886322064, 0.23179825455260675, 0.21319933036562713, 0.20839633337428007, 0.20988157557962367, 0.21015396939791942, 0.21057030237402857, 0.20665473962045242, 0.21503554310411777, 0.20709894081101715, 0.20543033274276795, 0.20757649066271425, 0.20947221008695932, 0.2033464020476235, 0.2071924523450828, 0.21990493464619876, 0.20869424446768012, 0.2069672218375153, 0.203497407394685, 0.20347221375343114, 0.2028767909783669, 0.20406184934396354, 0.20299901278335594, 0.20315037804461913, 0.2022497741475866, 0.20214167289793908, 0.20205685136641716, 0.20731183431891878, 0.2026724508442448, 0.2025516106168473, 0.2018709041127059, 0.20148846299932224, 0.2017058280474969, 0.20151616058005317, 0.20145113020788838, 0.20137410148675775, 0.20143610851331398, 0.20149823788792262, 0.20145458542684688, 0.20146045077134145, 0.20142838613312286, 0.2014114847863275, 0.20141775623334077, 0.2014053247336615, 0.20140078630750222, 0.20141939589388402], "recauc": [0.8684297799030889, 0.8690235657027616, 0.8847071860125693, 0.8927364245686574, 0.8952400501590578, 0.8967344346871633, 0.8973015116568247, 0.8955411336352151, 0.9044869780946133, 0.9060578745552058, 0.9074947907448113, 0.9059123235667215, 0.9101599252163782, 0.9057423551053339, 0.913621975567062, 0.9143005315113344, 0.9139149269511327, 0.9163952542513799, 0.9171315339537005, 0.9178511758810148, 0.9126717120442494, 0.9161673882194714, 0.9175806807504538, 0.9160622337932153, 0.9169561926732286, 0.9135058444592287, 0.918699474542427, 0.9217261696921251, 0.9216202966996713, 0.9201401488968362, 0.9195221120179078, 0.9191902329989687, 0.9217709772757616, 0.9215343247054136, 0.922657920066942, 0.9222958146350858, 0.9208838458344585, 0.9224686329851246, 0.9223170197567423, 0.9198085083401308, 0.9163407889472768, 0.9218527337876427, 0.9225096050362105, 0.9227671506076469, 0.9213245653758713, 0.9221246485633684, 0.9213855777930808, 0.9216676160855033, 0.9227067518332521, 0.9224380271522977, 0.9220138113171243, 0.9220955688888376, 0.9198972480860481, 0.9215557232464376, 0.9230735131077433, 0.9220534437403726, 0.9224616614092421, 0.9221004292790774, 0.9226542106544171, 0.92259731568511, 0.9225319515970928, 0.9223587315706687, 0.9222818661841599, 0.9223237910243486, 0.9223270277517345, 0.9223694676703481, 0.922396306859714, 0.9223850249464774, 0.9224040033607871, 0.9224118175032288, 0.9223757938084512], "f1": [], "aucrecauc": 0.9921318870027537, "aucloss": 0.2360681308508714, "convergence_rate": 0.8671184496225695}