{"bestEpoch": 1, "lastEpoch": 11, "mae": [1022.5811114927506, 1054.392838145673, 1048.5085307093304, 1046.3762885579995, 1080.7599387861094, 1070.8274491755267, 1070.2231708913832, 1074.0086765789556, 1074.4223128998467, 1076.6872618834984, 1077.584264261609], "medianabsoluteerror": [847.0897828320312, 877.6030882617188, 869.102904921875, 870.3571773828126, 902.5733031054688, 892.1568600546875, 890.6192013632813, 894.8879393359375, 895.3323063222656, 897.373046703125, 898.5055540273438], "mape": [0.5840250377330384, 0.6051687706292168, 0.6011624268404767, 0.5997774567171086, 0.6228376333959146, 0.6161704118904989, 0.6157595003923801, 0.6182893477304129, 0.618569323837773, 0.6200856256654822, 0.6206862059778898], "mse": [1327901.7368256582, 1393366.0769027763, 1380642.5026379107, 1375529.103501737, 1448182.1566290418, 1426885.8309490685, 1425624.8611887658, 1433725.3033609558, 1434609.4312903674, 1439452.9167716056, 1441371.399508377], "recauc": [0.4850719442314603, 0.4701228641382657, 0.47288022135546887, 0.473834687172421, 0.4577256392305897, 0.4623649476058717, 0.4626503687405778, 0.4608818215154849, 0.4606902764350509, 0.45963302996966365, 0.4592144992277006], "f1": [], "aucrecauc": 0.9592241178295713, "aucloss": 1414265.4751399248, "convergence_rate": 0.2772662149792171}