{"bestEpoch": 88, "lastEpoch": 98, "mae": [757.1870500328704, 664.125084067882, 579.1588285162048, 503.95302250829627, 442.3109292095174, 386.5225907760475, 343.11310298363423, 306.6721050999572, 277.2533920462245, 251.88633186119444, 229.84562631346066, 208.28926371991668, 192.5129148516794, 177.05391919159607, 164.29174261487387, 151.05273223356596, 141.2137305713391, 131.71415741970603, 123.28300545449882, 115.50327444333912, 110.39776672113658, 104.4334954906713, 99.75930048678126, 95.51723932598728, 91.02460499378817, 89.04966328085418, 86.09476672527546, 83.56193747888658, 80.03541407533335, 77.99647635722684, 76.82414266218288, 74.34801577979398, 72.06517331465162, 70.45748264956251, 69.82924310277315, 69.08946586704398, 68.39158236713426, 66.74742116149537, 66.23083386818402, 65.82366103468982, 64.89290394630093, 64.66014956975232, 64.84083450185649, 63.5990537401794, 63.96944328004051, 63.204547663582176, 62.203031405988426, 62.3935341908287, 62.602000209980325, 61.75633652769213, 62.08911642083218, 60.59478008613773, 60.54704728448843, 60.89686012842941, 60.201615101953706, 60.66095065911227, 61.628743790182874, 60.01079685118751, 61.929421542498844, 60.99470734999421, 60.26934752316666, 60.71149796820949, 59.05871140217246, 60.2066543988993, 59.21755569436458, 61.157123817425926, 60.527978508672454, 60.19469342512384, 60.56646733238773, 59.716992289899316, 61.13789785171412, 60.771428342165514, 59.264761749366905, 60.16163430661806, 59.50155401230324, 58.90686378185532, 58.98479111847338, 59.283354269135415, 59.03763870228356, 60.031858463704864, 58.15170085946991, 57.25683435928936, 59.61970626539004, 60.36340993218634, 59.56239325871412, 59.4549485433125, 59.273269307892356, 59.214008764527776, 59.378779489668986, 59.53652245428356, 59.472049925175924, 59.526080541667824, 59.459901994078706, 59.44700033753935, 59.51438070804514, 59.626819600449075, 59.62322237822685, 59.63017421922801], "medianabsoluteerror": [672.1835327148438, 592.6328737148438, 520.4618527929688, 455.35290485937503, 400.7890018789062, 351.6152341953125, 312.80261265624995, 280.04895066406243, 254.0609133828125, 231.616699515625, 212.34289597656243, 194.19543445312502, 180.66235328125003, 167.0905757656251, 155.70629924218747, 143.67553664062507, 134.55480998437497, 125.48779325781243, 117.10363722656257, 109.39880342187507, 104.47851533593757, 98.81530721093759, 94.21472156250002, 90.20458954687501, 85.995239078125, 84.16296369531256, 81.19714350000004, 78.76867687499998, 75.71765142968752, 73.72790533593752, 72.61096196875019, 69.69531238281252, 67.2456052890625, 65.59594749999997, 64.91735834375004, 64.2939454921875, 63.449707210937504, 61.495361328125, 60.88818389062499, 60.40527355468748, 59.17883289062502, 58.92480498437499, 59.152221914062466, 57.84033208593746, 58.152832210937504, 57.23217767187498, 56.00012195312502, 56.25439441406252, 56.53112781250002, 55.40234381250002, 55.95800787500002, 53.887695132812496, 53.845947085937496, 54.393432437499996, 53.44641124999998, 54.059936351562556, 55.38562017187496, 53.21752888281253, 55.76769972656257, 54.506591625000056, 53.552856210937534, 54.190429453125034, 52.040527523437504, 53.46179239843741, 52.28015177343741, 54.77563488281248, 53.97363287500002, 53.55041515624998, 54.06542957031252, 52.88903814843752, 54.82202160156248, 54.330566578124944, 52.35449225000002, 53.55749523437498, 52.64306681249991, 51.89831507812505, 51.99755840625039, 52.33313028906241, 52.038940249999996, 53.43469249999998, 50.91845732812499, 49.7218017578125, 52.90344249999998, 53.92614757812498, 52.85693329687501, 52.71227997656251, 52.45275884374996, 52.363769296875034, 52.60180634375001, 52.80249028906246, 52.743407968750034, 52.785033999999996, 52.722045664062534, 52.702392343750034, 52.771606265624996, 52.92468255468748, 52.91809075781248, 52.93188470312498], "mape": [0.45740241360974776, 0.4003073851491288, 0.34817924306896303, 0.3020939679063821, 0.2644839221609312, 0.23068947372165344, 0.20454235474272855, 0.18268975554226624, 0.1651152701249987, 0.1500039844471729, 0.1369185674683945, 0.12418756345907625, 0.11491431144479149, 0.10587147472204254, 0.0984418362299176, 0.09078386996398057, 0.08514511920651176, 0.07973417544911121, 0.0749530961678947, 0.07054315823224873, 0.06765885968091852, 0.06429115788893984, 0.061656585453244456, 0.0592694743697274, 0.05675016966417754, 0.055653164808074446, 0.054009905232793275, 0.05260550254700886, 0.050652566402100196, 0.04952912786744205, 0.048884447525498885, 0.04752159822550755, 0.046267644543076386, 0.04538538819052373, 0.04504195168116751, 0.044636829957291645, 0.04425516280784489, 0.04335805223542074, 0.04307613311610554, 0.04285404471270441, 0.04234843888544562, 0.04221995857908755, 0.04231461777493758, 0.04164124221535116, 0.04183748360151178, 0.0414215786084128, 0.04088051377507157, 0.040979027503758286, 0.04108572831619573, 0.0406277873221136, 0.040801286738053895, 0.03999826486296425, 0.03996913359929195, 0.0401509753164046, 0.03977567096019677, 0.04001598706857515, 0.04052777453015143, 0.03965926094863872, 0.040678782944730214, 0.04017285454834313, 0.03978087006926872, 0.04001003494997573, 0.039126452820687774, 0.039732246538351404, 0.03920018386678516, 0.04023122001711085, 0.039890403997399286, 0.03970671484466761, 0.03990061166555097, 0.03944344875264659, 0.04019784728959786, 0.039997134068820675, 0.039189194673607174, 0.039661698366183294, 0.03930656921027597, 0.03898697139528475, 0.039023818580217966, 0.03917900128204873, 0.039046365219537554, 0.039572156545035035, 0.03856834021002611, 0.03809338065646743, 0.039347183407990524, 0.039739690682806424, 0.039305611301595315, 0.03924525895136212, 0.039148508695032204, 0.03911641338663031, 0.03920358285800846, 0.039287036896678736, 0.03925218860186755, 0.03928053163128014, 0.039245212715219066, 0.039238272574546915, 0.03927396322585968, 0.03933377584320097, 0.039331831747243896, 0.0393355039576067], "mse": [639852.8675519945, 494412.2676296658, 378131.40158702905, 288250.3182568997, 223503.26041607736, 171738.71049573546, 136083.4802107819, 109336.41061797114, 89898.55921202041, 74700.9066133945, 62662.26150506309, 51916.69032366868, 44701.06659969395, 38156.16126622371, 33144.69639875369, 28296.109969702044, 24914.49268930698, 21840.310462999016, 19276.06777472519, 17053.416226125097, 15663.510525858777, 14130.27961706436, 12989.49358515302, 11997.060107946689, 10991.127096360839, 10561.726475669253, 9942.268812071628, 9430.970326240365, 8750.667100227505, 8372.626554546656, 8159.941220605685, 7730.549363807268, 7352.275785355707, 7095.530110388421, 6995.871133413705, 6881.1881422029155, 6775.070860770675, 6534.810610587352, 6459.481534663174, 6400.399085791325, 6271.170139742605, 6238.05965327838, 6260.178770351604, 6094.907424643121, 6141.285592018053, 6040.464114910247, 5912.9055980902685, 5934.66412101611, 5958.846386310322, 5853.219753895516, 5892.077477424894, 5712.326089314445, 5704.843071617051, 5743.900560759737, 5661.861357837943, 5713.0082841360645, 5826.121309733265, 5635.118201512393, 5860.121353609955, 5746.164742163745, 5660.139154771264, 5710.072443767779, 5520.871430160808, 5648.5372389876775, 5535.505475703942, 5756.829024844534, 5681.476626141805, 5641.94020731463, 5683.419333344559, 5585.1408422977065, 5748.684499202371, 5704.177140497912, 5530.3230661191255, 5630.926613632188, 5554.42374312287, 5487.3750436019845, 5494.655347454092, 5526.902977793703, 5498.338669163525, 5609.600560033452, 5400.267380161689, 5304.826534486822, 5559.909430343832, 5644.9763441129735, 5552.547291738409, 5539.725235464581, 5519.063903916933, 5512.256779175666, 5530.605597231991, 5548.25489510559, 5540.749184458523, 5546.7175180943605, 5539.2165932401, 5537.7329886027965, 5545.313365359218, 5557.988775016261, 5557.57482250124, 5558.359861312763],