{"bestEpoch": 53, "lastEpoch": 63, "mae": [0.5614137807110465, 0.5530115006071529, 0.5665251924400044, 0.5479015737403218, 0.5394276354164247, 0.5305033856078114, 0.528858190256089, 0.5289632556671345, 0.5411653916616419, 0.5243707162158323, 0.5282899393881216, 0.5196355105344206, 0.5228077219226058, 0.4887756370501755, 0.46370162770179135, 0.45254287258793047, 0.45108911434597115, 0.4410106269641484, 0.42342193243323545, 0.41710921376905075, 0.4166331191717726, 0.40827934959781276, 0.4088904057571827, 0.4129051858668736, 0.4013097903467142, 0.39819411656954445, 0.40233912767157143, 0.39436850497982195, 0.39203731179493295, 0.3923127740539526, 0.40807189408457906, 0.3904712449495436, 0.4065300728852128, 0.38637648896795856, 0.38451236654501525, 0.38639411896729725, 0.3862750508812317, 0.39229335779427904, 0.38447355675246314, 0.38811927190534035, 0.390073987727216, 0.3841498764797277, 0.3854556749236596, 0.38305185866328334, 0.38482741067595805, 0.38690110133743105, 0.3848265887879816, 0.3843099627698361, 0.3858449411873347, 0.3819952213344094, 0.3825526366345928, 0.38462147588939105, 0.38327552414861693, 0.3839780369875655, 0.38304408830479053, 0.3838545903197076, 0.3838094007739293, 0.3837928657695568, 0.383713030795625, 0.3837540920472769, 0.3837815449197304, 0.3838143118672428, 0.383803374192764], "medianabsoluteerror": [0.45838598251342766, 0.4471869707107543, 0.4680761456489564, 0.4462404155731202, 0.4449145960807801, 0.43651089191436765, 0.44008059501647945, 0.4426605582237242, 0.46234826564788833, 0.4348409175872803, 0.4311497211456299, 0.4314118027687073, 0.42884893417358394, 0.41052092313766486, 0.38488037586212154, 0.38092424869537345, 0.37804688215255733, 0.3716916084289552, 0.3491055727005006, 0.341227149963379, 0.34684494972228996, 0.3228902101516723, 0.3268157482147217, 0.3380455136299134, 0.3158549308776857, 0.3156585574150085, 0.3134177398681641, 0.31735982894897463, 0.3144829845428466, 0.3119891881942749, 0.33713406801223744, 0.3030375957489013, 0.33434226512908927, 0.3020395159721374, 0.30198562145233154, 0.3061240649223328, 0.3075512266159057, 0.3178658127784728, 0.30439937114715576, 0.3116793632507324, 0.3144847631454468, 0.3030415058135987, 0.30707454681396484, 0.2989372968673706, 0.30564202308654775, 0.30792405605316153, 0.30124665498733516, 0.3053717446327209, 0.30854508876800546, 0.29938198328018184, 0.30145905256271366, 0.305727231502533, 0.30326602458953866, 0.3046454191207886, 0.3026533365249634, 0.30439736843109144, 0.30416466236114514, 0.304091830253601, 0.30400232076644884, 0.3041078567504883, 0.30414564609527583, 0.30415325164794915, 0.3041506052017211], "mape": [0.3147309465415002, 0.3173171855767811, 0.30147224729241145, 0.3128640475909616, 0.30187304345167776, 0.3070761759307105, 0.30392442533702974, 0.30012447327679054, 0.2905859459367958, 0.3075406517575473, 0.3193050470088985, 0.30440899266367794, 0.3204956989491544, 0.2935220106087124, 0.27187100325237695, 0.2570533584232014, 0.2462548427906606, 0.25055442474536155, 0.23717528364362406, 0.22386266978916114, 0.2263208404973712, 0.21651460643369438, 0.22504915335840225, 0.23388757423672563, 0.21374176532622916, 0.21645064789642296, 0.2050812159230068, 0.21064584763789457, 0.21206095847326817, 0.21265161803470445, 0.22235283218364812, 0.20493404786812577, 0.2195624992663179, 0.20191312595292682, 0.2028073129677559, 0.20914707376121974, 0.20879942269625826, 0.21329122624651772, 0.20609616988819318, 0.2099974455285491, 0.21173028743163297, 0.20291772994851634, 0.20709934246206196, 0.2006892735691837, 0.20493716345235038, 0.20581834561276344, 0.20149185422567176, 0.2067261302487794, 0.20740800770774087, 0.20153826672833836, 0.20387440305956103, 0.20724166108131245, 0.20530722312189512, 0.20585578347699732, 0.20426914017243822, 0.20585776965486371, 0.2057400337697065, 0.20573019785198826, 0.20559494827824643, 0.20563080986632076, 0.20567053151859266, 0.20574697421804436, 0.20571792667639452], "mse": [0.5191579082902458, 0.5039412292695592, 0.5273144084146422, 0.493799959795951, 0.47501031588988124, 0.4582526760183644, 0.45335949251482754, 0.45152467294477194, 0.46772913506204566, 0.44354331312028344, 0.45181488249933466, 0.4357775555785627, 0.4406304339990366, 0.3805658371624489, 0.3499417015721721, 0.33194428242903185, 0.3332308022672242, 0.31533623112675124, 0.29939691888245834, 0.29484730890311117, 0.28788690350774787, 0.29387829703847657, 0.2905116661788326, 0.28662289249944906, 0.2849230002438238, 0.2774274513510102, 0.290434548601932, 0.2705422981212475, 0.2672993338241625, 0.27003094542720796, 0.28021746536714465, 0.27653513545925723, 0.2815786931160214, 0.269000575301794, 0.26519537921401487, 0.2643901900410437, 0.2630158767579647, 0.265660372055695, 0.262716796724856, 0.26350532861603126, 0.2644639791771392, 0.26348477826525857, 0.26240686458199136, 0.26624989941269733, 0.2633136650866046, 0.2645530315710814, 0.26948958888305685, 0.26200948257025375, 0.26268402640447097, 0.2636980972102623, 0.2625643957414429, 0.26225377105231984, 0.262168407510369, 0.26222258544207333, 0.2623946609585708, 0.26219410072322763, 0.26219406167471765, 0.26219248524119865, 0.2621907323683163, 0.2621947943298722, 0.2621952304784292, 0.2621904424794081, 0.26219287085079], "recauc": [0.8694317653544845, 0.8713853099734967, 0.8682438657370888, 0.872572577401015, 0.8745453993070029, 0.8766218351732168, 0.8770069447918044, 0.8769847169321231, 0.8741482611234292, 0.8780538305621499, 0.8771438237037217, 0.8791581141921577, 0.8784209966925225, 0.8863358512740767, 0.8921685156307585, 0.8947648569273865, 0.8951054636640808, 0.8974513268799645, 0.9015434384352341, 0.9030137684829482, 0.9031267047267653, 0.9050713902088355, 0.9049307886364915, 0.9039986312861289, 0.906697851019471, 0.9074244751209893, 0.9064617495618411, 0.9083170472106343, 0.9088619683892004, 0.9088007609628751, 0.9051374023842129, 0.9092325302217814, 0.9055006784006789, 0.9101881448371195, 0.9106225064454647, 0.9101853532392365, 0.9102139888440965, 0.9088149277392239, 0.9106341349238142, 0.9097869496160756, 0.9093330277455706, 0.9107113945678829, 0.9104081182990071, 0.910967666221075, 0.9105558557212171, 0.9100742732914299, 0.910556971724471, 0.9106776463327313, 0.9103208718565894, 0.9112160050306247, 0.9110867341237959, 0.9106058119694384, 0.910918593872867, 0.9107554168158963, 0.9109725859619153, 0.9107840693780709, 0.9107948245547288, 0.9107986113350006, 0.9108171732352752, 0.9108075224037178, 0.9108011581116572, 0.9107936820556712, 0.9107961313277698], "f1": [], "aucrecauc": 0.9886390121030334, "aucloss": 0.3161180448005072, "convergence_rate": 0.7592635819174124}